site;type;adresse;titre;modifie_le;mots_ancien;clics_12m;impressions_12m;position;existe_dans_sanity;genre;nb_paragraphes;nb_sections;videos;titre_seo;description_seo;image;redirection_proposee;texte_reecrit;canonique;donnees_structurees;verifie_au_rendu;note
fr;page;/;Accueil;2026-08-10;980;785;31884;25.4;non;;;;;;;;/;;;;;
fr;page;/studio-animation-3d-lyon/;Studio d’animation 3D à Lyon;2026-08-01;594;161;14830;26.2;oui;ville;5;2;;oui;oui;non;/studio-animation-3d-lyon/;;;;;
ch;page;/studio-danimation-3d-a-geneve/;Studio d’animation 3D à Genève;2026-08-01;573;153;5423;15.7;non;;;;;;;;(bluevista.ch — chantier séparé);;;;;
en;page;/;Home;2025-04-09;565;137;6846;7.8;non;;;;;;;;/;;;;;
fr;page;/nos-competences/video-mapping/;Vidéo Mapping;2026-08-01;665;97;13340;18.6;oui;savoir-faire;4;4;6;oui;oui;non;/savoir-faire/video-mapping/;;;;;
fr;page;/nos-competences/live-streaming-webtv/;Live streaming / WEBTV;2026-08-10;813;85;3753;10.2;oui;savoir-faire;5;3;1;oui;oui;non;/savoir-faire/live-streaming-webtv/;;;;;
fr;réalisation;/nos-realisations/engie-home-services-video-thermostat-migo/;ENGIE HOME SERVICES – Vidéo Thermostat MiGo;2026-08-01;141;63;10135;11.0;non;;;;;;;;/realisations/engie-home-services-video-tuto-thermostat-migo/;;;;;
fr;page;/studio-animation-3d-paris/;Studio d’animation 3D à Paris;2026-08-10;840;54;17952;30.7;oui;ville;12;2;;oui;oui;non;/studio-animation-3d-paris/;;;;;
fr;page;/agence/;L’agence;2024-01-29;301;36;3008;5.1;oui;agence;;;;non;non;non;/agence/;;;;;
ch;page;/nos-competences/video-mapping/;Vidéo Mapping;2026-08-01;690;32;869;12.3;oui;savoir-faire;4;4;6;oui;oui;non;/savoir-faire/video-mapping/;;;;;
ch;page;/nos-competences/motion-design/;Motion Design;2026-08-01;1108;29;3837;17.1;oui;savoir-faire;5;3;2;oui;oui;non;(bluevista.ch — chantier séparé);;;;;
ch;page;/nos-competences/animation-3d/;Animation 3D;2026-08-01;518;28;1244;28.3;oui;savoir-faire;4;4;3;oui;oui;non;(bluevista.ch — chantier séparé);;;;;
en;page;/our-skills/live-streaming-webtv/;Live streaming / WEBTV;2026-08-01;168;26;970;11.0;oui;savoir-faire;5;3;1;oui;oui;non;/;;;;;
fr;page;/nos-competences/animation-3d/;Animation 3D;2026-08-01;506;23;1805;34.1;oui;savoir-faire;4;4;3;oui;oui;non;(bluevista.ch — chantier séparé);;;;;
ch;page;/;Accueil;2025-04-09;653;23;1268;10.8;non;;;;;;;;/;;;;;
fr;page;/contact-devis/;Contact & Devis;2025-09-05;127;18;1083;3.4;non;;;;;;;;/contact/;;;;;
fr;réalisation;/nos-realisations/verizon-connect-video-de-presentation/;Verizon Connect – Vidéo de présentation;2026-08-01;103;17;6474;7.1;oui;réalisation;;;oui;non;non;oui;/realisations/verizon-connect-video-de-presentation/;;;;;
fr;page;/nos-realisations/;Nos réalisations;2024-08-16;600;15;1758;3.9;non;;;;;;;;/realisations/;;;;;
fr;page;/video-publicitaire/;Vidéo Publicitaire;2026-08-01;714;14;29507;25.6;non;;;;;;;;/;;;;;
fr;page;/realisation-film-entreprise-lyon/;Film d’entreprise sur Lyon;2026-08-01;1044;14;13485;32.4;oui;ville;3;2;;oui;oui;non;/realisation-film-entreprise-lyon/;;;;;
fr;page;/nos-competences/motion-design/;Motion Design;2026-08-01;1088;14;9312;61.7;oui;savoir-faire;5;3;2;oui;oui;non;(bluevista.ch — chantier séparé);;;;;
fr;réalisation;/nos-realisations/thx-medical-dosamat-digital-2-0/;THX Médical – Dosamat digital 2.0;2026-08-01;164;13;714;6.7;non;;;;;;;;/realisations/thx-medical-dosamat-digital-2-0-motion-design/;;;;;
ch;page;/nos-competences/video-aerienne-drone/;Vidéo aérienne / drone;2026-08-01;345;12;1285;16.3;oui;savoir-faire;5;4;3;oui;oui;non;(bluevista.ch — chantier séparé);;;;;
fr;page;/mentions-legales/;Mentions légales;2024-01-22;792;12;1026;3.7;non;;;;;;;;/mentions-legales/;;;;;
fr;réalisation;/nos-realisations/stann-lapplication-de-gestion-dentreprise/;STANN. L’APPLICATION DE GESTION D’ENTREPRISE;2026-08-01;107;11;7507;8.3;non;;;;;;;;⚠️ À RATTACHER À LA MAIN;;;;;
fr;réalisation;/nos-realisations/eiffage-energie-expercite/;EIFFAGE Energie – Expercité;2026-08-01;179;11;3062;7.2;non;;;;;;;;/realisations/eiffage-energie-expercite-video-3d-timelapse/;;;;;
fr;page;/nos-competences/aftermovie-captation-evenementielle/;Aftermovie / Captation événementielle;2026-08-01;785;10;7502;21.3;oui;savoir-faire;5;3;4;oui;oui;non;/savoir-faire/aftermovie-captation-evenementielle/;;;;;
ch;page;/realisation-video-geneve/;Réalisation vidéo sur Genève;2026-08-01;290;9;8568;45.0;oui;ville;3;2;;non;non;non;(bluevista.ch — chantier séparé);;;;;
fr;actualité;/actualites/video-immersive-360/;Vidéo immersive 360°;2024-01-21;268;9;3364;13.6;non;;;;;;;;/realisations/video-immersive-360/;;;;;
fr;page;/nos-competences/creation-immersive-realite-virtuelle/;Création immersive / Réalité virtuelle;2025-09-04;767;9;1795;51.6;oui;savoir-faire;3;4;3;oui;oui;non;/savoir-faire/creation-immersive-realite-virtuelle/;;;;;
fr;actualité;/actualites/motion-design-3d-et-mapping-a-paris-au-musee-rodin/;Motion design 3D et mapping à Paris au Musée Rodin;2024-01-21;176;9;710;30.2;non;;;;;;;;/realisations/motion-design-sodexo/;;;;;
fr;réalisation;/nos-realisations/printemps-nouvelle-identite/;Printemps : Nouvelle identité;2024-01-21;168;9;179;13.0;non;;;;;;;;/realisations/printemps-nouvelle-identite-reportage-video-evenement/;;;;;
ch;page;/nos-competences/live-streaming-webtv/;Live streaming / WEBTV;2024-03-07;199;8;3066;21.7;oui;savoir-faire;5;3;1;oui;oui;non;/savoir-faire/live-streaming-webtv/;;;;;
fr;actualité;/actualites/video-mapping-lyon-intercontinental-grand-hotel-dieu/;Vidéo mapping Lyon – InterContinental Grand Hôtel Dieu;2024-01-21;230;8;619;25.7;non;;;;;;;;/realisations/tetro-grand-hotel-dieu-video-event/;;;;;
en;réalisation;/nos-realisations/radisson-360-vr/;Radisson 360 VR;2024-01-28;88;8;307;8.3;non;;;;;;;;/realisations/radisson-blu-video-360-vr/;;;;;
fr;actualité;/actualites/animation-3d-grande-arche-de-la-defense/;Animation 3D Technique explicative pour les travaux de rénovation de la Grande Arche de la Défense;2024-01-21;112;7;332;15.1;non;;;;;;;;/realisations/animation-3d-grande-arche-de-la-defense/;;;;;
fr;page;/realisation-film-sante/;Réalisation de film – Santé;2024-01-21;257;6;2941;14.5;non;;;;;;;;/;;;;;
fr;réalisation;/nos-realisations/amplitude-amplivision/;Amplitude – Amplivision;2024-01-21;114;6;650;13.0;non;;;;;;;;/realisations/amplitude-amplivision-video-studio/;;;;;
fr;actualité;/actualites/bluevista-video-showreel-2023/;Bluevista vidéo Showreel 2023;2024-04-10;222;5;2398;7.5;non;;;;;;;;/realisations/bluevista-showreel-video-2023/;;;;;
en;réalisation;/nos-realisations/hitachi-cs-net/;Hitachi – CS Net;2024-01-28;171;5;760;9.7;non;;;;;;;;/realisations/hitachi-cs-net-video-3d/;;;;;
ch;page;/agence/;L’agence;2024-02-01;332;4;3306;57.3;oui;agence;;;;non;non;non;/agence/;;;;;
fr;actualité;/actualites/carte-de-voeux-video/;Carte de voeux vidéo;2024-01-21;190;4;2220;34.6;non;;;;;;;;/realisations/veama-carte-de-voeux-2019/;;;;;
fr;page;/nos-competences/studio-fond-vert-compositing/;Studio fond vert / compositing;2024-02-08;182;4;799;24.6;oui;savoir-faire;2;3;3;oui;oui;non;/savoir-faire/studio-fond-vert-compositing/;;;;;
en;page;/3d-animation-studio-in-paris/;3D animation studio in Paris;2023-12-07;297;4;753;25.8;non;;;;;;;;/;;;;;
fr;réalisation;/nos-realisations/qwartz/;Qwartz;2024-01-21;116;4;220;15.8;non;;;;;;;;/realisations/qwartz-video-de-presentation-centre-commercial/;;;;;
fr;réalisation;/nos-realisations/tetro-grand-hotel-dieu/;TETRO – Grand Hotel Dieu;2024-01-21;262;4;219;14.1;non;;;;;;;;/realisations/tetro-grand-hotel-dieu-video-event/;;;;;
en;actualité;/actualites/gf-machining-solutions-virtual-showroom/;GF Machining Solutions Virtual Showroom;2024-01-08;270;4;69;9.4;non;;;;;;;;⚠️ À RATTACHER À LA MAIN;;;;;
fr;page;/bluevista-agence-metaverse/;Metaverse;2026-08-10;750;3;4519;25.8;non;;;;;;;;/;;;;;
fr;page;/film-d-entreprise-paris-15-ans-d-experience/;Film d’entreprise Paris -15 ans d’expérience;2024-01-25;461;3;4175;28.5;non;;;;;;;;/;;;;;
fr;page;/video-promotionnelle/;Vidéo Promotionelle;2024-02-01;742;3;1585;11.8;non;;;;;;;;/;;;;;
en;réalisation;/nos-realisations/thx-medical-dosamat-digital-2-0/;THX Médical – Dosamat digital 2.0;2024-01-28;155;3;263;11.6;non;;;;;;;;/realisations/thx-medical-dosamat-digital-2-0-motion-design/;;;;;
fr;actualité;/actualites/50ans-de-lpa-une-histoire-lyonnaise/;50ans de LPA, une histoire Lyonnaise;2024-01-21;138;3;180;13.6;non;;;;;;;;/realisations/50ans-de-lpa-une-histoire-lyonnaise/;;;;;
ch;page;/nos-competences/video-corporate-film-dentreprise/;Vidéo corporate / film d’entreprise;2024-02-07;208;2;4875;35.2;oui;savoir-faire;3;3;1;oui;oui;non;(bluevista.ch — chantier séparé);;;;;
fr;page;/nos-competences/video-aerienne-drone/;Vidéo aérienne / drone;2024-01-29;359;2;2798;42.8;oui;savoir-faire;5;4;3;oui;oui;non;(bluevista.ch — chantier séparé);;;;;
fr;page;/realisation-video-geneve/;Réalisation vidéo sur Genève;2026-08-10;296;2;2301;29.1;oui;ville;3;2;;non;non;non;(bluevista.ch — chantier séparé);;;;;
fr;réalisation;/nos-realisations/hitachi-cs-net/;Hitachi – CS Net;2024-01-21;180;2;1005;9.5;non;;;;;;;;/realisations/hitachi-cs-net-video-3d/;;;;;
fr;actualité;/actualites/koesio-carte-de-voeux-2023/;Koesio – Carte de voeux 2023;2024-01-21;372;2;711;40.8;non;;;;;;;;/realisations/koesio-carte-de-v-ux-video-2023/;;;;;
en;réalisation;/nos-realisations/amplitude-amplivision/;Amplitude – Amplivision;2024-01-28;98;2;556;6.3;non;;;;;;;;/realisations/amplitude-amplivision-video-studio/;;;;;
fr;actualité;/actualites/guitare-en-scene-2023/;Guitare en Scène 2023;2024-01-21;340;2;537;12.7;non;;;;;;;;/realisations/guitare-en-scene-edition-2023-video-evenement/;;;;;
fr;réalisation;/nos-realisations/bluevista-showreel-2025/;bluevista | Showreel 2025;2025-04-04;104;2;478;5.1;oui;réalisation;;;oui;non;non;oui;/realisations/bluevista-showreel-2025/;;;;;
fr;actualité;/actualites/realisation-immersion-360-degres-dameuse-pisten-bully/;Réalisation immersion 360 degrés dameuse Pisten Bully;2024-01-21;157;2;309;13.7;non;;;;;;;;/realisations/pisten-bully-dameuse-video-360-vr/;;;;;
fr;actualité;/actualites/bluevista-le-motion-design/;bluevista – Le motion design, c’est quoi ?;2024-03-04;254;2;280;26.7;non;;;;;;;;/realisations/motion-design-sodexo/;;;;;
fr;actualité;/actualites/projet-de-realisation-video-360/;Projet de réalisation vidéo 360;2024-01-21;180;2;235;18.0;non;;;;;;;;/realisations/projet-de-realisation-video-360/;;;;;
ch;page;/mentions-legales/;Mentions légales;2024-01-27;785;2;214;5.9;non;;;;;;;;/mentions-legales/;;;;;
fr;actualité;/actualites/barpi-prevention-accidents/;BARPI : Prévention d’accidents industriels;2024-01-22;398;2;189;11.2;non;;;;;;;;/realisations/barpi-prevention-accidents/;;;;;
en;page;/our-skills/immersive-creation-virtual-reality/;Immersive creation / Virtual reality;2025-09-04;705;2;185;15.3;non;;;;;;;;/;;;;;
fr;actualité;/actualites/showroom-virtuel-gf-machining-solutions/;Showroom Virtuel GF Machining Solutions;2024-01-21;287;2;165;33.1;non;;;;;;;;/realisations/ensto-showroom-virtuel/;;;;;
fr;réalisation;/nos-realisations/radisson-360-vr/;Radisson 360 VR;2024-01-21;87;2;159;13.9;non;;;;;;;;/realisations/radisson-blu-video-360-vr/;;;;;
fr;réalisation;/nos-realisations/artcurial-mapping/;Artcurial : Mapping;2024-01-21;111;2;126;47.2;non;;;;;;;;/realisations/artcurial-video-mapping/;;;;;
en;réalisation;/nos-realisations/pisten-bully-360-vr-snowcat/;Pisten Bully – 360 VR snowcat;2024-01-28;103;2;119;9.2;non;;;;;;;;/realisations/pisten-bully-dameuse-video-360-vr/;;;;;
ch;page;/nos-realisations/;Nos réalisations;2024-02-01;344;2;108;8.5;non;;;;;;;;/realisations/;;;;;
en;actualité;/actualites/360-immersive-video/;360° immersive video;2023-12-07;270;2;72;28.7;non;;;;;;;;/realisations/video-immersive-360/;;;;;
ch;page;/bluevista-agence-metaverse/;Metaverse;2025-04-09;394;2;68;15.3;non;;;;;;;;/;;;;;
en;réalisation;/nos-realisations/opiiec/;OPIIEC;2024-01-28;107;2;45;7.6;non;;;;;;;;/realisations/opiiec-motio-design-site-internet/;;;;;
ch;page;/nos-competences/studio-fond-vert-compositing/;Studio fond vert / compositing;2024-02-08;206;2;39;7.7;oui;savoir-faire;2;3;3;oui;oui;non;/savoir-faire/studio-fond-vert-compositing/;;;;;
en;réalisation;/nos-realisations/santos-i-grind-coffee-grinder-reveal/;SANTOS – I-GRIND Coffee Grinder – Reveal;2024-02-28;67;2;36;22.4;oui;réalisation;;;oui;non;non;oui;/realisations/santos-i-grind-coffee-grinder-reveal/;;;;;
fr;réalisation;/nos-realisations/irisolaris-aftermovie-irisdays-2024/;IRISOLARIS – Aftermovie – IrisDays 2024;2025-01-22;76;2;13;4.1;oui;réalisation;;;oui;non;non;oui;/realisations/irisolaris-aftermovie-irisdays-2024/;;;;;
fr;réalisation;/nos-realisations/koesio-convention-2024/;KOESIO – Convention 2024;2025-02-05;81;2;11;4.8;oui;réalisation;;;oui;non;non;oui;/realisations/koesio-convention-2024/;;;;;
fr;page;/nos-competences/video-corporate-film-dentreprise/;Vidéo corporate / film d’entreprise;2026-08-01;193;1;5846;52.5;oui;savoir-faire;3;3;1;oui;oui;non;(bluevista.ch — chantier séparé);;;;;
en;actualité;/actualites/barpi-industrial-accident-prevention/;BARPI: Industrial accident prevention;2024-01-22;365;1;4206;6.7;non;;;;;;;;/realisations/barpi-prevention-accidents/;;;;;
en;page;/video-production-in-geneva/;Video production in Geneva;2024-01-21;267;1;3263;24.9;non;;;;;;;;/;;;;;
fr;page;/realisation-film-lancement-produit/;Réalisation de film – Lancement Produit;2024-01-21;223;1;2050;24.6;non;;;;;;;;/;;;;;
ch;page;/nos-competences/aftermovie-captation-evenementielle/;Aftermovie / Captation événementielle;2024-02-02;402;1;1961;43.7;oui;savoir-faire;5;3;4;oui;oui;non;/savoir-faire/aftermovie-captation-evenementielle/;;;;;
ch;page;/actualites/;Actualités;2024-02-01;645;1;1055;49.2;non;;;;;;;;(bluevista.ch — chantier séparé);;;;;
fr;réalisation;/nos-realisations/dromis-equans-ineo/;Dromis – EQUANS & INEO;2024-01-21;88;1;702;33.0;non;;;;;;;;/realisations/dromis-equans-ineo-reportage-video/;;;;;
en;page;/the-agency/;The agency;2024-01-21;285;1;377;6.4;non;;;;;;;;/;;;;;
fr;réalisation;/nos-realisations/bluevista-showreel-2020/;Bluevista | Showreel 2020;2024-01-21;127;1;337;5.1;non;;;;;;;;/realisations/bluevista-showreel-video-2020/;;;;;
fr;réalisation;/nos-realisations/olinn-video-publicitaire/;Olinn – Vidéo publicitaire;2024-01-21;111;1;327;9.4;oui;réalisation;;;oui;non;non;oui;/realisations/olinn-video-publicitaire/;;;;;
fr;page;/realisation-film-evenementiel/;Réalisation de film – Événementiel;2024-01-21;235;1;313;20.6;non;;;;;;;;/;;;;;
fr;actualité;/actualites/animation-3d-produit-hitachi-csnet-manager/;Animation 3D produit HITACHI CSNet manager;2024-01-21;153;1;298;10.3;non;;;;;;;;/realisations/hitachi-yutaki-video-produit-3d/;;;;;
fr;actualité;/actualites/mase-4-motions/;MASE Rhône Alpes : Motions;2024-01-22;374;1;288;23.7;non;;;;;;;;/realisations/mase-4-motions/;;;;;
ch;page;/nos-competences/;Nos compétences;2024-02-01;69;1;287;29.2;non;;;;;;;;(bluevista.ch — chantier séparé);;;;;
fr;actualité;/actualites/mapping-printemps-lyon/;Printemps Lyon : Changement de marque;2024-01-21;203;1;270;20.9;non;;;;;;;;/realisations/printemps-video-mapping/;;;;;
en;page;/geneva-event-video-production/;Geneva event video production;2024-01-21;216;1;250;35.3;non;;;;;;;;/;;;;;
en;page;/corporate-film-in-lyon/;Corporate film in Lyon;2024-01-25;294;1;226;29.2;non;;;;;;;;/;;;;;
fr;réalisation;/nos-realisations/pisten-bully-dameuse-360-vr/;Pisten Bully – Dameuse 360 VR;2024-01-21;103;1;212;17.7;non;;;;;;;;/realisations/pisten-bully-dameuse-video-360-vr/;;;;;
ch;page;/contact-devis/;Contact & Devis;2024-08-24;88;1;198;11.5;non;;;;;;;;/contact/;;;;;
fr;actualité;/actualites/inauguration-intercontinental-lyon-grand-hotel-dieu/;Inauguration InterContinental Lyon – Grand Hôtel-Dieu;2024-01-21;166;1;196;13.6;non;;;;;;;;/realisations/tetro-grand-hotel-dieu-video-event/;;;;;
fr;réalisation;/nos-realisations/hitachi-hikumo/;Hitachi – Hikumo;2024-01-21;80;1;161;9.5;non;;;;;;;;/realisations/hitachi-hikumo-video-tuto-3d/;;;;;
en;page;/advertising-video/;Advertising Video;2024-01-21;306;1;160;9.7;non;;;;;;;;/;;;;;
en;page;/our-skills/aftermovie-event-capture/;Aftermovie / Event capture;2023-12-07;313;1;150;28.9;non;;;;;;;;/;;;;;
fr;réalisation;/nos-realisations/deko-film-de-presentation/;Deko Film de présentation;2024-01-21;170;1;144;12.8;oui;réalisation;;;oui;non;non;oui;/realisations/deko-film-de-presentation/;;;;;
fr;réalisation;/nos-realisations/arrow-abox-memo/;ARROW – Abox Memo;2024-01-21;41;1;130;13.3;non;;;;;;;;/realisations/arrow-abox-memo-animation-3d/;;;;;
en;actualité;/actualites/inauguration-intercontinental-lyon-grand-hotel-dieu/;Inauguration InterContinental Lyon – Grand Hôtel-Dieu;2023-12-07;154;1;128;9.5;non;;;;;;;;/realisations/tetro-grand-hotel-dieu-video-event/;;;;;
fr;actualité;/actualites/vercors-les-chemins-de-la-liberte/;VERCORS : LES CHEMINS DE LA LIBERTE;2024-01-21;328;1;123;14.9;non;;;;;;;;/realisations/pnr-vercors-les-chemins-de-la-liberte-la-cabane-des-carteaux/;;;;;
fr;page;/realisation-film-industrie/;Réalisation de film – Industrie;2024-01-21;477;1;120;12.3;non;;;;;;;;/;;;;;
en;page;/our-skills/3d-animation/;3D animation;2024-02-02;447;1;112;14.7;non;;;;;;;;/;;;;;
en;réalisation;/nos-realisations/engie-home-services-migo-thermostat-video/;ENGIE HOME SERVICES – MiGo Thermostat video;2024-01-28;133;1;109;13.5;non;;;;;;;;/realisations/engie-home-services-video-tuto-thermostat-migo/;;;;;
en;actualité;/actualites/the-bluevista-metaverse-the-blueverse/;The bluevista Metaverse: the blueverse;2024-01-15;462;1;104;6.8;non;;;;;;;;/realisations/blueverse/;;;;;
fr;actualité;/actualites/bluevista-video-showreel-2021/;Bluevista vidéo Showreel 2021;2024-01-21;196;1;99;3.2;non;;;;;;;;/realisations/bluevista-showreel-video-2021/;;;;;
fr;réalisation;/nos-realisations/mapping-audi/;Mapping Audi;2024-01-21;167;1;98;12.8;non;;;;;;;;/realisations/video-mapping-vehicule-audi-a8/;;;;;
fr;réalisation;/nos-realisations/hitachi-yutaki/;Hitachi – Yutaki;2024-01-21;98;1;85;17.5;non;;;;;;;;/realisations/hitachi-yutaki-video-produit-3d/;;;;;
en;page;/contact-quotation/;Contact & Quotation;2025-09-05;123;1;85;7.4;non;;;;;;;;/;;;;;
ch;page;/nos-competences/creation-immersive-realite-virtuelle/;Création immersive / Réalité virtuelle;2024-03-25;804;1;69;64.8;oui;savoir-faire;3;4;3;oui;oui;non;/savoir-faire/creation-immersive-realite-virtuelle/;;;;;
fr;réalisation;/nos-realisations/elistair-orion/;Elistair – Orion;2024-01-21;129;1;68;8.5;non;;;;;;;;/realisations/elistair-orion-video-produit-animation-3d/;;;;;
fr;actualité;/actualites/santos-i-grind/;SANTOS I-GRIND : Le Moulin à Café;2024-01-21;418;1;62;20.6;non;;;;;;;;/realisations/santos-i-grind-coffee-grinder-teaser/;;;;;
fr;page;/realisation-film-territoires/;Réalisation de film – Territoires;2024-01-21;198;1;51;12.8;non;;;;;;;;/;;;;;
en;réalisation;/nos-realisations/eiffage-energie-expercite/;EIFFAGE Energie – Expercité;2024-01-28;175;1;51;9.9;non;;;;;;;;/realisations/eiffage-energie-expercite-video-3d-timelapse/;;;;;
en;actualité;/actualites/getlive-tv-3-0-wbe-tv-according-to-bluevista/;GETLIVE TV 3.0 – wbe TV according to Bluevista;2024-01-21;94;1;45;6.7;non;;;;;;;;/realisations/getlive-tv-3-0-la-wbe-tv-selon-bluevista/;;;;;
fr;réalisation;/nos-realisations/gloupii/;Gloupii;2024-01-21;196;1;28;10.0;non;;;;;;;;/realisations/gloupii-motion-design/;;;;;
fr;réalisation;/nos-realisations/40-ans-siparex/;40 ans Siparex;2024-01-21;165;1;25;4.8;non;;;;;;;;/realisations/40-ans-siparex-videomapping/;;;;;
fr;réalisation;/nos-realisations/hitachi-film-catalogue-2021/;HITACHI – Film Catalogue 2021;2024-01-21;59;1;24;5.8;oui;réalisation;;;oui;non;non;oui;/realisations/hitachi-film-catalogue-2021/;;;;;
en;actualité;/actualites/video-mapping-lyon-intercontinental-grand-hotel-dieu/;Video mapping Lyon – InterContinental Grand Hôtel Dieu;2023-12-07;200;1;23;7.0;non;;;;;;;;/realisations/tetro-grand-hotel-dieu-video-event/;;;;;
fr;actualité;/actualites/blueverse/;Le Métaverse bluevista : le blueverse;2024-01-21;512;1;18;10.1;non;;;;;;;;/realisations/blueverse/;;;;;
fr;réalisation;/nos-realisations/koesio-voeux-2024/;Koesio – Vœux 2024;2024-01-21;54;1;15;6.8;non;;;;;;;;/realisations/koesio-convention-2024/;;;;;
fr;réalisation;/nos-realisations/tetro-fete-des-lumieres-2021/;TETRO – Fête Des Lumières 2021;2024-01-21;73;1;14;4.4;non;;;;;;;;/realisations/tetro-video-fete-des-lumieres-lyon-2021/;;;;;
fr;réalisation;/nos-realisations/tetro-stalactite-light-show/;TETRO – Stalactite Light Show;2024-01-21;102;1;14;4.8;non;;;;;;;;/realisations/tetro-stalactite-light-show-video/;;;;;
fr;réalisation;/nos-realisations/isara-interviews-detudiants/;ISARA – Interviews d’étudiants;2025-03-25;101;1;11;9.3;non;;;;;;;;/realisations/isara-interviews-d-etudiants/;;;;;
fr;réalisation;/nos-realisations/icsi-briefing-debriefing-minute-darret/;ICSI – BRIEFING / DEBRIEFING / MINUTE D’ARRET;2024-02-28;82;1;10;21.1;non;;;;;;;;/realisations/icsi-briefing-debriefing-minute-d-arret/;;;;;
en;réalisation;/nos-realisations/riso-comcolor/;Riso Comcolor;2024-01-28;161;1;9;16.4;non;;;;;;;;/realisations/riso-comcolor-video-produit/;;;;;
fr;réalisation;/nos-realisations/bos/;BOS;2024-01-21;153;1;8;4.4;non;;;;;;;;⚠️ À RATTACHER À LA MAIN;;;;;
fr;réalisation;/nos-realisations/spc/;SPC;2024-01-21;161;1;8;4.5;non;;;;;;;;⚠️ À RATTACHER À LA MAIN;;;;;
fr;réalisation;/nos-realisations/araymond-share/;Araymond – ShARe;2024-01-21;53;1;7;43.1;non;;;;;;;;/realisations/araymond-share-motion-design-site-internet/;;;;;
ch;actualité;/actualites/un-tournage-en-preparation-dans-le-parc-naturel-regional-du-vercors/;Un tournage en préparation dans le Parc Naturel Régional du Vercors;2024-01-21;137;1;1;4.0;non;;;;;;;;(bluevista.ch — chantier séparé);;;;;
fr;actualité;/actualites/stann/;STANN.;2024-01-22;340;0;7614;7.1;non;;;;;;;;/realisations/stann/;;;;;
fr;réalisation;/nos-realisations/bluevista-creative-la-pizza/;Bluevista Creative | « La Pizza »;2024-01-21;81;0;1297;6.1;non;;;;;;;;/realisations/bluevista-creative-video-la-pizza/;;;;;
fr;page;/realisation-de-film-evenements/;Réalisation vidéo évènement Genève;2024-01-21;235;0;1091;27.4;non;;;;;;;;/;;;;;
fr;actualité;/actualites/aravi-saison-2022-2023/;ARAVI – Saison 2022/2023;2024-01-21;334;0;876;8.6;non;;;;;;;;/realisations/aravi-saison-2022-2023-reportages-video/;;;;;
fr;réalisation;/nos-realisations/bluevista-creative-unicorn-team/;Bluevista Creative | « Unicorn Team »;2024-01-21;93;0;828;6.3;oui;réalisation;;;oui;non;non;oui;/realisations/bluevista-creative-unicorn-team/;;;;;
fr;page;/actualites/;Actualités;2024-01-21;1068;0;516;26.3;non;;;;;;;;(bluevista.ch — chantier séparé);;;;;
fr;réalisation;/nos-realisations/cera-agence-innovation/;CERA – Agence Innovation;2024-01-21;90;0;515;37.1;non;;;;;;;;/realisations/cera-agence-innovation-motion-design/;;;;;
en;page;/our-skills/corporate-video-corporate-film/;Corporate video / corporate film;2024-01-21;187;0;268;54.5;non;;;;;;;;/;;;;;
fr;page;/nos-competences/;Nos compétences;2024-01-21;69;0;249;9.7;non;;;;;;;;(bluevista.ch — chantier séparé);;;;;
en;page;/metaverse/;Metaverse;2025-09-04;359;0;232;10.0;non;;;;;;;;/;;;;;
en;page;/news/;News;2024-01-21;957;0;229;11.6;non;;;;;;;;/;;;;;
fr;actualité;/actualites/sport-boules-16eme-trophee-emile-terrier/;Sport Boules : 16ème Trophée Émile Terrier;2024-01-21;335;0;221;10.8;non;;;;;;;;/realisations/sport-boules-16eme-trophee-emile-terrier/;;;;;
fr;actualité;/actualites/show-reel-motion-design/;Show reel Motion Design;2024-01-21;155;0;190;29.3;non;;;;;;;;/realisations/motion-design-sodexo/;;;;;
en;actualité;/actualites/stann/;STANN.;2024-01-22;301;0;165;8.2;non;;;;;;;;/realisations/stann/;;;;;
en;page;/film-production-industry/;Film production – Industry;2024-01-21;410;0;152;7.5;non;;;;;;;;/;;;;;
fr;réalisation;/nos-realisations/bluevista-creative-un-monde-virtuel-1-la-moto/;Bluevista creative | « Un monde virtuel #1 : la moto »;2024-01-21;124;0;148;13.1;oui;réalisation;;;oui;non;non;oui;/realisations/bluevista-creative-un-monde-virtuel-1-la-moto/;;;;;
fr;réalisation;/nos-realisations/serl-video-360-vr/;SERL Vidéo 360 VR;2024-01-21;162;0;139;27.4;non;;;;;;;;/realisations/serl-parc-puy-d-or-video-360-vr/;;;;;
en;page;/our-skills/motion-design/;Motion Design;2024-01-21;602;0;138;25.1;oui;savoir-faire;5;3;2;oui;oui;non;/;;;;;
en;page;/our-achievements/;Our achievements;2024-01-28;457;0;138;15.8;non;;;;;;;;/;;;;;
en;réalisation;/nos-realisations/stann-the-business-management-application/;STANN. THE BUSINESS MANAGEMENT APPLICATION;2024-01-28;105;0;128;11.2;non;;;;;;;;/realisations/stann-presentation-video-de-l-application/;;;;;
fr;réalisation;/nos-realisations/koesio-voeux-2023/;KOESIO – Vœux 2023;2024-01-21;100;0;106;8.2;non;;;;;;;;/realisations/koesio-carte-de-v-ux-video-2023/;;;;;
en;page;/film-production-product-launch/;Film production – Product launch;2024-01-21;190;0;106;10.1;non;;;;;;;;/;;;;;
fr;actualité;/actualites/bluevista-video-showreel-2020/;Bluevista vidéo Showreel 2020;2024-01-21;208;0;100;5.3;non;;;;;;;;/realisations/bluevista-showreel-video-2020/;;;;;
fr;actualité;/actualites/peninsula-octobre-rose/;Peninsula : Octobre Rose;2024-01-24;251;0;96;13.9;non;;;;;;;;/realisations/peninsula-octobre-rose/;;;;;
en;page;/3d-animation-studio-in-lyon/;3D animation studio in Lyon;2024-01-04;292;0;93;9.2;non;;;;;;;;/;;;;;
en;page;/film-production-banking-and-insurance/;Film production – Banking and Insurance;2024-01-21;443;0;92;9.0;non;;;;;;;;/;;;;;
en;réalisation;/nos-realisations/gloupii/;Gloupii;2024-01-28;180;0;87;4.6;non;;;;;;;;/realisations/gloupii-motion-design/;;;;;
fr;réalisation;/nos-realisations/assisqual/;Assisqual;2024-01-21;130;0;84;7.0;non;;;;;;;;/realisations/assisqual-motion-design/;;;;;
en;page;/film-production-territories/;Film production – Territories;2024-01-21;177;0;84;8.4;non;;;;;;;;/;;;;;
fr;actualité;/actualites/nos-dernieres-interviews/;Nos dernières interviews;2024-01-21;252;0;83;4.3;non;;;;;;;;/realisations/nos-dernieres-interviews/;;;;;
fr;réalisation;/nos-realisations/bluevista-creative-une-vraie-equipe-1-la-flexibilite/;Bluevista Creative | « Une Vraie Équipe #1 – La Flexibilité »;2024-01-21;119;0;82;7.2;oui;réalisation;;;oui;non;non;oui;/realisations/bluevista-creative-une-vraie-equipe-1-la-flexibilite/;;;;;
en;page;/film-production-health/;Film production – Healthcare;2024-01-21;220;0;75;40.4;non;;;;;;;;/;;;;;
fr;réalisation;/nos-realisations/gf-gs/;GF-CS;2024-01-21;81;0;71;8.6;non;;;;;;;;⚠️ À RATTACHER À LA MAIN;;;;;
fr;réalisation;/nos-realisations/presentation-video-cpro-en-1-minute/;Présentation Vidéo CPRO En 1 Minute;2024-01-21;144;0;70;18.2;oui;réalisation;;;oui;non;non;oui;/realisations/presentation-video-cpro-en-1-minute/;;;;;
fr;réalisation;/nos-realisations/guitare-en-scene-edition-2023/;Guitare en Scène : Édition 2023;2024-01-21;96;0;61;12.8;non;;;;;;;;/realisations/guitare-en-scene-edition-2023-video-evenement/;;;;;
en;page;/our-skills/aerial-video-drone/;Aerial video / drone;2023-12-07;324;0;61;18.7;non;;;;;;;;/;;;;;
fr;réalisation;/nos-realisations/alorem/;ALOREM;2024-01-21;120;0;57;7.6;non;;;;;;;;/realisations/alorem-video-produit/;;;;;
en;page;/our-skills/;Our skills;2024-01-21;67;0;57;7.9;non;;;;;;;;/;;;;;
fr;page;/realisation-de-film-banques-assurances/;Réalisation de film – Banques et Assurances;2024-01-21;511;0;54;34.4;non;;;;;;;;/;;;;;
en;actualité;/actualites/360-degree-immersion-realization-pisten-bully-snow-groomer/;360-degree immersion realization Pisten Bully snow groomer;2023-12-07;151;0;51;21.5;non;;;;;;;;/realisations/pisten-bully-dameuse-video-360-vr/;;;;;
en;réalisation;/nos-realisations/tetro-stalactite-light-show/;TETRO – Stalactite Light Show;2024-01-28;100;0;50;17.1;non;;;;;;;;/realisations/tetro-stalactite-light-show-video/;;;;;
en;page;/our-skills/video-mapping/;Video Mapping;2023-12-07;602;0;49;10.0;oui;savoir-faire;4;4;6;oui;oui;non;/;;;;;
en;réalisation;/nos-realisations/verizon-connect-video-presentation/;Verizon Connect – Video presentation;2024-01-28;101;0;49;15.0;non;;;;;;;;/realisations/verizon-connect-video-de-presentation/;;;;;
en;réalisation;/nos-realisations/olinn-advertising-video/;Olinn – Advertising video;2024-01-28;83;0;47;8.4;non;;;;;;;;/realisations/olinn-video-publicitaire/;;;;;
en;actualité;/actualites/3d-motion-design-and-mapping-in-paris-at-the-rodin-museum/;3D motion design and mapping in Paris at the Rodin Museum;2023-12-07;158;0;44;19.6;non;;;;;;;;/realisations/motion-design-sodexo/;;;;;
fr;réalisation;/nos-realisations/gf-ds-family/;GF – DS Family;2024-01-21;155;0;42;7.4;non;;;;;;;;/realisations/gf-ds-family-video-corporate-3d-motion-design/;;;;;
fr;réalisation;/nos-realisations/bbgr-360/;BBGR 360;2024-01-21;130;0;42;39.4;non;;;;;;;;/realisations/bbgr-video-360-usine/;;;;;
en;actualité;/actualites/bluevista-creative-video-a-real-team-3-productivity/;bluevista creative | video “A Real Team #3 – Productivity;2024-01-21;181;0;42;10.1;non;;;;;;;;/realisations/bluevista-creative-unicorn-team/;;;;;
fr;actualité;/actualites/equita-lyon-dailynews/;Equita Lyon : Dailynews;2024-01-21;298;0;39;46.9;non;;;;;;;;/realisations/equita-lyon-dailynews-video-2022/;;;;;
fr;réalisation;/nos-realisations/guitare-en-scene-edition-2024/;Guitare en Scène : Édition 2024;2025-01-22;96;0;39;12.7;non;;;;;;;;/realisations/guitare-en-scene-edition-2024-video-evenement/;;;;;
fr;actualité;/actualites/getlive-tv-3-0-la-wbe-tv-selon-bluevista/;GETLIVE TV 3.0 – La web TV selon Bluevista;2024-01-22;104;0;38;8.4;non;;;;;;;;/realisations/getlive-tv-3-0-la-wbe-tv-selon-bluevista/;;;;;
en;réalisation;/nos-realisations/bluevista-creative-a-real-team-1-flexibility/;Bluevista Creative | ” A Real Team #1 – Flexibility “;2024-01-28;109;0;38;8.4;non;;;;;;;;/realisations/bluevista-creative-unicorn-team/;;;;;
en;réalisation;/nos-realisations/elistair-orion/;Elistair – Orion;2024-01-28;123;0;37;19.2;non;;;;;;;;/realisations/elistair-orion-video-produit-animation-3d/;;;;;
en;réalisation;/nos-realisations/dromis-equans-ineo/;Dromis – EQUANS & INEO;2024-01-28;89;0;35;13.7;non;;;;;;;;/realisations/dromis-equans-ineo-reportage-video/;;;;;
fr;réalisation;/nos-realisations/film-corporate-gf-core/;Film corporate GF Core;2024-01-21;149;0;34;16.6;non;;;;;;;;/realisations/film-corporate-gfms-core/;;;;;
en;actualité;/actualites/sport-boules-16th-emile-terrier-trophy/;Sport Boules: 16th Émile Terrier Trophy;2023-12-07;295;0;34;6.6;non;;;;;;;;/realisations/sport-boules-16eme-trophee-emile-terrier/;;;;;
fr;réalisation;/nos-realisations/abb-snk-3d-marine/;ABB – SNK 3D « Marine »;2024-01-21;157;0;33;18.3;non;;;;;;;;/realisations/abb-snk-animation-3d-fiction-marine/;;;;;
en;actualité;/actualites/bluevista-creative-video-a-virtual-world-1-motorcycles/;bluevista creative | video ” A virtual world #1: motorcycles “;2024-01-21;191;0;33;6.6;non;;;;;;;;⚠️ À RATTACHER À LA MAIN;;;;;
fr;actualité;/actualites/bluevista-creative-video-un-monde-virtuel-1-la-moto/;bluevista creative | vidéo « Un monde virtuel #1 : la moto »;2024-01-21;212;0;32;36.1;non;;;;;;;;/realisations/bluevista-creative-un-monde-virtuel-1-la-moto/;;;;;
en;actualité;/actualites/koesio-greeting-card-2023/;Koesio – Greeting card 2023;2023-12-07;329;0;31;18.5;non;;;;;;;;/realisations/koesio-carte-de-v-ux-video-2023/;;;;;
fr;actualité;/actualites/decouvrez-notre-nouvelle-bande-demo-3d/;Découvrez notre nouvelle bande démo 3D;2024-01-21;206;0;28;50.6;non;;;;;;;;/realisations/decouvrez-notre-nouvelle-bande-demo-3d/;;;;;
en;actualité;/actualites/new-hardware-motion-control-kessler/;New hardware – Motion control Kessler;2023-12-07;120;0;28;13.7;non;;;;;;;;/realisations/nouveau-materiel-motion-control-kessler/;;;;;
en;réalisation;/nos-realisations/koesio-greetings-2024/;Koesio – Greetings 2024;2024-01-28;54;0;28;18.9;non;;;;;;;;/realisations/koesio-convention-2024/;;;;;
en;réalisation;/nos-realisations/cisco-motion-design-video-platform/;Cisco motion design video platform;2024-01-28;140;0;28;4.6;non;;;;;;;;/realisations/cisco-video-platform-animation-3d-motion-design/;;;;;
en;réalisation;/nos-realisations/bbgr-360/;BBGR 360;2024-01-28;128;0;28;10.3;non;;;;;;;;/realisations/bbgr-video-360-usine/;;;;;
fr;réalisation;/nos-realisations/nightswapping/;NightSwapping;2024-01-21;233;0;26;10.5;non;;;;;;;;/realisations/nightswapping-video-promotionnelle/;;;;;
fr;réalisation;/nos-realisations/timelapse-lacleda/;Time lapse – La CLEDA;2024-01-21;50;0;26;25.7;non;;;;;;;;/realisations/eiffage-energie-expercite-video-3d-timelapse/;;;;;
en;actualité;/actualites/santos-i-grind-the-coffee-mill/;SANTOS I-GRIND : The Coffee Mill;2023-12-07;352;0;26;6.4;non;;;;;;;;/realisations/santos-i-grind-coffee-grinder-teaser/;;;;;
fr;réalisation;/nos-realisations/e-xpert-solutions-at-defense/;E-XPERT Solutions – AtDefense;2024-01-21;71;0;25;32.4;non;;;;;;;;/realisations/e-xpert-solutions-video-voeux-2022/;;;;;
en;actualité;/actualites/aravi-season-2022-2023/;ARAVI – Season 2022/2023;2023-12-07;297;0;25;6.6;non;;;;;;;;/realisations/aravi-saison-2022-2023-reportages-video/;;;;;
fr;réalisation;/nos-realisations/aravi-saison-2022-2023/;ARAVI – Saison 2022/2023;2024-01-21;86;0;24;12.1;non;;;;;;;;/realisations/aravi-saison-2022-2023-reportages-video/;;;;;
en;réalisation;/nos-realisations/cpro-no-need-to-add-more/;C’PRO – “No Need to Add More;2024-01-28;100;0;24;28.9;non;;;;;;;;⚠️ À RATTACHER À LA MAIN;;;;;
en;réalisation;/nos-realisations/deko-presentation-film/;Deko Presentation film;2024-01-28;153;0;24;14.0;non;;;;;;;;/realisations/deko-film-de-presentation/;;;;;
en;page;/our-skills/green-screen-studio-compositing/;Green screen studio / compositing;2024-01-21;178;0;23;18.8;non;;;;;;;;/;;;;;
fr;actualité;/actualites/bluevista-creative-video-une-vraie-equipe-3-la-productivite/;bluevista creative | vidéo « Une vraie équipe #3 – la productivité »;2024-01-21;198;0;22;9.9;non;;;;;;;;/realisations/bluevista-creative-une-vraie-equipe-3-la-productivite/;;;;;
en;réalisation;/nos-realisations/tetro-fete-des-lumieres-2021/;TETRO – Fête Des Lumières 2021;2024-01-28;71;0;22;24.1;non;;;;;;;;/realisations/tetro-video-fete-des-lumieres-lyon-2021/;;;;;
en;réalisation;/nos-realisations/qwartz/;Qwartz;2024-01-28;112;0;22;13.2;non;;;;;;;;/realisations/qwartz-video-de-presentation-centre-commercial/;;;;;
fr;réalisation;/nos-realisations/cpro-pas-besoin-den-rajouter/;C’PRO – « Pas Besoin D’en Rajouter »;2024-01-21;110;0;21;8.4;non;;;;;;;;/realisations/c-pro-pas-besoin-d-en-rajouter-video-publicitaire/;;;;;
fr;actualité;/actualites/realisation-de-film-dentreprise-ou-corporate/;Réalisation de film d’entreprise ou corporate;2024-01-21;198;0;20;19.4;non;;;;;;;;⚠️ À RATTACHER À LA MAIN;;;;;
fr;actualité;/actualites/nouveau-materiel-motion-control-kessler/;Nouveau matériel – Motion control Kessler;2024-01-21;133;0;20;8.0;non;;;;;;;;/realisations/nouveau-materiel-motion-control-kessler/;;;;;
fr;réalisation;/nos-realisations/clip-report-massy-grand-ouest/;Clip Report Massy Grand Ouest;2024-01-21;188;0;20;7.7;non;;;;;;;;/realisations/clip-report-event-massy-grand-ouest/;;;;;
en;réalisation;/nos-realisations/hitachi-hikumo/;Hitachi – Hikumo;2024-01-28;79;0;20;7.3;non;;;;;;;;/realisations/hitachi-hikumo-video-tuto-3d/;;;;;
en;réalisation;/nos-realisations/abb-snk-3d-solar/;ABB – SNK 3D “Solar;2024-01-28;135;0;20;10.8;non;;;;;;;;⚠️ À RATTACHER À LA MAIN;;;;;
en;actualité;/actualites/50-years-of-lpa-a-lyonnaise-story/;50 years of LPA, a Lyonnaise story;2023-12-07;126;0;19;6.5;non;;;;;;;;⚠️ À RATTACHER À LA MAIN;;;;;
en;réalisation;/nos-realisations/hitachi-film-catalogue-2021/;HITACHI – Film Catalogue 2021;2024-01-28;63;0;19;9.2;oui;réalisation;;;oui;non;non;oui;/realisations/hitachi-film-catalogue-2021/;;;;;
en;réalisation;/nos-realisations/cpro-film-corpo/;C’PRO – Film Corpo;2024-01-28;93;0;19;13.6;non;;;;;;;;/realisations/presentation-video-cpro-en-1-minute/;;;;;
en;réalisation;/nos-realisations/naos-contributor-interview/;Naos – Contributor interview;2024-01-28;167;0;19;17.7;non;;;;;;;;/realisations/naos-interview-collaborateur/;;;;;
fr;réalisation;/nos-realisations/mapping-toky/;Mapping – Toky;2024-01-21;126;0;18;4.9;non;;;;;;;;/realisations/toky-video-mapping-3d/;;;;;
en;actualité;/actualites/guitare-en-scene-2023/;Guitare en Scène 2023;2023-12-07;301;0;18;11.6;non;;;;;;;;/realisations/guitare-en-scene-edition-2023-video-evenement/;;;;;
en;actualité;/actualites/technical-3d-animation-explaining-the-renovation-work-on-the-grande-arche-de-la-defense/;Technical 3D animation explaining the renovation work on the Grande Arche de la Défense;2023-12-07;110;0;16;7.4;non;;;;;;;;/realisations/animation-3d-grande-arche-de-la-defense/;;;;;
en;réalisation;/nos-realisations/mase-rhone-alpes-motion-design/;MASE Rhône-Alpes – Motion Design;2024-01-28;69;0;16;11.4;oui;réalisation;;;oui;non;non;oui;/realisations/mase-rhone-alpes-motion-design/;;;;;
fr;réalisation;/nos-realisations/cemoi-a-360/;Cémoi à 360°;2024-01-21;133;0;15;8.9;non;;;;;;;;/realisations/cemoi-video-3d-360-vr/;;;;;
en;actualité;/actualites/360-video-production-project/;360° video production project;2023-12-07;164;0;15;14.5;non;;;;;;;;⚠️ À RATTACHER À LA MAIN;;;;;
en;réalisation;/nos-realisations/mapping-audi/;Mapping Audi;2024-01-28;172;0;15;15.5;non;;;;;;;;/realisations/video-mapping-vehicule-audi-a8/;;;;;
fr;réalisation;/nos-realisations/icsi-briefing-debriefing-minute-darret-2/;ICSI – BRIEFING / DEBRIEFING / MINUTE D’ARRET;2025-01-22;82;0;14;28.0;non;;;;;;;;/realisations/icsi-briefing-debriefing-minute-d-arret/;;;;;
fr;réalisation;/nos-realisations/hitachi-triple-c/;Hitachi – Triple C;2024-01-21;113;0;14;19.9;non;;;;;;;;/realisations/hitachi-triple-c-film-promo/;;;;;
fr;réalisation;/nos-realisations/sfs-intec/;SFS Intec;2024-01-21;174;0;14;6.7;non;;;;;;;;⚠️ À RATTACHER À LA MAIN;;;;;
fr;réalisation;/nos-realisations/cpro-film-corpo/;C’PRO – Film Corpo;2024-01-21;96;0;13;13.8;non;;;;;;;;/realisations/presentation-video-cpro-en-1-minute/;;;;;
en;actualité;/actualites/peninsula-pink-october/;Peninsula: Pink October;2023-12-07;243;0;13;6.9;non;;;;;;;;⚠️ À RATTACHER À LA MAIN;;;;;
en;actualité;/actualites/live-video-homeserve-20ans/;Live Vidéo HomeServe – 20ans;2024-01-21;178;0;13;13.8;non;;;;;;;;/realisations/live-video-homeserve-20ans/;;;;;
en;actualité;/actualites/bluevista-creative-video-a-real-team-2-diversity/;bluevista creative | video “A real team #2 – diversity;2024-01-21;162;0;13;2.9;non;;;;;;;;/realisations/bluevista-creative-unicorn-team/;;;;;
en;réalisation;/nos-realisations/hdi-moving-to-the-new-tower/;HDI – Moving to the New Tower;2024-01-28;75;0;13;8.5;non;;;;;;;;⚠️ À RATTACHER À LA MAIN;;;;;
fr;page;/film-entreprise-lyon-15-ans-experience/;Film d’entreprise Lyon -15 ans d’expérience;2024-01-21;310;0;12;7.7;non;;;;;;;;/;;;;;
fr;actualité;/actualites/live-video-homeserve-20ans/;Live Vidéo HomeServe – 20ans;2024-01-21;187;0;12;14.3;non;;;;;;;;/realisations/live-video-homeserve-20ans/;;;;;
fr;réalisation;/nos-realisations/printemps-mapping/;Printemps : Mapping;2024-01-21;175;0;12;12.0;non;;;;;;;;/realisations/printemps-video-mapping/;;;;;
fr;réalisation;/nos-realisations/tetro-deepweb/;TETRO – DeepWeb;2024-01-21;257;0;12;8.4;non;;;;;;;;/realisations/tetro-deepweb-clip-video-evenement/;;;;;
fr;réalisation;/nos-realisations/riso-comcolor/;Riso Comcolor;2024-01-21;167;0;12;6.9;non;;;;;;;;/realisations/riso-comcolor-video-produit/;;;;;
fr;réalisation;/nos-realisations/30-ans-bocuse-dor-tamas-szell/;30 ans Bocuse d’or – Tamas Szell;2024-01-21;141;0;12;3.8;non;;;;;;;;/realisations/30-ans-bocuse-d-or-interview-video-tamas-szell/;;;;;
en;page;/corporate-film-paris-15-years-of-experience/;Corporate film Paris – 15 years of experience;2024-01-25;446;0;12;15.8;non;;;;;;;;/;;;;;
en;actualité;/actualites/artcurial-mapping-20-years/;Artcurial: Mapping 20 years;2024-01-19;278;0;12;21.7;non;;;;;;;;/realisations/artcurial-video-mapping/;;;;;
en;actualité;/actualites/clip-corporate-bos-equipement/;Clip Corporate BOS Equipement;2023-12-07;41;0;12;29.8;non;;;;;;;;/realisations/bos-equipement-video-corporate/;;;;;
en;réalisation;/nos-realisations/e-xpert-solutions-zero-trust/;E-XPERT Solutions – Zero Trust;2024-01-28;74;0;12;35.8;non;;;;;;;;/realisations/e-xpert-solutions-zero-trust-video-publicitaire-fiction/;;;;;
en;réalisation;/nos-realisations/wallmapping-tokys-mesaventures/;Wallmapping – Toky’s Mesaventures;2024-01-28;98;0;12;12.4;non;;;;;;;;/realisations/wallmapping-les-mesaventures-de-toky-animation-3d/;;;;;
fr;réalisation;/nos-realisations/aravi-saison-2024/;ARAVI – Saison 2024;2025-01-22;86;0;11;19.0;non;;;;;;;;/realisations/aravi-saison-2024-reportages-video/;;;;;
fr;réalisation;/nos-realisations/bluevista-creative-une-vraie-equipe-3-la-productivite/;Bluevista creative | « Une vraie équipe #3 – la productivité »;2024-01-21;125;0;11;9.5;oui;réalisation;;;oui;non;non;oui;/realisations/bluevista-creative-une-vraie-equipe-3-la-productivite/;;;;;
fr;réalisation;/nos-realisations/naos-interview-collaborateur-2/;Naos – Interview Collaborateur;2024-01-21;150;0;11;6.4;non;;;;;;;;/realisations/naos-interview-collaborateur/;;;;;
en;actualité;/actualites/mase-rhone-alpes-motions/;MASE Rhône Alpes : Motions;2024-01-22;309;0;11;7.0;non;;;;;;;;/realisations/mase-rhone-alpes-motion-design/;;;;;
en;réalisation;/nos-realisations/clip-report-massy-grand-ouest/;Clip Report Massy Grand Ouest;2024-01-28;177;0;11;26.9;non;;;;;;;;/realisations/clip-report-event-massy-grand-ouest/;;;;;
fr;actualité;/actualites/streaming-live-et-webtv-demo-2018/;Streaming Live et WebTV démo 2018;2024-01-21;190;0;10;14.5;non;;;;;;;;/realisations/streaming-live-et-webtv-demo-2018/;;;;;
fr;réalisation;/nos-realisations/hdi-demenagement-nouvelle-tour/;HDI – Déménagement Nouvelle Tour;2024-01-19;72;0;10;5.6;oui;réalisation;;;oui;non;non;oui;/realisations/hdi-demenagement-nouvelle-tour/;;;;;
fr;réalisation;/nos-realisations/abb-snk-3d-industrie/;ABB – SNK 3D « Industrie »;2024-01-21;148;0;10;10.3;non;;;;;;;;/realisations/sfs-menuiserie-industrie/;;;;;
en;actualité;/actualites/bluevista-video-showreel-2021/;Bluevista video Showreel 2021;2024-01-21;188;0;10;7.6;non;;;;;;;;/realisations/bluevista-showreel-video-2021/;;;;;
en;réalisation;/nos-realisations/tetro-navya/;TETRO – NAVYA;2024-01-28;141;0;10;13.9;non;;;;;;;;/realisations/tetro-film-presentation-vehicule-navya/;;;;;
en;réalisation;/nos-realisations/gf-core-corporate-film/;GF Core corporate film;2024-01-28;144;0;10;9.4;non;;;;;;;;/realisations/film-corporate-gfms-core/;;;;;
fr;actualité;/actualites/serie-de-6-videos-promotionnelles-pour-les-produits-abb-snk/;Série de 6 vidéos promotionnelles pour les produits ABB SNK;2024-01-21;82;0;9;5.2;non;;;;;;;;/realisations/serie-de-6-videos-promotionnelles-pour-les-produits-abb-snk/;;;;;
fr;réalisation;/nos-realisations/irisolaris-presentation-groupe-2024/;IRISOLARIS – Présentation Groupe 2024;2025-01-22;85;0;9;9.4;oui;réalisation;;;oui;non;non;oui;/realisations/irisolaris-presentation-groupe-2024/;;;;;
fr;réalisation;/nos-realisations/ghi/;GHI;2024-01-21;193;0;9;7.1;non;;;;;;;;⚠️ À RATTACHER À LA MAIN;;;;;
fr;réalisation;/nos-realisations/wall-mapping-les-mesaventures-de-toky/;Wallmapping – Les Mesaventures de Toky;2024-01-21;96;0;9;5.9;non;;;;;;;;/realisations/toky-video-mapping-3d/;;;;;
en;réalisation;/nos-realisations/tetro-fete-des-lumieres-2022/;TETRO – Fête Des Lumières 2022;2024-01-28;73;0;9;13.2;non;;;;;;;;/realisations/tetro-video-fete-des-lumieres-lyon-2022/;;;;;
en;réalisation;/nos-realisations/arrow-abox-memo/;ARROW – Abox Memo;2024-01-28;46;0;9;26.4;non;;;;;;;;/realisations/arrow-abox-memo-animation-3d/;;;;;
fr;actualité;/actualites/un-motion-design-a-lancienne-making-of/;Un motion design « à l’ancienne » – Making of;2024-01-21;61;0;8;12.3;non;;;;;;;;/realisations/motion-design-sodexo/;;;;;
fr;réalisation;/nos-realisations/sfs-enveloppe-structure/;SFS – Enveloppe & Structure;2025-01-22;71;0;8;30.1;oui;réalisation;;;oui;non;non;oui;/realisations/sfs-enveloppe-structure/;;;;;
fr;réalisation;/nos-realisations/tetro-fete-des-lumieres-2022/;TETRO – Fête Des Lumières 2022;2024-01-21;73;0;8;4.3;non;;;;;;;;/realisations/tetro-video-fete-des-lumieres-lyon-2022/;;;;;
fr;réalisation;/nos-realisations/opiiec/;OPIIEC;2024-01-21;111;0;8;8.0;non;;;;;;;;/realisations/opiiec-motio-design-site-internet/;;;;;
fr;réalisation;/nos-realisations/clasquin-convention-2024/;HUILES BERLIET – FOOH – LYON;2025-03-25;78;0;7;31.6;non;;;;;;;;/realisations/koesio-convention-2024/;;;;;
fr;réalisation;/nos-realisations/koesio-voeux-2025/;Koesio – Vœux 2025;2025-01-22;53;0;7;22.6;non;;;;;;;;/realisations/koesio-carte-de-v-ux-video-2025/;;;;;
fr;réalisation;/nos-realisations/lyon-la-duchere-arbre-de-noel/;Lyon – La Duchère – Arbre de Noël;2024-01-18;96;0;7;6.7;oui;réalisation;;;oui;non;non;oui;/realisations/lyon-la-duchere-arbre-de-noel/;;;;;
fr;réalisation;/nos-realisations/motion-design-sodexo/;Motion Design Sodexo;2024-01-21;126;0;7;7.4;oui;réalisation;;;oui;non;non;oui;/realisations/motion-design-sodexo/;;;;;
en;réalisation;/nos-realisations/icsi-briefing-debriefing-minute-darret/;ICSI – BRIEFING / DEBRIEFING / MINUTE D’ARRÊT;2024-02-28;85;0;7;12.9;non;;;;;;;;/realisations/icsi-briefing-debriefing-minute-d-arret/;;;;;
en;réalisation;/nos-realisations/e-xpert-solutions-ecd/;E-XPERT Solutions – ECD;2024-01-28;72;0;7;8.6;non;;;;;;;;/realisations/e-xpert-solutions-video-voeux-2022/;;;;;
fr;actualité;/actualites/bluevista-creative-unicorn-team/;bluevista creative | « Unicorn Team »;2024-01-21;162;0;6;33.5;oui;réalisation;;;oui;non;non;oui;/realisations/bluevista-creative-unicorn-team/;;;;;
fr;actualité;/actualites/clip-corporate-bos-equipement/;Clip Corporate BOS Equipement;2024-01-21;47;0;6;11.8;non;;;;;;;;/realisations/bos-equipement-video-corporate/;;;;;
fr;actualité;/actualites/la-realite-virtuelle-oculus-a-bluevista/;La réalité virtuelle Oculus à Bluevista;2024-01-21;209;0;6;9.8;non;;;;;;;;/realisations/la-realite-virtuelle-oculus-a-bluevista/;;;;;
fr;réalisation;/nos-realisations/bluevista-motion-design/;Le Motion-design chez bluevista;2024-02-28;46;0;6;4.7;non;;;;;;;;/realisations/motion-design-sodexo/;;;;;
fr;réalisation;/nos-realisations/amplitude-voeux-2024/;Amplitude – Vœux 2024;2024-01-21;51;0;6;38.0;non;;;;;;;;/realisations/amplitude-carte-de-v-ux-video-2024/;;;;;
en;réalisation;/nos-realisations/hitachi-yutaki/;Hitachi – Yutaki;2024-01-28;90;0;6;7.5;non;;;;;;;;/realisations/hitachi-yutaki-video-produit-3d/;;;;;
en;réalisation;/nos-realisations/mapping-toky/;Mapping – Toky;2024-01-28;129;0;6;10.2;non;;;;;;;;/realisations/toky-video-mapping-3d/;;;;;
en;réalisation;/nos-realisations/we-see-big/;We See Big;2024-01-28;103;0;6;6.0;non;;;;;;;;⚠️ À RATTACHER À LA MAIN;;;;;
en;réalisation;/nos-realisations/cera-innovation-agency/;CERA – Innovation Agency;2024-01-28;85;0;6;5.0;non;;;;;;;;/realisations/cera-agence-innovation-motion-design/;;;;;
ch;réalisation;/nos-realisations/elistair-orion/;Video produit Elistair – Orion;2024-03-18;135;0;6;9.2;non;;;;;;;;/realisations/elistair-orion-video-produit-animation-3d/;;;;;
fr;actualité;/actualites/artcurial-20ans/;Artcurial : Mapping 20ans;2024-01-21;307;0;5;22.0;non;;;;;;;;/realisations/artcurial-20ans/;;;;;
fr;actualité;/actualites/realisation-de-3-clips-produit-en-studio-pour-la-societe-riso/;Réalisation de 3 clips produit en studio pour la société RISO;2024-01-21;107;0;5;11.6;non;;;;;;;;/realisations/riso-comcolor-video-produit/;;;;;
fr;réalisation;/nos-realisations/sfs-menuiserie-industrie/;SFS – Menuiserie & Industrie;2025-01-22;71;0;5;5.8;oui;réalisation;;;oui;non;non;oui;/realisations/sfs-menuiserie-industrie/;;;;;
fr;réalisation;/nos-realisations/mase-motion-design/;MASE Rhône-Alpes – Motion Design;2024-01-19;71;0;5;7.6;non;;;;;;;;/realisations/mase-rhone-alpes-motion-design/;;;;;
fr;réalisation;/nos-realisations/icsi-briefing-debriefing-minute-darret-3/;ICSI – BRIEFING / DEBRIEFING / MINUTE D’ARRET;2024-01-19;82;0;5;22.0;non;;;;;;;;/realisations/icsi-briefing-debriefing-minute-d-arret/;;;;;
fr;réalisation;/nos-realisations/santos-i-grind-coffee-grinder-reveal/;SANTOS – I-GRIND Coffee Grinder – Reveal;2024-02-28;68;0;5;8.6;oui;réalisation;;;oui;non;non;oui;/realisations/santos-i-grind-coffee-grinder-reveal/;;;;;
fr;réalisation;/nos-realisations/motion-design-veama/;Motion Design VEAMA;2024-01-21;205;0;5;5.4;non;;;;;;;;/realisations/motion-design-sodexo/;;;;;
fr;réalisation;/nos-realisations/tetro-carre-senart/;TETRO – Carré Sénart;2024-01-21;135;0;5;10.0;non;;;;;;;;/realisations/tetro-carre-senart-show-drone/;;;;;
fr;réalisation;/nos-realisations/cisco-1/;Cisco motion design 5G;2024-01-21;146;0;5;47.2;non;;;;;;;;/realisations/cisco-5g-motion-design-3d/;;;;;
fr;réalisation;/nos-realisations/tetro-ox/;TETRO – OX;2024-01-21;188;0;5;7.0;non;;;;;;;;/realisations/tetro-carre-senart-show-drone/;;;;;
fr;réalisation;/nos-realisations/naos-interview-collaborateur/;Naos – Interview Collaborateur;2024-01-21;150;0;5;6.0;oui;réalisation;;;oui;non;non;oui;/realisations/naos-interview-collaborateur/;;;;;
en;actualité;/actualites/bluevista-creative-video-a-real-team-1-flexibility-video/;bluevista creative | video “A real team #1 – flexibility” video;2024-01-21;174;0;5;13.0;non;;;;;;;;/realisations/bluevista-creative-unicorn-team/;;;;;
en;actualité;/actualites/streaming-live-and-webtv-demo-2018/;Streaming Live and WebTV demo 2018;2024-01-21;171;0;5;8.6;non;;;;;;;;/realisations/streaming-live-et-webtv-demo-2018/;;;;;
en;actualité;/actualites/3d-animation-hitachi-csnet-manager-product/;3D animation HITACHI CSNet manager product;2023-12-07;153;0;5;8.0;non;;;;;;;;⚠️ À RATTACHER À LA MAIN;;;;;
en;réalisation;/nos-realisations/tetro-carre-senart/;TETRO – Carré Sénart;2024-01-28;129;0;5;8.4;non;;;;;;;;/realisations/tetro-carre-senart-show-drone/;;;;;
fr;actualité;/actualites/film-de-presentation-produit/;Film de présentation produit;2024-01-21;144;0;4;8.0;non;;;;;;;;/realisations/santos-film-produit/;;;;;
fr;réalisation;/nos-realisations/neurones-it-video-voeux-2021/;Neurones IT – Vidéo Voeux 2021;2024-01-21;112;0;4;20.5;non;;;;;;;;/realisations/neurones-it-video-3d-voeux-2021/;;;;;
fr;réalisation;/nos-realisations/lpa-50ans/;LPA : 50ans;2024-01-21;176;0;4;16.0;non;;;;;;;;/realisations/lpa-50ans-video-anniversaire/;;;;;
fr;réalisation;/nos-realisations/tetro-avenue-83/;TETRO – Avenue 83;2024-01-21;127;0;4;7.5;non;;;;;;;;/realisations/tetro-avenue-83-after-movie-event/;;;;;
en;réalisation;/nos-realisations/amplitude-greetings-2018/;Amplitude – Greetings 2018;2024-01-28;187;0;4;8.5;non;;;;;;;;/realisations/amplitude-carte-de-voeux-video-2018/;;;;;
en;réalisation;/nos-realisations/spc/;SPC;2024-01-28;134;0;4;15.0;non;;;;;;;;⚠️ À RATTACHER À LA MAIN;;;;;
en;réalisation;/nos-realisations/tetro-grand-hotel-dieu/;TETRO – Grand Hotel Dieu;2024-01-28;254;0;4;2.8;non;;;;;;;;/realisations/tetro-grand-hotel-dieu-video-event/;;;;;
en;réalisation;/nos-realisations/ghi/;GHI;2024-01-28;183;0;4;5.3;non;;;;;;;;⚠️ À RATTACHER À LA MAIN;;;;;
en;réalisation;/nos-realisations/time-lapse-la-cleda/;Time lapse – La CLEDA;2024-01-28;51;0;4;23.8;oui;réalisation;;;oui;non;non;oui;/realisations/time-lapse-la-cleda/;;;;;
fr;page;/film-corporate-lyon-depuis-2004/;Film corporate sur Lyon depuis 2004;2024-01-30;1041;0;3;47.7;non;;;;;;;;/;;;;;
fr;actualité;/actualites/mecenat-club-lyon-la-duchere/;Mécénat : Club Lyon La Duchère;2024-01-21;329;0;3;8.7;non;;;;;;;;/realisations/lyon-la-duchere-arbre-de-noel/;;;;;
fr;actualité;/actualites/tournage-en-studio-film-produit-santos/;Tournage en studio – Film produit Santos;2024-01-21;292;0;3;4.7;non;;;;;;;;/realisations/santos-film-produit/;;;;;
fr;actualité;/actualites/un-tournage-en-preparation-dans-le-parc-naturel-regional-du-vercors/;Un tournage en préparation dans le Parc Naturel Régional du Vercors;2024-01-21;137;0;3;8.7;non;;;;;;;;(bluevista.ch — chantier séparé);;;;;
fr;actualité;/actualites/projection-semi-transparente-immersive-pour-linauguration-dun-batiment/;Projection semi-transparente immersive pour l’inauguration d’un bâtiment;2024-01-21;162;0;3;21.7;non;;;;;;;;/realisations/projection-semi-transparente-immersive-pour-linauguration-dun-batiment/;;;;;
fr;réalisation;/nos-realisations/pnr-vercors-les-chemins-de-la-liberte-la-cabane-des-carteaux/;PNR VERCORS – Les chemins de la liberté – La cabane des Carteaux;2024-02-28;87;0;3;5.7;oui;réalisation;;;oui;non;non;oui;/realisations/pnr-vercors-les-chemins-de-la-liberte-la-cabane-des-carteaux/;;;;;
fr;réalisation;/nos-realisations/e-xpert-solutions-ecd/;E-XPERT Solutions – ECD;2024-01-21;70;0;3;37.3;non;;;;;;;;/realisations/e-xpert-solutions-video-voeux-2022/;;;;;
fr;réalisation;/nos-realisations/bluevista-creative-une-vraie-equipe-2-la-diversite/;Bluevista Creative | « Une Vraie Équipe #2 – La Diversité »;2024-01-21;117;0;3;10.3;oui;réalisation;;;oui;non;non;oui;/realisations/bluevista-creative-une-vraie-equipe-2-la-diversite/;;;;;
fr;réalisation;/nos-realisations/waygoo-motion-design/;WAYGOO Motion Design;2024-01-21;257;0;3;7.7;oui;réalisation;;;oui;non;non;oui;/realisations/waygoo-motion-design/;;;;;
fr;réalisation;/nos-realisations/santos-film-produit/;SANTOS film produit;2024-01-21;141;0;3;8.0;oui;réalisation;;;oui;non;non;oui;/realisations/santos-film-produit/;;;;;
fr;réalisation;/nos-realisations/amplitude-voeux-2018/;Amplitude – Voeux 2018;2024-01-21;212;0;3;13.0;non;;;;;;;;/realisations/amplitude-carte-de-voeux-video-2018/;;;;;
fr;réalisation;/nos-realisations/sgs-protection-lab/;SGS – Protection Lab;2024-01-21;147;0;3;11.7;non;;;;;;;;/realisations/sgs-protection-lab-reportage-video/;;;;;
en;actualité;/actualites/bluevista-creative-unicorn-team/;bluevista creative | “Unicorn Team;2024-01-21;153;0;3;3.0;oui;réalisation;;;oui;non;non;oui;/realisations/bluevista-creative-unicorn-team/;;;;;
en;actualité;/actualites/timelapse-of-studio-shooting/;Timelapse of studio shooting;2024-01-21;47;0;3;8.7;non;;;;;;;;⚠️ À RATTACHER À LA MAIN;;;;;
en;réalisation;/nos-realisations/spring-mapping/;Spring: Mapping;2024-01-28;167;0;3;54.7;non;;;;;;;;/realisations/toky-video-mapping-3d/;;;;;
en;réalisation;/nos-realisations/bluevista-creative-unicorn-team/;Bluevista Creative | “Unicorn Team;2024-01-28;88;0;3;6.3;oui;réalisation;;;oui;non;non;oui;/realisations/bluevista-creative-unicorn-team/;;;;;
en;réalisation;/nos-realisations/bluevista-creative-a-real-team-3-productivity/;Bluevista creative | ” A real team #3 – productivity “;2024-01-28;115;0;3;20.0;non;;;;;;;;/realisations/bluevista-creative-unicorn-team/;;;;;
en;réalisation;/nos-realisations/bluevista-showreel-2020/;Bluevista | Showreel 2020;2024-01-28;123;0;3;5.0;non;;;;;;;;/realisations/bluevista-showreel-video-2020/;;;;;
en;réalisation;/nos-realisations/bos/;BOS;2024-01-28;138;0;3;21.3;non;;;;;;;;⚠️ À RATTACHER À LA MAIN;;;;;
en;réalisation;/nos-realisations/motion-design-sodexo/;Motion Design Sodexo;2024-01-28;118;0;3;5.3;oui;réalisation;;;oui;non;non;oui;/realisations/motion-design-sodexo/;;;;;
en;réalisation;/nos-realisations/naos-contributor-interview-2/;Naos – Contributor interview;2024-01-28;167;0;3;15.7;non;;;;;;;;/realisations/naos-interview-collaborateur/;;;;;
ch;réalisation;/nos-realisations/cpro-film-corpo/;C’PRO – Film Corpo;2024-01-28;92;0;3;10.0;non;;;;;;;;/realisations/presentation-video-cpro-en-1-minute/;;;;;
ch;réalisation;/nos-realisations/wall-mapping-les-mesaventures-de-toky/;Videomapping – Les aventures de Toky;2024-03-18;110;0;3;12.0;non;;;;;;;;/realisations/toky-video-mapping-3d/;;;;;
fr;actualité;/actualites/bluevista-creative-video-une-vraie-equipe-2-la-diversite/;bluevista creative | vidéo « Une vraie équipe #2 – la diversité »;2024-01-21;179;0;2;3.0;non;;;;;;;;/realisations/bluevista-creative-une-vraie-equipe-2-la-diversite/;;;;;
fr;actualité;/actualites/bluevista-creative-video-une-vraie-equipe-1-la-flexibilite/;bluevista creative | vidéo « Une vraie équipe #1 – la flexibilité »;2024-01-21;192;0;2;13.5;non;;;;;;;;/realisations/bluevista-creative-une-vraie-equipe-1-la-flexibilite/;;;;;
fr;actualité;/actualites/equita-lyon-2019-daily-news/;Equita Lyon 2019 – daily news;2024-01-21;149;0;2;23.5;non;;;;;;;;/realisations/equita-lyon-dailynews-video-2022/;;;;;
fr;actualité;/actualites/show-reel-videos-drone/;Show reel vidéos drone;2024-01-21;179;0;2;4.5;non;;;;;;;;/realisations/tetro-carre-senart-show-drone/;;;;;
fr;réalisation;/nos-realisations/mlt-superscrew/;MLT – SuperScrew;2024-01-21;73;0;2;3.5;non;;;;;;;;⚠️ À RATTACHER À LA MAIN;;;;;
fr;réalisation;/nos-realisations/e-xpert-solutions-devsecops/;E-XPERT Solutions – DEVSECOPS;2024-01-21;69;0;2;30.0;non;;;;;;;;/realisations/e-xpert-solutions-devsecops-pub-decalee/;;;;;
fr;réalisation;/nos-realisations/koesio-voeux-2022/;KOESIO – Vœux 2022;2024-01-21;67;0;2;6.5;non;;;;;;;;/realisations/koesio-carte-de-v-ux-video-2022/;;;;;
fr;réalisation;/nos-realisations/abb-af-contactor/;ABB – AF Contactor;2024-01-21;228;0;2;11.5;non;;;;;;;;/realisations/abb-af-contactor-film-produit/;;;;;
fr;réalisation;/nos-realisations/convention-huawei/;Convention Huawei;2024-01-21;74;0;2;21.5;non;;;;;;;;/realisations/convention-huawei-video-event/;;;;;
fr;réalisation;/nos-realisations/video-magasin-american-vintage/;Vidéo magasin American Vintage;2024-01-21;120;0;2;8.0;oui;réalisation;;;oui;non;non;oui;/realisations/video-magasin-american-vintage/;;;;;
en;actualité;/actualites/printemps-lyon-brand-change/;Printemps Lyon: Brand change;2023-12-07;180;0;2;10.5;non;;;;;;;;⚠️ À RATTACHER À LA MAIN;;;;;
en;actualité;/actualites/studio-shooting-santos-film/;Studio shooting – Santos film;2024-01-21;275;0;2;14.5;non;;;;;;;;/realisations/santos-blender-66-presentation-video-studio/;;;;;
en;réalisation;/nos-realisations/alorem/;ALOREM;2024-01-28;108;0;2;14.0;non;;;;;;;;/realisations/alorem-video-produit/;;;;;
en;réalisation;/nos-realisations/sfs-intec/;SFS Intec;2024-01-28;155;0;2;11.5;non;;;;;;;;⚠️ À RATTACHER À LA MAIN;;;;;
fr;actualité;/actualites/bluevista-creative-la-pizza/;bluevista creative | « La Pizza »;2024-01-21;192;0;1;9.0;non;;;;;;;;/realisations/bluevista-creative-video-la-pizza/;;;;;
fr;actualité;/actualites/film-dentreprise-video-15-ans-dexperience/;Film d’entreprise – vidéo 15 ans d’expérience;2024-01-21;255;0;1;10.0;non;;;;;;;;/realisations/film-dentreprise-video-15-ans-dexperience/;;;;;
fr;actualité;/actualites/motion-design-pedagogique/;Motion Design pédagogique;2024-01-21;127;0;1;7.0;non;;;;;;;;/realisations/motion-design-sodexo/;;;;;
fr;réalisation;/nos-realisations/funseaker-presentation/;FUNSEAKER – Présentation;2025-01-22;65;0;1;26.0;oui;réalisation;;;oui;non;non;non;/realisations/funseaker-presentation/;;;;;
fr;réalisation;/nos-realisations/bluevista-showreel-2024/;bluevista | Showreel 2024;2024-04-23;108;0;1;3.0;oui;réalisation;;;oui;non;non;oui;/realisations/bluevista-showreel-2024/;;;;;
fr;réalisation;/nos-realisations/santos-i-grind-coffee-grinder-teaser/;SANTOS – I-GRIND Coffee Grinder – Teaser;2024-02-28;68;0;1;19.0;oui;réalisation;;;oui;non;non;oui;/realisations/santos-i-grind-coffee-grinder-teaser/;;;;;
fr;réalisation;/nos-realisations/servier-cancer-colorectal/;SERVIER – Cancer Colorectal;2024-01-21;80;0;1;5.0;non;;;;;;;;/realisations/servier-film-prevention-cancer-colorectal/;;;;;
fr;réalisation;/nos-realisations/e-xpert-solutions-aftermovie-ecd-2022/;E-XPERT Solutions – Aftermovie ECD 2022;2024-01-21;72;0;1;58.0;oui;réalisation;;;oui;non;non;oui;/realisations/e-xpert-solutions-aftermovie-ecd-2022/;;;;;
fr;réalisation;/nos-realisations/bluevista-showreel-2023/;Bluevista | Showreel 2023;2024-01-21;107;0;1;9.0;non;;;;;;;;/realisations/bluevista-showreel-video-2023/;;;;;
fr;réalisation;/nos-realisations/bluevista-showreel-2021/;Bluevista | Showreel 2021;2024-01-21;105;0;1;5.0;non;;;;;;;;/realisations/bluevista-showreel-video-2021/;;;;;
fr;réalisation;/nos-realisations/tetro-navya/;TETRO – NAVYA;2024-01-21;152;0;1;8.0;non;;;;;;;;/realisations/tetro-film-presentation-vehicule-navya/;;;;;
fr;réalisation;/nos-realisations/cisco-4/;Cisco motion design plateforme vidéo;2024-01-21;146;0;1;14.0;non;;;;;;;;/realisations/cisco-5g-motion-design-3d/;;;;;
fr;réalisation;/nos-realisations/cera-fr/;CERA.Fr;2024-01-21;40;0;1;15.0;non;;;;;;;;/realisations/site-internet-cera-motion-design/;;;;;
fr;réalisation;/nos-realisations/sgs-making-of/;SGS – Making of;2024-01-21;174;0;1;7.0;non;;;;;;;;/realisations/sgs-reportage-making-of/;;;;;
fr;réalisation;/nos-realisations/we-see-big/;We See Big;2024-01-21;105;0;1;6.0;non;;;;;;;;⚠️ À RATTACHER À LA MAIN;;;;;
fr;réalisation;/nos-realisations/abb-snk-3d-solaire/;ABB – SNK 3D « Solaire »;2024-01-21;153;0;1;11.0;non;;;;;;;;/realisations/abb-snk-animation-3d-produit-solaire/;;;;;
en;actualité;/actualites/filming-in-preparation-in-the-vercors-regional-nature-park/;Filming in preparation in the Vercors Regional Nature Park;2023-12-07;129;0;1;12.0;non;;;;;;;;/realisations/un-tournage-en-preparation-dans-le-parc-naturel-regional-du-vercors/;;;;;
en;actualité;/actualites/immersive-semi-transparent-projection-for-building-inauguration/;Immersive semi-transparent projection for building inauguration;2023-12-07;156;0;1;6.0;non;;;;;;;;/realisations/projection-semi-transparente-immersive-pour-linauguration-dun-batiment/;;;;;
en;réalisation;/nos-realisations/e-xpert-solutions-devsecops/;E-XPERT Solutions – DEVSECOPS;2024-01-28;71;0;1;9.0;non;;;;;;;;/realisations/e-xpert-solutions-devsecops-pub-decalee/;;;;;
en;réalisation;/nos-realisations/bluevista-creative-la-pizza/;Bluevista Creative | “La Pizza;2024-01-28;79;0;1;6.0;non;;;;;;;;/realisations/bluevista-creative-video-la-pizza/;;;;;
ch;page;/video-publicitaire/;Vidéo Publicitaire;2026-08-01;708;0;1;1.0;non;;;;;;;;/;;;;;
ch;actualité;/actualites/clip-corporate-bos-equipement/;Clip Corporate BOS Equipement;2024-01-21;47;0;1;1.0;non;;;;;;;;/realisations/bos-equipement-video-corporate/;;;;;
ch;réalisation;/nos-realisations/e-xpert-solutions-aftermovie-ecd-2023/;E-XPERT Solutions – Aftermovie ECD 2023;2024-01-28;68;0;1;10.0;oui;réalisation;;;oui;non;non;oui;/realisations/e-xpert-solutions-aftermovie-ecd-2023/;;;;;
ch;réalisation;/nos-realisations/abb-snk-3d-marine/;ABB – SNK 3D « Marine »;2024-03-27;177;0;1;6.0;non;;;;;;;;/realisations/abb-snk-animation-3d-fiction-marine/;;;;;
fr;page;/merci-demande-stage/;Demande Stage;2023-09-13;0;0;0;;non;;;;;;;;/;;;;;
fr;page;/merci-demande-recrutement/;Demande Recrutement;2023-09-13;0;0;0;;non;;;;;;;;/;;;;;
fr;page;/merci-demande/;Merci pour votre demande;2023-10-04;4;0;0;;non;;;;;;;;/;;;;;
fr;page;/realisation-film-automotive/;Réalisation de film – Automotive;2024-01-21;218;0;0;;non;;;;;;;;/;;;;;
fr;page;/realisation-film-construction-immobiliere/;Réalisation de film – Construction Immobilière;2024-01-21;198;0;0;;non;;;;;;;;/;;;;;
fr;page;/realisation-film-immobilier-real-estate/;Réalisation de film – Immobilier;2024-01-21;213;0;0;;non;;;;;;;;/;;;;;
fr;actualité;/actualites/guitare-en-scene-2022/;Guitare en Scène 2022;2024-01-21;178;0;0;;non;;;;;;;;/realisations/guitare-en-scene-edition-2022-reportage-video-event/;;;;;
fr;actualité;/actualites/social-wall-pour-espace-vip/;Social wall pour espace VIP;2024-01-21;150;0;0;;non;;;;;;;;/realisations/social-wall-pour-espace-vip/;;;;;
fr;actualité;/actualites/after-movie-fubiz-talks-2018/;After Movie Fubiz Talks 2018;2024-01-21;142;0;0;;non;;;;;;;;/realisations/tetro-avenue-83-after-movie-event/;;;;;
fr;actualité;/actualites/timelapse-de-tournage-en-studio/;Timelapse de tournage en studio;2024-01-21;47;0;0;;non;;;;;;;;/realisations/spc-video-publicitaire-tournage-studio/;;;;;
fr;actualité;/actualites/video-et-site-web-funseaker-yacht/;Vidéo et site web – Funseaker Yacht;2024-01-21;224;0;0;;non;;;;;;;;/realisations/video-et-site-web-funseaker-yacht/;;;;;
fr;actualité;/actualites/premier-vol-drone/;Notre premier vol de drone, c’était en 2012 !;2024-01-21;161;0;0;;non;;;;;;;;/realisations/premier-vol-drone/;;;;;
fr;réalisation;/nos-realisations/ssp-presentation-globale/;SSP – Présentation Globale;2025-01-22;108;0;0;;oui;réalisation;;;oui;non;non;non;/realisations/ssp-presentation-globale/;;;;;
fr;réalisation;/nos-realisations/uniha-voeux-2025/;UNIHA – Voeux 2025;2025-01-22;59;0;0;;non;;;;;;;;/realisations/uniha-carte-de-v-ux-video-2025/;;;;;
fr;réalisation;/nos-realisations/gl-events-equita-lyon-dailynews-2024/;GL Events – Equita Lyon – Dailynews 2024;2025-01-22;111;0;0;;oui;réalisation;;;oui;non;non;oui;/realisations/gl-events-equita-lyon-dailynews-2024/;;;;;
fr;réalisation;/nos-realisations/sfs-ligne-de-vie/;SFS – Ligne de vie;2024-01-18;68;0;0;;oui;réalisation;;;oui;non;non;oui;/realisations/sfs-ligne-de-vie/;;;;;
fr;réalisation;/nos-realisations/gl-events-equita-lyon-dailynews-2023/;GL Events – Equita Lyon – Dailynews 2023;2024-02-28;111;0;0;;oui;réalisation;;;oui;non;non;oui;/realisations/gl-events-equita-lyon-dailynews-2023/;;;;;
fr;réalisation;/nos-realisations/amplitude-voeux-2023/;Amplitude – Vœux 2023;2024-01-18;55;0;0;;non;;;;;;;;/realisations/amplitude-v-ux-2023/;;;;;
fr;réalisation;/nos-realisations/e-xpert-solutions-aftermovie-ecd-2023/;E-XPERT Solutions – Aftermovie ECD 2023;2024-01-21;72;0;0;;oui;réalisation;;;oui;non;non;oui;/realisations/e-xpert-solutions-aftermovie-ecd-2023/;;;;;
fr;réalisation;/nos-realisations/equita-lyon-dailynews/;GL Events – Equita Lyon – Dailynews 2022;2024-01-21;112;0;0;;non;;;;;;;;/realisations/equita-lyon-dailynews-video-2022/;;;;;
fr;réalisation;/nos-realisations/e-xpert-solutions-zero-trust/;E-XPERT Solutions – Zero Trust;2024-01-21;72;0;0;;non;;;;;;;;/realisations/e-xpert-solutions-zero-trust-video-publicitaire-fiction/;;;;;
fr;réalisation;/nos-realisations/guitare-en-scene-edition-2022/;Guitare en Scène : Édition 2022;2024-01-21;97;0;0;;non;;;;;;;;/realisations/guitare-en-scene-edition-2022-reportage-video-event/;;;;;
fr;réalisation;/nos-realisations/e-xpert-solutions-voeux-2022/;E-XPERT Solutions : Vœux 2022;2024-01-21;50;0;0;;non;;;;;;;;/realisations/e-xpert-solutions-video-voeux-2022/;;;;;
fr;réalisation;/nos-realisations/santos-blender66/;Santos: Blender66;2024-01-21;168;0;0;;non;;;;;;;;/realisations/santos-film-produit/;;;;;
fr;réalisation;/nos-realisations/showreel-2019/;Bluevista | Showreel 2019;2024-01-21;51;0;0;;non;;;;;;;;/realisations/bluevista-video-showreel-2019/;;;;;
fr;réalisation;/nos-realisations/tetro-fubiztalks-2017/;TETRO – FubizTalks 2017;2024-01-21;137;0;0;;non;;;;;;;;/realisations/tetro-aftermovie-fubiztalks-2017/;;;;;
fr;réalisation;/nos-realisations/mapping-bocuse-dor-2013/;Mapping Bocuse d’Or 2013;2024-01-21;100;0;0;;non;;;;;;;;/realisations/video-mapping-bocuse-d-or-2013/;;;;;
fr;réalisation;/nos-realisations/cpro-voeux-2017/;C’PRO – Voeux 2017;2024-01-21;121;0;0;;non;;;;;;;;/realisations/c-pro-voeux-en-video-2017/;;;;;
en;page;/internship-request/;Internship request;2023-12-07;0;0;0;;non;;;;;;;;/;;;;;
en;page;/recruitment-request/;Recruitment request;2023-12-07;0;0;0;;non;;;;;;;;/;;;;;
en;page;/thank-you-for-your-request/;Thank you for your request;2023-12-07;5;0;0;;non;;;;;;;;/;;;;;
en;page;/film-production-automotive/;Film production – Automotive;2024-01-21;202;0;0;;non;;;;;;;;/;;;;;
en;page;/film-production-real-estate-construction/;Film production – Real Estate Construction;2024-01-21;172;0;0;;non;;;;;;;;/;;;;;
en;page;/film-production-events/;Film production – Events;2024-01-21;218;0;0;;non;;;;;;;;/;;;;;
en;page;/film-production-real-estate/;Film production – Real estate;2024-01-21;187;0;0;;non;;;;;;;;/;;;;;
en;page;/promotional-video/;Promotional Video;2023-12-07;305;0;0;;non;;;;;;;;/;;;;;
en;page;/corporate-film-lyon-15-years-of-experience/;Corporate film Lyon – 15 years of experience;2024-01-21;289;0;0;;non;;;;;;;;/;;;;;
en;page;/corporate-films-in-lyon-since-2004/;Corporate films in Lyon since 2004;2024-01-29;319;0;0;;non;;;;;;;;/;;;;;
en;actualité;/actualites/sponsorship-club-lyon-la-duchere/;Sponsorship: Club Lyon La Duchère;2023-12-25;305;0;0;;non;;;;;;;;/realisations/lyon-la-duchere-arbre-de-noel/;;;;;
en;actualité;/actualites/equita-lyon-dailynews/;Equita Lyon : Dailynews;2023-12-18;271;0;0;;non;;;;;;;;/realisations/equita-lyon-dailynews-video-2022/;;;;;
en;actualité;/actualites/vercors-the-paths-of-freedom/;VERCORS: THE PATHS OF FREEDOM;2023-12-11;287;0;0;;non;;;;;;;;/realisations/;;;;;
en;actualité;/actualites/bluevista-video-showreel-2023/;Bluevista video Showreel 2023;2024-01-21;210;0;0;;non;;;;;;;;/realisations/bluevista-showreel-video-2023/;;;;;
en;actualité;/actualites/guitare-en-scene-2022/;Guitare en Scène 2022;2023-12-07;159;0;0;;non;;;;;;;;/realisations/guitare-en-scene-edition-2022-reportage-video-event/;;;;;
en;actualité;/actualites/bluevista-creative-la-pizza/;bluevista creative | “La Pizza;2023-12-07;170;0;0;;non;;;;;;;;/realisations/bluevista-creative-video-la-pizza/;;;;;
en;actualité;/actualites/corporate-film-video-15-years-of-experience/;Corporate film – video 15 years of experience;2024-01-21;237;0;0;;non;;;;;;;;/realisations/;;;;;
en;actualité;/actualites/bluevista-video-showreel-2020/;Bluevista video Showreel 2020;2024-01-21;196;0;0;;non;;;;;;;;/realisations/bluevista-showreel-video-2020/;;;;;
en;actualité;/actualites/equita-lyon-2019-daily-news/;Equita Lyon 2019 – daily news;2023-12-07;143;0;0;;non;;;;;;;;/realisations/equita-lyon-dailynews-video-2022/;;;;;
en;actualité;/actualites/educational-motion-design/;Educational motion design;2023-12-07;120;0;0;;non;;;;;;;;/realisations/motion-design-sodexo/;;;;;
en;actualité;/actualites/our-latest-interviews/;Our latest interviews;2023-12-07;247;0;0;;non;;;;;;;;/realisations/nos-dernieres-interviews/;;;;;
en;actualité;/actualites/discover-our-new-3d-demo-reel/;Discover our new 3D demo reel;2023-12-07;178;0;0;;non;;;;;;;;/realisations/;;;;;
en;actualité;/actualites/product-presentation-film/;Product presentation film;2023-12-07;131;0;0;;non;;;;;;;;/realisations/;;;;;
en;actualité;/actualites/show-reel-motion-design/;Show reel Motion Design;2023-12-07;145;0;0;;non;;;;;;;;/realisations/motion-design-sodexo/;;;;;
en;actualité;/actualites/video-greeting-card/;Video greeting card;2023-12-07;175;0;0;;non;;;;;;;;/realisations/;;;;;
en;actualité;/actualites/show-reel-videos-drone/;Show reel videos drone;2023-12-07;158;0;0;;non;;;;;;;;/realisations/tetro-carre-senart-show-drone/;;;;;
en;actualité;/actualites/corporate-film-production/;Corporate film production;2023-12-07;181;0;0;;non;;;;;;;;/realisations/sfs-film-corporate/;;;;;
en;actualité;/actualites/social-wall-for-vip-area/;Social wall for VIP area;2024-01-21;142;0;0;;non;;;;;;;;/realisations/social-wall-pour-espace-vip/;;;;;
en;actualité;/actualites/after-movie-fubiz-talks-2018/;After Movie Fubiz Talks 2018;2023-12-07;133;0;0;;non;;;;;;;;/realisations/tetro-avenue-83-after-movie-event/;;;;;
en;actualité;/actualites/series-of-6-promotional-videos-for-abb-snk-products/;Series of 6 promotional videos for ABB SNK products;2024-01-21;75;0;0;;non;;;;;;;;/realisations/;;;;;
en;actualité;/actualites/production-of-3-in-studio-clips-for-riso/;Production of 3 in-studio clips for RISO;2023-12-07;88;0;0;;non;;;;;;;;/realisations/;;;;;
en;actualité;/actualites/old-fashioned-motion-design-making-of/;Old-fashioned motion design – Making of;2023-12-07;48;0;0;;non;;;;;;;;/realisations/motion-design-sodexo/;;;;;
en;actualité;/actualites/oculus-virtual-reality-at-bluevista/;Oculus virtual reality at Bluevista;2023-12-07;182;0;0;;non;;;;;;;;/realisations/;;;;;
en;actualité;/actualites/video-and-website-funseaker-yacht/;Video and website – Funseaker Yacht;2023-12-07;191;0;0;;non;;;;;;;;/realisations/video-et-site-web-funseaker-yacht/;;;;;
en;actualité;/actualites/our-first-drone-flight-was-in-2012/;Our first drone flight was in 2012!;2024-01-21;147;0;0;;non;;;;;;;;/realisations/;;;;;
en;réalisation;/nos-realisations/icsi-briefing-debriefing-minute-darret-2/;ICSI – BRIEFING / DEBRIEFING / MINUTE D’ARRÊT;2024-02-20;85;0;0;;non;;;;;;;;/realisations/icsi-briefing-debriefing-minute-d-arret/;;;;;
en;réalisation;/nos-realisations/icsi-briefing-debriefing-minute-darret-3/;ICSI – BRIEFING / DEBRIEFING / MINUTE D’ARRÊT;2024-02-28;85;0;0;;non;;;;;;;;/realisations/icsi-briefing-debriefing-minute-d-arret/;;;;;
en;réalisation;/nos-realisations/sfs-lifeline/;SFS – Lifeline;2024-02-13;59;0;0;;non;;;;;;;;/realisations/;;;;;
en;réalisation;/nos-realisations/pnr-vercors-les-chemins-de-la-liberte-the-carteaux-hut/;PNR VERCORS – Les chemins de la liberté – The Carteaux hut;2024-02-28;81;0;0;;non;;;;;;;;/realisations/pnr-vercors-les-chemins-de-la-liberte-la-cabane-des-carteaux/;;;;;
en;réalisation;/nos-realisations/santos-i-grind-coffee-grinder-teaser/;SANTOS – I-GRIND Coffee Grinder – Teaser;2024-02-28;68;0;0;;oui;réalisation;;;oui;non;non;oui;/realisations/santos-i-grind-coffee-grinder-teaser/;;;;;
en;réalisation;/nos-realisations/gl-events-equita-lyon-dailynews-2023/;GL Events – Equita Lyon – Dailynews 2023;2024-02-28;109;0;0;;oui;réalisation;;;oui;non;non;oui;/realisations/gl-events-equita-lyon-dailynews-2023/;;;;;
en;réalisation;/nos-realisations/;ARAVI – Season 2022;2024-01-28;64;0;0;;non;;;;;;;;/realisations/;;;;;
en;réalisation;/nos-realisations/;ENSTO – Virtual showroom;2024-01-28;97;0;0;;non;;;;;;;;/realisations/;;;;;
en;réalisation;/nos-realisations/;CWT – 100 years of Valrhona;2024-01-28;53;0;0;;non;;;;;;;;/realisations/;;;;;
en;réalisation;/nos-realisations/amplitude-2023-wishes/;Amplitude – 2023 wishes;2024-01-28;54;0;0;;non;;;;;;;;/realisations/amplitude-v-ux-2023/;;;;;
en;réalisation;/nos-realisations/lyon-la-duchere-christmas-tree/;Lyon – La Duchère – Christmas tree;2024-01-28;97;0;0;;non;;;;;;;;/realisations/lyon-la-duchere-arbre-de-noel/;;;;;
en;réalisation;/nos-realisations/artcurial-mapping/;Artcurial : Mapping;2024-01-28;103;0;0;;non;;;;;;;;/realisations/artcurial-video-mapping/;;;;;
en;réalisation;/nos-realisations/e-xpert-solutions-aftermovie-ecd-2023/;E-XPERT Solutions – Aftermovie ECD 2023;2024-01-28;72;0;0;;oui;réalisation;;;oui;non;non;oui;/realisations/e-xpert-solutions-aftermovie-ecd-2023/;;;;;
en;réalisation;/nos-realisations/amplitude-greetings-2024/;Amplitude – Greetings 2024;2024-01-28;52;0;0;;non;;;;;;;;/realisations/amplitude-carte-de-v-ux-video-2024/;;;;;
en;réalisation;/nos-realisations/guitare-en-scene-edition-2023/;Guitare en Scène : Edition 2023;2024-01-28;95;0;0;;non;;;;;;;;/realisations/guitare-en-scene-edition-2023-video-evenement/;;;;;
en;réalisation;/nos-realisations/koesio-greetings-2023/;KOESIO – Greetings 2023;2024-01-28;97;0;0;;non;;;;;;;;/realisations/koesio-carte-de-v-ux-video-2023/;;;;;
en;réalisation;/nos-realisations/servier-colorectal-cancer/;SERVIER – Colorectal cancer;2024-01-28;73;0;0;;non;;;;;;;;/realisations/servier-film-prevention-cancer-colorectal/;;;;;
en;réalisation;/nos-realisations/gl-events-equita-lyon-dailynews-2022/;GL Events – Equita Lyon – Dailynews 2022;2024-01-28;111;0;0;;non;;;;;;;;/realisations/equita-lyon-dailynews-video-2022/;;;;;
en;réalisation;/nos-realisations/mlt-superscrew/;MLT – SuperScrew;2024-01-28;70;0;0;;non;;;;;;;;⚠️ À RATTACHER À LA MAIN;;;;;
en;réalisation;/nos-realisations/e-xpert-solutions-aftermovie-ecd-2022/;E-XPERT Solutions – Aftermovie ECD 2022;2024-01-28;72;0;0;;oui;réalisation;;;oui;non;non;oui;/realisations/e-xpert-solutions-aftermovie-ecd-2022/;;;;;
en;réalisation;/nos-realisations/e-xpert-solutions-atdefense/;E-XPERT Solutions – AtDefense;2024-01-28;73;0;0;;non;;;;;;;;/realisations/e-xpert-solutions-atdefense-video-pub-fiction-humour/;;;;;
en;réalisation;/nos-realisations/guitare-en-scene-2022-edition/;Guitare en Scène : 2022 Edition;2024-01-28;96;0;0;;non;;;;;;;;/realisations/guitare-en-scene-edition-2022-reportage-video-event/;;;;;
en;réalisation;/nos-realisations/koesio-greetings-2022/;KOESIO – Greetings 2022;2024-01-28;63;0;0;;non;;;;;;;;/realisations/koesio-carte-de-v-ux-video-2022/;;;;;
en;réalisation;/nos-realisations/aravi-season-2022-2023/;ARAVI – Season 2022/2023;2024-01-28;82;0;0;;non;;;;;;;;/realisations/aravi-saison-2022-2023-reportages-video/;;;;;
en;réalisation;/nos-realisations/bluevista-showreel-2023/;Bluevista | Showreel 2023;2024-01-28;107;0;0;;non;;;;;;;;/realisations/bluevista-showreel-video-2023/;;;;;
en;réalisation;/nos-realisations/e-xpert-solutions-voeux-2022/;E-XPERT Solutions : Vœux 2022;2024-01-28;53;0;0;;non;;;;;;;;/realisations/e-xpert-solutions-video-voeux-2022/;;;;;
en;réalisation;/nos-realisations/spring-new-identity/;Spring: New identity;2024-01-28;161;0;0;;non;;;;;;;;/realisations/;;;;;
en;réalisation;/nos-realisations/santos-blender66/;Santos: Blender66;2024-01-28;160;0;0;;non;;;;;;;;/realisations/santos-film-produit/;;;;;
en;réalisation;/nos-realisations/neurones-it-video-greetings-2021/;Neurones IT – Video Greetings 2021;2024-01-28;110;0;0;;non;;;;;;;;/realisations/neurones-it-video-3d-voeux-2021/;;;;;
en;réalisation;/nos-realisations/bluevista-showreel-2021/;Bluevista | Showreel 2021;2024-01-28;106;0;0;;non;;;;;;;;/realisations/bluevista-showreel-video-2021/;;;;;
en;réalisation;/nos-realisations/bluevista-showreel-2022/;Bluevista | Showreel 2022;2024-01-28;118;0;0;;oui;réalisation;;;oui;non;non;oui;/realisations/bluevista-showreel-2022/;;;;;
en;réalisation;/nos-realisations/bluevista-creative-a-virtual-world-1-motorcycles/;Bluevista creative | ” A virtual world #1: motorcycles “;2024-01-28;112;0;0;;non;;;;;;;;/realisations/;;;;;
en;réalisation;/nos-realisations/bluevista-creative-a-real-team-2-diversity/;Bluevista Creative | “A Real Team #2 – Diversity;2024-01-28;106;0;0;;non;;;;;;;;/realisations/bluevista-creative-unicorn-team/;;;;;
en;réalisation;/nos-realisations/lpa-50-years/;LPA: 50 years;2024-01-28;177;0;0;;non;;;;;;;;/realisations/;;;;;
en;réalisation;/nos-realisations/motion-design-veama/;Motion Design VEAMA;2024-01-28;198;0;0;;non;;;;;;;;/realisations/motion-design-sodexo/;;;;;
en;réalisation;/nos-realisations/bluevista-showreel-2019/;Bluevista | Showreel 2019;2024-01-28;54;0;0;;non;;;;;;;;/realisations/bluevista-video-showreel-2019/;;;;;
en;réalisation;/nos-realisations/waygoo-motion-design/;WAYGOO Motion Design;2024-01-28;245;0;0;;oui;réalisation;;;oui;non;non;oui;/realisations/waygoo-motion-design/;;;;;
en;réalisation;/nos-realisations/santos-film-produced/;SANTOS film produced;2024-01-28;132;0;0;;non;;;;;;;;/realisations/santos-film-produit/;;;;;
en;réalisation;/nos-realisations/cpro-1-minute-video-presentation/;CPRO 1 Minute Video Presentation;2024-01-28;133;0;0;;non;;;;;;;;/realisations/presentation-video-cpro-en-1-minute/;;;;;
en;réalisation;/nos-realisations/gf-ds-family/;GF – DS Family;2024-01-28;138;0;0;;non;;;;;;;;/realisations/gf-ds-family-video-corporate-3d-motion-design/;;;;;
en;réalisation;/nos-realisations/40-years-siparex/;40 years Siparex;2024-01-28;156;0;0;;non;;;;;;;;/realisations/40-ans-siparex-videomapping/;;;;;
en;réalisation;/nos-realisations/tetro-fubiztalks-2017/;TETRO – FubizTalks 2017;2024-01-28;135;0;0;;non;;;;;;;;/realisations/tetro-aftermovie-fubiztalks-2017/;;;;;
en;réalisation;/nos-realisations/tetro-deepweb/;TETRO – DeepWeb;2024-01-28;241;0;0;;non;;;;;;;;/realisations/tetro-deepweb-clip-video-evenement/;;;;;
en;réalisation;/nos-realisations/mapping-bocuse-dor-2013/;Mapping Bocuse d’Or 2013;2024-01-28;101;0;0;;non;;;;;;;;/realisations/video-mapping-bocuse-d-or-2013/;;;;;
en;réalisation;/nos-realisations/30-years-bocuse-dor-tamas-szell/;30 years Bocuse d’or – Tamas Szell;2024-01-28;148;0;0;;non;;;;;;;;/realisations/30-ans-bocuse-d-or-interview-video-tamas-szell/;;;;;
en;réalisation;/nos-realisations/cemoi-at-360/;Cémoi at 360;2024-01-28;129;0;0;;non;;;;;;;;/realisations/cemoi-video-3d-360-vr/;;;;;
en;réalisation;/nos-realisations/hitachi-triple-c/;Hitachi – Triple C;2024-01-28;105;0;0;;non;;;;;;;;/realisations/hitachi-triple-c-film-promo/;;;;;
en;réalisation;/nos-realisations/cisco-motion-design-5g/;Cisco motion design 5G;2024-01-28;141;0;0;;non;;;;;;;;/realisations/cisco-5g-motion-design-3d/;;;;;
en;réalisation;/nos-realisations/gf-cs/;GF-CS;2024-01-28;79;0;0;;non;;;;;;;;/realisations/;;;;;
en;réalisation;/nos-realisations/araymond-share/;Araymond – ShARe;2024-01-28;51;0;0;;non;;;;;;;;/realisations/araymond-share-motion-design-site-internet/;;;;;
en;réalisation;/nos-realisations/cera-fr/;CERA.Fr;2024-01-28;38;0;0;;non;;;;;;;;/realisations/site-internet-cera-motion-design/;;;;;
en;réalisation;/nos-realisations/sgs-making-of/;SGS – Making of;2024-01-28;154;0;0;;non;;;;;;;;/realisations/sgs-reportage-making-of/;;;;;
en;réalisation;/nos-realisations/abb-af-contactor/;ABB – AF Contactor;2024-01-28;199;0;0;;non;;;;;;;;/realisations/abb-af-contactor-film-produit/;;;;;
en;réalisation;/nos-realisations/sgs-protection-lab/;SGS – Protection Lab;2024-01-28;138;0;0;;non;;;;;;;;/realisations/sgs-protection-lab-reportage-video/;;;;;
en;réalisation;/nos-realisations/nightswapping/;NightSwapping;2024-01-28;216;0;0;;non;;;;;;;;/realisations/nightswapping-video-promotionnelle/;;;;;
en;réalisation;/nos-realisations/tetro-ox/;TETRO – OX;2024-01-28;179;0;0;;non;;;;;;;;/realisations/tetro-carre-senart-show-drone/;;;;;
en;réalisation;/nos-realisations/assisqual/;Assisqual;2024-01-28;112;0;0;;non;;;;;;;;/realisations/assisqual-motion-design/;;;;;
en;réalisation;/nos-realisations/tetro-avenue-83/;TETRO – Avenue 83;2024-01-28;128;0;0;;non;;;;;;;;/realisations/tetro-avenue-83-after-movie-event/;;;;;
en;réalisation;/nos-realisations/serl-video-360-vr/;SERL Video 360 VR;2024-01-28;143;0;0;;non;;;;;;;;/realisations/serl-parc-puy-d-or-video-360-vr/;;;;;
en;réalisation;/nos-realisations/abb-snk-3d-industry/;ABB – SNK 3D “Industry;2024-01-28;137;0;0;;non;;;;;;;;/realisations/;;;;;
en;réalisation;/nos-realisations/cpro-greetings-2017/;C’PRO – Greetings 2017;2024-01-28;113;0;0;;non;;;;;;;;/realisations/;;;;;
en;réalisation;/nos-realisations/huawei-convention/;Huawei Convention;2024-01-28;75;0;0;;non;;;;;;;;/realisations/convention-huawei-video-event/;;;;;
en;réalisation;/nos-realisations/abb-snk-3d-marine/;ABB – SNK 3D “Marine;2024-01-28;143;0;0;;non;;;;;;;;/realisations/abb-snk-animation-3d-fiction-marine/;;;;;
en;réalisation;/nos-realisations/american-vintage-video-store/;American Vintage video store;2024-01-28;116;0;0;;non;;;;;;;;/realisations/video-magasin-american-vintage/;;;;;
ch;page;/merci-demande-stage/;Demande Stage;2023-09-13;0;0;0;;non;;;;;;;;/;;;;;
ch;page;/merci-demande-recrutement/;Demande Recrutement;2023-09-13;0;0;0;;non;;;;;;;;/;;;;;
ch;page;/merci-demande/;Merci pour votre demande;2023-09-13;4;0;0;;non;;;;;;;;/;;;;;
ch;page;/realisation-film-automotive/;Réalisation de film – Automotive;2024-01-21;215;0;0;;non;;;;;;;;/;;;;;
ch;page;/realisation-de-film-banques-assurances/;Réalisation de film – Banques et Assurances;2024-01-21;508;0;0;;non;;;;;;;;/;;;;;
ch;page;/realisation-film-construction-immobiliere/;Réalisation de film – Construction Immobilière;2024-01-21;195;0;0;;non;;;;;;;;/;;;;;
ch;page;/realisation-film-evenementiel/;Réalisation de film – Événementiel;2024-01-21;232;0;0;;non;;;;;;;;/;;;;;
ch;page;/realisation-film-immobilier-real-estate/;Réalisation de film – Immobilier;2024-01-21;210;0;0;;non;;;;;;;;/;;;;;
ch;page;/realisation-film-industrie/;Réalisation de film – Industrie;2024-01-21;474;0;0;;non;;;;;;;;/;;;;;
ch;page;/realisation-film-lancement-produit/;Réalisation de film – Lancement Produit;2024-01-21;220;0;0;;non;;;;;;;;/;;;;;
ch;page;/realisation-film-sante/;Réalisation de film – Santé;2024-01-21;254;0;0;;non;;;;;;;;/;;;;;
ch;page;/realisation-film-territoires/;Réalisation de film – Territoires;2024-01-21;195;0;0;;non;;;;;;;;/;;;;;
ch;page;/realisation-de-film-evenements/;Réalisation vidéo évènement Genève;2024-01-21;232;0;0;;non;;;;;;;;/;;;;;
ch;page;/video-promotionnelle/;Vidéo Promotionelle;2024-02-01;736;0;0;;non;;;;;;;;/;;;;;
ch;actualité;/actualites/showroom-virtuel-gf-machining-solutions/;Showroom Virtuel GF Machining Solutions;2024-01-21;287;0;0;;non;;;;;;;;/realisations/ensto-showroom-virtuel/;;;;;
ch;actualité;/actualites/bluevista-video-showreel-2023/;Bluevista vidéo Showreel 2023;2024-04-10;222;0;0;;non;;;;;;;;/realisations/bluevista-showreel-video-2023/;;;;;
ch;actualité;/actualites/koesio-carte-de-voeux-2023/;Koesio – Carte de voeux 2023;2024-01-21;372;0;0;;non;;;;;;;;/realisations/koesio-carte-de-v-ux-video-2023/;;;;;
ch;actualité;/actualites/bluevista-video-showreel-2021/;Bluevista vidéo Showreel 2021;2024-01-21;196;0;0;;non;;;;;;;;/realisations/bluevista-showreel-video-2021/;;;;;
ch;actualité;/actualites/film-dentreprise-video-15-ans-dexperience/;Film d’entreprise – vidéo 15 ans d’expérience;2024-01-21;255;0;0;;non;;;;;;;;/realisations/film-dentreprise-video-15-ans-dexperience/;;;;;
ch;actualité;/actualites/tournage-en-studio-film-produit-santos/;Tournage en studio – Film produit Santos;2024-01-21;292;0;0;;non;;;;;;;;/realisations/santos-film-produit/;;;;;
ch;actualité;/actualites/bluevista-video-showreel-2020/;Bluevista vidéo Showreel 2020;2024-01-21;208;0;0;;non;;;;;;;;/realisations/bluevista-showreel-video-2020/;;;;;
ch;actualité;/actualites/motion-design-pedagogique/;Motion Design pédagogique;2024-01-21;127;0;0;;non;;;;;;;;/realisations/motion-design-sodexo/;;;;;
ch;actualité;/actualites/motion-design-3d-et-mapping-a-paris-au-musee-rodin/;Motion design 3D et mapping à Paris au Musée Rodin;2024-01-21;176;0;0;;non;;;;;;;;/realisations/motion-design-sodexo/;;;;;
ch;actualité;/actualites/streaming-live-et-webtv-demo-2018/;Streaming Live et WebTV démo 2018;2024-01-21;190;0;0;;non;;;;;;;;/realisations/streaming-live-et-webtv-demo-2018/;;;;;
ch;actualité;/actualites/nos-dernieres-interviews/;Nos dernières interviews;2024-01-21;252;0;0;;non;;;;;;;;/realisations/nos-dernieres-interviews/;;;;;
ch;actualité;/actualites/decouvrez-notre-nouvelle-bande-demo-3d/;Découvrez notre nouvelle bande démo 3D;2024-01-21;206;0;0;;non;;;;;;;;/realisations/decouvrez-notre-nouvelle-bande-demo-3d/;;;;;
ch;actualité;/actualites/film-de-presentation-produit/;Film de présentation produit;2024-01-21;144;0;0;;non;;;;;;;;/realisations/santos-film-produit/;;;;;
ch;actualité;/actualites/show-reel-motion-design/;Show reel Motion Design;2024-01-21;155;0;0;;non;;;;;;;;/realisations/motion-design-sodexo/;;;;;
ch;actualité;/actualites/carte-de-voeux-video/;Carte de voeux vidéo;2024-01-21;190;0;0;;non;;;;;;;;/realisations/veama-carte-de-voeux-2019/;;;;;
ch;actualité;/actualites/show-reel-videos-drone/;Show reel vidéos drone;2024-01-21;179;0;0;;non;;;;;;;;/realisations/tetro-carre-senart-show-drone/;;;;;
ch;actualité;/actualites/realisation-de-film-dentreprise-ou-corporate/;Réalisation de film d’entreprise ou corporate;2024-01-21;198;0;0;;non;;;;;;;;⚠️ À RATTACHER À LA MAIN;;;;;
ch;actualité;/actualites/social-wall-pour-espace-vip/;Social wall pour espace VIP;2024-01-21;150;0;0;;non;;;;;;;;/realisations/social-wall-pour-espace-vip/;;;;;
ch;actualité;/actualites/animation-3d-produit-hitachi-csnet-manager/;Animation 3D produit HITACHI CSNet manager;2024-01-21;153;0;0;;non;;;;;;;;/realisations/hitachi-yutaki-video-produit-3d/;;;;;
ch;actualité;/actualites/realisation-immersion-360-degres-dameuse-pisten-bully/;Réalisation immersion 360 degrés dameuse Pisten Bully;2024-01-21;157;0;0;;non;;;;;;;;/realisations/pisten-bully-dameuse-video-360-vr/;;;;;
ch;actualité;/actualites/serie-de-6-videos-promotionnelles-pour-les-produits-abb-snk/;Série de 6 vidéos promotionnelles pour les produits ABB SNK;2024-01-21;82;0;0;;non;;;;;;;;/realisations/serie-de-6-videos-promotionnelles-pour-les-produits-abb-snk/;;;;;
ch;actualité;/actualites/animation-3d-grande-arche-de-la-defense/;Animation 3D Technique explicative pour les travaux de rénovation de la Grande Arche de la Défense;2024-01-21;112;0;0;;non;;;;;;;;/realisations/animation-3d-grande-arche-de-la-defense/;;;;;
ch;actualité;/actualites/realisation-de-3-clips-produit-en-studio-pour-la-societe-riso/;Réalisation de 3 clips produit en studio pour la société RISO;2024-01-21;107;0;0;;non;;;;;;;;/realisations/riso-comcolor-video-produit/;;;;;
ch;actualité;/actualites/nouveau-materiel-motion-control-kessler/;Nouveau matériel – Motion control Kessler;2024-01-21;133;0;0;;non;;;;;;;;/realisations/nouveau-materiel-motion-control-kessler/;;;;;
ch;actualité;/actualites/timelapse-de-tournage-en-studio/;Timelapse de tournage en studio;2024-01-21;47;0;0;;non;;;;;;;;/realisations/spc-video-publicitaire-tournage-studio/;;;;;
ch;actualité;/actualites/projection-semi-transparente-immersive-pour-linauguration-dun-batiment/;Projection semi-transparente immersive pour l’inauguration d’un bâtiment;2024-01-21;162;0;0;;non;;;;;;;;/realisations/projection-semi-transparente-immersive-pour-linauguration-dun-batiment/;;;;;
ch;actualité;/actualites/un-motion-design-a-lancienne-making-of/;Un motion design « à l’ancienne » – Making of;2024-01-21;61;0;0;;non;;;;;;;;/realisations/motion-design-sodexo/;;;;;
ch;actualité;/actualites/projet-de-realisation-video-360/;Projet de réalisation vidéo 360;2024-01-21;180;0;0;;non;;;;;;;;/realisations/projet-de-realisation-video-360/;;;;;
ch;actualité;/actualites/la-realite-virtuelle-oculus-a-bluevista/;La réalité virtuelle Oculus à Bluevista;2024-01-21;209;0;0;;non;;;;;;;;/realisations/la-realite-virtuelle-oculus-a-bluevista/;;;;;
ch;actualité;/actualites/video-immersive-360/;Vidéo immersive 360°;2024-01-21;268;0;0;;non;;;;;;;;/realisations/video-immersive-360/;;;;;
ch;actualité;/actualites/video-et-site-web-funseaker-yacht/;Vidéo et site web – Funseaker Yacht;2024-01-21;224;0;0;;non;;;;;;;;/realisations/video-et-site-web-funseaker-yacht/;;;;;
ch;actualité;/actualites/premier-vol-drone/;Notre premier vol de drone, c’était en 2012 !;2024-01-21;161;0;0;;non;;;;;;;;/realisations/premier-vol-drone/;;;;;
ch;réalisation;/nos-realisations/amplitude-voeux-2023/;Amplitude – Vœux 2023;2024-01-28;51;0;0;;non;;;;;;;;/realisations/amplitude-v-ux-2023/;;;;;
ch;réalisation;/nos-realisations/koesio-voeux-2024/;Koesio – Vœux 2024;2024-01-28;50;0;0;;non;;;;;;;;/realisations/koesio-convention-2024/;;;;;
ch;réalisation;/nos-realisations/amplitude-voeux-2024/;Amplitude – Vœux 2024;2024-01-28;47;0;0;;non;;;;;;;;/realisations/amplitude-carte-de-v-ux-video-2024/;;;;;
ch;réalisation;/nos-realisations/guitare-en-scene-edition-2023/;Guitare en Scène : Édition 2023;2024-01-28;92;0;0;;non;;;;;;;;/realisations/guitare-en-scene-edition-2023-video-evenement/;;;;;
ch;réalisation;/nos-realisations/servier-cancer-colorectal/;SERVIER – Cancer Colorectal;2024-01-28;76;0;0;;non;;;;;;;;/realisations/servier-film-prevention-cancer-colorectal/;;;;;
ch;réalisation;/nos-realisations/mlt-superscrew/;MLT – SuperScrew;2024-01-28;69;0;0;;non;;;;;;;;⚠️ À RATTACHER À LA MAIN;;;;;
ch;réalisation;/nos-realisations/e-xpert-solutions-aftermovie-ecd-2022/;E-XPERT Solutions – Aftermovie ECD 2022;2024-01-28;68;0;0;;oui;réalisation;;;oui;non;non;oui;/realisations/e-xpert-solutions-aftermovie-ecd-2022/;;;;;
ch;réalisation;/nos-realisations/e-xpert-solutions-at-defense/;E-XPERT Solutions – AtDefense;2024-01-28;67;0;0;;non;;;;;;;;/realisations/e-xpert-solutions-video-voeux-2022/;;;;;
ch;réalisation;/nos-realisations/e-xpert-solutions-ecd/;E-XPERT Solutions – ECD;2024-01-28;66;0;0;;non;;;;;;;;/realisations/e-xpert-solutions-video-voeux-2022/;;;;;
ch;réalisation;/nos-realisations/e-xpert-solutions-devsecops/;E-XPERT Solutions – DEVSECOPS;2024-01-28;65;0;0;;non;;;;;;;;/realisations/e-xpert-solutions-devsecops-pub-decalee/;;;;;
ch;réalisation;/nos-realisations/e-xpert-solutions-zero-trust/;E-XPERT Solutions – Zero Trust;2024-01-28;68;0;0;;non;;;;;;;;/realisations/e-xpert-solutions-zero-trust-video-publicitaire-fiction/;;;;;
ch;réalisation;/nos-realisations/guitare-en-scene-edition-2022/;Guitare en Scène : Édition 2022;2024-01-28;93;0;0;;non;;;;;;;;/realisations/guitare-en-scene-edition-2022-reportage-video-event/;;;;;
ch;réalisation;/nos-realisations/bluevista-showreel-2023/;Bluevista | Showreel 2023;2024-01-28;103;0;0;;non;;;;;;;;/realisations/bluevista-showreel-video-2023/;;;;;
ch;réalisation;/nos-realisations/e-xpert-solutions-voeux-2022/;E-XPERT Solutions : Vœux 2022;2024-01-28;46;0;0;;non;;;;;;;;/realisations/e-xpert-solutions-video-voeux-2022/;;;;;
ch;réalisation;/nos-realisations/santos-blender66/;Santos: Blender66;2024-01-28;164;0;0;;non;;;;;;;;/realisations/santos-film-produit/;;;;;
ch;réalisation;/nos-realisations/neurones-it-video-voeux-2021/;Neurones IT – Vidéo Voeux 2021;2024-01-28;108;0;0;;non;;;;;;;;/realisations/neurones-it-video-3d-voeux-2021/;;;;;
ch;réalisation;/nos-realisations/verizon-connect-video-de-presentation/;Verizon Connect – Vidéo de présentation;2026-08-01;99;0;0;;oui;réalisation;;;oui;non;non;oui;/realisations/verizon-connect-video-de-presentation/;;;;;
ch;réalisation;/nos-realisations/bluevista-creative-un-monde-virtuel-1-la-moto/;Bluevista creative | « Un monde virtuel #1 : la moto »;2024-01-28;120;0;0;;oui;réalisation;;;oui;non;non;oui;/realisations/bluevista-creative-un-monde-virtuel-1-la-moto/;;;;;
ch;réalisation;/nos-realisations/bluevista-creative-unicorn-team/;Bluevista Creative | « Unicorn Team »;2024-01-28;89;0;0;;oui;réalisation;;;oui;non;non;oui;/realisations/bluevista-creative-unicorn-team/;;;;;
ch;réalisation;/nos-realisations/bluevista-creative-une-vraie-equipe-3-la-productivite/;Bluevista creative | « Une vraie équipe #3 – la productivité »;2024-01-28;121;0;0;;oui;réalisation;;;oui;non;non;oui;/realisations/bluevista-creative-une-vraie-equipe-3-la-productivite/;;;;;
ch;réalisation;/nos-realisations/bluevista-creative-une-vraie-equipe-2-la-diversite/;Bluevista Creative | « Une Vraie Équipe #2 – La Diversité »;2024-01-28;113;0;0;;oui;réalisation;;;oui;non;non;oui;/realisations/bluevista-creative-une-vraie-equipe-2-la-diversite/;;;;;
ch;réalisation;/nos-realisations/bluevista-creative-une-vraie-equipe-1-la-flexibilite/;Bluevista Creative | « Une Vraie Équipe #1 – La Flexibilité »;2024-01-28;115;0;0;;oui;réalisation;;;oui;non;non;oui;/realisations/bluevista-creative-une-vraie-equipe-1-la-flexibilite/;;;;;
ch;réalisation;/nos-realisations/bluevista-creative-la-pizza/;Bluevista Creative | « La Pizza »;2024-01-28;77;0;0;;non;;;;;;;;/realisations/bluevista-creative-video-la-pizza/;;;;;
ch;réalisation;/nos-realisations/santos-film-produit/;SANTOS film produit;2024-01-28;137;0;0;;oui;réalisation;;;oui;non;non;oui;/realisations/santos-film-produit/;;;;;
ch;réalisation;/nos-realisations/presentation-video-cpro-en-1-minute/;Présentation Vidéo CPRO En 1 Minute;2024-01-28;140;0;0;;oui;réalisation;;;oui;non;non;oui;/realisations/presentation-video-cpro-en-1-minute/;;;;;
ch;réalisation;/nos-realisations/tetro-stalactite-light-show/;TETRO – Stalactite Light Show;2024-01-28;98;0;0;;non;;;;;;;;/realisations/tetro-stalactite-light-show-video/;;;;;
ch;réalisation;/nos-realisations/gf-ds-family/;GF – DS Family;2024-01-28;151;0;0;;non;;;;;;;;/realisations/gf-ds-family-video-corporate-3d-motion-design/;;;;;
ch;réalisation;/nos-realisations/amplitude-voeux-2018/;Amplitude – Voeux 2018;2024-01-28;208;0;0;;non;;;;;;;;/realisations/amplitude-carte-de-voeux-video-2018/;;;;;
ch;réalisation;/nos-realisations/40-ans-siparex/;40 ans Siparex;2024-01-28;161;0;0;;non;;;;;;;;/realisations/40-ans-siparex-videomapping/;;;;;
ch;réalisation;/nos-realisations/mapping-toky/;Mapping – Toky;2024-01-28;122;0;0;;non;;;;;;;;/realisations/toky-video-mapping-3d/;;;;;
ch;réalisation;/nos-realisations/eiffage-energie-expercite/;EIFFAGE Energie – Expercité;2026-08-01;175;0;0;;non;;;;;;;;/realisations/eiffage-energie-expercite-video-3d-timelapse/;;;;;
ch;réalisation;/nos-realisations/amplitude-amplivision/;Amplitude – Amplivision;2024-01-28;110;0;0;;non;;;;;;;;/realisations/amplitude-amplivision-video-studio/;;;;;
ch;réalisation;/nos-realisations/gloupii/;Gloupii;2024-01-28;192;0;0;;non;;;;;;;;/realisations/gloupii-motion-design/;;;;;
ch;réalisation;/nos-realisations/spc/;SPC;2024-01-28;157;0;0;;non;;;;;;;;⚠️ À RATTACHER À LA MAIN;;;;;
ch;réalisation;/nos-realisations/mapping-bocuse-dor-2013/;Mapping Bocuse d’Or 2013;2024-01-28;96;0;0;;non;;;;;;;;/realisations/video-mapping-bocuse-d-or-2013/;;;;;
ch;réalisation;/nos-realisations/30-ans-bocuse-dor-tamas-szell/;30 ans Bocuse d’or – Tamas Szell;2024-01-28;137;0;0;;non;;;;;;;;/realisations/30-ans-bocuse-d-or-interview-video-tamas-szell/;;;;;
ch;réalisation;/nos-realisations/cemoi-a-360/;Cémoi à 360°;2024-01-28;129;0;0;;non;;;;;;;;/realisations/cemoi-video-3d-360-vr/;;;;;
ch;réalisation;/nos-realisations/hitachi-triple-c/;Hitachi – Triple C;2024-01-28;109;0;0;;non;;;;;;;;/realisations/hitachi-triple-c-film-promo/;;;;;
ch;réalisation;/nos-realisations/hitachi-cs-net/;Hitachi – CS Net;2024-01-28;176;0;0;;non;;;;;;;;/realisations/hitachi-cs-net-video-3d/;;;;;
ch;réalisation;/nos-realisations/pisten-bully-dameuse-360-vr/;Pisten Bully – Dameuse 360 VR;2024-01-28;99;0;0;;non;;;;;;;;/realisations/pisten-bully-dameuse-video-360-vr/;;;;;
ch;réalisation;/nos-realisations/cisco-4/;Cisco motion design plateforme vidéo;2024-01-28;142;0;0;;non;;;;;;;;/realisations/cisco-5g-motion-design-3d/;;;;;
ch;réalisation;/nos-realisations/film-corporate-gf-core/;Film corporate GF Core;2024-01-28;145;0;0;;non;;;;;;;;/realisations/film-corporate-gfms-core/;;;;;
ch;réalisation;/nos-realisations/cisco-1/;Cisco motion design 5G;2024-01-28;142;0;0;;non;;;;;;;;/realisations/cisco-5g-motion-design-3d/;;;;;
ch;réalisation;/nos-realisations/gf-gs/;GF-CS;2024-01-28;77;0;0;;non;;;;;;;;⚠️ À RATTACHER À LA MAIN;;;;;
ch;réalisation;/nos-realisations/araymond-share/;Araymond – ShARe;2024-01-28;49;0;0;;non;;;;;;;;/realisations/araymond-share-motion-design-site-internet/;;;;;
ch;réalisation;/nos-realisations/arrow-abox-memo/;ARROW – Abox Memo;2024-01-28;37;0;0;;non;;;;;;;;/realisations/arrow-abox-memo-animation-3d/;;;;;
ch;réalisation;/nos-realisations/sgs-making-of/;SGS – Making of;2024-01-28;170;0;0;;non;;;;;;;;/realisations/sgs-reportage-making-of/;;;;;
ch;réalisation;/nos-realisations/abb-af-contactor/;ABB – AF Contactor;2024-01-28;224;0;0;;non;;;;;;;;/realisations/abb-af-contactor-film-produit/;;;;;
ch;réalisation;/nos-realisations/we-see-big/;We See Big;2024-01-28;101;0;0;;non;;;;;;;;⚠️ À RATTACHER À LA MAIN;;;;;
ch;réalisation;/nos-realisations/sgs-protection-lab/;SGS – Protection Lab;2024-01-28;143;0;0;;non;;;;;;;;/realisations/sgs-protection-lab-reportage-video/;;;;;
ch;réalisation;/nos-realisations/nightswapping/;NightSwapping;2024-01-28;229;0;0;;non;;;;;;;;/realisations/nightswapping-video-promotionnelle/;;;;;
ch;réalisation;/nos-realisations/mapping-audi/;Mapping Audi;2024-01-28;162;0;0;;non;;;;;;;;/realisations/video-mapping-vehicule-audi-a8/;;;;;
ch;réalisation;/nos-realisations/motion-design-sodexo/;Motion Design Sodexo;2024-01-28;122;0;0;;oui;réalisation;;;oui;non;non;oui;/realisations/motion-design-sodexo/;;;;;
ch;réalisation;/nos-realisations/cpro-pas-besoin-den-rajouter/;C’PRO – « Pas Besoin D’en Rajouter »;2024-01-28;106;0;0;;non;;;;;;;;/realisations/c-pro-pas-besoin-d-en-rajouter-video-publicitaire/;;;;;
ch;réalisation;/nos-realisations/alorem/;ALOREM;2024-01-28;116;0;0;;non;;;;;;;;/realisations/alorem-video-produit/;;;;;
ch;réalisation;/nos-realisations/opiiec/;OPIIEC;2024-01-28;107;0;0;;non;;;;;;;;/realisations/opiiec-motio-design-site-internet/;;;;;
ch;réalisation;/nos-realisations/tetro-ox/;TETRO – OX;2024-01-28;184;0;0;;non;;;;;;;;/realisations/tetro-carre-senart-show-drone/;;;;;
ch;réalisation;/nos-realisations/naos-interview-collaborateur-2/;Naos – Interview Collaborateur;2024-01-28;146;0;0;;non;;;;;;;;/realisations/naos-interview-collaborateur/;;;;;
ch;réalisation;/nos-realisations/assisqual/;Assisqual;2024-01-28;126;0;0;;non;;;;;;;;/realisations/assisqual-motion-design/;;;;;
ch;réalisation;/nos-realisations/cera-agence-innovation/;CERA – Agence Innovation;2024-01-28;86;0;0;;non;;;;;;;;/realisations/cera-agence-innovation-motion-design/;;;;;
ch;réalisation;/nos-realisations/naos-interview-collaborateur/;Naos – Interview Collaborateur;2024-01-28;146;0;0;;oui;réalisation;;;oui;non;non;oui;/realisations/naos-interview-collaborateur/;;;;;
ch;réalisation;/nos-realisations/bbgr-360/;BBGR 360;2024-01-28;126;0;0;;non;;;;;;;;/realisations/bbgr-video-360-usine/;;;;;
ch;réalisation;/nos-realisations/ghi/;GHI;2024-01-28;189;0;0;;non;;;;;;;;⚠️ À RATTACHER À LA MAIN;;;;;
ch;réalisation;/nos-realisations/abb-snk-3d-industrie/;ABB – SNK 3D « Industrie »;2024-01-28;144;0;0;;non;;;;;;;;/realisations/sfs-menuiserie-industrie/;;;;;
ch;réalisation;/nos-realisations/abb-snk-3d-solaire/;ABB – SNK 3D « Solaire »;2024-01-28;149;0;0;;non;;;;;;;;/realisations/abb-snk-animation-3d-produit-solaire/;;;;;
ch;réalisation;/nos-realisations/cpro-voeux-2017/;C’PRO – Voeux 2017;2024-03-27;133;0;0;;non;;;;;;;;/realisations/c-pro-voeux-en-video-2017/;;;;;
