site;type;ancienne_adresse;nouvelle_adresse;code;clics_12m;motif
fr;page;/;/;200;785;accueil
fr;page;/studio-animation-3d-lyon/;/studio-animation-3d-lyon/;200;161;ville, adresse conservée
fr;page;/nos-competences/video-mapping/;/savoir-faire/video-mapping/;301;97;savoir-faire — seul le segment change
fr;page;/nos-competences/live-streaming-webtv/;/savoir-faire/live-streaming-webtv/;301;85;savoir-faire — seul le segment change
fr;réalisation;/nos-realisations/engie-home-services-video-thermostat-migo/;/realisations/engie-home-services-video-tuto-thermostat-migo/;301;63;apparié sur le titre — sûr
fr;page;/studio-animation-3d-paris/;/studio-animation-3d-paris/;200;54;ville, adresse conservée
fr;page;/agence/;/agence/;200;36;page fixe
fr;page;/nos-competences/animation-3d/;/savoir-faire/animation-3d/;301;23;savoir-faire — seul le segment change
fr;page;/contact-devis/;/contact/;301;18;page fixe
fr;réalisation;/nos-realisations/verizon-connect-video-de-presentation/;/realisations/verizon-connect-video-de-presentation/;301;17;apparié sur le titre — sûr
fr;page;/nos-realisations/;/realisations/;301;15;index
fr;page;/video-publicitaire/;/offres/film/;301;14;page de produit → pilier
fr;page;/realisation-film-entreprise-lyon/;/realisation-film-entreprise-lyon/;200;14;ville, adresse conservée
fr;page;/nos-competences/motion-design/;/savoir-faire/motion-design/;301;14;savoir-faire — seul le segment change
fr;réalisation;/nos-realisations/thx-medical-dosamat-digital-2-0/;/realisations/thx-medical-dosamat-digital-2-0-motion-design/;301;13;apparié sur le titre — sûr
fr;page;/mentions-legales/;/mentions-legales/;200;12;page fixe
fr;réalisation;/nos-realisations/stann-lapplication-de-gestion-dentreprise/;/realisations/stann-presentation-video-de-l-application/;301;11;apparié sur le titre — ⛔ à vérifier
fr;réalisation;/nos-realisations/eiffage-energie-expercite/;/realisations/eiffage-energie-expercite-video-3d-timelapse/;301;11;apparié sur le titre — sûr
fr;page;/nos-competences/aftermovie-captation-evenementielle/;/savoir-faire/aftermovie-captation-evenementielle/;301;10;savoir-faire — seul le segment change
fr;actualité;/actualites/video-immersive-360/;/actualites/video-immersive-360/;200;9;adresse conservée — c’est une actualité
fr;page;/nos-competences/creation-immersive-realite-virtuelle/;/savoir-faire/creation-immersive-realite-virtuelle/;301;9;savoir-faire — seul le segment change
fr;actualité;/actualites/motion-design-3d-et-mapping-a-paris-au-musee-rodin/;/actualites/motion-design-3d-et-mapping-a-paris-au-musee-rodin/;200;9;adresse conservée — c’est une actualité
fr;réalisation;/nos-realisations/printemps-nouvelle-identite/;/realisations/printemps-nouvelle-identite-reportage-video-evenement/;301;9;apparié sur le titre — sûr
fr;actualité;/actualites/video-mapping-lyon-intercontinental-grand-hotel-dieu/;/actualites/video-mapping-lyon-intercontinental-grand-hotel-dieu/;200;8;adresse conservée — c’est une actualité
fr;actualité;/actualites/animation-3d-grande-arche-de-la-defense/;/actualites/animation-3d-grande-arche-de-la-defense/;200;7;adresse conservée — c’est une actualité
fr;page;/realisation-film-sante/;/offres/film/;301;6;page de secteur → pilier
fr;réalisation;/nos-realisations/amplitude-amplivision/;/realisations/amplitude-amplivision-video-studio/;301;6;apparié sur le titre — sûr
fr;actualité;/actualites/bluevista-video-showreel-2023/;/actualites/bluevista-video-showreel-2023/;200;5;adresse conservée — c’est une actualité
fr;actualité;/actualites/carte-de-voeux-video/;/actualites/carte-de-voeux-video/;200;4;adresse conservée — c’est une actualité
fr;page;/nos-competences/studio-fond-vert-compositing/;/savoir-faire/studio-fond-vert-compositing/;301;4;savoir-faire — seul le segment change
fr;réalisation;/nos-realisations/qwartz/;/realisations/qwartz-video-de-presentation-centre-commercial/;301;4;apparié sur le titre — sûr
fr;réalisation;/nos-realisations/tetro-grand-hotel-dieu/;/realisations/tetro-grand-hotel-dieu-video-event/;301;4;apparié sur le titre — sûr
fr;page;/bluevista-agence-metaverse/;/savoir-faire/creation-immersive-realite-virtuelle/;301;3;métavers → immersion
fr;page;/film-d-entreprise-paris-15-ans-d-experience/;/savoir-faire/video-corporate-film-dentreprise/;301;3;page d’ancienneté
fr;page;/video-promotionnelle/;/offres/film/;301;3;page de produit → pilier
fr;actualité;/actualites/50ans-de-lpa-une-histoire-lyonnaise/;/actualites/50ans-de-lpa-une-histoire-lyonnaise/;200;3;adresse conservée — c’est une actualité
fr;page;/nos-competences/video-aerienne-drone/;/savoir-faire/video-aerienne-drone/;301;2;savoir-faire — seul le segment change
fr;page;/realisation-video-geneve/;https://www.bluevista.ch/realisation-video-geneve/;301;2;⚠️ part vers le site suisse
fr;réalisation;/nos-realisations/hitachi-cs-net/;/realisations/hitachi-cs-net-video-3d/;301;2;apparié sur le titre — sûr
fr;actualité;/actualites/koesio-carte-de-voeux-2023/;/actualites/koesio-carte-de-voeux-2023/;200;2;adresse conservée — c’est une actualité
fr;actualité;/actualites/guitare-en-scene-2023/;/actualites/guitare-en-scene-2023/;200;2;adresse conservée — c’est une actualité
fr;réalisation;/nos-realisations/bluevista-showreel-2025/;/realisations/bluevista-showreel-2025/;301;2;apparié sur le titre — sûr
fr;actualité;/actualites/realisation-immersion-360-degres-dameuse-pisten-bully/;/actualites/realisation-immersion-360-degres-dameuse-pisten-bully/;200;2;adresse conservée — c’est une actualité
fr;actualité;/actualites/bluevista-le-motion-design/;/actualites/bluevista-le-motion-design/;200;2;adresse conservée — c’est une actualité
fr;actualité;/actualites/projet-de-realisation-video-360/;/actualites/projet-de-realisation-video-360/;200;2;adresse conservée — c’est une actualité
fr;actualité;/actualites/barpi-prevention-accidents/;/actualites/barpi-prevention-accidents/;200;2;adresse conservée — c’est une actualité
fr;actualité;/actualites/showroom-virtuel-gf-machining-solutions/;/actualites/showroom-virtuel-gf-machining-solutions/;200;2;adresse conservée — c’est une actualité
fr;réalisation;/nos-realisations/radisson-360-vr/;/realisations/radisson-blu-video-360-vr/;301;2;apparié sur le titre — sûr
fr;réalisation;/nos-realisations/artcurial-mapping/;/realisations/artcurial-video-mapping/;301;2;apparié sur le titre — sûr
fr;réalisation;/nos-realisations/irisolaris-aftermovie-irisdays-2024/;/realisations/irisolaris-aftermovie-irisdays-2024/;301;2;apparié sur le titre — sûr
fr;réalisation;/nos-realisations/koesio-convention-2024/;/realisations/koesio-convention-2024/;301;2;apparié sur le titre — sûr
fr;page;/nos-competences/video-corporate-film-dentreprise/;/savoir-faire/video-corporate-film-dentreprise/;301;1;savoir-faire — seul le segment change
fr;page;/realisation-film-lancement-produit/;/offres/film/;301;1;page de produit → pilier
fr;réalisation;/nos-realisations/dromis-equans-ineo/;/realisations/dromis-equans-ineo-reportage-video/;301;1;apparié sur le titre — sûr
fr;réalisation;/nos-realisations/bluevista-showreel-2020/;/realisations/bluevista-showreel-video-2020/;301;1;apparié sur le titre — sûr
fr;réalisation;/nos-realisations/olinn-video-publicitaire/;/realisations/olinn-video-publicitaire/;301;1;apparié sur le titre — sûr
fr;page;/realisation-film-evenementiel/;/offres/evenement/;301;1;page de secteur → pilier événementiel
fr;actualité;/actualites/animation-3d-produit-hitachi-csnet-manager/;/actualites/animation-3d-produit-hitachi-csnet-manager/;200;1;adresse conservée — c’est une actualité
fr;actualité;/actualites/mase-4-motions/;/actualites/mase-4-motions/;200;1;adresse conservée — c’est une actualité
fr;actualité;/actualites/mapping-printemps-lyon/;/actualites/mapping-printemps-lyon/;200;1;adresse conservée — c’est une actualité
fr;réalisation;/nos-realisations/pisten-bully-dameuse-360-vr/;/realisations/pisten-bully-dameuse-video-360-vr/;301;1;apparié sur le titre — sûr
fr;actualité;/actualites/inauguration-intercontinental-lyon-grand-hotel-dieu/;/actualites/inauguration-intercontinental-lyon-grand-hotel-dieu/;200;1;adresse conservée — c’est une actualité
fr;réalisation;/nos-realisations/hitachi-hikumo/;/realisations/hitachi-hikumo-video-tuto-3d/;301;1;apparié sur le titre — sûr
fr;réalisation;/nos-realisations/deko-film-de-presentation/;/realisations/deko-film-de-presentation/;301;1;apparié sur le titre — sûr
fr;réalisation;/nos-realisations/arrow-abox-memo/;/realisations/arrow-abox-memo-animation-3d/;301;1;apparié sur le titre — sûr
fr;actualité;/actualites/vercors-les-chemins-de-la-liberte/;/actualites/vercors-les-chemins-de-la-liberte/;200;1;adresse conservée — c’est une actualité
fr;page;/realisation-film-industrie/;/offres/film/;301;1;page de secteur → pilier
fr;actualité;/actualites/bluevista-video-showreel-2021/;/actualites/bluevista-video-showreel-2021/;200;1;adresse conservée — c’est une actualité
fr;réalisation;/nos-realisations/mapping-audi/;/realisations/video-mapping-vehicule-audi-a8/;301;1;apparié sur le titre — sûr
fr;réalisation;/nos-realisations/hitachi-yutaki/;/realisations/hitachi-yutaki-video-produit-3d/;301;1;apparié sur le titre — sûr
fr;réalisation;/nos-realisations/elistair-orion/;/realisations/elistair-drone-orion-video-produit-en-animation-3d/;301;1;apparié sur le titre — sûr
fr;actualité;/actualites/santos-i-grind/;/actualites/santos-i-grind/;200;1;adresse conservée — c’est une actualité
fr;page;/realisation-film-territoires/;/offres/film/;301;1;page de secteur → pilier
fr;réalisation;/nos-realisations/gloupii/;/realisations/gloupii-motion-design/;301;1;apparié sur le titre — sûr
fr;réalisation;/nos-realisations/40-ans-siparex/;/realisations/40-ans-siparex-videomapping/;301;1;apparié sur le titre — sûr
fr;réalisation;/nos-realisations/hitachi-film-catalogue-2021/;/realisations/hitachi-film-catalogue-2021/;301;1;apparié sur le titre — sûr
fr;actualité;/actualites/blueverse/;/actualites/blueverse/;200;1;adresse conservée — c’est une actualité
fr;réalisation;/nos-realisations/koesio-voeux-2024/;/realisations/koesio-carte-de-v-ux-video-2024/;301;1;apparié sur le titre — sûr
fr;réalisation;/nos-realisations/tetro-fete-des-lumieres-2021/;/realisations/tetro-video-fete-des-lumieres-lyon-2021/;301;1;apparié sur le titre — sûr
fr;réalisation;/nos-realisations/tetro-stalactite-light-show/;/realisations/tetro-stalactite-light-show-video/;301;1;apparié sur le titre — sûr
fr;réalisation;/nos-realisations/isara-interviews-detudiants/;/realisations/isara-interviews-d-etudiants/;301;1;apparié sur le titre — ⛔ à vérifier
fr;réalisation;/nos-realisations/icsi-briefing-debriefing-minute-darret/;/realisations/icsi-briefing-debriefing-minute-d-arret/;301;1;apparié sur le titre — sûr
fr;réalisation;/nos-realisations/bos/;/realisations/bos-equipement-video-corporate/;301;1;apparié sur le titre — sûr
fr;réalisation;/nos-realisations/spc/;/realisations/spc-video-publicitaire-tournage-studio/;301;1;apparié sur le titre — sûr
fr;réalisation;/nos-realisations/araymond-share/;/realisations/araymond-share-motion-design-site-internet/;301;1;apparié sur le titre — sûr
fr;actualité;/actualites/stann/;/actualites/stann/;200;0;adresse conservée — c’est une actualité
fr;réalisation;/nos-realisations/bluevista-creative-la-pizza/;/realisations/bluevista-creative-video-la-pizza/;301;0;apparié sur le titre — sûr
fr;page;/realisation-de-film-evenements/;/offres/evenement/;301;0;page de secteur → pilier événementiel
fr;actualité;/actualites/aravi-saison-2022-2023/;/actualites/aravi-saison-2022-2023/;200;0;adresse conservée — c’est une actualité
fr;réalisation;/nos-realisations/bluevista-creative-unicorn-team/;/realisations/bluevista-creative-unicorn-team/;301;0;apparié sur le titre — sûr
fr;page;/actualites/;/actualites/;200;0;⛔ index conservé — les actualités gardent leur adresse
fr;réalisation;/nos-realisations/cera-agence-innovation/;/realisations/cera-agence-innovation-motion-design/;301;0;apparié sur le titre — sûr
fr;page;/nos-competences/;/offres/film/;301;0;index sans équivalent — renvoyé sur le pilier principal
fr;actualité;/actualites/sport-boules-16eme-trophee-emile-terrier/;/actualites/sport-boules-16eme-trophee-emile-terrier/;200;0;adresse conservée — c’est une actualité
fr;actualité;/actualites/show-reel-motion-design/;/actualites/show-reel-motion-design/;200;0;adresse conservée — c’est une actualité
fr;réalisation;/nos-realisations/bluevista-creative-un-monde-virtuel-1-la-moto/;/realisations/bluevista-creative-un-monde-virtuel-1-la-moto/;301;0;apparié sur le titre — sûr
fr;réalisation;/nos-realisations/serl-video-360-vr/;/realisations/serl-parc-puy-d-or-video-360-vr/;301;0;apparié sur le titre — sûr
fr;réalisation;/nos-realisations/koesio-voeux-2023/;/realisations/koesio-carte-de-v-ux-video-2023/;301;0;apparié sur le titre — sûr
fr;actualité;/actualites/bluevista-video-showreel-2020/;/actualites/bluevista-video-showreel-2020/;200;0;adresse conservée — c’est une actualité
fr;actualité;/actualites/peninsula-octobre-rose/;/actualites/peninsula-octobre-rose/;200;0;adresse conservée — c’est une actualité
fr;réalisation;/nos-realisations/assisqual/;/realisations/assisqual-motion-design/;301;0;apparié sur le titre — sûr
fr;actualité;/actualites/nos-dernieres-interviews/;/actualites/nos-dernieres-interviews/;200;0;adresse conservée — c’est une actualité
fr;réalisation;/nos-realisations/bluevista-creative-une-vraie-equipe-1-la-flexibilite/;/realisations/bluevista-creative-une-vraie-equipe-1-la-flexibilite/;301;0;apparié sur le titre — sûr
fr;réalisation;/nos-realisations/gf-gs/;/realisations/gf-customer-services-video-promotionnelle-3d/;301;0;apparié sur le titre — ⛔ à vérifier
fr;réalisation;/nos-realisations/presentation-video-cpro-en-1-minute/;/realisations/presentation-video-cpro-en-1-minute/;301;0;apparié sur le titre — sûr
fr;réalisation;/nos-realisations/guitare-en-scene-edition-2023/;/realisations/guitare-en-scene-edition-2023-video-evenement/;301;0;apparié sur le titre — sûr
fr;réalisation;/nos-realisations/alorem/;/realisations/alorem-video-produit/;301;0;apparié sur le titre — sûr
fr;page;/realisation-de-film-banques-assurances/;/offres/film/;301;0;page de secteur → pilier
fr;réalisation;/nos-realisations/gf-ds-family/;/realisations/gf-ds-family-video-corporate-3d-motion-design/;301;0;apparié sur le titre — sûr
fr;réalisation;/nos-realisations/bbgr-360/;/realisations/bbgr-video-360-usine/;301;0;apparié sur le titre — sûr
fr;actualité;/actualites/equita-lyon-dailynews/;/actualites/equita-lyon-dailynews/;200;0;adresse conservée — c’est une actualité
fr;réalisation;/nos-realisations/guitare-en-scene-edition-2024/;/realisations/guitare-en-scene-edition-2024-video-evenement/;301;0;apparié sur le titre — sûr
fr;actualité;/actualites/getlive-tv-3-0-la-wbe-tv-selon-bluevista/;/actualites/getlive-tv-3-0-la-wbe-tv-selon-bluevista/;200;0;adresse conservée — c’est une actualité
fr;réalisation;/nos-realisations/film-corporate-gf-core/;/realisations/film-corporate-gfms-core/;301;0;apparié sur le titre — ⛔ à vérifier
fr;réalisation;/nos-realisations/abb-snk-3d-marine/;/realisations/abb-bloc-jonction-snk-animation-3d-fiction-marine/;301;0;apparié sur le titre — sûr
fr;actualité;/actualites/bluevista-creative-video-un-monde-virtuel-1-la-moto/;/actualites/bluevista-creative-video-un-monde-virtuel-1-la-moto/;200;0;adresse conservée — c’est une actualité
fr;actualité;/actualites/decouvrez-notre-nouvelle-bande-demo-3d/;/actualites/decouvrez-notre-nouvelle-bande-demo-3d/;200;0;adresse conservée — c’est une actualité
fr;réalisation;/nos-realisations/nightswapping/;/realisations/nightswapping-video-promotionnelle/;301;0;apparié sur le titre — sûr
fr;réalisation;/nos-realisations/timelapse-lacleda/;/realisations/time-lapse-la-cleda/;301;0;apparié sur le titre — sûr
fr;réalisation;/nos-realisations/e-xpert-solutions-at-defense/;/realisations/e-xpert-solutions-atdefense-video-pub-fiction-humour/;301;0;apparié sur le titre — sûr
fr;réalisation;/nos-realisations/aravi-saison-2022-2023/;/realisations/aravi-saison-2022/;301;0;apparié sur le titre — sûr
fr;actualité;/actualites/bluevista-creative-video-une-vraie-equipe-3-la-productivite/;/actualites/bluevista-creative-video-une-vraie-equipe-3-la-productivite/;200;0;adresse conservée — c’est une actualité
fr;réalisation;/nos-realisations/cpro-pas-besoin-den-rajouter/;/realisations/c-pro-pas-besoin-d-en-rajouter-video-publicitaire/;301;0;apparié sur le titre — sûr
fr;actualité;/actualites/realisation-de-film-dentreprise-ou-corporate/;/actualites/realisation-de-film-dentreprise-ou-corporate/;200;0;adresse conservée — c’est une actualité
fr;actualité;/actualites/nouveau-materiel-motion-control-kessler/;/actualites/nouveau-materiel-motion-control-kessler/;200;0;adresse conservée — c’est une actualité
fr;réalisation;/nos-realisations/clip-report-massy-grand-ouest/;/realisations/clip-report-event-massy-grand-ouest/;301;0;apparié sur le titre — sûr
fr;réalisation;/nos-realisations/mapping-toky/;/realisations/toky-video-mapping-3d/;301;0;apparié sur le titre — sûr
fr;réalisation;/nos-realisations/cemoi-a-360/;/realisations/cemoi-video-3d-360-vr/;301;0;apparié sur le titre — sûr
fr;réalisation;/nos-realisations/icsi-briefing-debriefing-minute-darret-2/;/realisations/icsi-briefing-debriefing-minute-d-arret/;301;0;apparié sur le titre — sûr
fr;réalisation;/nos-realisations/hitachi-triple-c/;/realisations/hitachi-triple-c-film-promo/;301;0;apparié sur le titre — sûr
fr;réalisation;/nos-realisations/sfs-intec/;/realisations/sfs-enveloppe-structure/;301;0;apparié sur le titre — sûr
fr;réalisation;/nos-realisations/cpro-film-corpo/;/realisations/c-pro-film-corporate-fiction/;301;0;apparié sur le titre — forcé à la main
fr;page;/film-entreprise-lyon-15-ans-experience/;/realisation-film-entreprise-lyon/;301;0;page d’ancienneté lyonnaise → ville
fr;actualité;/actualites/live-video-homeserve-20ans/;/actualites/live-video-homeserve-20ans/;200;0;adresse conservée — c’est une actualité
fr;réalisation;/nos-realisations/printemps-mapping/;/realisations/printemps-video-mapping/;301;0;apparié sur le titre — sûr
fr;réalisation;/nos-realisations/tetro-deepweb/;/realisations/tetro-deepweb-clip-video-evenement/;301;0;apparié sur le titre — sûr
fr;réalisation;/nos-realisations/riso-comcolor/;/realisations/riso-comcolor-video-produit/;301;0;apparié sur le titre — sûr
fr;réalisation;/nos-realisations/30-ans-bocuse-dor-tamas-szell/;/realisations/30-ans-bocuse-d-or-interview-video-tamas-szell/;301;0;apparié sur le titre — sûr
fr;réalisation;/nos-realisations/aravi-saison-2024/;/realisations/aravi-saison-2024-reportages-video/;301;0;apparié sur le titre — sûr
fr;réalisation;/nos-realisations/bluevista-creative-une-vraie-equipe-3-la-productivite/;/realisations/bluevista-creative-une-vraie-equipe-3-la-productivite/;301;0;apparié sur le titre — sûr
fr;réalisation;/nos-realisations/naos-interview-collaborateur-2/;/realisations/naos-interview-collaborateur/;301;0;apparié sur le titre — sûr
fr;actualité;/actualites/streaming-live-et-webtv-demo-2018/;/actualites/streaming-live-et-webtv-demo-2018/;200;0;adresse conservée — c’est une actualité
fr;réalisation;/nos-realisations/hdi-demenagement-nouvelle-tour/;/realisations/hdi-demenagement-nouvelle-tour/;301;0;apparié sur le titre — sûr
fr;réalisation;/nos-realisations/abb-snk-3d-industrie/;/realisations/abb-snk-animation-3d-publicitaire-industrie/;301;0;apparié sur le titre — sûr
fr;actualité;/actualites/serie-de-6-videos-promotionnelles-pour-les-produits-abb-snk/;/actualites/serie-de-6-videos-promotionnelles-pour-les-produits-abb-snk/;200;0;adresse conservée — c’est une actualité
fr;réalisation;/nos-realisations/irisolaris-presentation-groupe-2024/;/realisations/irisolaris-presentation-groupe-2024/;301;0;apparié sur le titre — sûr
fr;réalisation;/nos-realisations/ghi/;/realisations/ghi-publicite-tv/;301;0;apparié sur le titre — sûr
fr;réalisation;/nos-realisations/wall-mapping-les-mesaventures-de-toky/;/realisations/wallmapping-les-mesaventures-de-toky-animation-3d/;301;0;apparié sur le titre — sûr
fr;actualité;/actualites/un-motion-design-a-lancienne-making-of/;/actualites/un-motion-design-a-lancienne-making-of/;200;0;adresse conservée — c’est une actualité
fr;réalisation;/nos-realisations/sfs-enveloppe-structure/;/realisations/sfs-enveloppe-structure/;301;0;apparié sur le titre — sûr
fr;réalisation;/nos-realisations/tetro-fete-des-lumieres-2022/;/realisations/tetro-video-fete-des-lumieres-lyon-2022/;301;0;apparié sur le titre — sûr
fr;réalisation;/nos-realisations/opiiec/;/realisations/opiiec-motio-design-site-internet/;301;0;apparié sur le titre — sûr
fr;réalisation;/nos-realisations/clasquin-convention-2024/;/realisations/huiles-berliet-fooh-lyon/;301;0;apparié sur le titre — sûr
fr;réalisation;/nos-realisations/koesio-voeux-2025/;/realisations/koesio-carte-de-v-ux-video-2025/;301;0;apparié sur le titre — sûr
fr;réalisation;/nos-realisations/lyon-la-duchere-arbre-de-noel/;/realisations/lyon-la-duchere-arbre-de-noel/;301;0;apparié sur le titre — sûr
fr;réalisation;/nos-realisations/motion-design-sodexo/;/realisations/motion-design-sodexo/;301;0;apparié sur le titre — sûr
fr;actualité;/actualites/bluevista-creative-unicorn-team/;/actualites/bluevista-creative-unicorn-team/;200;0;adresse conservée — c’est une actualité
fr;actualité;/actualites/clip-corporate-bos-equipement/;/actualites/clip-corporate-bos-equipement/;200;0;adresse conservée — c’est une actualité
fr;actualité;/actualites/la-realite-virtuelle-oculus-a-bluevista/;/actualites/la-realite-virtuelle-oculus-a-bluevista/;200;0;adresse conservée — c’est une actualité
fr;réalisation;/nos-realisations/bluevista-motion-design/;/realisations/le-motion-design-chez-bluevista/;301;0;apparié sur le titre — sûr
fr;réalisation;/nos-realisations/amplitude-voeux-2024/;/realisations/amplitude-carte-de-v-ux-video-2024/;301;0;apparié sur le titre — sûr
fr;actualité;/actualites/artcurial-20ans/;/actualites/artcurial-20ans/;200;0;adresse conservée — c’est une actualité
fr;actualité;/actualites/realisation-de-3-clips-produit-en-studio-pour-la-societe-riso/;/actualites/realisation-de-3-clips-produit-en-studio-pour-la-societe-riso/;200;0;adresse conservée — c’est une actualité
fr;réalisation;/nos-realisations/sfs-menuiserie-industrie/;/realisations/sfs-menuiserie-industrie/;301;0;apparié sur le titre — sûr
fr;réalisation;/nos-realisations/mase-motion-design/;/realisations/mase-rhone-alpes-motion-design/;301;0;apparié sur le titre — sûr
fr;réalisation;/nos-realisations/icsi-briefing-debriefing-minute-darret-3/;/realisations/icsi-briefing-debriefing-minute-d-arret/;301;0;apparié sur le titre — sûr
fr;réalisation;/nos-realisations/santos-i-grind-coffee-grinder-reveal/;/realisations/santos-i-grind-coffee-grinder-reveal/;301;0;apparié sur le titre — sûr
fr;réalisation;/nos-realisations/motion-design-veama/;/realisations/veama-carte-de-voeux-2019/;301;0;apparié sur le titre — forcé à la main
fr;réalisation;/nos-realisations/tetro-carre-senart/;/realisations/tetro-carre-senart-show-drone/;301;0;apparié sur le titre — sûr
fr;réalisation;/nos-realisations/cisco-1/;/realisations/cisco-5g-motion-design-3d/;301;0;apparié sur le titre — sûr
fr;réalisation;/nos-realisations/tetro-ox/;/realisations/tetro-ox-reportage-oeuvre-artistique/;301;0;apparié sur le titre — sûr
fr;réalisation;/nos-realisations/naos-interview-collaborateur/;/realisations/naos-interview-collaborateur/;301;0;apparié sur le titre — sûr
fr;actualité;/actualites/film-de-presentation-produit/;/actualites/film-de-presentation-produit/;200;0;adresse conservée — c’est une actualité
fr;réalisation;/nos-realisations/neurones-it-video-voeux-2021/;/realisations/neurones-it-video-3d-voeux-2021/;301;0;apparié sur le titre — sûr
fr;réalisation;/nos-realisations/lpa-50ans/;/realisations/lpa-50ans-video-anniversaire/;301;0;apparié sur le titre — sûr
fr;réalisation;/nos-realisations/tetro-avenue-83/;/realisations/tetro-avenue-83-after-movie-event/;301;0;apparié sur le titre — sûr
fr;page;/film-corporate-lyon-depuis-2004/;/realisation-film-entreprise-lyon/;301;0;page d’ancienneté lyonnaise → ville
fr;actualité;/actualites/mecenat-club-lyon-la-duchere/;/actualites/mecenat-club-lyon-la-duchere/;200;0;adresse conservée — c’est une actualité
fr;actualité;/actualites/tournage-en-studio-film-produit-santos/;/actualites/tournage-en-studio-film-produit-santos/;200;0;adresse conservée — c’est une actualité
fr;actualité;/actualites/un-tournage-en-preparation-dans-le-parc-naturel-regional-du-vercors/;/actualites/un-tournage-en-preparation-dans-le-parc-naturel-regional-du-vercors/;200;0;adresse conservée — c’est une actualité
fr;actualité;/actualites/projection-semi-transparente-immersive-pour-linauguration-dun-batiment/;/actualites/projection-semi-transparente-immersive-pour-linauguration-dun-batiment/;200;0;adresse conservée — c’est une actualité
fr;réalisation;/nos-realisations/pnr-vercors-les-chemins-de-la-liberte-la-cabane-des-carteaux/;/realisations/pnr-vercors-les-chemins-de-la-liberte-la-cabane-des-carteaux/;301;0;apparié sur le titre — sûr
fr;réalisation;/nos-realisations/e-xpert-solutions-ecd/;/realisations/e-xpert-solutions-aftermovie-ecd-2022/;301;0;apparié sur le titre — sûr
fr;réalisation;/nos-realisations/bluevista-creative-une-vraie-equipe-2-la-diversite/;/realisations/bluevista-creative-une-vraie-equipe-2-la-diversite/;301;0;apparié sur le titre — sûr
fr;réalisation;/nos-realisations/waygoo-motion-design/;/realisations/waygoo-motion-design/;301;0;apparié sur le titre — sûr
fr;réalisation;/nos-realisations/santos-film-produit/;/realisations/santos-film-produit/;301;0;apparié sur le titre — sûr
fr;réalisation;/nos-realisations/amplitude-voeux-2018/;/realisations/amplitude-carte-de-voeux-video-2018/;301;0;apparié sur le titre — sûr
fr;réalisation;/nos-realisations/sgs-protection-lab/;/realisations/sgs-protection-lab-reportage-video/;301;0;apparié sur le titre — sûr
fr;actualité;/actualites/bluevista-creative-video-une-vraie-equipe-2-la-diversite/;/actualites/bluevista-creative-video-une-vraie-equipe-2-la-diversite/;200;0;adresse conservée — c’est une actualité
fr;actualité;/actualites/bluevista-creative-video-une-vraie-equipe-1-la-flexibilite/;/actualites/bluevista-creative-video-une-vraie-equipe-1-la-flexibilite/;200;0;adresse conservée — c’est une actualité
fr;actualité;/actualites/equita-lyon-2019-daily-news/;/actualites/equita-lyon-2019-daily-news/;200;0;adresse conservée — c’est une actualité
fr;actualité;/actualites/show-reel-videos-drone/;/actualites/show-reel-videos-drone/;200;0;adresse conservée — c’est une actualité
fr;réalisation;/nos-realisations/mlt-superscrew/;/realisations/mlt-super-screw-video-motion-design/;301;0;apparié sur le titre — ⛔ à vérifier
fr;réalisation;/nos-realisations/e-xpert-solutions-devsecops/;/realisations/e-xpert-solutions-devsecops-pub-decalee/;301;0;apparié sur le titre — sûr
fr;réalisation;/nos-realisations/koesio-voeux-2022/;/realisations/koesio-carte-de-v-ux-video-2022/;301;0;apparié sur le titre — sûr
fr;réalisation;/nos-realisations/abb-af-contactor/;/realisations/abb-af-contactor-film-produit/;301;0;apparié sur le titre — sûr
fr;réalisation;/nos-realisations/convention-huawei/;/realisations/convention-huawei-video-event/;301;0;apparié sur le titre — sûr
fr;réalisation;/nos-realisations/video-magasin-american-vintage/;/realisations/video-magasin-american-vintage/;301;0;apparié sur le titre — sûr
fr;actualité;/actualites/bluevista-creative-la-pizza/;/actualites/bluevista-creative-la-pizza/;200;0;adresse conservée — c’est une actualité
fr;actualité;/actualites/film-dentreprise-video-15-ans-dexperience/;/actualites/film-dentreprise-video-15-ans-dexperience/;200;0;adresse conservée — c’est une actualité
fr;actualité;/actualites/motion-design-pedagogique/;/actualites/motion-design-pedagogique/;200;0;adresse conservée — c’est une actualité
fr;réalisation;/nos-realisations/funseaker-presentation/;/realisations/funseaker-presentation/;301;0;apparié sur le titre — sûr
fr;réalisation;/nos-realisations/bluevista-showreel-2024/;/realisations/bluevista-showreel-2024/;301;0;apparié sur le titre — sûr
fr;réalisation;/nos-realisations/santos-i-grind-coffee-grinder-teaser/;/realisations/santos-i-grind-coffee-grinder-teaser/;301;0;apparié sur le titre — sûr
fr;réalisation;/nos-realisations/servier-cancer-colorectal/;/realisations/servier-film-prevention-cancer-colorectal/;301;0;apparié sur le titre — sûr
fr;réalisation;/nos-realisations/e-xpert-solutions-aftermovie-ecd-2022/;/realisations/e-xpert-solutions-aftermovie-ecd-2022/;301;0;apparié sur le titre — sûr
fr;réalisation;/nos-realisations/bluevista-showreel-2023/;/realisations/bluevista-showreel-video-2023/;301;0;apparié sur le titre — sûr
fr;réalisation;/nos-realisations/bluevista-showreel-2021/;/realisations/bluevista-showreel-video-2021/;301;0;apparié sur le titre — sûr
fr;réalisation;/nos-realisations/tetro-navya/;/realisations/tetro-film-presentation-vehicule-navya/;301;0;apparié sur le titre — sûr
fr;réalisation;/nos-realisations/cisco-4/;/realisations/cisco-video-platform-animation-3d-motion-design/;301;0;apparié sur le titre — forcé à la main
fr;réalisation;/nos-realisations/cera-fr/;/realisations/site-internet-cera-motion-design/;301;0;apparié sur le titre — forcé à la main
fr;réalisation;/nos-realisations/sgs-making-of/;/realisations/sgs-reportage-making-of/;301;0;apparié sur le titre — sûr
fr;réalisation;/nos-realisations/we-see-big/;/realisations/gfms-video-publicitaire-3d-we-see-big/;301;0;apparié sur le titre — sûr
fr;réalisation;/nos-realisations/abb-snk-3d-solaire/;/realisations/abb-snk-animation-3d-produit-solaire/;301;0;apparié sur le titre — sûr
fr;page;/merci-demande-stage/;—;410;0;"page de remerciement d'un formulaire : personne n'y arrive depuis Google (0 clic sur 16 mois). Un 410 dit à Google de l'oublier ; un 301 vers /contact/ ferait croire à une page déplacée."
fr;page;/merci-demande-recrutement/;—;410;0;"page de remerciement d'un formulaire : personne n'y arrive depuis Google (0 clic sur 16 mois). Un 410 dit à Google de l'oublier ; un 301 vers /contact/ ferait croire à une page déplacée."
fr;page;/merci-demande/;—;410;0;"page de remerciement d'un formulaire : personne n'y arrive depuis Google (0 clic sur 16 mois). Un 410 dit à Google de l'oublier ; un 301 vers /contact/ ferait croire à une page déplacée."
fr;page;/realisation-film-automotive/;/offres/film/;301;0;page de secteur → pilier
fr;page;/realisation-film-construction-immobiliere/;/offres/film/;301;0;page de secteur → pilier
fr;page;/realisation-film-immobilier-real-estate/;/offres/film/;301;0;page de secteur → pilier
fr;actualité;/actualites/guitare-en-scene-2022/;/actualites/guitare-en-scene-2022/;200;0;adresse conservée — c’est une actualité
fr;actualité;/actualites/social-wall-pour-espace-vip/;/actualites/social-wall-pour-espace-vip/;200;0;adresse conservée — c’est une actualité
fr;actualité;/actualites/after-movie-fubiz-talks-2018/;/actualites/after-movie-fubiz-talks-2018/;200;0;adresse conservée — c’est une actualité
fr;actualité;/actualites/timelapse-de-tournage-en-studio/;/actualites/timelapse-de-tournage-en-studio/;200;0;adresse conservée — c’est une actualité
fr;actualité;/actualites/video-et-site-web-funseaker-yacht/;/actualites/video-et-site-web-funseaker-yacht/;200;0;adresse conservée — c’est une actualité
fr;actualité;/actualites/premier-vol-drone/;/actualites/premier-vol-drone/;200;0;adresse conservée — c’est une actualité
fr;réalisation;/nos-realisations/ssp-presentation-globale/;/realisations/ssp-presentation-globale/;301;0;apparié sur le titre — sûr
fr;réalisation;/nos-realisations/uniha-voeux-2025/;/realisations/uniha-carte-de-v-ux-video-2025/;301;0;apparié sur le titre — ⛔ à vérifier
fr;réalisation;/nos-realisations/gl-events-equita-lyon-dailynews-2024/;/realisations/gl-events-equita-lyon-dailynews-2024/;301;0;apparié sur le titre — sûr
fr;réalisation;/nos-realisations/sfs-ligne-de-vie/;/realisations/sfs-ligne-de-vie/;301;0;apparié sur le titre — sûr
fr;réalisation;/nos-realisations/gl-events-equita-lyon-dailynews-2023/;/realisations/gl-events-equita-lyon-dailynews-2023/;301;0;apparié sur le titre — sûr
fr;réalisation;/nos-realisations/amplitude-voeux-2023/;/realisations/amplitude-v-ux-2023/;301;0;apparié sur le titre — sûr
fr;réalisation;/nos-realisations/e-xpert-solutions-aftermovie-ecd-2023/;/realisations/e-xpert-solutions-aftermovie-ecd-2023/;301;0;apparié sur le titre — sûr
fr;réalisation;/nos-realisations/equita-lyon-dailynews/;/realisations/equita-lyon-dailynews-video-2022/;301;0;apparié sur le titre — forcé à la main
fr;réalisation;/nos-realisations/e-xpert-solutions-zero-trust/;/realisations/e-xpert-solutions-zero-trust-video-publicitaire-fiction/;301;0;apparié sur le titre — sûr
fr;réalisation;/nos-realisations/guitare-en-scene-edition-2022/;/realisations/guitare-en-scene-edition-2022-reportage-video-event/;301;0;apparié sur le titre — sûr
fr;réalisation;/nos-realisations/e-xpert-solutions-voeux-2022/;/realisations/e-xpert-solutions-video-voeux-2022/;301;0;apparié sur le titre — forcé à la main
fr;réalisation;/nos-realisations/santos-blender66/;/realisations/santos-blender-66-presentation-video-studio/;301;0;apparié sur le titre — ⛔ à vérifier
fr;réalisation;/nos-realisations/showreel-2019/;/realisations/bluevista-video-showreel-2019/;301;0;apparié sur le titre — sûr
fr;réalisation;/nos-realisations/tetro-fubiztalks-2017/;/realisations/tetro-aftermovie-fubiztalks-2017/;301;0;apparié sur le titre — sûr
fr;réalisation;/nos-realisations/mapping-bocuse-dor-2013/;/realisations/video-mapping-bocuse-d-or-2013/;301;0;apparié sur le titre — sûr
fr;réalisation;/nos-realisations/cpro-voeux-2017/;/realisations/c-pro-carte-de-voeux-video-2017/;301;0;apparié sur le titre — sûr
ch;page;/studio-danimation-3d-a-geneve/;—;hors périmètre;153;bluevista.ch ne bascule PAS le 4 septembre (arbitrage Giz, 21/08). Le site suisse doit être RÉÉCRIT — ton propre, vie autonome — ce qui en fait un projet éditorial, pas un portage. Domaine chez OVH. Migration envisagée en octobre, une fois le déploiement français éprouvé.
en;page;/;;—;137;⏳ en attente — aucun contenu publié dans cette langue
ch;page;/nos-competences/video-mapping/;—;hors périmètre;32;bluevista.ch ne bascule PAS le 4 septembre (arbitrage Giz, 21/08). Le site suisse doit être RÉÉCRIT — ton propre, vie autonome — ce qui en fait un projet éditorial, pas un portage. Domaine chez OVH. Migration envisagée en octobre, une fois le déploiement français éprouvé.
ch;page;/nos-competences/motion-design/;—;hors périmètre;29;bluevista.ch ne bascule PAS le 4 septembre (arbitrage Giz, 21/08). Le site suisse doit être RÉÉCRIT — ton propre, vie autonome — ce qui en fait un projet éditorial, pas un portage. Domaine chez OVH. Migration envisagée en octobre, une fois le déploiement français éprouvé.
ch;page;/nos-competences/animation-3d/;—;hors périmètre;28;bluevista.ch ne bascule PAS le 4 septembre (arbitrage Giz, 21/08). Le site suisse doit être RÉÉCRIT — ton propre, vie autonome — ce qui en fait un projet éditorial, pas un portage. Domaine chez OVH. Migration envisagée en octobre, une fois le déploiement français éprouvé.
en;page;/our-skills/live-streaming-webtv/;;—;26;⏳ en attente — aucun contenu publié dans cette langue
ch;page;/;—;hors périmètre;23;bluevista.ch ne bascule PAS le 4 septembre (arbitrage Giz, 21/08). Le site suisse doit être RÉÉCRIT — ton propre, vie autonome — ce qui en fait un projet éditorial, pas un portage. Domaine chez OVH. Migration envisagée en octobre, une fois le déploiement français éprouvé.
ch;page;/nos-competences/video-aerienne-drone/;—;hors périmètre;12;bluevista.ch ne bascule PAS le 4 septembre (arbitrage Giz, 21/08). Le site suisse doit être RÉÉCRIT — ton propre, vie autonome — ce qui en fait un projet éditorial, pas un portage. Domaine chez OVH. Migration envisagée en octobre, une fois le déploiement français éprouvé.
ch;page;/realisation-video-geneve/;—;hors périmètre;9;bluevista.ch ne bascule PAS le 4 septembre (arbitrage Giz, 21/08). Le site suisse doit être RÉÉCRIT — ton propre, vie autonome — ce qui en fait un projet éditorial, pas un portage. Domaine chez OVH. Migration envisagée en octobre, une fois le déploiement français éprouvé.
ch;page;/nos-competences/live-streaming-webtv/;—;hors périmètre;8;bluevista.ch ne bascule PAS le 4 septembre (arbitrage Giz, 21/08). Le site suisse doit être RÉÉCRIT — ton propre, vie autonome — ce qui en fait un projet éditorial, pas un portage. Domaine chez OVH. Migration envisagée en octobre, une fois le déploiement français éprouvé.
en;réalisation;/nos-realisations/radisson-360-vr/;;—;8;⏳ en attente — aucun contenu publié dans cette langue
en;réalisation;/nos-realisations/hitachi-cs-net/;;—;5;⏳ en attente — aucun contenu publié dans cette langue
ch;page;/agence/;—;hors périmètre;4;bluevista.ch ne bascule PAS le 4 septembre (arbitrage Giz, 21/08). Le site suisse doit être RÉÉCRIT — ton propre, vie autonome — ce qui en fait un projet éditorial, pas un portage. Domaine chez OVH. Migration envisagée en octobre, une fois le déploiement français éprouvé.
en;page;/3d-animation-studio-in-paris/;;—;4;⏳ en attente — aucun contenu publié dans cette langue
en;actualité;/actualites/gf-machining-solutions-virtual-showroom/;;—;4;⏳ en attente — aucun contenu publié dans cette langue
en;réalisation;/nos-realisations/thx-medical-dosamat-digital-2-0/;;—;3;⏳ en attente — aucun contenu publié dans cette langue
ch;page;/nos-competences/video-corporate-film-dentreprise/;—;hors périmètre;2;bluevista.ch ne bascule PAS le 4 septembre (arbitrage Giz, 21/08). Le site suisse doit être RÉÉCRIT — ton propre, vie autonome — ce qui en fait un projet éditorial, pas un portage. Domaine chez OVH. Migration envisagée en octobre, une fois le déploiement français éprouvé.
en;réalisation;/nos-realisations/amplitude-amplivision/;;—;2;⏳ en attente — aucun contenu publié dans cette langue
ch;page;/mentions-legales/;—;hors périmètre;2;bluevista.ch ne bascule PAS le 4 septembre (arbitrage Giz, 21/08). Le site suisse doit être RÉÉCRIT — ton propre, vie autonome — ce qui en fait un projet éditorial, pas un portage. Domaine chez OVH. Migration envisagée en octobre, une fois le déploiement français éprouvé.
en;page;/our-skills/immersive-creation-virtual-reality/;;—;2;⏳ en attente — aucun contenu publié dans cette langue
en;réalisation;/nos-realisations/pisten-bully-360-vr-snowcat/;;—;2;⏳ en attente — aucun contenu publié dans cette langue
ch;page;/nos-realisations/;—;hors périmètre;2;bluevista.ch ne bascule PAS le 4 septembre (arbitrage Giz, 21/08). Le site suisse doit être RÉÉCRIT — ton propre, vie autonome — ce qui en fait un projet éditorial, pas un portage. Domaine chez OVH. Migration envisagée en octobre, une fois le déploiement français éprouvé.
en;actualité;/actualites/360-immersive-video/;;—;2;⏳ en attente — aucun contenu publié dans cette langue
ch;page;/bluevista-agence-metaverse/;—;hors périmètre;2;bluevista.ch ne bascule PAS le 4 septembre (arbitrage Giz, 21/08). Le site suisse doit être RÉÉCRIT — ton propre, vie autonome — ce qui en fait un projet éditorial, pas un portage. Domaine chez OVH. Migration envisagée en octobre, une fois le déploiement français éprouvé.
en;réalisation;/nos-realisations/opiiec/;;—;2;⏳ en attente — aucun contenu publié dans cette langue
ch;page;/nos-competences/studio-fond-vert-compositing/;—;hors périmètre;2;bluevista.ch ne bascule PAS le 4 septembre (arbitrage Giz, 21/08). Le site suisse doit être RÉÉCRIT — ton propre, vie autonome — ce qui en fait un projet éditorial, pas un portage. Domaine chez OVH. Migration envisagée en octobre, une fois le déploiement français éprouvé.
en;réalisation;/nos-realisations/santos-i-grind-coffee-grinder-reveal/;;—;2;⏳ en attente — aucun contenu publié dans cette langue
en;actualité;/actualites/barpi-industrial-accident-prevention/;;—;1;⏳ en attente — aucun contenu publié dans cette langue
en;page;/video-production-in-geneva/;;—;1;⏳ en attente — aucun contenu publié dans cette langue
ch;page;/nos-competences/aftermovie-captation-evenementielle/;—;hors périmètre;1;bluevista.ch ne bascule PAS le 4 septembre (arbitrage Giz, 21/08). Le site suisse doit être RÉÉCRIT — ton propre, vie autonome — ce qui en fait un projet éditorial, pas un portage. Domaine chez OVH. Migration envisagée en octobre, une fois le déploiement français éprouvé.
ch;page;/actualites/;—;hors périmètre;1;bluevista.ch ne bascule PAS le 4 septembre (arbitrage Giz, 21/08). Le site suisse doit être RÉÉCRIT — ton propre, vie autonome — ce qui en fait un projet éditorial, pas un portage. Domaine chez OVH. Migration envisagée en octobre, une fois le déploiement français éprouvé.
en;page;/the-agency/;;—;1;⏳ en attente — aucun contenu publié dans cette langue
ch;page;/nos-competences/;—;hors périmètre;1;bluevista.ch ne bascule PAS le 4 septembre (arbitrage Giz, 21/08). Le site suisse doit être RÉÉCRIT — ton propre, vie autonome — ce qui en fait un projet éditorial, pas un portage. Domaine chez OVH. Migration envisagée en octobre, une fois le déploiement français éprouvé.
en;page;/geneva-event-video-production/;;—;1;⏳ en attente — aucun contenu publié dans cette langue
en;page;/corporate-film-in-lyon/;;—;1;⏳ en attente — aucun contenu publié dans cette langue
ch;page;/contact-devis/;—;hors périmètre;1;bluevista.ch ne bascule PAS le 4 septembre (arbitrage Giz, 21/08). Le site suisse doit être RÉÉCRIT — ton propre, vie autonome — ce qui en fait un projet éditorial, pas un portage. Domaine chez OVH. Migration envisagée en octobre, une fois le déploiement français éprouvé.
en;page;/advertising-video/;;—;1;⏳ en attente — aucun contenu publié dans cette langue
en;page;/our-skills/aftermovie-event-capture/;;—;1;⏳ en attente — aucun contenu publié dans cette langue
en;actualité;/actualites/inauguration-intercontinental-lyon-grand-hotel-dieu/;;—;1;⏳ en attente — aucun contenu publié dans cette langue
en;page;/our-skills/3d-animation/;;—;1;⏳ en attente — aucun contenu publié dans cette langue
en;réalisation;/nos-realisations/engie-home-services-migo-thermostat-video/;;—;1;⏳ en attente — aucun contenu publié dans cette langue
en;actualité;/actualites/the-bluevista-metaverse-the-blueverse/;;—;1;⏳ en attente — aucun contenu publié dans cette langue
en;page;/contact-quotation/;;—;1;⏳ en attente — aucun contenu publié dans cette langue
ch;page;/nos-competences/creation-immersive-realite-virtuelle/;—;hors périmètre;1;bluevista.ch ne bascule PAS le 4 septembre (arbitrage Giz, 21/08). Le site suisse doit être RÉÉCRIT — ton propre, vie autonome — ce qui en fait un projet éditorial, pas un portage. Domaine chez OVH. Migration envisagée en octobre, une fois le déploiement français éprouvé.
en;réalisation;/nos-realisations/eiffage-energie-expercite/;;—;1;⏳ en attente — aucun contenu publié dans cette langue
en;actualité;/actualites/getlive-tv-3-0-wbe-tv-according-to-bluevista/;;—;1;⏳ en attente — aucun contenu publié dans cette langue
en;actualité;/actualites/video-mapping-lyon-intercontinental-grand-hotel-dieu/;;—;1;⏳ en attente — aucun contenu publié dans cette langue
en;réalisation;/nos-realisations/riso-comcolor/;;—;1;⏳ en attente — aucun contenu publié dans cette langue
ch;actualité;/actualites/un-tournage-en-preparation-dans-le-parc-naturel-regional-du-vercors/;—;hors périmètre;1;bluevista.ch ne bascule PAS le 4 septembre (arbitrage Giz, 21/08). Le site suisse doit être RÉÉCRIT — ton propre, vie autonome — ce qui en fait un projet éditorial, pas un portage. Domaine chez OVH. Migration envisagée en octobre, une fois le déploiement français éprouvé.
en;page;/our-skills/corporate-video-corporate-film/;;—;0;⏳ en attente — aucun contenu publié dans cette langue
en;page;/metaverse/;;—;0;⏳ en attente — aucun contenu publié dans cette langue
en;page;/news/;;—;0;⏳ en attente — aucun contenu publié dans cette langue
en;actualité;/actualites/stann/;;—;0;⏳ en attente — aucun contenu publié dans cette langue
en;page;/film-production-industry/;;—;0;⏳ en attente — aucun contenu publié dans cette langue
en;page;/our-skills/motion-design/;;—;0;⏳ en attente — aucun contenu publié dans cette langue
en;page;/our-achievements/;;—;0;⏳ en attente — aucun contenu publié dans cette langue
en;réalisation;/nos-realisations/stann-the-business-management-application/;;—;0;⏳ en attente — aucun contenu publié dans cette langue
en;page;/film-production-product-launch/;;—;0;⏳ en attente — aucun contenu publié dans cette langue
en;page;/3d-animation-studio-in-lyon/;;—;0;⏳ en attente — aucun contenu publié dans cette langue
en;page;/film-production-banking-and-insurance/;;—;0;⏳ en attente — aucun contenu publié dans cette langue
en;réalisation;/nos-realisations/gloupii/;;—;0;⏳ en attente — aucun contenu publié dans cette langue
en;page;/film-production-territories/;;—;0;⏳ en attente — aucun contenu publié dans cette langue
en;page;/film-production-health/;;—;0;⏳ en attente — aucun contenu publié dans cette langue
en;page;/our-skills/aerial-video-drone/;;—;0;⏳ en attente — aucun contenu publié dans cette langue
en;page;/our-skills/;;—;0;⏳ en attente — aucun contenu publié dans cette langue
en;actualité;/actualites/360-degree-immersion-realization-pisten-bully-snow-groomer/;;—;0;⏳ en attente — aucun contenu publié dans cette langue
en;réalisation;/nos-realisations/tetro-stalactite-light-show/;;—;0;⏳ en attente — aucun contenu publié dans cette langue
en;page;/our-skills/video-mapping/;;—;0;⏳ en attente — aucun contenu publié dans cette langue
en;réalisation;/nos-realisations/verizon-connect-video-presentation/;;—;0;⏳ en attente — aucun contenu publié dans cette langue
en;réalisation;/nos-realisations/olinn-advertising-video/;;—;0;⏳ en attente — aucun contenu publié dans cette langue
en;actualité;/actualites/3d-motion-design-and-mapping-in-paris-at-the-rodin-museum/;;—;0;⏳ en attente — aucun contenu publié dans cette langue
en;actualité;/actualites/bluevista-creative-video-a-real-team-3-productivity/;;—;0;⏳ en attente — aucun contenu publié dans cette langue
en;réalisation;/nos-realisations/bluevista-creative-a-real-team-1-flexibility/;;—;0;⏳ en attente — aucun contenu publié dans cette langue
en;réalisation;/nos-realisations/elistair-orion/;;—;0;⏳ en attente — aucun contenu publié dans cette langue
en;réalisation;/nos-realisations/dromis-equans-ineo/;;—;0;⏳ en attente — aucun contenu publié dans cette langue
en;actualité;/actualites/sport-boules-16th-emile-terrier-trophy/;;—;0;⏳ en attente — aucun contenu publié dans cette langue
en;actualité;/actualites/bluevista-creative-video-a-virtual-world-1-motorcycles/;;—;0;⏳ en attente — aucun contenu publié dans cette langue
en;actualité;/actualites/koesio-greeting-card-2023/;;—;0;⏳ en attente — aucun contenu publié dans cette langue
en;actualité;/actualites/new-hardware-motion-control-kessler/;;—;0;⏳ en attente — aucun contenu publié dans cette langue
en;réalisation;/nos-realisations/koesio-greetings-2024/;;—;0;⏳ en attente — aucun contenu publié dans cette langue
en;réalisation;/nos-realisations/cisco-motion-design-video-platform/;;—;0;⏳ en attente — aucun contenu publié dans cette langue
en;réalisation;/nos-realisations/bbgr-360/;;—;0;⏳ en attente — aucun contenu publié dans cette langue
en;actualité;/actualites/santos-i-grind-the-coffee-mill/;;—;0;⏳ en attente — aucun contenu publié dans cette langue
en;actualité;/actualites/aravi-season-2022-2023/;;—;0;⏳ en attente — aucun contenu publié dans cette langue
en;réalisation;/nos-realisations/cpro-no-need-to-add-more/;;—;0;⏳ en attente — aucun contenu publié dans cette langue
en;réalisation;/nos-realisations/deko-presentation-film/;;—;0;⏳ en attente — aucun contenu publié dans cette langue
en;page;/our-skills/green-screen-studio-compositing/;;—;0;⏳ en attente — aucun contenu publié dans cette langue
en;réalisation;/nos-realisations/tetro-fete-des-lumieres-2021/;;—;0;⏳ en attente — aucun contenu publié dans cette langue
en;réalisation;/nos-realisations/qwartz/;;—;0;⏳ en attente — aucun contenu publié dans cette langue
en;réalisation;/nos-realisations/hitachi-hikumo/;;—;0;⏳ en attente — aucun contenu publié dans cette langue
en;réalisation;/nos-realisations/abb-snk-3d-solar/;;—;0;⏳ en attente — aucun contenu publié dans cette langue
en;actualité;/actualites/50-years-of-lpa-a-lyonnaise-story/;;—;0;⏳ en attente — aucun contenu publié dans cette langue
en;réalisation;/nos-realisations/hitachi-film-catalogue-2021/;;—;0;⏳ en attente — aucun contenu publié dans cette langue
en;réalisation;/nos-realisations/cpro-film-corpo/;;—;0;⏳ en attente — aucun contenu publié dans cette langue
en;réalisation;/nos-realisations/naos-contributor-interview/;;—;0;⏳ en attente — aucun contenu publié dans cette langue
en;actualité;/actualites/guitare-en-scene-2023/;;—;0;⏳ en attente — aucun contenu publié dans cette langue
en;actualité;/actualites/technical-3d-animation-explaining-the-renovation-work-on-the-grande-arche-de-la-defense/;;—;0;⏳ en attente — aucun contenu publié dans cette langue
en;réalisation;/nos-realisations/mase-rhone-alpes-motion-design/;;—;0;⏳ en attente — aucun contenu publié dans cette langue
en;actualité;/actualites/360-video-production-project/;;—;0;⏳ en attente — aucun contenu publié dans cette langue
en;réalisation;/nos-realisations/mapping-audi/;;—;0;⏳ en attente — aucun contenu publié dans cette langue
en;actualité;/actualites/peninsula-pink-october/;;—;0;⏳ en attente — aucun contenu publié dans cette langue
en;actualité;/actualites/live-video-homeserve-20ans/;;—;0;⏳ en attente — aucun contenu publié dans cette langue
en;actualité;/actualites/bluevista-creative-video-a-real-team-2-diversity/;;—;0;⏳ en attente — aucun contenu publié dans cette langue
en;réalisation;/nos-realisations/hdi-moving-to-the-new-tower/;;—;0;⏳ en attente — aucun contenu publié dans cette langue
en;page;/corporate-film-paris-15-years-of-experience/;;—;0;⏳ en attente — aucun contenu publié dans cette langue
en;actualité;/actualites/artcurial-mapping-20-years/;;—;0;⏳ en attente — aucun contenu publié dans cette langue
en;actualité;/actualites/clip-corporate-bos-equipement/;;—;0;⏳ en attente — aucun contenu publié dans cette langue
en;réalisation;/nos-realisations/e-xpert-solutions-zero-trust/;;—;0;⏳ en attente — aucun contenu publié dans cette langue
en;réalisation;/nos-realisations/wallmapping-tokys-mesaventures/;;—;0;⏳ en attente — aucun contenu publié dans cette langue
en;actualité;/actualites/mase-rhone-alpes-motions/;;—;0;⏳ en attente — aucun contenu publié dans cette langue
en;réalisation;/nos-realisations/clip-report-massy-grand-ouest/;;—;0;⏳ en attente — aucun contenu publié dans cette langue
en;actualité;/actualites/bluevista-video-showreel-2021/;;—;0;⏳ en attente — aucun contenu publié dans cette langue
en;réalisation;/nos-realisations/tetro-navya/;;—;0;⏳ en attente — aucun contenu publié dans cette langue
en;réalisation;/nos-realisations/gf-core-corporate-film/;;—;0;⏳ en attente — aucun contenu publié dans cette langue
en;réalisation;/nos-realisations/tetro-fete-des-lumieres-2022/;;—;0;⏳ en attente — aucun contenu publié dans cette langue
en;réalisation;/nos-realisations/arrow-abox-memo/;;—;0;⏳ en attente — aucun contenu publié dans cette langue
en;réalisation;/nos-realisations/icsi-briefing-debriefing-minute-darret/;;—;0;⏳ en attente — aucun contenu publié dans cette langue
en;réalisation;/nos-realisations/e-xpert-solutions-ecd/;;—;0;⏳ en attente — aucun contenu publié dans cette langue
en;réalisation;/nos-realisations/hitachi-yutaki/;;—;0;⏳ en attente — aucun contenu publié dans cette langue
en;réalisation;/nos-realisations/mapping-toky/;;—;0;⏳ en attente — aucun contenu publié dans cette langue
en;réalisation;/nos-realisations/we-see-big/;;—;0;⏳ en attente — aucun contenu publié dans cette langue
en;réalisation;/nos-realisations/cera-innovation-agency/;;—;0;⏳ en attente — aucun contenu publié dans cette langue
ch;réalisation;/nos-realisations/elistair-orion/;—;hors périmètre;0;bluevista.ch ne bascule PAS le 4 septembre (arbitrage Giz, 21/08). Le site suisse doit être RÉÉCRIT — ton propre, vie autonome — ce qui en fait un projet éditorial, pas un portage. Domaine chez OVH. Migration envisagée en octobre, une fois le déploiement français éprouvé.
en;actualité;/actualites/bluevista-creative-video-a-real-team-1-flexibility-video/;;—;0;⏳ en attente — aucun contenu publié dans cette langue
en;actualité;/actualites/streaming-live-and-webtv-demo-2018/;;—;0;⏳ en attente — aucun contenu publié dans cette langue
en;actualité;/actualites/3d-animation-hitachi-csnet-manager-product/;;—;0;⏳ en attente — aucun contenu publié dans cette langue
en;réalisation;/nos-realisations/tetro-carre-senart/;;—;0;⏳ en attente — aucun contenu publié dans cette langue
en;réalisation;/nos-realisations/amplitude-greetings-2018/;;—;0;⏳ en attente — aucun contenu publié dans cette langue
en;réalisation;/nos-realisations/spc/;;—;0;⏳ en attente — aucun contenu publié dans cette langue
en;réalisation;/nos-realisations/tetro-grand-hotel-dieu/;;—;0;⏳ en attente — aucun contenu publié dans cette langue
en;réalisation;/nos-realisations/ghi/;;—;0;⏳ en attente — aucun contenu publié dans cette langue
en;réalisation;/nos-realisations/time-lapse-la-cleda/;;—;0;⏳ en attente — aucun contenu publié dans cette langue
en;actualité;/actualites/bluevista-creative-unicorn-team/;;—;0;⏳ en attente — aucun contenu publié dans cette langue
en;actualité;/actualites/timelapse-of-studio-shooting/;;—;0;⏳ en attente — aucun contenu publié dans cette langue
en;réalisation;/nos-realisations/spring-mapping/;;—;0;⏳ en attente — aucun contenu publié dans cette langue
en;réalisation;/nos-realisations/bluevista-creative-unicorn-team/;;—;0;⏳ en attente — aucun contenu publié dans cette langue
en;réalisation;/nos-realisations/bluevista-creative-a-real-team-3-productivity/;;—;0;⏳ en attente — aucun contenu publié dans cette langue
en;réalisation;/nos-realisations/bluevista-showreel-2020/;;—;0;⏳ en attente — aucun contenu publié dans cette langue
en;réalisation;/nos-realisations/bos/;;—;0;⏳ en attente — aucun contenu publié dans cette langue
en;réalisation;/nos-realisations/motion-design-sodexo/;;—;0;⏳ en attente — aucun contenu publié dans cette langue
en;réalisation;/nos-realisations/naos-contributor-interview-2/;;—;0;⏳ en attente — aucun contenu publié dans cette langue
ch;réalisation;/nos-realisations/cpro-film-corpo/;—;hors périmètre;0;bluevista.ch ne bascule PAS le 4 septembre (arbitrage Giz, 21/08). Le site suisse doit être RÉÉCRIT — ton propre, vie autonome — ce qui en fait un projet éditorial, pas un portage. Domaine chez OVH. Migration envisagée en octobre, une fois le déploiement français éprouvé.
ch;réalisation;/nos-realisations/wall-mapping-les-mesaventures-de-toky/;—;hors périmètre;0;bluevista.ch ne bascule PAS le 4 septembre (arbitrage Giz, 21/08). Le site suisse doit être RÉÉCRIT — ton propre, vie autonome — ce qui en fait un projet éditorial, pas un portage. Domaine chez OVH. Migration envisagée en octobre, une fois le déploiement français éprouvé.
en;actualité;/actualites/printemps-lyon-brand-change/;;—;0;⏳ en attente — aucun contenu publié dans cette langue
en;actualité;/actualites/studio-shooting-santos-film/;;—;0;⏳ en attente — aucun contenu publié dans cette langue
en;réalisation;/nos-realisations/alorem/;;—;0;⏳ en attente — aucun contenu publié dans cette langue
en;réalisation;/nos-realisations/sfs-intec/;;—;0;⏳ en attente — aucun contenu publié dans cette langue
en;actualité;/actualites/filming-in-preparation-in-the-vercors-regional-nature-park/;;—;0;⏳ en attente — aucun contenu publié dans cette langue
en;actualité;/actualites/immersive-semi-transparent-projection-for-building-inauguration/;;—;0;⏳ en attente — aucun contenu publié dans cette langue
en;réalisation;/nos-realisations/e-xpert-solutions-devsecops/;;—;0;⏳ en attente — aucun contenu publié dans cette langue
en;réalisation;/nos-realisations/bluevista-creative-la-pizza/;;—;0;⏳ en attente — aucun contenu publié dans cette langue
ch;page;/video-publicitaire/;—;hors périmètre;0;bluevista.ch ne bascule PAS le 4 septembre (arbitrage Giz, 21/08). Le site suisse doit être RÉÉCRIT — ton propre, vie autonome — ce qui en fait un projet éditorial, pas un portage. Domaine chez OVH. Migration envisagée en octobre, une fois le déploiement français éprouvé.
ch;actualité;/actualites/clip-corporate-bos-equipement/;—;hors périmètre;0;bluevista.ch ne bascule PAS le 4 septembre (arbitrage Giz, 21/08). Le site suisse doit être RÉÉCRIT — ton propre, vie autonome — ce qui en fait un projet éditorial, pas un portage. Domaine chez OVH. Migration envisagée en octobre, une fois le déploiement français éprouvé.
ch;réalisation;/nos-realisations/e-xpert-solutions-aftermovie-ecd-2023/;—;hors périmètre;0;bluevista.ch ne bascule PAS le 4 septembre (arbitrage Giz, 21/08). Le site suisse doit être RÉÉCRIT — ton propre, vie autonome — ce qui en fait un projet éditorial, pas un portage. Domaine chez OVH. Migration envisagée en octobre, une fois le déploiement français éprouvé.
ch;réalisation;/nos-realisations/abb-snk-3d-marine/;—;hors périmètre;0;bluevista.ch ne bascule PAS le 4 septembre (arbitrage Giz, 21/08). Le site suisse doit être RÉÉCRIT — ton propre, vie autonome — ce qui en fait un projet éditorial, pas un portage. Domaine chez OVH. Migration envisagée en octobre, une fois le déploiement français éprouvé.
en;page;/internship-request/;;—;0;⏳ en attente — aucun contenu publié dans cette langue
en;page;/recruitment-request/;;—;0;⏳ en attente — aucun contenu publié dans cette langue
en;page;/thank-you-for-your-request/;;—;0;⏳ en attente — aucun contenu publié dans cette langue
en;page;/film-production-automotive/;;—;0;⏳ en attente — aucun contenu publié dans cette langue
en;page;/film-production-real-estate-construction/;;—;0;⏳ en attente — aucun contenu publié dans cette langue
en;page;/film-production-events/;;—;0;⏳ en attente — aucun contenu publié dans cette langue
en;page;/film-production-real-estate/;;—;0;⏳ en attente — aucun contenu publié dans cette langue
en;page;/promotional-video/;;—;0;⏳ en attente — aucun contenu publié dans cette langue
en;page;/corporate-film-lyon-15-years-of-experience/;;—;0;⏳ en attente — aucun contenu publié dans cette langue
en;page;/corporate-films-in-lyon-since-2004/;;—;0;⏳ en attente — aucun contenu publié dans cette langue
en;actualité;/actualites/sponsorship-club-lyon-la-duchere/;;—;0;⏳ en attente — aucun contenu publié dans cette langue
en;actualité;/actualites/equita-lyon-dailynews/;;—;0;⏳ en attente — aucun contenu publié dans cette langue
en;actualité;/actualites/vercors-the-paths-of-freedom/;;—;0;⏳ en attente — aucun contenu publié dans cette langue
en;actualité;/actualites/bluevista-video-showreel-2023/;;—;0;⏳ en attente — aucun contenu publié dans cette langue
en;actualité;/actualites/guitare-en-scene-2022/;;—;0;⏳ en attente — aucun contenu publié dans cette langue
en;actualité;/actualites/bluevista-creative-la-pizza/;;—;0;⏳ en attente — aucun contenu publié dans cette langue
en;actualité;/actualites/corporate-film-video-15-years-of-experience/;;—;0;⏳ en attente — aucun contenu publié dans cette langue
en;actualité;/actualites/bluevista-video-showreel-2020/;;—;0;⏳ en attente — aucun contenu publié dans cette langue
en;actualité;/actualites/equita-lyon-2019-daily-news/;;—;0;⏳ en attente — aucun contenu publié dans cette langue
en;actualité;/actualites/educational-motion-design/;;—;0;⏳ en attente — aucun contenu publié dans cette langue
en;actualité;/actualites/our-latest-interviews/;;—;0;⏳ en attente — aucun contenu publié dans cette langue
en;actualité;/actualites/discover-our-new-3d-demo-reel/;;—;0;⏳ en attente — aucun contenu publié dans cette langue
en;actualité;/actualites/product-presentation-film/;;—;0;⏳ en attente — aucun contenu publié dans cette langue
en;actualité;/actualites/show-reel-motion-design/;;—;0;⏳ en attente — aucun contenu publié dans cette langue
en;actualité;/actualites/video-greeting-card/;;—;0;⏳ en attente — aucun contenu publié dans cette langue
en;actualité;/actualites/show-reel-videos-drone/;;—;0;⏳ en attente — aucun contenu publié dans cette langue
en;actualité;/actualites/corporate-film-production/;;—;0;⏳ en attente — aucun contenu publié dans cette langue
en;actualité;/actualites/social-wall-for-vip-area/;;—;0;⏳ en attente — aucun contenu publié dans cette langue
en;actualité;/actualites/after-movie-fubiz-talks-2018/;;—;0;⏳ en attente — aucun contenu publié dans cette langue
en;actualité;/actualites/series-of-6-promotional-videos-for-abb-snk-products/;;—;0;⏳ en attente — aucun contenu publié dans cette langue
en;actualité;/actualites/production-of-3-in-studio-clips-for-riso/;;—;0;⏳ en attente — aucun contenu publié dans cette langue
en;actualité;/actualites/old-fashioned-motion-design-making-of/;;—;0;⏳ en attente — aucun contenu publié dans cette langue
en;actualité;/actualites/oculus-virtual-reality-at-bluevista/;;—;0;⏳ en attente — aucun contenu publié dans cette langue
en;actualité;/actualites/video-and-website-funseaker-yacht/;;—;0;⏳ en attente — aucun contenu publié dans cette langue
en;actualité;/actualites/our-first-drone-flight-was-in-2012/;;—;0;⏳ en attente — aucun contenu publié dans cette langue
en;réalisation;/nos-realisations/icsi-briefing-debriefing-minute-darret-2/;;—;0;⏳ en attente — aucun contenu publié dans cette langue
en;réalisation;/nos-realisations/icsi-briefing-debriefing-minute-darret-3/;;—;0;⏳ en attente — aucun contenu publié dans cette langue
en;réalisation;/nos-realisations/sfs-lifeline/;;—;0;⏳ en attente — aucun contenu publié dans cette langue
en;réalisation;/nos-realisations/pnr-vercors-les-chemins-de-la-liberte-the-carteaux-hut/;;—;0;⏳ en attente — aucun contenu publié dans cette langue
en;réalisation;/nos-realisations/santos-i-grind-coffee-grinder-teaser/;;—;0;⏳ en attente — aucun contenu publié dans cette langue
en;réalisation;/nos-realisations/gl-events-equita-lyon-dailynews-2023/;;—;0;⏳ en attente — aucun contenu publié dans cette langue
en;réalisation;/nos-realisations/;;—;0;⏳ en attente — aucun contenu publié dans cette langue
en;réalisation;/nos-realisations/;;—;0;⏳ en attente — aucun contenu publié dans cette langue
en;réalisation;/nos-realisations/;;—;0;⏳ en attente — aucun contenu publié dans cette langue
en;réalisation;/nos-realisations/amplitude-2023-wishes/;;—;0;⏳ en attente — aucun contenu publié dans cette langue
en;réalisation;/nos-realisations/lyon-la-duchere-christmas-tree/;;—;0;⏳ en attente — aucun contenu publié dans cette langue
en;réalisation;/nos-realisations/artcurial-mapping/;;—;0;⏳ en attente — aucun contenu publié dans cette langue
en;réalisation;/nos-realisations/e-xpert-solutions-aftermovie-ecd-2023/;;—;0;⏳ en attente — aucun contenu publié dans cette langue
en;réalisation;/nos-realisations/amplitude-greetings-2024/;;—;0;⏳ en attente — aucun contenu publié dans cette langue
en;réalisation;/nos-realisations/guitare-en-scene-edition-2023/;;—;0;⏳ en attente — aucun contenu publié dans cette langue
en;réalisation;/nos-realisations/koesio-greetings-2023/;;—;0;⏳ en attente — aucun contenu publié dans cette langue
en;réalisation;/nos-realisations/servier-colorectal-cancer/;;—;0;⏳ en attente — aucun contenu publié dans cette langue
en;réalisation;/nos-realisations/gl-events-equita-lyon-dailynews-2022/;;—;0;⏳ en attente — aucun contenu publié dans cette langue
en;réalisation;/nos-realisations/mlt-superscrew/;;—;0;⏳ en attente — aucun contenu publié dans cette langue
en;réalisation;/nos-realisations/e-xpert-solutions-aftermovie-ecd-2022/;;—;0;⏳ en attente — aucun contenu publié dans cette langue
en;réalisation;/nos-realisations/e-xpert-solutions-atdefense/;;—;0;⏳ en attente — aucun contenu publié dans cette langue
en;réalisation;/nos-realisations/guitare-en-scene-2022-edition/;;—;0;⏳ en attente — aucun contenu publié dans cette langue
en;réalisation;/nos-realisations/koesio-greetings-2022/;;—;0;⏳ en attente — aucun contenu publié dans cette langue
en;réalisation;/nos-realisations/aravi-season-2022-2023/;;—;0;⏳ en attente — aucun contenu publié dans cette langue
en;réalisation;/nos-realisations/bluevista-showreel-2023/;;—;0;⏳ en attente — aucun contenu publié dans cette langue
en;réalisation;/nos-realisations/e-xpert-solutions-voeux-2022/;;—;0;⏳ en attente — aucun contenu publié dans cette langue
en;réalisation;/nos-realisations/spring-new-identity/;;—;0;⏳ en attente — aucun contenu publié dans cette langue
en;réalisation;/nos-realisations/santos-blender66/;;—;0;⏳ en attente — aucun contenu publié dans cette langue
en;réalisation;/nos-realisations/neurones-it-video-greetings-2021/;;—;0;⏳ en attente — aucun contenu publié dans cette langue
en;réalisation;/nos-realisations/bluevista-showreel-2021/;;—;0;⏳ en attente — aucun contenu publié dans cette langue
en;réalisation;/nos-realisations/bluevista-showreel-2022/;;—;0;⏳ en attente — aucun contenu publié dans cette langue
en;réalisation;/nos-realisations/bluevista-creative-a-virtual-world-1-motorcycles/;;—;0;⏳ en attente — aucun contenu publié dans cette langue
en;réalisation;/nos-realisations/bluevista-creative-a-real-team-2-diversity/;;—;0;⏳ en attente — aucun contenu publié dans cette langue
en;réalisation;/nos-realisations/lpa-50-years/;;—;0;⏳ en attente — aucun contenu publié dans cette langue
en;réalisation;/nos-realisations/motion-design-veama/;;—;0;⏳ en attente — aucun contenu publié dans cette langue
en;réalisation;/nos-realisations/bluevista-showreel-2019/;;—;0;⏳ en attente — aucun contenu publié dans cette langue
en;réalisation;/nos-realisations/waygoo-motion-design/;;—;0;⏳ en attente — aucun contenu publié dans cette langue
en;réalisation;/nos-realisations/santos-film-produced/;;—;0;⏳ en attente — aucun contenu publié dans cette langue
en;réalisation;/nos-realisations/cpro-1-minute-video-presentation/;;—;0;⏳ en attente — aucun contenu publié dans cette langue
en;réalisation;/nos-realisations/gf-ds-family/;;—;0;⏳ en attente — aucun contenu publié dans cette langue
en;réalisation;/nos-realisations/40-years-siparex/;;—;0;⏳ en attente — aucun contenu publié dans cette langue
en;réalisation;/nos-realisations/tetro-fubiztalks-2017/;;—;0;⏳ en attente — aucun contenu publié dans cette langue
en;réalisation;/nos-realisations/tetro-deepweb/;;—;0;⏳ en attente — aucun contenu publié dans cette langue
en;réalisation;/nos-realisations/mapping-bocuse-dor-2013/;;—;0;⏳ en attente — aucun contenu publié dans cette langue
en;réalisation;/nos-realisations/30-years-bocuse-dor-tamas-szell/;;—;0;⏳ en attente — aucun contenu publié dans cette langue
en;réalisation;/nos-realisations/cemoi-at-360/;;—;0;⏳ en attente — aucun contenu publié dans cette langue
en;réalisation;/nos-realisations/hitachi-triple-c/;;—;0;⏳ en attente — aucun contenu publié dans cette langue
en;réalisation;/nos-realisations/cisco-motion-design-5g/;;—;0;⏳ en attente — aucun contenu publié dans cette langue
en;réalisation;/nos-realisations/gf-cs/;;—;0;⏳ en attente — aucun contenu publié dans cette langue
en;réalisation;/nos-realisations/araymond-share/;;—;0;⏳ en attente — aucun contenu publié dans cette langue
en;réalisation;/nos-realisations/cera-fr/;;—;0;⏳ en attente — aucun contenu publié dans cette langue
en;réalisation;/nos-realisations/sgs-making-of/;;—;0;⏳ en attente — aucun contenu publié dans cette langue
en;réalisation;/nos-realisations/abb-af-contactor/;;—;0;⏳ en attente — aucun contenu publié dans cette langue
en;réalisation;/nos-realisations/sgs-protection-lab/;;—;0;⏳ en attente — aucun contenu publié dans cette langue
en;réalisation;/nos-realisations/nightswapping/;;—;0;⏳ en attente — aucun contenu publié dans cette langue
en;réalisation;/nos-realisations/tetro-ox/;;—;0;⏳ en attente — aucun contenu publié dans cette langue
en;réalisation;/nos-realisations/assisqual/;;—;0;⏳ en attente — aucun contenu publié dans cette langue
en;réalisation;/nos-realisations/tetro-avenue-83/;;—;0;⏳ en attente — aucun contenu publié dans cette langue
en;réalisation;/nos-realisations/serl-video-360-vr/;;—;0;⏳ en attente — aucun contenu publié dans cette langue
en;réalisation;/nos-realisations/abb-snk-3d-industry/;;—;0;⏳ en attente — aucun contenu publié dans cette langue
en;réalisation;/nos-realisations/cpro-greetings-2017/;;—;0;⏳ en attente — aucun contenu publié dans cette langue
en;réalisation;/nos-realisations/huawei-convention/;;—;0;⏳ en attente — aucun contenu publié dans cette langue
en;réalisation;/nos-realisations/abb-snk-3d-marine/;;—;0;⏳ en attente — aucun contenu publié dans cette langue
en;réalisation;/nos-realisations/american-vintage-video-store/;;—;0;⏳ en attente — aucun contenu publié dans cette langue
ch;page;/merci-demande-stage/;—;hors périmètre;0;bluevista.ch ne bascule PAS le 4 septembre (arbitrage Giz, 21/08). Le site suisse doit être RÉÉCRIT — ton propre, vie autonome — ce qui en fait un projet éditorial, pas un portage. Domaine chez OVH. Migration envisagée en octobre, une fois le déploiement français éprouvé.
ch;page;/merci-demande-recrutement/;—;hors périmètre;0;bluevista.ch ne bascule PAS le 4 septembre (arbitrage Giz, 21/08). Le site suisse doit être RÉÉCRIT — ton propre, vie autonome — ce qui en fait un projet éditorial, pas un portage. Domaine chez OVH. Migration envisagée en octobre, une fois le déploiement français éprouvé.
ch;page;/merci-demande/;—;hors périmètre;0;bluevista.ch ne bascule PAS le 4 septembre (arbitrage Giz, 21/08). Le site suisse doit être RÉÉCRIT — ton propre, vie autonome — ce qui en fait un projet éditorial, pas un portage. Domaine chez OVH. Migration envisagée en octobre, une fois le déploiement français éprouvé.
ch;page;/realisation-film-automotive/;—;hors périmètre;0;bluevista.ch ne bascule PAS le 4 septembre (arbitrage Giz, 21/08). Le site suisse doit être RÉÉCRIT — ton propre, vie autonome — ce qui en fait un projet éditorial, pas un portage. Domaine chez OVH. Migration envisagée en octobre, une fois le déploiement français éprouvé.
ch;page;/realisation-de-film-banques-assurances/;—;hors périmètre;0;bluevista.ch ne bascule PAS le 4 septembre (arbitrage Giz, 21/08). Le site suisse doit être RÉÉCRIT — ton propre, vie autonome — ce qui en fait un projet éditorial, pas un portage. Domaine chez OVH. Migration envisagée en octobre, une fois le déploiement français éprouvé.
ch;page;/realisation-film-construction-immobiliere/;—;hors périmètre;0;bluevista.ch ne bascule PAS le 4 septembre (arbitrage Giz, 21/08). Le site suisse doit être RÉÉCRIT — ton propre, vie autonome — ce qui en fait un projet éditorial, pas un portage. Domaine chez OVH. Migration envisagée en octobre, une fois le déploiement français éprouvé.
ch;page;/realisation-film-evenementiel/;—;hors périmètre;0;bluevista.ch ne bascule PAS le 4 septembre (arbitrage Giz, 21/08). Le site suisse doit être RÉÉCRIT — ton propre, vie autonome — ce qui en fait un projet éditorial, pas un portage. Domaine chez OVH. Migration envisagée en octobre, une fois le déploiement français éprouvé.
ch;page;/realisation-film-immobilier-real-estate/;—;hors périmètre;0;bluevista.ch ne bascule PAS le 4 septembre (arbitrage Giz, 21/08). Le site suisse doit être RÉÉCRIT — ton propre, vie autonome — ce qui en fait un projet éditorial, pas un portage. Domaine chez OVH. Migration envisagée en octobre, une fois le déploiement français éprouvé.
ch;page;/realisation-film-industrie/;—;hors périmètre;0;bluevista.ch ne bascule PAS le 4 septembre (arbitrage Giz, 21/08). Le site suisse doit être RÉÉCRIT — ton propre, vie autonome — ce qui en fait un projet éditorial, pas un portage. Domaine chez OVH. Migration envisagée en octobre, une fois le déploiement français éprouvé.
ch;page;/realisation-film-lancement-produit/;—;hors périmètre;0;bluevista.ch ne bascule PAS le 4 septembre (arbitrage Giz, 21/08). Le site suisse doit être RÉÉCRIT — ton propre, vie autonome — ce qui en fait un projet éditorial, pas un portage. Domaine chez OVH. Migration envisagée en octobre, une fois le déploiement français éprouvé.
ch;page;/realisation-film-sante/;—;hors périmètre;0;bluevista.ch ne bascule PAS le 4 septembre (arbitrage Giz, 21/08). Le site suisse doit être RÉÉCRIT — ton propre, vie autonome — ce qui en fait un projet éditorial, pas un portage. Domaine chez OVH. Migration envisagée en octobre, une fois le déploiement français éprouvé.
ch;page;/realisation-film-territoires/;—;hors périmètre;0;bluevista.ch ne bascule PAS le 4 septembre (arbitrage Giz, 21/08). Le site suisse doit être RÉÉCRIT — ton propre, vie autonome — ce qui en fait un projet éditorial, pas un portage. Domaine chez OVH. Migration envisagée en octobre, une fois le déploiement français éprouvé.
ch;page;/realisation-de-film-evenements/;—;hors périmètre;0;bluevista.ch ne bascule PAS le 4 septembre (arbitrage Giz, 21/08). Le site suisse doit être RÉÉCRIT — ton propre, vie autonome — ce qui en fait un projet éditorial, pas un portage. Domaine chez OVH. Migration envisagée en octobre, une fois le déploiement français éprouvé.
ch;page;/video-promotionnelle/;—;hors périmètre;0;bluevista.ch ne bascule PAS le 4 septembre (arbitrage Giz, 21/08). Le site suisse doit être RÉÉCRIT — ton propre, vie autonome — ce qui en fait un projet éditorial, pas un portage. Domaine chez OVH. Migration envisagée en octobre, une fois le déploiement français éprouvé.
ch;actualité;/actualites/showroom-virtuel-gf-machining-solutions/;—;hors périmètre;0;bluevista.ch ne bascule PAS le 4 septembre (arbitrage Giz, 21/08). Le site suisse doit être RÉÉCRIT — ton propre, vie autonome — ce qui en fait un projet éditorial, pas un portage. Domaine chez OVH. Migration envisagée en octobre, une fois le déploiement français éprouvé.
ch;actualité;/actualites/bluevista-video-showreel-2023/;—;hors périmètre;0;bluevista.ch ne bascule PAS le 4 septembre (arbitrage Giz, 21/08). Le site suisse doit être RÉÉCRIT — ton propre, vie autonome — ce qui en fait un projet éditorial, pas un portage. Domaine chez OVH. Migration envisagée en octobre, une fois le déploiement français éprouvé.
ch;actualité;/actualites/koesio-carte-de-voeux-2023/;—;hors périmètre;0;bluevista.ch ne bascule PAS le 4 septembre (arbitrage Giz, 21/08). Le site suisse doit être RÉÉCRIT — ton propre, vie autonome — ce qui en fait un projet éditorial, pas un portage. Domaine chez OVH. Migration envisagée en octobre, une fois le déploiement français éprouvé.
ch;actualité;/actualites/bluevista-video-showreel-2021/;—;hors périmètre;0;bluevista.ch ne bascule PAS le 4 septembre (arbitrage Giz, 21/08). Le site suisse doit être RÉÉCRIT — ton propre, vie autonome — ce qui en fait un projet éditorial, pas un portage. Domaine chez OVH. Migration envisagée en octobre, une fois le déploiement français éprouvé.
ch;actualité;/actualites/film-dentreprise-video-15-ans-dexperience/;—;hors périmètre;0;bluevista.ch ne bascule PAS le 4 septembre (arbitrage Giz, 21/08). Le site suisse doit être RÉÉCRIT — ton propre, vie autonome — ce qui en fait un projet éditorial, pas un portage. Domaine chez OVH. Migration envisagée en octobre, une fois le déploiement français éprouvé.
ch;actualité;/actualites/tournage-en-studio-film-produit-santos/;—;hors périmètre;0;bluevista.ch ne bascule PAS le 4 septembre (arbitrage Giz, 21/08). Le site suisse doit être RÉÉCRIT — ton propre, vie autonome — ce qui en fait un projet éditorial, pas un portage. Domaine chez OVH. Migration envisagée en octobre, une fois le déploiement français éprouvé.
ch;actualité;/actualites/bluevista-video-showreel-2020/;—;hors périmètre;0;bluevista.ch ne bascule PAS le 4 septembre (arbitrage Giz, 21/08). Le site suisse doit être RÉÉCRIT — ton propre, vie autonome — ce qui en fait un projet éditorial, pas un portage. Domaine chez OVH. Migration envisagée en octobre, une fois le déploiement français éprouvé.
ch;actualité;/actualites/motion-design-pedagogique/;—;hors périmètre;0;bluevista.ch ne bascule PAS le 4 septembre (arbitrage Giz, 21/08). Le site suisse doit être RÉÉCRIT — ton propre, vie autonome — ce qui en fait un projet éditorial, pas un portage. Domaine chez OVH. Migration envisagée en octobre, une fois le déploiement français éprouvé.
ch;actualité;/actualites/motion-design-3d-et-mapping-a-paris-au-musee-rodin/;—;hors périmètre;0;bluevista.ch ne bascule PAS le 4 septembre (arbitrage Giz, 21/08). Le site suisse doit être RÉÉCRIT — ton propre, vie autonome — ce qui en fait un projet éditorial, pas un portage. Domaine chez OVH. Migration envisagée en octobre, une fois le déploiement français éprouvé.
ch;actualité;/actualites/streaming-live-et-webtv-demo-2018/;—;hors périmètre;0;bluevista.ch ne bascule PAS le 4 septembre (arbitrage Giz, 21/08). Le site suisse doit être RÉÉCRIT — ton propre, vie autonome — ce qui en fait un projet éditorial, pas un portage. Domaine chez OVH. Migration envisagée en octobre, une fois le déploiement français éprouvé.
ch;actualité;/actualites/nos-dernieres-interviews/;—;hors périmètre;0;bluevista.ch ne bascule PAS le 4 septembre (arbitrage Giz, 21/08). Le site suisse doit être RÉÉCRIT — ton propre, vie autonome — ce qui en fait un projet éditorial, pas un portage. Domaine chez OVH. Migration envisagée en octobre, une fois le déploiement français éprouvé.
ch;actualité;/actualites/decouvrez-notre-nouvelle-bande-demo-3d/;—;hors périmètre;0;bluevista.ch ne bascule PAS le 4 septembre (arbitrage Giz, 21/08). Le site suisse doit être RÉÉCRIT — ton propre, vie autonome — ce qui en fait un projet éditorial, pas un portage. Domaine chez OVH. Migration envisagée en octobre, une fois le déploiement français éprouvé.
ch;actualité;/actualites/film-de-presentation-produit/;—;hors périmètre;0;bluevista.ch ne bascule PAS le 4 septembre (arbitrage Giz, 21/08). Le site suisse doit être RÉÉCRIT — ton propre, vie autonome — ce qui en fait un projet éditorial, pas un portage. Domaine chez OVH. Migration envisagée en octobre, une fois le déploiement français éprouvé.
ch;actualité;/actualites/show-reel-motion-design/;—;hors périmètre;0;bluevista.ch ne bascule PAS le 4 septembre (arbitrage Giz, 21/08). Le site suisse doit être RÉÉCRIT — ton propre, vie autonome — ce qui en fait un projet éditorial, pas un portage. Domaine chez OVH. Migration envisagée en octobre, une fois le déploiement français éprouvé.
ch;actualité;/actualites/carte-de-voeux-video/;—;hors périmètre;0;bluevista.ch ne bascule PAS le 4 septembre (arbitrage Giz, 21/08). Le site suisse doit être RÉÉCRIT — ton propre, vie autonome — ce qui en fait un projet éditorial, pas un portage. Domaine chez OVH. Migration envisagée en octobre, une fois le déploiement français éprouvé.
ch;actualité;/actualites/show-reel-videos-drone/;—;hors périmètre;0;bluevista.ch ne bascule PAS le 4 septembre (arbitrage Giz, 21/08). Le site suisse doit être RÉÉCRIT — ton propre, vie autonome — ce qui en fait un projet éditorial, pas un portage. Domaine chez OVH. Migration envisagée en octobre, une fois le déploiement français éprouvé.
ch;actualité;/actualites/realisation-de-film-dentreprise-ou-corporate/;—;hors périmètre;0;bluevista.ch ne bascule PAS le 4 septembre (arbitrage Giz, 21/08). Le site suisse doit être RÉÉCRIT — ton propre, vie autonome — ce qui en fait un projet éditorial, pas un portage. Domaine chez OVH. Migration envisagée en octobre, une fois le déploiement français éprouvé.
ch;actualité;/actualites/social-wall-pour-espace-vip/;—;hors périmètre;0;bluevista.ch ne bascule PAS le 4 septembre (arbitrage Giz, 21/08). Le site suisse doit être RÉÉCRIT — ton propre, vie autonome — ce qui en fait un projet éditorial, pas un portage. Domaine chez OVH. Migration envisagée en octobre, une fois le déploiement français éprouvé.
ch;actualité;/actualites/animation-3d-produit-hitachi-csnet-manager/;—;hors périmètre;0;bluevista.ch ne bascule PAS le 4 septembre (arbitrage Giz, 21/08). Le site suisse doit être RÉÉCRIT — ton propre, vie autonome — ce qui en fait un projet éditorial, pas un portage. Domaine chez OVH. Migration envisagée en octobre, une fois le déploiement français éprouvé.
ch;actualité;/actualites/realisation-immersion-360-degres-dameuse-pisten-bully/;—;hors périmètre;0;bluevista.ch ne bascule PAS le 4 septembre (arbitrage Giz, 21/08). Le site suisse doit être RÉÉCRIT — ton propre, vie autonome — ce qui en fait un projet éditorial, pas un portage. Domaine chez OVH. Migration envisagée en octobre, une fois le déploiement français éprouvé.
ch;actualité;/actualites/serie-de-6-videos-promotionnelles-pour-les-produits-abb-snk/;—;hors périmètre;0;bluevista.ch ne bascule PAS le 4 septembre (arbitrage Giz, 21/08). Le site suisse doit être RÉÉCRIT — ton propre, vie autonome — ce qui en fait un projet éditorial, pas un portage. Domaine chez OVH. Migration envisagée en octobre, une fois le déploiement français éprouvé.
ch;actualité;/actualites/animation-3d-grande-arche-de-la-defense/;—;hors périmètre;0;bluevista.ch ne bascule PAS le 4 septembre (arbitrage Giz, 21/08). Le site suisse doit être RÉÉCRIT — ton propre, vie autonome — ce qui en fait un projet éditorial, pas un portage. Domaine chez OVH. Migration envisagée en octobre, une fois le déploiement français éprouvé.
ch;actualité;/actualites/realisation-de-3-clips-produit-en-studio-pour-la-societe-riso/;—;hors périmètre;0;bluevista.ch ne bascule PAS le 4 septembre (arbitrage Giz, 21/08). Le site suisse doit être RÉÉCRIT — ton propre, vie autonome — ce qui en fait un projet éditorial, pas un portage. Domaine chez OVH. Migration envisagée en octobre, une fois le déploiement français éprouvé.
ch;actualité;/actualites/nouveau-materiel-motion-control-kessler/;—;hors périmètre;0;bluevista.ch ne bascule PAS le 4 septembre (arbitrage Giz, 21/08). Le site suisse doit être RÉÉCRIT — ton propre, vie autonome — ce qui en fait un projet éditorial, pas un portage. Domaine chez OVH. Migration envisagée en octobre, une fois le déploiement français éprouvé.
ch;actualité;/actualites/timelapse-de-tournage-en-studio/;—;hors périmètre;0;bluevista.ch ne bascule PAS le 4 septembre (arbitrage Giz, 21/08). Le site suisse doit être RÉÉCRIT — ton propre, vie autonome — ce qui en fait un projet éditorial, pas un portage. Domaine chez OVH. Migration envisagée en octobre, une fois le déploiement français éprouvé.
ch;actualité;/actualites/projection-semi-transparente-immersive-pour-linauguration-dun-batiment/;—;hors périmètre;0;bluevista.ch ne bascule PAS le 4 septembre (arbitrage Giz, 21/08). Le site suisse doit être RÉÉCRIT — ton propre, vie autonome — ce qui en fait un projet éditorial, pas un portage. Domaine chez OVH. Migration envisagée en octobre, une fois le déploiement français éprouvé.
ch;actualité;/actualites/un-motion-design-a-lancienne-making-of/;—;hors périmètre;0;bluevista.ch ne bascule PAS le 4 septembre (arbitrage Giz, 21/08). Le site suisse doit être RÉÉCRIT — ton propre, vie autonome — ce qui en fait un projet éditorial, pas un portage. Domaine chez OVH. Migration envisagée en octobre, une fois le déploiement français éprouvé.
ch;actualité;/actualites/projet-de-realisation-video-360/;—;hors périmètre;0;bluevista.ch ne bascule PAS le 4 septembre (arbitrage Giz, 21/08). Le site suisse doit être RÉÉCRIT — ton propre, vie autonome — ce qui en fait un projet éditorial, pas un portage. Domaine chez OVH. Migration envisagée en octobre, une fois le déploiement français éprouvé.
ch;actualité;/actualites/la-realite-virtuelle-oculus-a-bluevista/;—;hors périmètre;0;bluevista.ch ne bascule PAS le 4 septembre (arbitrage Giz, 21/08). Le site suisse doit être RÉÉCRIT — ton propre, vie autonome — ce qui en fait un projet éditorial, pas un portage. Domaine chez OVH. Migration envisagée en octobre, une fois le déploiement français éprouvé.
ch;actualité;/actualites/video-immersive-360/;—;hors périmètre;0;bluevista.ch ne bascule PAS le 4 septembre (arbitrage Giz, 21/08). Le site suisse doit être RÉÉCRIT — ton propre, vie autonome — ce qui en fait un projet éditorial, pas un portage. Domaine chez OVH. Migration envisagée en octobre, une fois le déploiement français éprouvé.
ch;actualité;/actualites/video-et-site-web-funseaker-yacht/;—;hors périmètre;0;bluevista.ch ne bascule PAS le 4 septembre (arbitrage Giz, 21/08). Le site suisse doit être RÉÉCRIT — ton propre, vie autonome — ce qui en fait un projet éditorial, pas un portage. Domaine chez OVH. Migration envisagée en octobre, une fois le déploiement français éprouvé.
ch;actualité;/actualites/premier-vol-drone/;—;hors périmètre;0;bluevista.ch ne bascule PAS le 4 septembre (arbitrage Giz, 21/08). Le site suisse doit être RÉÉCRIT — ton propre, vie autonome — ce qui en fait un projet éditorial, pas un portage. Domaine chez OVH. Migration envisagée en octobre, une fois le déploiement français éprouvé.
ch;réalisation;/nos-realisations/amplitude-voeux-2023/;—;hors périmètre;0;bluevista.ch ne bascule PAS le 4 septembre (arbitrage Giz, 21/08). Le site suisse doit être RÉÉCRIT — ton propre, vie autonome — ce qui en fait un projet éditorial, pas un portage. Domaine chez OVH. Migration envisagée en octobre, une fois le déploiement français éprouvé.
ch;réalisation;/nos-realisations/koesio-voeux-2024/;—;hors périmètre;0;bluevista.ch ne bascule PAS le 4 septembre (arbitrage Giz, 21/08). Le site suisse doit être RÉÉCRIT — ton propre, vie autonome — ce qui en fait un projet éditorial, pas un portage. Domaine chez OVH. Migration envisagée en octobre, une fois le déploiement français éprouvé.
ch;réalisation;/nos-realisations/amplitude-voeux-2024/;—;hors périmètre;0;bluevista.ch ne bascule PAS le 4 septembre (arbitrage Giz, 21/08). Le site suisse doit être RÉÉCRIT — ton propre, vie autonome — ce qui en fait un projet éditorial, pas un portage. Domaine chez OVH. Migration envisagée en octobre, une fois le déploiement français éprouvé.
ch;réalisation;/nos-realisations/guitare-en-scene-edition-2023/;—;hors périmètre;0;bluevista.ch ne bascule PAS le 4 septembre (arbitrage Giz, 21/08). Le site suisse doit être RÉÉCRIT — ton propre, vie autonome — ce qui en fait un projet éditorial, pas un portage. Domaine chez OVH. Migration envisagée en octobre, une fois le déploiement français éprouvé.
ch;réalisation;/nos-realisations/servier-cancer-colorectal/;—;hors périmètre;0;bluevista.ch ne bascule PAS le 4 septembre (arbitrage Giz, 21/08). Le site suisse doit être RÉÉCRIT — ton propre, vie autonome — ce qui en fait un projet éditorial, pas un portage. Domaine chez OVH. Migration envisagée en octobre, une fois le déploiement français éprouvé.
ch;réalisation;/nos-realisations/mlt-superscrew/;—;hors périmètre;0;bluevista.ch ne bascule PAS le 4 septembre (arbitrage Giz, 21/08). Le site suisse doit être RÉÉCRIT — ton propre, vie autonome — ce qui en fait un projet éditorial, pas un portage. Domaine chez OVH. Migration envisagée en octobre, une fois le déploiement français éprouvé.
ch;réalisation;/nos-realisations/e-xpert-solutions-aftermovie-ecd-2022/;—;hors périmètre;0;bluevista.ch ne bascule PAS le 4 septembre (arbitrage Giz, 21/08). Le site suisse doit être RÉÉCRIT — ton propre, vie autonome — ce qui en fait un projet éditorial, pas un portage. Domaine chez OVH. Migration envisagée en octobre, une fois le déploiement français éprouvé.
ch;réalisation;/nos-realisations/e-xpert-solutions-at-defense/;—;hors périmètre;0;bluevista.ch ne bascule PAS le 4 septembre (arbitrage Giz, 21/08). Le site suisse doit être RÉÉCRIT — ton propre, vie autonome — ce qui en fait un projet éditorial, pas un portage. Domaine chez OVH. Migration envisagée en octobre, une fois le déploiement français éprouvé.
ch;réalisation;/nos-realisations/e-xpert-solutions-ecd/;—;hors périmètre;0;bluevista.ch ne bascule PAS le 4 septembre (arbitrage Giz, 21/08). Le site suisse doit être RÉÉCRIT — ton propre, vie autonome — ce qui en fait un projet éditorial, pas un portage. Domaine chez OVH. Migration envisagée en octobre, une fois le déploiement français éprouvé.
ch;réalisation;/nos-realisations/e-xpert-solutions-devsecops/;—;hors périmètre;0;bluevista.ch ne bascule PAS le 4 septembre (arbitrage Giz, 21/08). Le site suisse doit être RÉÉCRIT — ton propre, vie autonome — ce qui en fait un projet éditorial, pas un portage. Domaine chez OVH. Migration envisagée en octobre, une fois le déploiement français éprouvé.
ch;réalisation;/nos-realisations/e-xpert-solutions-zero-trust/;—;hors périmètre;0;bluevista.ch ne bascule PAS le 4 septembre (arbitrage Giz, 21/08). Le site suisse doit être RÉÉCRIT — ton propre, vie autonome — ce qui en fait un projet éditorial, pas un portage. Domaine chez OVH. Migration envisagée en octobre, une fois le déploiement français éprouvé.
ch;réalisation;/nos-realisations/guitare-en-scene-edition-2022/;—;hors périmètre;0;bluevista.ch ne bascule PAS le 4 septembre (arbitrage Giz, 21/08). Le site suisse doit être RÉÉCRIT — ton propre, vie autonome — ce qui en fait un projet éditorial, pas un portage. Domaine chez OVH. Migration envisagée en octobre, une fois le déploiement français éprouvé.
ch;réalisation;/nos-realisations/bluevista-showreel-2023/;—;hors périmètre;0;bluevista.ch ne bascule PAS le 4 septembre (arbitrage Giz, 21/08). Le site suisse doit être RÉÉCRIT — ton propre, vie autonome — ce qui en fait un projet éditorial, pas un portage. Domaine chez OVH. Migration envisagée en octobre, une fois le déploiement français éprouvé.
ch;réalisation;/nos-realisations/e-xpert-solutions-voeux-2022/;—;hors périmètre;0;bluevista.ch ne bascule PAS le 4 septembre (arbitrage Giz, 21/08). Le site suisse doit être RÉÉCRIT — ton propre, vie autonome — ce qui en fait un projet éditorial, pas un portage. Domaine chez OVH. Migration envisagée en octobre, une fois le déploiement français éprouvé.
ch;réalisation;/nos-realisations/santos-blender66/;—;hors périmètre;0;bluevista.ch ne bascule PAS le 4 septembre (arbitrage Giz, 21/08). Le site suisse doit être RÉÉCRIT — ton propre, vie autonome — ce qui en fait un projet éditorial, pas un portage. Domaine chez OVH. Migration envisagée en octobre, une fois le déploiement français éprouvé.
ch;réalisation;/nos-realisations/neurones-it-video-voeux-2021/;—;hors périmètre;0;bluevista.ch ne bascule PAS le 4 septembre (arbitrage Giz, 21/08). Le site suisse doit être RÉÉCRIT — ton propre, vie autonome — ce qui en fait un projet éditorial, pas un portage. Domaine chez OVH. Migration envisagée en octobre, une fois le déploiement français éprouvé.
ch;réalisation;/nos-realisations/verizon-connect-video-de-presentation/;—;hors périmètre;0;bluevista.ch ne bascule PAS le 4 septembre (arbitrage Giz, 21/08). Le site suisse doit être RÉÉCRIT — ton propre, vie autonome — ce qui en fait un projet éditorial, pas un portage. Domaine chez OVH. Migration envisagée en octobre, une fois le déploiement français éprouvé.
ch;réalisation;/nos-realisations/bluevista-creative-un-monde-virtuel-1-la-moto/;—;hors périmètre;0;bluevista.ch ne bascule PAS le 4 septembre (arbitrage Giz, 21/08). Le site suisse doit être RÉÉCRIT — ton propre, vie autonome — ce qui en fait un projet éditorial, pas un portage. Domaine chez OVH. Migration envisagée en octobre, une fois le déploiement français éprouvé.
ch;réalisation;/nos-realisations/bluevista-creative-unicorn-team/;—;hors périmètre;0;bluevista.ch ne bascule PAS le 4 septembre (arbitrage Giz, 21/08). Le site suisse doit être RÉÉCRIT — ton propre, vie autonome — ce qui en fait un projet éditorial, pas un portage. Domaine chez OVH. Migration envisagée en octobre, une fois le déploiement français éprouvé.
ch;réalisation;/nos-realisations/bluevista-creative-une-vraie-equipe-3-la-productivite/;—;hors périmètre;0;bluevista.ch ne bascule PAS le 4 septembre (arbitrage Giz, 21/08). Le site suisse doit être RÉÉCRIT — ton propre, vie autonome — ce qui en fait un projet éditorial, pas un portage. Domaine chez OVH. Migration envisagée en octobre, une fois le déploiement français éprouvé.
ch;réalisation;/nos-realisations/bluevista-creative-une-vraie-equipe-2-la-diversite/;—;hors périmètre;0;bluevista.ch ne bascule PAS le 4 septembre (arbitrage Giz, 21/08). Le site suisse doit être RÉÉCRIT — ton propre, vie autonome — ce qui en fait un projet éditorial, pas un portage. Domaine chez OVH. Migration envisagée en octobre, une fois le déploiement français éprouvé.
ch;réalisation;/nos-realisations/bluevista-creative-une-vraie-equipe-1-la-flexibilite/;—;hors périmètre;0;bluevista.ch ne bascule PAS le 4 septembre (arbitrage Giz, 21/08). Le site suisse doit être RÉÉCRIT — ton propre, vie autonome — ce qui en fait un projet éditorial, pas un portage. Domaine chez OVH. Migration envisagée en octobre, une fois le déploiement français éprouvé.
ch;réalisation;/nos-realisations/bluevista-creative-la-pizza/;—;hors périmètre;0;bluevista.ch ne bascule PAS le 4 septembre (arbitrage Giz, 21/08). Le site suisse doit être RÉÉCRIT — ton propre, vie autonome — ce qui en fait un projet éditorial, pas un portage. Domaine chez OVH. Migration envisagée en octobre, une fois le déploiement français éprouvé.
ch;réalisation;/nos-realisations/santos-film-produit/;—;hors périmètre;0;bluevista.ch ne bascule PAS le 4 septembre (arbitrage Giz, 21/08). Le site suisse doit être RÉÉCRIT — ton propre, vie autonome — ce qui en fait un projet éditorial, pas un portage. Domaine chez OVH. Migration envisagée en octobre, une fois le déploiement français éprouvé.
ch;réalisation;/nos-realisations/presentation-video-cpro-en-1-minute/;—;hors périmètre;0;bluevista.ch ne bascule PAS le 4 septembre (arbitrage Giz, 21/08). Le site suisse doit être RÉÉCRIT — ton propre, vie autonome — ce qui en fait un projet éditorial, pas un portage. Domaine chez OVH. Migration envisagée en octobre, une fois le déploiement français éprouvé.
ch;réalisation;/nos-realisations/tetro-stalactite-light-show/;—;hors périmètre;0;bluevista.ch ne bascule PAS le 4 septembre (arbitrage Giz, 21/08). Le site suisse doit être RÉÉCRIT — ton propre, vie autonome — ce qui en fait un projet éditorial, pas un portage. Domaine chez OVH. Migration envisagée en octobre, une fois le déploiement français éprouvé.
ch;réalisation;/nos-realisations/gf-ds-family/;—;hors périmètre;0;bluevista.ch ne bascule PAS le 4 septembre (arbitrage Giz, 21/08). Le site suisse doit être RÉÉCRIT — ton propre, vie autonome — ce qui en fait un projet éditorial, pas un portage. Domaine chez OVH. Migration envisagée en octobre, une fois le déploiement français éprouvé.
ch;réalisation;/nos-realisations/amplitude-voeux-2018/;—;hors périmètre;0;bluevista.ch ne bascule PAS le 4 septembre (arbitrage Giz, 21/08). Le site suisse doit être RÉÉCRIT — ton propre, vie autonome — ce qui en fait un projet éditorial, pas un portage. Domaine chez OVH. Migration envisagée en octobre, une fois le déploiement français éprouvé.
ch;réalisation;/nos-realisations/40-ans-siparex/;—;hors périmètre;0;bluevista.ch ne bascule PAS le 4 septembre (arbitrage Giz, 21/08). Le site suisse doit être RÉÉCRIT — ton propre, vie autonome — ce qui en fait un projet éditorial, pas un portage. Domaine chez OVH. Migration envisagée en octobre, une fois le déploiement français éprouvé.
ch;réalisation;/nos-realisations/mapping-toky/;—;hors périmètre;0;bluevista.ch ne bascule PAS le 4 septembre (arbitrage Giz, 21/08). Le site suisse doit être RÉÉCRIT — ton propre, vie autonome — ce qui en fait un projet éditorial, pas un portage. Domaine chez OVH. Migration envisagée en octobre, une fois le déploiement français éprouvé.
ch;réalisation;/nos-realisations/eiffage-energie-expercite/;—;hors périmètre;0;bluevista.ch ne bascule PAS le 4 septembre (arbitrage Giz, 21/08). Le site suisse doit être RÉÉCRIT — ton propre, vie autonome — ce qui en fait un projet éditorial, pas un portage. Domaine chez OVH. Migration envisagée en octobre, une fois le déploiement français éprouvé.
ch;réalisation;/nos-realisations/amplitude-amplivision/;—;hors périmètre;0;bluevista.ch ne bascule PAS le 4 septembre (arbitrage Giz, 21/08). Le site suisse doit être RÉÉCRIT — ton propre, vie autonome — ce qui en fait un projet éditorial, pas un portage. Domaine chez OVH. Migration envisagée en octobre, une fois le déploiement français éprouvé.
ch;réalisation;/nos-realisations/gloupii/;—;hors périmètre;0;bluevista.ch ne bascule PAS le 4 septembre (arbitrage Giz, 21/08). Le site suisse doit être RÉÉCRIT — ton propre, vie autonome — ce qui en fait un projet éditorial, pas un portage. Domaine chez OVH. Migration envisagée en octobre, une fois le déploiement français éprouvé.
ch;réalisation;/nos-realisations/spc/;—;hors périmètre;0;bluevista.ch ne bascule PAS le 4 septembre (arbitrage Giz, 21/08). Le site suisse doit être RÉÉCRIT — ton propre, vie autonome — ce qui en fait un projet éditorial, pas un portage. Domaine chez OVH. Migration envisagée en octobre, une fois le déploiement français éprouvé.
ch;réalisation;/nos-realisations/mapping-bocuse-dor-2013/;—;hors périmètre;0;bluevista.ch ne bascule PAS le 4 septembre (arbitrage Giz, 21/08). Le site suisse doit être RÉÉCRIT — ton propre, vie autonome — ce qui en fait un projet éditorial, pas un portage. Domaine chez OVH. Migration envisagée en octobre, une fois le déploiement français éprouvé.
ch;réalisation;/nos-realisations/30-ans-bocuse-dor-tamas-szell/;—;hors périmètre;0;bluevista.ch ne bascule PAS le 4 septembre (arbitrage Giz, 21/08). Le site suisse doit être RÉÉCRIT — ton propre, vie autonome — ce qui en fait un projet éditorial, pas un portage. Domaine chez OVH. Migration envisagée en octobre, une fois le déploiement français éprouvé.
ch;réalisation;/nos-realisations/cemoi-a-360/;—;hors périmètre;0;bluevista.ch ne bascule PAS le 4 septembre (arbitrage Giz, 21/08). Le site suisse doit être RÉÉCRIT — ton propre, vie autonome — ce qui en fait un projet éditorial, pas un portage. Domaine chez OVH. Migration envisagée en octobre, une fois le déploiement français éprouvé.
ch;réalisation;/nos-realisations/hitachi-triple-c/;—;hors périmètre;0;bluevista.ch ne bascule PAS le 4 septembre (arbitrage Giz, 21/08). Le site suisse doit être RÉÉCRIT — ton propre, vie autonome — ce qui en fait un projet éditorial, pas un portage. Domaine chez OVH. Migration envisagée en octobre, une fois le déploiement français éprouvé.
ch;réalisation;/nos-realisations/hitachi-cs-net/;—;hors périmètre;0;bluevista.ch ne bascule PAS le 4 septembre (arbitrage Giz, 21/08). Le site suisse doit être RÉÉCRIT — ton propre, vie autonome — ce qui en fait un projet éditorial, pas un portage. Domaine chez OVH. Migration envisagée en octobre, une fois le déploiement français éprouvé.
ch;réalisation;/nos-realisations/pisten-bully-dameuse-360-vr/;—;hors périmètre;0;bluevista.ch ne bascule PAS le 4 septembre (arbitrage Giz, 21/08). Le site suisse doit être RÉÉCRIT — ton propre, vie autonome — ce qui en fait un projet éditorial, pas un portage. Domaine chez OVH. Migration envisagée en octobre, une fois le déploiement français éprouvé.
ch;réalisation;/nos-realisations/cisco-4/;—;hors périmètre;0;bluevista.ch ne bascule PAS le 4 septembre (arbitrage Giz, 21/08). Le site suisse doit être RÉÉCRIT — ton propre, vie autonome — ce qui en fait un projet éditorial, pas un portage. Domaine chez OVH. Migration envisagée en octobre, une fois le déploiement français éprouvé.
ch;réalisation;/nos-realisations/film-corporate-gf-core/;—;hors périmètre;0;bluevista.ch ne bascule PAS le 4 septembre (arbitrage Giz, 21/08). Le site suisse doit être RÉÉCRIT — ton propre, vie autonome — ce qui en fait un projet éditorial, pas un portage. Domaine chez OVH. Migration envisagée en octobre, une fois le déploiement français éprouvé.
ch;réalisation;/nos-realisations/cisco-1/;—;hors périmètre;0;bluevista.ch ne bascule PAS le 4 septembre (arbitrage Giz, 21/08). Le site suisse doit être RÉÉCRIT — ton propre, vie autonome — ce qui en fait un projet éditorial, pas un portage. Domaine chez OVH. Migration envisagée en octobre, une fois le déploiement français éprouvé.
ch;réalisation;/nos-realisations/gf-gs/;—;hors périmètre;0;bluevista.ch ne bascule PAS le 4 septembre (arbitrage Giz, 21/08). Le site suisse doit être RÉÉCRIT — ton propre, vie autonome — ce qui en fait un projet éditorial, pas un portage. Domaine chez OVH. Migration envisagée en octobre, une fois le déploiement français éprouvé.
ch;réalisation;/nos-realisations/araymond-share/;—;hors périmètre;0;bluevista.ch ne bascule PAS le 4 septembre (arbitrage Giz, 21/08). Le site suisse doit être RÉÉCRIT — ton propre, vie autonome — ce qui en fait un projet éditorial, pas un portage. Domaine chez OVH. Migration envisagée en octobre, une fois le déploiement français éprouvé.
ch;réalisation;/nos-realisations/arrow-abox-memo/;—;hors périmètre;0;bluevista.ch ne bascule PAS le 4 septembre (arbitrage Giz, 21/08). Le site suisse doit être RÉÉCRIT — ton propre, vie autonome — ce qui en fait un projet éditorial, pas un portage. Domaine chez OVH. Migration envisagée en octobre, une fois le déploiement français éprouvé.
ch;réalisation;/nos-realisations/sgs-making-of/;—;hors périmètre;0;bluevista.ch ne bascule PAS le 4 septembre (arbitrage Giz, 21/08). Le site suisse doit être RÉÉCRIT — ton propre, vie autonome — ce qui en fait un projet éditorial, pas un portage. Domaine chez OVH. Migration envisagée en octobre, une fois le déploiement français éprouvé.
ch;réalisation;/nos-realisations/abb-af-contactor/;—;hors périmètre;0;bluevista.ch ne bascule PAS le 4 septembre (arbitrage Giz, 21/08). Le site suisse doit être RÉÉCRIT — ton propre, vie autonome — ce qui en fait un projet éditorial, pas un portage. Domaine chez OVH. Migration envisagée en octobre, une fois le déploiement français éprouvé.
ch;réalisation;/nos-realisations/we-see-big/;—;hors périmètre;0;bluevista.ch ne bascule PAS le 4 septembre (arbitrage Giz, 21/08). Le site suisse doit être RÉÉCRIT — ton propre, vie autonome — ce qui en fait un projet éditorial, pas un portage. Domaine chez OVH. Migration envisagée en octobre, une fois le déploiement français éprouvé.
ch;réalisation;/nos-realisations/sgs-protection-lab/;—;hors périmètre;0;bluevista.ch ne bascule PAS le 4 septembre (arbitrage Giz, 21/08). Le site suisse doit être RÉÉCRIT — ton propre, vie autonome — ce qui en fait un projet éditorial, pas un portage. Domaine chez OVH. Migration envisagée en octobre, une fois le déploiement français éprouvé.
ch;réalisation;/nos-realisations/nightswapping/;—;hors périmètre;0;bluevista.ch ne bascule PAS le 4 septembre (arbitrage Giz, 21/08). Le site suisse doit être RÉÉCRIT — ton propre, vie autonome — ce qui en fait un projet éditorial, pas un portage. Domaine chez OVH. Migration envisagée en octobre, une fois le déploiement français éprouvé.
ch;réalisation;/nos-realisations/mapping-audi/;—;hors périmètre;0;bluevista.ch ne bascule PAS le 4 septembre (arbitrage Giz, 21/08). Le site suisse doit être RÉÉCRIT — ton propre, vie autonome — ce qui en fait un projet éditorial, pas un portage. Domaine chez OVH. Migration envisagée en octobre, une fois le déploiement français éprouvé.
ch;réalisation;/nos-realisations/motion-design-sodexo/;—;hors périmètre;0;bluevista.ch ne bascule PAS le 4 septembre (arbitrage Giz, 21/08). Le site suisse doit être RÉÉCRIT — ton propre, vie autonome — ce qui en fait un projet éditorial, pas un portage. Domaine chez OVH. Migration envisagée en octobre, une fois le déploiement français éprouvé.
ch;réalisation;/nos-realisations/cpro-pas-besoin-den-rajouter/;—;hors périmètre;0;bluevista.ch ne bascule PAS le 4 septembre (arbitrage Giz, 21/08). Le site suisse doit être RÉÉCRIT — ton propre, vie autonome — ce qui en fait un projet éditorial, pas un portage. Domaine chez OVH. Migration envisagée en octobre, une fois le déploiement français éprouvé.
ch;réalisation;/nos-realisations/alorem/;—;hors périmètre;0;bluevista.ch ne bascule PAS le 4 septembre (arbitrage Giz, 21/08). Le site suisse doit être RÉÉCRIT — ton propre, vie autonome — ce qui en fait un projet éditorial, pas un portage. Domaine chez OVH. Migration envisagée en octobre, une fois le déploiement français éprouvé.
ch;réalisation;/nos-realisations/opiiec/;—;hors périmètre;0;bluevista.ch ne bascule PAS le 4 septembre (arbitrage Giz, 21/08). Le site suisse doit être RÉÉCRIT — ton propre, vie autonome — ce qui en fait un projet éditorial, pas un portage. Domaine chez OVH. Migration envisagée en octobre, une fois le déploiement français éprouvé.
ch;réalisation;/nos-realisations/tetro-ox/;—;hors périmètre;0;bluevista.ch ne bascule PAS le 4 septembre (arbitrage Giz, 21/08). Le site suisse doit être RÉÉCRIT — ton propre, vie autonome — ce qui en fait un projet éditorial, pas un portage. Domaine chez OVH. Migration envisagée en octobre, une fois le déploiement français éprouvé.
ch;réalisation;/nos-realisations/naos-interview-collaborateur-2/;—;hors périmètre;0;bluevista.ch ne bascule PAS le 4 septembre (arbitrage Giz, 21/08). Le site suisse doit être RÉÉCRIT — ton propre, vie autonome — ce qui en fait un projet éditorial, pas un portage. Domaine chez OVH. Migration envisagée en octobre, une fois le déploiement français éprouvé.
ch;réalisation;/nos-realisations/assisqual/;—;hors périmètre;0;bluevista.ch ne bascule PAS le 4 septembre (arbitrage Giz, 21/08). Le site suisse doit être RÉÉCRIT — ton propre, vie autonome — ce qui en fait un projet éditorial, pas un portage. Domaine chez OVH. Migration envisagée en octobre, une fois le déploiement français éprouvé.
ch;réalisation;/nos-realisations/cera-agence-innovation/;—;hors périmètre;0;bluevista.ch ne bascule PAS le 4 septembre (arbitrage Giz, 21/08). Le site suisse doit être RÉÉCRIT — ton propre, vie autonome — ce qui en fait un projet éditorial, pas un portage. Domaine chez OVH. Migration envisagée en octobre, une fois le déploiement français éprouvé.
ch;réalisation;/nos-realisations/naos-interview-collaborateur/;—;hors périmètre;0;bluevista.ch ne bascule PAS le 4 septembre (arbitrage Giz, 21/08). Le site suisse doit être RÉÉCRIT — ton propre, vie autonome — ce qui en fait un projet éditorial, pas un portage. Domaine chez OVH. Migration envisagée en octobre, une fois le déploiement français éprouvé.
ch;réalisation;/nos-realisations/bbgr-360/;—;hors périmètre;0;bluevista.ch ne bascule PAS le 4 septembre (arbitrage Giz, 21/08). Le site suisse doit être RÉÉCRIT — ton propre, vie autonome — ce qui en fait un projet éditorial, pas un portage. Domaine chez OVH. Migration envisagée en octobre, une fois le déploiement français éprouvé.
ch;réalisation;/nos-realisations/ghi/;—;hors périmètre;0;bluevista.ch ne bascule PAS le 4 septembre (arbitrage Giz, 21/08). Le site suisse doit être RÉÉCRIT — ton propre, vie autonome — ce qui en fait un projet éditorial, pas un portage. Domaine chez OVH. Migration envisagée en octobre, une fois le déploiement français éprouvé.
ch;réalisation;/nos-realisations/abb-snk-3d-industrie/;—;hors périmètre;0;bluevista.ch ne bascule PAS le 4 septembre (arbitrage Giz, 21/08). Le site suisse doit être RÉÉCRIT — ton propre, vie autonome — ce qui en fait un projet éditorial, pas un portage. Domaine chez OVH. Migration envisagée en octobre, une fois le déploiement français éprouvé.
ch;réalisation;/nos-realisations/abb-snk-3d-solaire/;—;hors périmètre;0;bluevista.ch ne bascule PAS le 4 septembre (arbitrage Giz, 21/08). Le site suisse doit être RÉÉCRIT — ton propre, vie autonome — ce qui en fait un projet éditorial, pas un portage. Domaine chez OVH. Migration envisagée en octobre, une fois le déploiement français éprouvé.
ch;réalisation;/nos-realisations/cpro-voeux-2017/;—;hors périmètre;0;bluevista.ch ne bascule PAS le 4 septembre (arbitrage Giz, 21/08). Le site suisse doit être RÉÉCRIT — ton propre, vie autonome — ce qui en fait un projet éditorial, pas un portage. Domaine chez OVH. Migration envisagée en octobre, une fois le déploiement français éprouvé.
