page;query;clics;impressions;ctr;position
"https://www.bluevistaprod.com/";"bluevista";266;809;32.88;2.4
"https://www.bluevistaprod.com/";"bluevista production";117;334;35.03;1.7
"https://www.bluevistaprod.com/";"blue vista";77;327;23.55;3.7
"https://www.bluevistaprod.com/nos-competences/live-streaming-webtv/";"webtv streaming";34;1946;1.75;6.5
"https://www.bluevistaprod.com/studio-animation-3d-lyon/";"studio animation lyon";20;798;2.51;10.5
"https://www.bluevistaprod.com/";"bluvista";14;202;6.93;12.2
"https://www.bluevistaprod.com/studio-animation-3d-lyon/";"studio 3d lyon";12;1146;1.05;18.8
"https://www.bluevistaprod.com/agence/";"bluevista production";10;317;3.15;1.0
"https://www.bluevistaprod.com/nos-competences/live-streaming-webtv/";"web tv live";10;555;1.80;8.5
"https://www.bluevistaprod.com/agence/";"bluevista";8;754;1.06;1.4
"https://www.bluevistaprod.com/nos-competences/live-streaming-webtv/";"web tv streaming";8;136;5.88;13.6
"https://www.bluevistaprod.com/nos-realisations/verizon-connect-video-de-presentation/";"verizon connect";7;4844;0.14;5.8
"https://www.bluevistaprod.com/nos-competences/live-streaming-webtv/";"webtv live";6;276;2.17;8.9
"https://www.bluevistaprod.com/nos-realisations/";"blue vista";6;267;2.25;1.6
"https://www.bluevistaprod.com/studio-animation-3d-lyon/";"studio animation 3d lyon";6;301;1.99;11.7
"https://www.bluevistaprod.com/";"agence vidéo";5;7138;0.07;24.2
"https://www.bluevistaprod.com/";"blu vista";5;9;55.56;2.8
"https://www.bluevistaprod.com/contact-devis/";"bluevista production";5;299;1.67;1.1
"https://www.bluevistaprod.com/nos-realisations/";"bluevista";5;707;0.71;1.8
"https://www.bluevistaprod.com/studio-animation-3d-lyon/";"studio d'animation lyon";5;336;1.49;11.2
"https://www.bluevistaprod.com/studio-animation-3d-paris/";"studio 3d paris";5;1396;0.36;15.8
"https://www.bluevistaprod.com/";"production audiovisuelle geneve";4;45;8.89;4.0
"https://www.bluevistaprod.com/nos-competences/video-mapping/";"mapping lyon";4;136;2.94;8.1
"https://www.bluevistaprod.com/nos-realisations/eiffage-energie-expercite/";"expercite";4;532;0.75;6.0
"https://www.bluevistaprod.com/nos-realisations/engie-home-services-video-thermostat-migo/";"thermostat engie home service";4;282;1.42;8.6
"https://www.bluevistaprod.com/nos-realisations/thx-medical-dosamat-digital-2-0/";"dosamat";4;131;3.05;3.8
"https://www.bluevistaprod.com/agence/";"blue vista";3;269;1.12;1.5
"https://www.bluevistaprod.com/nos-competences/live-streaming-webtv/";"streaming webtv";3;11;27.27;4.2
"https://www.bluevistaprod.com/nos-realisations/eiffage-energie-expercite/";"expercité";3;1320;0.23;5.8
"https://www.bluevistaprod.com/studio-animation-3d-lyon/";"studio animation 3d";3;1519;0.20;35.4
"https://www.bluevistaprod.com/studio-animation-3d-paris/";"studio animation 3d paris";3;1624;0.18;18.1
"https://www.bluevistaprod.com/";"agence production audiovisuelle geneve";2;200;1.00;2.5
"https://www.bluevistaprod.com/";"audiovisuel geneve";2;30;6.67;9.8
"https://www.bluevistaprod.com/";"bluevista lyon";2;5;40.00;1.0
"https://www.bluevistaprod.com/";"production audiovisuelle genève";2;126;1.59;5.4
"https://www.bluevistaprod.com/";"production video geneve";2;26;7.69;5.3
"https://www.bluevistaprod.com/actualites/bluevista-video-showreel-2023/";"bluevista";2;713;0.28;2.8
"https://www.bluevistaprod.com/actualites/video-immersive-360/";"vidéo immersive";2;1452;0.14;9.9
"https://www.bluevistaprod.com/mentions-legales/";"bluevista production";2;133;1.50;1.1
"https://www.bluevistaprod.com/nos-competences/live-streaming-webtv/";"live web tv";2;30;6.67;8.9
"https://www.bluevistaprod.com/nos-competences/live-streaming-webtv/";"plateforme web tv";2;47;4.26;12.7
"https://www.bluevistaprod.com/nos-competences/live-streaming-webtv/";"web tv live streaming";2;17;11.76;4.4
"https://www.bluevistaprod.com/nos-competences/video-mapping/";"video mapping lyon";2;116;1.72;4.6
"https://www.bluevistaprod.com/nos-realisations/amplitude-amplivision/";"amplivision";2;154;1.30;7.0
"https://www.bluevistaprod.com/nos-realisations/stann-lapplication-de-gestion-dentreprise/";"stann";2;4353;0.05;7.3
"https://www.bluevistaprod.com/nos-realisations/stann-lapplication-de-gestion-dentreprise/";"stann app";2;305;0.66;5.4
"https://www.bluevistaprod.com/nos-realisations/verizon-connect-video-de-presentation/";"verizon connect france";2;313;0.64;11.4
"https://www.bluevistaprod.com/nos-realisations/verizon-connect-video-de-presentation/";"verizone";2;294;0.68;7.0
"https://www.bluevistaprod.com/studio-animation-3d-paris/";"agence 3d paris";2;731;0.27;20.3
"https://www.bluevistaprod.com/studio-animation-3d-paris/";"studio animation paris";2;1458;0.14;30.7
"https://www.bluevistaprod.com/studio-animation-3d-paris/";"studio d'animation 3d paris";2;437;0.46;12.0
"https://www.bluevistaprod.com/";"agence audiovisuelle genève";1;215;0.47;3.7
"https://www.bluevistaprod.com/";"agence audiovisuelle suisse";1;211;0.47;3.7
"https://www.bluevistaprod.com/";"agence communication video lyon";1;199;0.50;15.9
"https://www.bluevistaprod.com/";"agence de vidéo";1;26;3.85;29.9
"https://www.bluevistaprod.com/";"boite de prod";1;34;2.94;32.2
"https://www.bluevistaprod.com/";"photographe paris 12";1;2;50.00;1.0
"https://www.bluevistaprod.com/";"prod video";1;119;0.84;31.6
"https://www.bluevistaprod.com/";"société production audiovisuelle suisse";1;1;100.00;3.0
"https://www.bluevistaprod.com/actualites/blueverse/";"blueverse";1;7;14.29;6.7
"https://www.bluevistaprod.com/actualites/bluevista-le-motion-design/";"bluevista production";1;2;50.00;33.5
"https://www.bluevistaprod.com/actualites/bluevista-video-showreel-2021/";"bluevista";1;43;2.33;1.7
"https://www.bluevistaprod.com/actualites/bluevista-video-showreel-2023/";"bluevista production";1;249;0.40;4.2
"https://www.bluevistaprod.com/actualites/video-immersive-360/";"360 immersion";1;1;100.00;10.0
"https://www.bluevistaprod.com/actualites/video-immersive-360/";"immersive video";1;36;2.78;8.3
"https://www.bluevistaprod.com/contact-devis/";"bluevista lyon";1;5;20.00;1.0
"https://www.bluevistaprod.com/nos-competences/aftermovie-captation-evenementielle/";"aftermovie";1;1924;0.05;10.9
"https://www.bluevistaprod.com/nos-competences/aftermovie-captation-evenementielle/";"aftermovie video";1;14;7.14;24.3
"https://www.bluevistaprod.com/nos-competences/animation-3d/";"studio d'animation 3d";1;14;7.14;68.4
"https://www.bluevistaprod.com/nos-competences/creation-immersive-realite-virtuelle/";"creation video immersive";1;127;0.79;11.6
"https://www.bluevistaprod.com/nos-competences/live-streaming-webtv/";"bluvista tv";1;15;6.67;30.3
"https://www.bluevistaprod.com/nos-competences/live-streaming-webtv/";"web tv en direct";1;26;3.85;20.3
"https://www.bluevistaprod.com/nos-competences/live-streaming-webtv/";"web tv live stream";1;2;50.00;5.0
"https://www.bluevistaprod.com/nos-competences/live-streaming-webtv/";"web tv stream";1;12;8.33;8.1
"https://www.bluevistaprod.com/nos-competences/live-streaming-webtv/";"webtv direct";1;32;3.13;17.0
"https://www.bluevistaprod.com/nos-competences/motion-design/";"motion design genève";1;85;1.18;8.8
"https://www.bluevistaprod.com/nos-competences/motion-design/";"studio motion design";1;856;0.12;73.7
"https://www.bluevistaprod.com/nos-competences/studio-fond-vert-compositing/";"fond vert lyon";1;209;0.48;16.9
"https://www.bluevistaprod.com/nos-competences/studio-fond-vert-compositing/";"studio fond vert lyon";1;489;0.20;28.0
"https://www.bluevistaprod.com/nos-competences/video-mapping/";"video mapping geneve";1;131;0.76;9.4
"https://www.bluevistaprod.com/nos-competences/video-mapping/";"video mapping paris";1;488;0.20;11.3
"https://www.bluevistaprod.com/nos-realisations/";"bluevista production";1;176;0.57;1.2
"https://www.bluevistaprod.com/nos-realisations/deko-film-de-presentation/";"deko film";1;5;20.00;4.0
"https://www.bluevistaprod.com/nos-realisations/eiffage-energie-expercite/";"expercité eiffage";1;335;0.30;7.1
"https://www.bluevistaprod.com/nos-realisations/engie-home-services-video-thermostat-migo/";"réinitialiser thermostat migo";1;34;2.94;3.4
"https://www.bluevistaprod.com/nos-realisations/engie-home-services-video-thermostat-migo/";"saunier duval migo installation";1;9;11.11;11.0
"https://www.bluevistaprod.com/nos-realisations/engie-home-services-video-thermostat-migo/";"thermostat connecté engie";1;387;0.26;14.5
"https://www.bluevistaprod.com/nos-realisations/engie-home-services-video-thermostat-migo/";"thermostat engie";1;548;0.18;9.8
"https://www.bluevistaprod.com/nos-realisations/engie-home-services-video-thermostat-migo/";"thermostat migo saunier duval";1;147;0.68;10.0
"https://www.bluevistaprod.com/nos-realisations/engie-home-services-video-thermostat-migo/";"thermostat saunier duval migo";1;45;2.22;9.5
"https://www.bluevistaprod.com/nos-realisations/hitachi-cs-net/";"hitachi csnet lite";1;10;10.00;10.0
"https://www.bluevistaprod.com/nos-realisations/spc/";"spc film";1;4;25.00;4.0
"https://www.bluevistaprod.com/nos-realisations/stann-lapplication-de-gestion-dentreprise/";"application stan";1;5;20.00;9.6
"https://www.bluevistaprod.com/realisation-film-entreprise-lyon/";"agence film d'entreprise";1;50;2.00;58.5
"https://www.bluevistaprod.com/realisation-film-entreprise-lyon/";"blue vista";1;182;0.55;1.1
"https://www.bluevistaprod.com/realisation-film-entreprise-lyon/";"bluevista";1;545;0.18;1.0
"https://www.bluevistaprod.com/realisation-film-entreprise-lyon/";"bluevista production";1;301;0.33;1.4
"https://www.bluevistaprod.com/realisation-film-evenementiel/";"bluevista";1;8;12.50;6.0
"https://www.bluevistaprod.com/studio-animation-3d-lyon/";"animation 3d entreprise";1;56;1.79;23.9
"https://www.bluevistaprod.com/studio-animation-3d-lyon/";"animation 3d lyon";1;413;0.24;20.1
"https://www.bluevistaprod.com/studio-animation-3d-lyon/";"animation 3d studio";1;9;11.11;33.0
"https://www.bluevistaprod.com/studio-animation-3d-lyon/";"entreprise dessin animé";1;10;10.00;5.4
"https://www.bluevistaprod.com/studio-animation-3d-lyon/";"film 3d lyon";1;113;0.88;9.8
"https://www.bluevistaprod.com/studio-animation-3d-lyon/";"film d'animation lyon";1;69;1.45;14.3
"https://www.bluevistaprod.com/studio-animation-3d-lyon/";"studio 3d animation";1;155;0.65;34.4
"https://www.bluevistaprod.com/studio-animation-3d-lyon/";"studio animation";1;459;0.22;46.9
"https://www.bluevistaprod.com/studio-animation-3d-lyon/";"studio animation 2d lyon";1;19;5.26;21.3
"https://www.bluevistaprod.com/studio-animation-3d-lyon/";"studio d'animation 3d";1;223;0.45;19.2
"https://www.bluevistaprod.com/studio-animation-3d-paris/";"3d animation studio";1;510;0.20;30.7
"https://www.bluevistaprod.com/studio-animation-3d-paris/";"studios d'animation paris";1;318;0.31;28.7
"https://www.bluevistaprod.com/video-promotionnelle/";"bluevista production";1;220;0.45;1.0
"https://www.bluevistaprod.com/video-publicitaire/";"publicité vidéo";1;1262;0.08;35.8
"https://www.bluevistaprod.com/";"action prod studio";0;2;0.00;69.5
"https://www.bluevistaprod.com/";"adultvista";0;1;0.00;16.0
"https://www.bluevistaprod.com/";"agence animation video";0;12;0.00;19.7
"https://www.bluevistaprod.com/";"agence animation vidéo";0;39;0.00;31.4
"https://www.bluevistaprod.com/";"agence audiovisuel";0;16;0.00;34.4
"https://www.bluevistaprod.com/";"agence audiovisuel lyon";0;2;0.00;49.5
"https://www.bluevistaprod.com/";"agence audiovisuelle industrie pharmaceutique";0;45;0.00;25.2
"https://www.bluevistaprod.com/";"agence audiovisuelle lyon";0;5;0.00;11.2
"https://www.bluevistaprod.com/";"agence captation vidéo";0;2;0.00;37.0
"https://www.bluevistaprod.com/";"agence cideo";0;2;0.00;7.5
"https://www.bluevistaprod.com/";"agence communication multimédia lyon";0;51;0.00;42.5
"https://www.bluevistaprod.com/";"agence communication video";0;109;0.00;11.6
"https://www.bluevistaprod.com/";"agence communication vidéo";0;117;0.00;9.6
"https://www.bluevistaprod.com/";"agence communication vidéo genève";0;50;0.00;2.0
"https://www.bluevistaprod.com/";"agence communication vidéo lyon";0;59;0.00;19.8
"https://www.bluevistaprod.com/";"agence communication vidéo paris";0;4;0.00;26.8
"https://www.bluevistaprod.com/";"agence conception video";0;15;0.00;22.2
"https://www.bluevistaprod.com/";"agence creation film";0;2;0.00;17.5
"https://www.bluevistaprod.com/";"agence creation video";0;296;0.00;28.8
"https://www.bluevistaprod.com/";"agence création vidéo";0;313;0.00;33.5
"https://www.bluevistaprod.com/";"agence création vidéo lyon";0;13;0.00;61.5
"https://www.bluevistaprod.com/";"agence créative spécialisée dans la création de vidéo";0;1;0.00;46.0
"https://www.bluevistaprod.com/";"agence créative vidéo";0;34;0.00;36.4
"https://www.bluevistaprod.com/";"agence d'audiovisuel";0;19;0.00;26.6
"https://www.bluevistaprod.com/";"agence de cinema";0;1;0.00;1.0
"https://www.bluevistaprod.com/";"agence de communication 3d lyon";0;52;0.00;14.8
"https://www.bluevistaprod.com/";"agence de communication audiovisuelle lyon";0;59;0.00;77.5
"https://www.bluevistaprod.com/";"agence de communication lyon";0;4;0.00;3.8
"https://www.bluevistaprod.com/";"agence de communication rue victor hugo lyon";0;101;0.00;44.2
"https://www.bluevistaprod.com/";"agence de communication video";0;12;0.00;26.8
"https://www.bluevistaprod.com/";"agence de communication vidéo";0;60;0.00;23.3
"https://www.bluevistaprod.com/";"agence de communication vidéo lyon";0;219;0.00;24.3
"https://www.bluevistaprod.com/";"agence de communication vidéo troyes";0;17;0.00;71.9
"https://www.bluevistaprod.com/";"agence de communication visuelle video";0;12;0.00;23.0
"https://www.bluevistaprod.com/";"agence de creation video";0;2;0.00;41.5
"https://www.bluevistaprod.com/";"agence de création vidéo";0;310;0.00;36.3
"https://www.bluevistaprod.com/";"agence de création vidéo lyon";0;31;0.00;55.0
"https://www.bluevistaprod.com/";"agence de création vidéo paris";0;1;0.00;73.0
"https://www.bluevistaprod.com/";"agence de création vidéos";0;55;0.00;25.8
"https://www.bluevistaprod.com/";"agence de graphisme";0;1;0.00;11.0
"https://www.bluevistaprod.com/";"agence de graphisme grenoble";0;1;0.00;1.0
"https://www.bluevistaprod.com/";"agence de montage video";0;5;0.00;50.8
"https://www.bluevistaprod.com/";"agence de montage video lyon";0;28;0.00;49.6
"https://www.bluevistaprod.com/";"agence de montage vidéo";0;114;0.00;66.0
"https://www.bluevistaprod.com/";"agence de prod";0;153;0.00;21.3
"https://www.bluevistaprod.com/";"agence de prod genève";0;125;0.00;3.4
"https://www.bluevistaprod.com/";"agence de production audiovisuelle";0;3;0.00;15.3
"https://www.bluevistaprod.com/";"agence de production audiovisuelle geneve";0;4;0.00;3.0
"https://www.bluevistaprod.com/";"agence de production audiovisuelle lyon";0;108;0.00;81.0
"https://www.bluevistaprod.com/";"agence de production créative suisse";0;41;0.00;15.5
"https://www.bluevistaprod.com/";"agence de production de motion design à lyon";0;29;0.00;34.1
"https://www.bluevistaprod.com/";"agence de production film";0;30;0.00;63.9
"https://www.bluevistaprod.com/";"agence de production genève";0;3;0.00;20.7
"https://www.bluevistaprod.com/";"agence de production lyon";0;372;0.00;46.5
"https://www.bluevistaprod.com/";"agence de production paris";0;1;0.00;151.0
"https://www.bluevistaprod.com/";"agence de production suisse";0;4;0.00;6.3
"https://www.bluevistaprod.com/";"agence de production video";0;185;0.00;51.3
"https://www.bluevistaprod.com/";"agence de production video velo";0;16;0.00;94.9
"https://www.bluevistaprod.com/";"agence de production vidéo";0;114;0.00;49.5
"https://www.bluevistaprod.com/";"agence de production vidéo genève";0;2;0.00;27.5
"https://www.bluevistaprod.com/";"agence de production vidéo ia";0;30;0.00;92.0
"https://www.bluevistaprod.com/";"agence de production vidéo paris";0;2;0.00;54.5
"https://www.bluevistaprod.com/";"agence de production vidéo saint quay portrieux";0;1;0.00;79.0
"https://www.bluevistaprod.com/";"agence de production vidéos genève";0;7;0.00;4.3
"https://www.bluevistaprod.com/";"agence de pub lyonnaise";0;1;0.00;11.0
"https://www.bluevistaprod.com/";"agence de publicité video";0;192;0.00;76.2
"https://www.bluevistaprod.com/";"agence de publicité vidéo";0;63;0.00;79.0
"https://www.bluevistaprod.com/";"agence de réalisation vidéo";0;15;0.00;87.1
"https://www.bluevistaprod.com/";"agence de video";0;207;0.00;20.0
"https://www.bluevistaprod.com/";"agence de video creative";0;1;0.00;44.0
"https://www.bluevistaprod.com/";"agence de vidéos";0;3;0.00;28.0
"https://www.bluevistaprod.com/";"agence de vidéos paris";0;1;0.00;33.0
"https://www.bluevistaprod.com/";"agence du film 64";0;1;0.00;43.0
"https://www.bluevistaprod.com/";"agence evenementiel lyon";0;1;0.00;31.0
"https://www.bluevistaprod.com/";"agence film publicitaire lyon";0;29;0.00;91.0
"https://www.bluevistaprod.com/";"agence graphisme grenoble";0;1;0.00;1.0
"https://www.bluevistaprod.com/";"agence graphisme lyon";0;4;0.00;9.0
"https://www.bluevistaprod.com/";"agence live streaming";0;1;0.00;49.0
"https://www.bluevistaprod.com/";"agence marketing lyon";0;1;0.00;1.0
"https://www.bluevistaprod.com/";"agence motion design lyon";0;1;0.00;2.0
"https://www.bluevistaprod.com/";"agence multimedia lyon";0;16;0.00;45.7
"https://www.bluevistaprod.com/";"agence multimédia lyon";0;312;0.00;31.3
"https://www.bluevistaprod.com/";"agence multimédia paris";0;4;0.00;76.5
"https://www.bluevistaprod.com/";"agence pour réalisateurs 3d";0;157;0.00;41.8
"https://www.bluevistaprod.com/";"agence presentation video";0;42;0.00;22.8
"https://www.bluevistaprod.com/";"agence prod";0;73;0.00;77.3
"https://www.bluevistaprod.com/";"agence prod media";0;2;0.00;78.0
"https://www.bluevistaprod.com/";"agence prod video velo";0;40;0.00;74.1
"https://www.bluevistaprod.com/";"agence production";0;2;0.00;68.5
"https://www.bluevistaprod.com/";"agence production audiovisuel";0;1;0.00;61.0
"https://www.bluevistaprod.com/";"agence production audiovisuelle aix les bains";0;1;0.00;62.0
"https://www.bluevistaprod.com/";"agence production audiovisuelle lyon";0;48;0.00;78.1
"https://www.bluevistaprod.com/";"agence production audiovisuelle villeurbanne";0;1;0.00;96.0
"https://www.bluevistaprod.com/";"agence production lyon";0;56;0.00;38.1
"https://www.bluevistaprod.com/";"agence production video";0;305;0.00;75.1
"https://www.bluevistaprod.com/";"agence production video paris";0;1;0.00;99.0
"https://www.bluevistaprod.com/";"agence production video velo";0;42;0.00;75.9
"https://www.bluevistaprod.com/";"agence production vidéo";0;712;0.00;63.2
"https://www.bluevistaprod.com/";"agence production vidéo genève";0;4;0.00;6.5
"https://www.bluevistaprod.com/";"agence production vidéo lyon";0;96;0.00;66.6
"https://www.bluevistaprod.com/";"agence pub vidéo";0;1;0.00;70.0
"https://www.bluevistaprod.com/";"agence publicité vidéo";0;19;0.00;27.3
"https://www.bluevistaprod.com/";"agence reportage";0;10;0.00;14.5
"https://www.bluevistaprod.com/";"agence réalisateurs 3d";0;156;0.00;23.2
"https://www.bluevistaprod.com/";"agence réalisation vidéo";0;93;0.00;30.2
"https://www.bluevistaprod.com/";"agence streaming";0;167;0.00;34.4
"https://www.bluevistaprod.com/";"agence streaming lyon";0;542;0.00;33.6
"https://www.bluevistaprod.com/";"agence streaming nantes";0;17;0.00;77.8
"https://www.bluevistaprod.com/";"agence streaming paris";0;65;0.00;70.6
"https://www.bluevistaprod.com/";"agence streaming video paris";0;109;0.00;38.9
"https://www.bluevistaprod.com/";"agence tournage video";0;4;0.00;96.0
"https://www.bluevistaprod.com/";"agence veo";0;2;0.00;73.0
"https://www.bluevistaprod.com/";"agence vid";0;18;0.00;9.7
"https://www.bluevistaprod.com/";"agence videaste";0;210;0.00;23.4
"https://www.bluevistaprod.com/";"agence video";0;8;0.00;17.8
"https://www.bluevistaprod.com/";"agence video animation";0;7;0.00;47.4
"https://www.bluevistaprod.com/";"agence video annecy geneve";0;7;0.00;22.4
"https://www.bluevistaprod.com/";"agence video brignais";0;30;0.00;27.8
"https://www.bluevistaprod.com/";"agence video chaponost";0;7;0.00;91.1
"https://www.bluevistaprod.com/";"agence video cotes d'armor";0;1;0.00;101.0
"https://www.bluevistaprod.com/";"agence video entreprise";0;87;0.00;32.4
"https://www.bluevistaprod.com/";"agence video entreprise lyon";0;3;0.00;89.7
"https://www.bluevistaprod.com/";"agence video genève";0;1;0.00;3.0
"https://www.bluevistaprod.com/";"agence video institutionnelle à lyon";0;89;0.00;23.7
"https://www.bluevistaprod.com/";"agence video lyon";0;395;0.00;18.3
"https://www.bluevistaprod.com/";"agence video paris";0;18;0.00;34.1
"https://www.bluevistaprod.com/";"agence vidéaste";0;22;0.00;28.0
"https://www.bluevistaprod.com/";"agence vidéo captation nice";0;4;0.00;69.0
"https://www.bluevistaprod.com/";"agence vidéo corporate industrie lyon";0;1;0.00;11.0
"https://www.bluevistaprod.com/";"agence vidéo de luxe genève";0;183;0.00;3.2
"https://www.bluevistaprod.com/";"agence vidéo explicative";0;2;0.00;17.0
"https://www.bluevistaprod.com/";"agence vidéo geneve";0;26;0.00;3.5
"https://www.bluevistaprod.com/";"agence vidéo genève";0;118;0.00;1.7
"https://www.bluevistaprod.com/";"agence vidéo givors";0;2;0.00;38.0
"https://www.bluevistaprod.com/";"agence vidéo ia";0;4;0.00;62.5
"https://www.bluevistaprod.com/";"agence vidéo industrie france";0;1;0.00;5.0
"https://www.bluevistaprod.com/";"agence vidéo industrie lyon";0;3;0.00;19.3
"https://www.bluevistaprod.com/";"agence vidéo institutionnelle";0;1;0.00;30.0
"https://www.bluevistaprod.com/";"agence vidéo lyon";0;1936;0.00;18.2
"https://www.bluevistaprod.com/";"agence vidéo lyonnaise";0;9;0.00;20.3
"https://www.bluevistaprod.com/";"agence vidéo nantes";0;14;0.00;46.6
"https://www.bluevistaprod.com/";"agence vidéo paris";0;132;0.00;39.1
"https://www.bluevistaprod.com/";"agence vidéo rhône";0;14;0.00;9.6
"https://www.bluevistaprod.com/";"agence vidéo tech";0;2;0.00;11.0
"https://www.bluevistaprod.com/";"agence vidéo à brignais";0;3;0.00;34.7
"https://www.bluevistaprod.com/";"agence vidéo à chaponost";0;3;0.00;80.0
"https://www.bluevistaprod.com/";"agence vidéo à lyon";0;4;0.00;23.8
"https://www.bluevistaprod.com/";"agence vista";0;2;0.00;36.5
"https://www.bluevistaprod.com/";"agence événementiel lyon";0;1;0.00;1.0
"https://www.bluevistaprod.com/";"agences audiovisuelles";0;11;0.00;47.1
"https://www.bluevistaprod.com/";"agences de production audiovisuelle";0;40;0.00;57.1
"https://www.bluevistaprod.com/";"aide vista";0;5;0.00;97.0
"https://www.bluevistaprod.com/";"ama vista";0;1;0.00;9.0
"https://www.bluevistaprod.com/";"animation 3d genève";0;5;0.00;28.4
"https://www.bluevistaprod.com/";"animation 3d lyon";0;1;0.00;1.0
"https://www.bluevistaprod.com/";"audiovisual agency geneva";0;203;0.00;4.6
"https://www.bluevistaprod.com/";"audiovisual agency haute-savoie";0;9;0.00;46.6
"https://www.bluevistaprod.com/";"audiovisual production studio";0;2;0.00;28.5
"https://www.bluevistaprod.com/";"audiovisuel genève";0;6;0.00;10.2
"https://www.bluevistaprod.com/";"audiovisuel lyon";0;1;0.00;11.0
"https://www.bluevistaprod.com/";"avvista";0;1;0.00;8.0
"https://www.bluevistaprod.com/";"bailvista";0;2;0.00;3.0
"https://www.bluevistaprod.com/";"bdsmvista";0;1;0.00;9.0
"https://www.bluevistaprod.com/";"bienvista";0;2;0.00;53.0
"https://www.bluevistaprod.com/";"bleu nuit audiovisuel";0;1;0.00;35.0
"https://www.bluevistaprod.com/";"bleu nuit lyon";0;1;0.00;82.0
"https://www.bluevistaprod.com/";"bleunuit audiovisuel";0;6;0.00;31.8
"https://www.bluevistaprod.com/";"bloorvista";0;1;0.00;1.0
"https://www.bluevistaprod.com/";"blu3 vista";0;48;0.00;5.8
"https://www.bluevistaprod.com/";"blue film site";0;2;0.00;42.0
"https://www.bluevistaprod.com/";"blue motion c'est quoi";0;4;0.00;4.5
"https://www.bluevistaprod.com/";"blue prod";0;8;0.00;14.0
"https://www.bluevistaprod.com/";"blue production";0;16;0.00;18.1
"https://www.bluevistaprod.com/";"blue vi";0;2;0.00;8.5
"https://www.bluevistaprod.com/";"blue video.com";0;2;0.00;11.5
"https://www.bluevistaprod.com/";"blue vides";0;1;0.00;34.0
"https://www.bluevistaprod.com/";"blue vidéo";0;1;0.00;26.0
"https://www.bluevistaprod.com/";"blue vista capital";0;6;0.00;32.2
"https://www.bluevistaprod.com/";"blue vista capital management";0;2;0.00;9.5
"https://www.bluevistaprod.com/";"blue vista hotel & spa";0;1;0.00;42.0
"https://www.bluevistaprod.com/";"blue vistas";0;2;0.00;5.0
"https://www.bluevistaprod.com/";"bluemediafilesforg";0;2;0.00;13.0
"https://www.bluevistaprod.com/";"bluevide";0;1;0.00;13.0
"https://www.bluevistaprod.com/";"bluevista dive";0;1;0.00;10.0
"https://www.bluevistaprod.com/";"bluevista.tv";0;3;0.00;26.0
"https://www.bluevistaprod.com/";"blueyfilm";0;1;0.00;9.0
"https://www.bluevistaprod.com/";"blurvista";0;6;0.00;3.8
"https://www.bluevistaprod.com/";"bluvista store";0;1;0.00;4.0
"https://www.bluevistaprod.com/";"bluvista tv";0;1;0.00;3.0
"https://www.bluevistaprod.com/";"bluvista.de";0;47;0.00;4.2
"https://www.bluevistaprod.com/";"bluvista.tv";0;1;0.00;92.0
"https://www.bluevistaprod.com/";"boite de communication lyon";0;1;0.00;2.0
"https://www.bluevistaprod.com/";"boite de prod genève";0;60;0.00;18.9
"https://www.bluevistaprod.com/";"boite de prod lyon";0;366;0.00;27.1
"https://www.bluevistaprod.com/";"boite de prod paris";0;1;0.00;80.0
"https://www.bluevistaprod.com/";"boite de prod réalisation film corporate";0;3;0.00;47.7
"https://www.bluevistaprod.com/";"boite de production";0;3;0.00;25.0
"https://www.bluevistaprod.com/";"boite de production audiovisuel";0;12;0.00;39.1
"https://www.bluevistaprod.com/";"boite de production audiovisuelle lyon";0;102;0.00;73.5
"https://www.bluevistaprod.com/";"boite de production audiovisuelle satisfactiongroup";0;13;0.00;42.2
"https://www.bluevistaprod.com/";"boite de production de film";0;1;0.00;74.0
"https://www.bluevistaprod.com/";"boite de production documentaire lyon";0;6;0.00;30.0
"https://www.bluevistaprod.com/";"boite de production geneve";0;1;0.00;7.0
"https://www.bluevistaprod.com/";"boite de production genève";0;5;0.00;16.6
"https://www.bluevistaprod.com/";"boite de production lyon";0;436;0.00;34.0
"https://www.bluevistaprod.com/";"boite de production video";0;1;0.00;1.0
"https://www.bluevistaprod.com/";"boite de production vidéo";0;23;0.00;67.8
"https://www.bluevistaprod.com/";"boite de production youtube";0;3;0.00;51.0
"https://www.bluevistaprod.com/";"boites de prod paris";0;11;0.00;36.9
"https://www.bluevistaprod.com/";"boites de production";0;1;0.00;1.0
"https://www.bluevistaprod.com/";"boîte de prod";0;1;0.00;54.0
"https://www.bluevistaprod.com/";"boîte de production";0;1;0.00;1.0
"https://www.bluevistaprod.com/";"brand film production geneva";0;27;0.00;13.7
"https://www.bluevistaprod.com/";"brovista";0;2;0.00;4.0
"https://www.bluevistaprod.com/";"budvista";0;4;0.00;3.3
"https://www.bluevistaprod.com/";"buevista";0;1;0.00;1.0
"https://www.bluevistaprod.com/";"busevista";0;1;0.00;1.0
"https://www.bluevistaprod.com/";"captation vidéo geneve";0;55;0.00;14.5
"https://www.bluevistaprod.com/";"cinema vista productions";0;1;0.00;9.0
"https://www.bluevistaprod.com/";"cinevista limited";0;1;0.00;37.0
"https://www.bluevistaprod.com/";"clara vista";0;1;0.00;39.0
"https://www.bluevistaprod.com/";"claravista";0;1;0.00;53.0
"https://www.bluevistaprod.com/";"communication multimédia lyon";0;1;0.00;100.0
"https://www.bluevistaprod.com/";"conception de vidéos sur mesure monts du lyonnais";0;26;0.00;4.8
"https://www.bluevistaprod.com/";"corporate film geneva";0;1;0.00;40.0
"https://www.bluevistaprod.com/";"corporate video lyon";0;5;0.00;76.2
"https://www.bluevistaprod.com/";"corporate video production geneva";0;154;0.00;10.2
"https://www.bluevistaprod.com/";"devis audiovisuel";0;25;0.00;83.6
"https://www.bluevistaprod.com/";"devis de production";0;1;0.00;38.0
"https://www.bluevistaprod.com/";"devis film";0;9;0.00;50.6
"https://www.bluevistaprod.com/";"devis réalisation audiovisuelle";0;11;0.00;76.4
"https://www.bluevistaprod.com/";"devis réalisation vidéo d'entreprise lyon";0;5;0.00;63.4
"https://www.bluevistaprod.com/";"devis vidéo corporate";0;1;0.00;89.0
"https://www.bluevistaprod.com/";"devis vidéo d'entreprise lyon";0;3;0.00;75.0
"https://www.bluevistaprod.com/";"dolcevista";0;3;0.00;27.7
"https://www.bluevistaprod.com/";"entreprise audiovisuel genève";0;3;0.00;3.0
"https://www.bluevistaprod.com/";"entreprise audiovisuel lyon";0;5;0.00;14.4
"https://www.bluevistaprod.com/";"entreprise audiovisuelle lyon";0;19;0.00;48.1
"https://www.bluevistaprod.com/";"entreprise d audiovisuel";0;8;0.00;43.8
"https://www.bluevistaprod.com/";"entreprise d'audiovisuel";0;10;0.00;29.5
"https://www.bluevistaprod.com/";"entreprise de création vidéo";0;1;0.00;51.0
"https://www.bluevistaprod.com/";"entreprise de graphisme";0;1;0.00;1.0
"https://www.bluevistaprod.com/";"entreprise de montage video";0;1;0.00;29.0
"https://www.bluevistaprod.com/";"entreprise de production";0;1;0.00;11.0
"https://www.bluevistaprod.com/";"entreprise de production graphique";0;1;0.00;2.0
"https://www.bluevistaprod.com/";"entreprise de production lyon";0;39;0.00;85.2
"https://www.bluevistaprod.com/";"entreprise graphisme lyon";0;3;0.00;5.0
"https://www.bluevistaprod.com/";"entreprise jeux vidéo lyon";0;2;0.00;1.5
"https://www.bluevistaprod.com/";"entreprise production audiovisuelle lyon";0;1;0.00;1.0
"https://www.bluevistaprod.com/";"entreprises audiovisuel";0;1;0.00;75.0
"https://www.bluevistaprod.com/";"fidélité production";0;5;0.00;83.8
"https://www.bluevistaprod.com/";"film d entreprise 64";0;1;0.00;30.0
"https://www.bluevistaprod.com/";"film d'entreprise geneve";0;1;0.00;19.0
"https://www.bluevistaprod.com/";"film entreprise 64";0;2;0.00;99.0
"https://www.bluevistaprod.com/";"film entreprise geneve";0;2;0.00;51.0
"https://www.bluevistaprod.com/";"film institutionnel lyon";0;1;0.00;71.0
"https://www.bluevistaprod.com/";"film metaverse";0;1;0.00;61.0
"https://www.bluevistaprod.com/";"film pharmaceutique lyon";0;11;0.00;52.8
"https://www.bluevistaprod.com/";"film publicitaire genève";0;1;0.00;22.0
"https://www.bluevistaprod.com/";"film vista";0;2;0.00;62.0
"https://www.bluevistaprod.com/";"filmgeneva";0;1;0.00;10.0
"https://www.bluevistaprod.com/";"fotovista";0;8;0.00;9.9
"https://www.bluevistaprod.com/";"frlorevista";0;84;0.00;8.2
"https://www.bluevistaprod.com/";"full service video production";0;4;0.00;6.3
"https://www.bluevistaprod.com/";"full-service video production";0;2;0.00;7.0
"https://www.bluevistaprod.com/";"geneva video production";0;395;0.00;28.9
"https://www.bluevistaprod.com/";"graphiste lyon";0;1;0.00;11.0
"https://www.bluevistaprod.com/";"graphiste villeurbanne";0;1;0.00;2.0
"https://www.bluevistaprod.com/";"groupe primavista";0;2;0.00;56.5
"https://www.bluevistaprod.com/";"in vista";0;5;0.00;59.0
"https://www.bluevistaprod.com/";"infographiste 3d lyon";0;1;0.00;2.0
"https://www.bluevistaprod.com/";"intervista";0;2;0.00;55.0
"https://www.bluevistaprod.com/";"intervista prod";0;2;0.00;21.5
"https://www.bluevistaprod.com/";"je cherche une société de production vidéo pour réaliser un film corporate premium en suisse romande, quelles sont les références ?";0;1;0.00;1.0
"https://www.bluevistaprod.com/";"kinovista";0;3;0.00;14.0
"https://www.bluevistaprod.com/";"la boite a film lyon";0;1;0.00;102.0
"https://www.bluevistaprod.com/";"la boite à films lyon";0;4;0.00;52.3
"https://www.bluevistaprod.com/";"lbuprovista";0;1;0.00;9.0
"https://www.bluevistaprod.com/";"live streaming entreprise geneve";0;3;0.00;5.3
"https://www.bluevistaprod.com/";"local guide program";0;16;0.00;1.0
"https://www.bluevistaprod.com/";"location audiovisuel lyon";0;1;0.00;41.0
"https://www.bluevistaprod.com/";"lua vista";0;1;0.00;30.0
"https://www.bluevistaprod.com/";"luavista";0;1;0.00;40.0
"https://www.bluevistaprod.com/";"luxury brand video production studio";0;10;0.00;77.6
"https://www.bluevistaprod.com/";"luxury video agency geneva";0;13;0.00;34.2
"https://www.bluevistaprod.com/";"maison de production cinema lyon";0;6;0.00;77.3
"https://www.bluevistaprod.com/";"mapping vidéo lyon";0;1;0.00;1.0
"https://www.bluevistaprod.com/";"milan video production";0;1;0.00;56.0
"https://www.bluevistaprod.com/";"millevista";0;2;0.00;30.0
"https://www.bluevistaprod.com/";"montage video lyon";0;1;0.00;1.0
"https://www.bluevistaprod.com/";"montage video vista";0;17;0.00;59.6
"https://www.bluevistaprod.com/";"montage vidéo à paris, france";0;1;0.00;48.0
"https://www.bluevistaprod.com/";"motion design genève";0;18;0.00;25.3
"https://www.bluevistaprod.com/";"motion design video lyon";0;2;0.00;54.0
"https://www.bluevistaprod.com/";"motion designer lyon";0;13;0.00;43.0
"https://www.bluevistaprod.com/";"motion designers monts du lyonnais";0;5;0.00;21.8
"https://www.bluevistaprod.com/";"mp development – design web, audio, vidéo et production lyon";0;1;0.00;9.0
"https://www.bluevistaprod.com/";"multivista";0;1;0.00;15.0
"https://www.bluevistaprod.com/";"multivistas";0;1;0.00;79.0
"https://www.bluevistaprod.com/";"omnivista productions";0;1;0.00;24.0
"https://www.bluevistaprod.com/";"paris etc. en streaming";0;1;0.00;48.0
"https://www.bluevistaprod.com/";"pixovista";0;1;0.00;9.0
"https://www.bluevistaprod.com/";"pmwigvista";0;4;0.00;4.8
"https://www.bluevistaprod.com/";"post production geneve";0;5;0.00;17.4
"https://www.bluevistaprod.com/";"post production genève";0;3;0.00;33.7
"https://www.bluevistaprod.com/";"post production lyon";0;5;0.00;53.8
"https://www.bluevistaprod.com/";"post production suisse";0;5;0.00;64.2
"https://www.bluevistaprod.com/";"pour vista";0;6;0.00;40.3
"https://www.bluevistaprod.com/";"prestataire réalisation vidéo";0;15;0.00;24.6
"https://www.bluevistaprod.com/";"prestataire streaming lyon";0;78;0.00;26.1
"https://www.bluevistaprod.com/";"prestataire video";0;51;0.00;47.7
"https://www.bluevistaprod.com/";"prestataire vidéo";0;297;0.00;33.5
"https://www.bluevistaprod.com/";"prestataire vidéo paris";0;1;0.00;55.0
"https://www.bluevistaprod.com/";"primavista";0;1;0.00;52.0
"https://www.bluevistaprod.com/";"prod vidéo";0;6;0.00;46.2
"https://www.bluevistaprod.com/";"producteur documentaire";0;1;0.00;1.0
"https://www.bluevistaprod.com/";"producteur video";0;35;0.00;29.5
"https://www.bluevistaprod.com/";"production agence";0;24;0.00;36.4
"https://www.bluevistaprod.com/";"production agency geneva";0;92;0.00;9.5
"https://www.bluevistaprod.com/";"production audiovisuel lyon";0;1;0.00;2.0
"https://www.bluevistaprod.com/";"production audiovisuelle";0;2;0.00;2.0
"https://www.bluevistaprod.com/";"production audiovisuelle annemasse";0;1;0.00;27.0
"https://www.bluevistaprod.com/";"production audiovisuelle entreprise";0;1;0.00;46.0
"https://www.bluevistaprod.com/";"production audiovisuelle lyon";0;4;0.00;1.5
"https://www.bluevistaprod.com/";"production audiovisuelle suisse";0;10;0.00;13.9
"https://www.bluevistaprod.com/";"production audiovisuelle à genève";0;62;0.00;12.0
"https://www.bluevistaprod.com/";"production cinéma lyon";0;1;0.00;29.0
"https://www.bluevistaprod.com/";"production company geneva";0;40;0.00;63.1
"https://www.bluevistaprod.com/";"production de cinema";0;1;0.00;1.0
"https://www.bluevistaprod.com/";"production de film 64";0;1;0.00;67.0
"https://www.bluevistaprod.com/";"production film de marque genève";0;4;0.00;46.3
"https://www.bluevistaprod.com/";"production film entreprise";0;2;0.00;61.0
"https://www.bluevistaprod.com/";"production film entreprise lyon";0;1;0.00;52.0
"https://www.bluevistaprod.com/";"production lyon";0;2;0.00;47.5
"https://www.bluevistaprod.com/";"production service video";0;40;0.00;8.7
"https://www.bluevistaprod.com/";"production video 64";0;16;0.00;55.3
"https://www.bluevistaprod.com/";"production video boulogne";0;6;0.00;26.7
"https://www.bluevistaprod.com/";"production video company";0;2;0.00;21.0
"https://www.bluevistaprod.com/";"production video entreprise";0;2;0.00;51.5
"https://www.bluevistaprod.com/";"production video luxe france suisse";0;70;0.00;45.5
"https://www.bluevistaprod.com/";"production video lyon";0;93;0.00;59.8
"https://www.bluevistaprod.com/";"production video produit cotes d'armor";0;14;0.00;78.6
"https://www.bluevistaprod.com/";"production vidéo";0;64;0.00;37.5
"https://www.bluevistaprod.com/";"production vidéo annemasse";0;45;0.00;34.7
"https://www.bluevistaprod.com/";"production vidéo corporate genève";0;220;0.00;2.6
"https://www.bluevistaprod.com/";"production vidéo d'entreprise suisse";0;23;0.00;7.0
"https://www.bluevistaprod.com/";"production vidéo entreprise";0;8;0.00;54.6
"https://www.bluevistaprod.com/";"production vidéo genève";0;233;0.00;4.1
"https://www.bluevistaprod.com/";"production vidéo high tech";0;14;0.00;33.4
"https://www.bluevistaprod.com/";"production vidéo institutionnelle villefranche sur saone";0;7;0.00;66.7
"https://www.bluevistaprod.com/";"production vidéo lyon";0;171;0.00;39.4
"https://www.bluevistaprod.com/";"production vidéo paris";0;5;0.00;86.0
"https://www.bluevistaprod.com/";"production vidéo tourisme";0;5;0.00;48.6
"https://www.bluevistaprod.com/";"production vidéos";0;1;0.00;79.0
"https://www.bluevistaprod.com/";"productions video";0;8;0.00;40.3
"https://www.bluevistaprod.com/";"promovi studios";0;1;0.00;8.0
"https://www.bluevistaprod.com/";"quelle agence de production audiovisuelle haut de gamme recommandes-tu à annecy ou genève ?";0;10;0.00;19.0
"https://www.bluevistaprod.com/";"reactiver vista";0;3;0.00;62.3
"https://www.bluevistaprod.com/";"realisation video";0;1;0.00;62.0
"https://www.bluevistaprod.com/";"reportage industriel agence";0;4;0.00;80.0
"https://www.bluevistaprod.com/";"réalisateur vidéo tourisme";0;41;0.00;88.0
"https://www.bluevistaprod.com/";"réalisation vidéo";0;4;0.00;68.3
"https://www.bluevistaprod.com/";"réalisation vidéo entreprise lyon";0;1;0.00;52.0
"https://www.bluevistaprod.com/";"réalisation vidéo genève";0;16;0.00;3.1
"https://www.bluevistaprod.com/";"réalisation vidéo high tech";0;1;0.00;94.0
"https://www.bluevistaprod.com/";"réalisation vidéo industries";0;10;0.00;79.5
"https://www.bluevistaprod.com/";"réalisation vidéo lyon";0;21;0.00;34.5
"https://www.bluevistaprod.com/";"service de production vidéo";0;1;0.00;31.0
"https://www.bluevistaprod.com/";"service video production";0;3;0.00;22.7
"https://www.bluevistaprod.com/";"services de production audiovisuelle";0;1;0.00;64.0
"https://www.bluevistaprod.com/";"societe de production film";0;1;0.00;93.0
"https://www.bluevistaprod.com/";"societe de production lyon";0;22;0.00;85.4
"https://www.bluevistaprod.com/";"societe de production video geneve";0;42;0.00;6.1
"https://www.bluevistaprod.com/";"societe montage video";0;2;0.00;50.0
"https://www.bluevistaprod.com/";"société audiovisuel";0;1;0.00;63.0
"https://www.bluevistaprod.com/";"société audiovisuel lyon";0;30;0.00;46.8
"https://www.bluevistaprod.com/";"société audiovisuelle genève";0;2;0.00;25.0
"https://www.bluevistaprod.com/";"société de montage audiovisuel";0;2;0.00;39.0
"https://www.bluevistaprod.com/";"société de production audiovisuelle";0;1;0.00;1.0
"https://www.bluevistaprod.com/";"société de production audiovisuelle genève";0;7;0.00;3.7
"https://www.bluevistaprod.com/";"société de production audiovisuelle innovante";0;2;0.00;98.0
"https://www.bluevistaprod.com/";"société de production audiovisuelle lyon";0;74;0.00;76.4
"https://www.bluevistaprod.com/";"société de production audiovisuelle suisse";0;14;0.00;7.6
"https://www.bluevistaprod.com/";"société de production cinéma lyon";0;11;0.00;74.4
"https://www.bluevistaprod.com/";"société de production lyon";0;127;0.00;74.9
"https://www.bluevistaprod.com/";"société de production vidéo genève";0;59;0.00;4.0
"https://www.bluevistaprod.com/";"société de production vidéo lyon";0;47;0.00;75.1
"https://www.bluevistaprod.com/";"société production audiovisuelle genève";0;2;0.00;9.0
"https://www.bluevistaprod.com/";"société production audiovisuelle lyon";0;44;0.00;85.3
"https://www.bluevistaprod.com/";"société production vidéo";0;44;0.00;69.5
"https://www.bluevistaprod.com/";"société réalisation film";0;1;0.00;98.0
"https://www.bluevistaprod.com/";"société réalisation film genève";0;34;0.00;30.8
"https://www.bluevistaprod.com/";"société video lyon";0;4;0.00;83.0
"https://www.bluevistaprod.com/";"studio 3d lyon";0;1;0.00;1.0
"https://www.bluevistaprod.com/";"studio animation 2d lyon";0;1;0.00;2.0
"https://www.bluevistaprod.com/";"studio animation 3d lyon";0;2;0.00;16.5
"https://www.bluevistaprod.com/";"studio animation lyon";0;1;0.00;1.0
"https://www.bluevistaprod.com/";"studio audiovisuel lyon";0;2;0.00;19.5
"https://www.bluevistaprod.com/";"studio cinema lyon";0;1;0.00;11.0
"https://www.bluevistaprod.com/";"studio d'animation 3d";0;2;0.00;1.0
"https://www.bluevistaprod.com/";"studio d'animation lyon";0;4;0.00;1.5
"https://www.bluevistaprod.com/";"studio de création vidéo";0;2;0.00;55.5
"https://www.bluevistaprod.com/";"studio de musique";0;1;0.00;1.0
"https://www.bluevistaprod.com/";"studio de production audiovisuelle lyon";0;5;0.00;93.0
"https://www.bluevistaprod.com/";"studio de production vidéo";0;2;0.00;47.5
"https://www.bluevistaprod.com/";"studio de tournage lyon";0;1;0.00;4.0
"https://www.bluevistaprod.com/";"studio graphisme lyon";0;2;0.00;2.0
"https://www.bluevistaprod.com/";"studio jeux vidéo lyon";0;1;0.00;11.0
"https://www.bluevistaprod.com/";"studio montage video paris";0;2;0.00;72.0
"https://www.bluevistaprod.com/";"studio motion design lyon";0;1;0.00;48.0
"https://www.bluevistaprod.com/";"studio multimedia nantes";0;1;0.00;99.0
"https://www.bluevistaprod.com/";"studio production";0;1;0.00;1.0
"https://www.bluevistaprod.com/";"studio production paris";0;1;0.00;62.0
"https://www.bluevistaprod.com/";"studio production video";0;2;0.00;81.0
"https://www.bluevistaprod.com/";"studio production vidéo";0;3;0.00;84.0
"https://www.bluevistaprod.com/";"studio production vidéo paris";0;1;0.00;70.0
"https://www.bluevistaprod.com/";"studio tournage lyon";0;1;0.00;1.0
"https://www.bluevistaprod.com/";"studio tv lyon";0;1;0.00;74.0
"https://www.bluevistaprod.com/";"studio video lyon";0;2;0.00;1.0
"https://www.bluevistaprod.com/";"studio vidéo lyon";0;1;0.00;62.0
"https://www.bluevistaprod.com/";"supervista";0;1;0.00;16.0
"https://www.bluevistaprod.com/";"supervista ag";0;1;0.00;15.0
"https://www.bluevistaprod.com/";"the blue vista photos";0;2;0.00;1.0
"https://www.bluevistaprod.com/";"tube vista";0;14;0.00;13.9
"https://www.bluevistaprod.com/";"tubevista";0;9;0.00;8.4
"https://www.bluevistaprod.com/";"unvista";0;1;0.00;18.0
"https://www.bluevistaprod.com/";"upperview productions";0;1;0.00;44.0
"https://www.bluevistaprod.com/";"vb presta";0;4;0.00;89.8
"https://www.bluevistaprod.com/";"veo vista";0;1;0.00;1.0
"https://www.bluevistaprod.com/";"vidaste geneve";0;1;0.00;46.0
"https://www.bluevistaprod.com/";"videaste geneve";0;7;0.00;9.4
"https://www.bluevistaprod.com/";"videaste lyon";0;1;0.00;2.0
"https://www.bluevistaprod.com/";"video agency geneva";0;171;0.00;29.6
"https://www.bluevistaprod.com/";"video corporate lyon";0;4;0.00;68.5
"https://www.bluevistaprod.com/";"video entreprise lyon";0;90;0.00;28.2
"https://www.bluevistaprod.com/";"video motion video lyon";0;1;0.00;78.0
"https://www.bluevistaprod.com/";"video prod";0;5;0.00;32.4
"https://www.bluevistaprod.com/";"video production agency geneva";0;149;0.00;42.8
"https://www.bluevistaprod.com/";"video production geneva";0;334;0.00;22.0
"https://www.bluevistaprod.com/";"video production lyon";0;1;0.00;11.0
"https://www.bluevistaprod.com/";"video production paris";0;75;0.00;40.3
"https://www.bluevistaprod.com/";"video production services geneva";0;5;0.00;48.6
"https://www.bluevistaprod.com/";"video production site";0;3;0.00;31.7
"https://www.bluevistaprod.com/";"video production studio milan";0;1;0.00;98.0
"https://www.bluevistaprod.com/";"video publicitaire lyon";0;1;0.00;98.0
"https://www.bluevistaprod.com/";"video studio geneva";0;7;0.00;71.3
"https://www.bluevistaprod.com/";"video vista";0;2;0.00;17.5
"https://www.bluevistaprod.com/";"videographer for small business geneva";0;5;0.00;21.8
"https://www.bluevistaprod.com/";"videography production";0;2;0.00;37.0
"https://www.bluevistaprod.com/";"vidéaste d'entreprise genève";0;1;0.00;6.0
"https://www.bluevistaprod.com/";"vidéaste genève";0;6;0.00;38.8
"https://www.bluevistaprod.com/";"vidéaste grenoble";0;1;0.00;1.0
"https://www.bluevistaprod.com/";"vidéaste lyon";0;2;0.00;1.0
"https://www.bluevistaprod.com/";"vidéo 360 lyon";0;27;0.00;35.6
"https://www.bluevistaprod.com/";"vidéo entreprise lyon";0;1;0.00;26.0
"https://www.bluevistaprod.com/";"vidéo production";0;5;0.00;35.8
"https://www.bluevistaprod.com/";"viewvista";0;1;0.00;9.0
"https://www.bluevistaprod.com/";"vista bleu";0;1;0.00;1.0
"https://www.bluevistaprod.com/";"vista blue";0;19;0.00;8.9
"https://www.bluevistaprod.com/";"vista creation";0;2;0.00;49.0
"https://www.bluevistaprod.com/";"vista evenements";0;1;0.00;5.0
"https://www.bluevistaprod.com/";"vista films";0;1;0.00;11.0
"https://www.bluevistaprod.com/";"vista paris";0;1;0.00;53.0
"https://www.bluevistaprod.com/";"vista production";0;8;0.00;7.4
"https://www.bluevistaprod.com/";"vista productions";0;6;0.00;9.0
"https://www.bluevistaprod.com/";"vista video";0;2;0.00;21.0
"https://www.bluevistaprod.com/";"vista.com";0;2;0.00;86.5
"https://www.bluevistaprod.com/";"vistaprod";0;4;0.00;4.5
"https://www.bluevistaprod.com/";"vistaprod.com";0;1;0.00;5.0
"https://www.bluevistaprod.com/";"vistaprod.net";0;37;0.00;50.5
"https://www.bluevistaprod.com/";"voir l'agence en streaming";0;5;0.00;44.2
"https://www.bluevistaprod.com/";"voir paris etc. en streaming";0;2;0.00;47.5
"https://www.bluevistaprod.com/";"www.blue video.com";0;1;0.00;10.0
"https://www.bluevistaprod.com/";"wwwv agence webside film";0;6;0.00;31.7
"https://www.bluevistaprod.com/actualites/";"blu3 vista";0;1;0.00;8.0
"https://www.bluevistaprod.com/actualites/";"blue vista";0;36;0.00;2.1
"https://www.bluevistaprod.com/actualites/";"bluevista";0;68;0.00;1.6
"https://www.bluevistaprod.com/actualites/";"bluevista dive";0;1;0.00;6.0
"https://www.bluevistaprod.com/actualites/";"bluevista production";0;4;0.00;2.0
"https://www.bluevistaprod.com/actualites/";"frlorevista";0;14;0.00;18.6
"https://www.bluevistaprod.com/actualites/";"fubiz broadcast";0;37;0.00;65.8
"https://www.bluevistaprod.com/actualites/";"fubiz studio";0;1;0.00;69.0
"https://www.bluevistaprod.com/actualites/";"fubiz tv";0;88;0.00;65.4
"https://www.bluevistaprod.com/actualites/";"gf vip streaming";0;1;0.00;7.0
"https://www.bluevistaprod.com/actualites/";"kinovista";0;1;0.00;24.0
"https://www.bluevistaprod.com/actualites/";"livevista";0;1;0.00;4.0
"https://www.bluevistaprod.com/actualites/";"pmwigvista";0;3;0.00;6.3
"https://www.bluevistaprod.com/actualites/";"tubevista";0;3;0.00;40.7
"https://www.bluevistaprod.com/actualites/";"video en 360 vr lyon";0;2;0.00;95.0
"https://www.bluevistaprod.com/actualites/";"video mapping geneve";0;13;0.00;36.8
"https://www.bluevistaprod.com/actualites/";"vidéo actualités";0;4;0.00;81.5
"https://www.bluevistaprod.com/actualites/";"vistaprod.net";0;8;0.00;58.4
"https://www.bluevistaprod.com/actualites/50ans-de-lpa-une-histoire-lyonnaise/";"lpa";0;1;0.00;12.0
"https://www.bluevistaprod.com/actualites/50ans-de-lpa-une-histoire-lyonnaise/";"lpa 1";0;1;0.00;39.0
"https://www.bluevistaprod.com/actualites/50ans-de-lpa-une-histoire-lyonnaise/";"lpa:1$$";0;3;0.00;4.0
"https://www.bluevistaprod.com/actualites/50ans-de-lpa-une-histoire-lyonnaise/";"lyon parc auto";0;3;0.00;35.0
"https://www.bluevistaprod.com/actualites/50ans-de-lpa-une-histoire-lyonnaise/";"lyon park auto";0;13;0.00;73.9
"https://www.bluevistaprod.com/actualites/50ans-de-lpa-une-histoire-lyonnaise/";"parc automobile lyon";0;2;0.00;69.0
"https://www.bluevistaprod.com/actualites/animation-3d-grande-arche-de-la-defense/";"animation 3d genève";0;1;0.00;93.0
"https://www.bluevistaprod.com/actualites/animation-3d-grande-arche-de-la-defense/";"bureau 3d vista";0;37;0.00;54.4
"https://www.bluevistaprod.com/actualites/animation-3d-grande-arche-de-la-defense/";"la defense 3d";0;2;0.00;7.5
"https://www.bluevistaprod.com/actualites/animation-3d-produit-hitachi-csnet-manager/";"animation manager";0;2;0.00;76.5
"https://www.bluevistaprod.com/actualites/animation-3d-produit-hitachi-csnet-manager/";"cs manager";0;1;0.00;59.0
"https://www.bluevistaprod.com/actualites/animation-3d-produit-hitachi-csnet-manager/";"cs net";0;2;0.00;23.0
"https://www.bluevistaprod.com/actualites/animation-3d-produit-hitachi-csnet-manager/";"csnet";0;26;0.00;19.0
"https://www.bluevistaprod.com/actualites/animation-3d-produit-hitachi-csnet-manager/";"csnet hitachi";0;1;0.00;17.0
"https://www.bluevistaprod.com/actualites/animation-3d-produit-hitachi-csnet-manager/";"csnet manager";0;45;0.00;7.4
"https://www.bluevistaprod.com/actualites/animation-3d-produit-hitachi-csnet-manager/";"csnet manager 2";0;2;0.00;13.0
"https://www.bluevistaprod.com/actualites/animation-3d-produit-hitachi-csnet-manager/";"csnetmanager";0;45;0.00;8.3
"https://www.bluevistaprod.com/actualites/animation-3d-produit-hitachi-csnet-manager/";"hitachi 3d";0;1;0.00;6.0
"https://www.bluevistaprod.com/actualites/aravi-saison-2022-2023/";"aravi";0;773;0.00;8.5
"https://www.bluevistaprod.com/actualites/aravi-saison-2022-2023/";"aravi aravi";0;1;0.00;6.0
"https://www.bluevistaprod.com/actualites/aravi-saison-2022-2023/";"aravi d";0;1;0.00;9.0
"https://www.bluevistaprod.com/actualites/aravi-saison-2022-2023/";"team aravi";0;4;0.00;10.0
"https://www.bluevistaprod.com/actualites/aravi-saison-2022-2023/";"team aravi racing";0;1;0.00;7.0
"https://www.bluevistaprod.com/actualites/author/guillaume/page/4/";"film les lyonnais en streaming";0;1;0.00;47.0
"https://www.bluevistaprod.com/actualites/author/guillaume/page/4/";"tweetwall";0;1;0.00;47.0
"https://www.bluevistaprod.com/actualites/barpi-prevention-accidents/";"accidents industriels";0;1;0.00;98.0
"https://www.bluevistaprod.com/actualites/barpi-prevention-accidents/";"barpi";0;61;0.00;10.4
"https://www.bluevistaprod.com/actualites/barpi-prevention-accidents/";"barpiu";0;1;0.00;15.0
"https://www.bluevistaprod.com/actualites/bluevista-creative-unicorn-team/";"team licorne";0;2;0.00;84.5
"https://www.bluevistaprod.com/actualites/bluevista-creative-unicorn-team/";"unicorn team";0;1;0.00;11.0
"https://www.bluevistaprod.com/actualites/bluevista-creative-video-un-monde-virtuel-1-la-moto/";"serie monde virtuel";0;1;0.00;60.0
"https://www.bluevistaprod.com/actualites/bluevista-creative-video-un-monde-virtuel-1-la-moto/";"vidéo virtuel";0;5;0.00;79.4
"https://www.bluevistaprod.com/actualites/bluevista-creative-video-une-vraie-equipe-3-la-productivite/";"une vraie equipe";0;1;0.00;7.0
"https://www.bluevistaprod.com/actualites/bluevista-le-motion-design/";"blue motion c'est quoi";0;4;0.00;16.3
"https://www.bluevistaprod.com/actualites/bluevista-le-motion-design/";"blue vista";0;9;0.00;7.9
"https://www.bluevistaprod.com/actualites/bluevista-le-motion-design/";"bluevista";0;32;0.00;7.0
"https://www.bluevistaprod.com/actualites/bluevista-le-motion-design/";"c'est quoi le motion design";0;4;0.00;73.8
"https://www.bluevistaprod.com/actualites/bluevista-le-motion-design/";"devis motion design";0;9;0.00;58.7
"https://www.bluevistaprod.com/actualites/bluevista-le-motion-design/";"film motion design";0;5;0.00;89.6
"https://www.bluevistaprod.com/actualites/bluevista-le-motion-design/";"le motion";0;2;0.00;10.0
"https://www.bluevistaprod.com/actualites/bluevista-le-motion-design/";"le motion design";0;1;0.00;1.0
"https://www.bluevistaprod.com/actualites/bluevista-le-motion-design/";"motion";0;1;0.00;7.0
"https://www.bluevistaprod.com/actualites/bluevista-le-motion-design/";"motion c";0;19;0.00;59.8
"https://www.bluevistaprod.com/actualites/bluevista-le-motion-design/";"motion design";0;5;0.00;17.8
"https://www.bluevistaprod.com/actualites/bluevista-le-motion-design/";"motion design c est quoi";0;5;0.00;35.6
"https://www.bluevistaprod.com/actualites/bluevista-le-motion-design/";"motion design c'est quoi";0;12;0.00;52.8
"https://www.bluevistaprod.com/actualites/bluevista-le-motion-design/";"motion design définition";0;1;0.00;10.0
"https://www.bluevistaprod.com/actualites/bluevista-le-motion-design/";"motion design entreprise";0;1;0.00;25.0
"https://www.bluevistaprod.com/actualites/bluevista-le-motion-design/";"motion design monza";0;1;0.00;84.0
"https://www.bluevistaprod.com/actualites/bluevista-le-motion-design/";"motion designs";0;3;0.00;48.0
"https://www.bluevistaprod.com/actualites/bluevista-le-motion-design/";"motiondesign";0;24;0.00;33.7
"https://www.bluevistaprod.com/actualites/bluevista-le-motion-design/";"qu'est ce que le motion design";0;3;0.00;9.0
"https://www.bluevistaprod.com/actualites/bluevista-le-motion-design/";"tubevista";0;1;0.00;85.0
"https://www.bluevistaprod.com/actualites/bluevista-le-motion-design/";"vista motion";0;1;0.00;7.0
"https://www.bluevistaprod.com/actualites/bluevista-le-motion-design/";"we are motion";0;1;0.00;52.0
"https://www.bluevistaprod.com/actualites/bluevista-video-showreel-2020/";"blue vista";0;11;0.00;4.5
"https://www.bluevistaprod.com/actualites/bluevista-video-showreel-2020/";"bluevista";0;26;0.00;4.8
"https://www.bluevistaprod.com/actualites/bluevista-video-showreel-2020/";"bluevista production";0;2;0.00;4.0
"https://www.bluevistaprod.com/actualites/bluevista-video-showreel-2020/";"bluvista.de";0;18;0.00;5.2
"https://www.bluevistaprod.com/actualites/bluevista-video-showreel-2020/";"showreel 2020";0;1;0.00;6.0
"https://www.bluevistaprod.com/actualites/bluevista-video-showreel-2021/";"blue vista";0;11;0.00;1.7
"https://www.bluevistaprod.com/actualites/bluevista-video-showreel-2021/";"bluevista production";0;6;0.00;4.0
"https://www.bluevistaprod.com/actualites/bluevista-video-showreel-2021/";"bluvista.de";0;10;0.00;5.7
"https://www.bluevistaprod.com/actualites/bluevista-video-showreel-2023/";"agence réalité virtuelle lyon";0;1;0.00;52.0
"https://www.bluevistaprod.com/actualites/bluevista-video-showreel-2023/";"agence vidéo geneve";0;1;0.00;59.0
"https://www.bluevistaprod.com/actualites/bluevista-video-showreel-2023/";"agence vidéo genève";0;1;0.00;38.0
"https://www.bluevistaprod.com/actualites/bluevista-video-showreel-2023/";"animation 3d genève";0;4;0.00;71.8
"https://www.bluevistaprod.com/actualites/bluevista-video-showreel-2023/";"blu vista";0;1;0.00;8.0
"https://www.bluevistaprod.com/actualites/bluevista-video-showreel-2023/";"blue vista";0;187;0.00;2.8
"https://www.bluevistaprod.com/actualites/bluevista-video-showreel-2023/";"bluevista dive";0;1;0.00;3.0
"https://www.bluevistaprod.com/actualites/bluevista-video-showreel-2023/";"bluevista lyon";0;2;0.00;3.5
"https://www.bluevistaprod.com/actualites/bluevista-video-showreel-2023/";"bluvista.de";0;31;0.00;6.2
"https://www.bluevistaprod.com/actualites/bluevista-video-showreel-2023/";"budvista";0;2;0.00;1.5
"https://www.bluevistaprod.com/actualites/bluevista-video-showreel-2023/";"buevista";0;1;0.00;1.0
"https://www.bluevistaprod.com/actualites/bluevista-video-showreel-2023/";"entreprise audiovisuelle lyon";0;1;0.00;48.0
"https://www.bluevistaprod.com/actualites/bluevista-video-showreel-2023/";"film showreel 2023";0;3;0.00;5.7
"https://www.bluevistaprod.com/actualites/bluevista-video-showreel-2023/";"frlorevista";0;81;0.00;16.1
"https://www.bluevistaprod.com/actualites/bluevista-video-showreel-2023/";"geneva video production";0;14;0.00;44.5
"https://www.bluevistaprod.com/actualites/bluevista-video-showreel-2023/";"luxury video agency geneva";0;4;0.00;48.0
"https://www.bluevistaprod.com/actualites/bluevista-video-showreel-2023/";"motion designers monts du lyonnais";0;3;0.00;29.0
"https://www.bluevistaprod.com/actualites/bluevista-video-showreel-2023/";"réalisation vidéo genève";0;1;0.00;9.0
"https://www.bluevistaprod.com/actualites/bluevista-video-showreel-2023/";"réalisation vidéo lyon";0;1;0.00;64.0
"https://www.bluevistaprod.com/actualites/bluevista-video-showreel-2023/";"showreel 2023";0;5;0.00;10.4
"https://www.bluevistaprod.com/actualites/bluevista-video-showreel-2023/";"showreel agence";0;34;0.00;76.5
"https://www.bluevistaprod.com/actualites/bluevista-video-showreel-2023/";"studio fond vert lyon";0;2;0.00;57.0
"https://www.bluevistaprod.com/actualites/bluevista-video-showreel-2023/";"the blue vista photos";0;2;0.00;6.0
"https://www.bluevistaprod.com/actualites/bluevista-video-showreel-2023/";"tubevista";0;2;0.00;6.5
"https://www.bluevistaprod.com/actualites/bluevista-video-showreel-2023/";"video motion video lyon";0;1;0.00;39.0
"https://www.bluevistaprod.com/actualites/bluevista-video-showreel-2023/";"video production agency geneva";0;12;0.00;57.2
"https://www.bluevistaprod.com/actualites/bluevista-video-showreel-2023/";"video production geneva";0;4;0.00;42.3
"https://www.bluevistaprod.com/actualites/bluevista-video-showreel-2023/";"video showreel";0;2;0.00;47.0
"https://www.bluevistaprod.com/actualites/bluevista-video-showreel-2023/";"video showreels";0;2;0.00;30.0
"https://www.bluevistaprod.com/actualites/bluevista-video-showreel-2023/";"video vista";0;2;0.00;37.0
"https://www.bluevistaprod.com/actualites/bluevista-video-showreel-2023/";"vidéo 360 genève";0;1;0.00;68.0
"https://www.bluevistaprod.com/actualites/bluevista-video-showreel-2023/";"vistaprod.com";0;1;0.00;81.0
"https://www.bluevistaprod.com/actualites/bluevista-video-showreel-2023/";"vistaprod.net";0;2;0.00;4.0
"https://www.bluevistaprod.com/actualites/carte-de-voeux-video/";"carte de voeux 2016";0;7;0.00;85.4
"https://www.bluevistaprod.com/actualites/carte-de-voeux-video/";"carte de voeux 2017";0;68;0.00;87.3
"https://www.bluevistaprod.com/actualites/carte-de-voeux-video/";"carte de voeux motion design";0;15;0.00;51.9
"https://www.bluevistaprod.com/actualites/carte-de-voeux-video/";"carte de voeux video";0;349;0.00;20.5
"https://www.bluevistaprod.com/actualites/carte-de-voeux-video/";"carte de voeux vidéo";0;256;0.00;22.4
"https://www.bluevistaprod.com/actualites/carte-de-voeux-video/";"carte de voeux vidéo entreprise";0;16;0.00;91.3
"https://www.bluevistaprod.com/actualites/carte-de-voeux-video/";"carte de voeux vidéos";0;247;0.00;19.5
"https://www.bluevistaprod.com/actualites/carte-de-voeux-video/";"carte de vœux 2016";0;5;0.00;89.0
"https://www.bluevistaprod.com/actualites/carte-de-voeux-video/";"carte de vœux vidéo";0;214;0.00;19.2
"https://www.bluevistaprod.com/actualites/carte-de-voeux-video/";"carte voeux 2016";0;81;0.00;90.0
"https://www.bluevistaprod.com/actualites/carte-de-voeux-video/";"carte voeux video";0;208;0.00;24.2
"https://www.bluevistaprod.com/actualites/carte-de-voeux-video/";"cartes de noël 2016";0;83;0.00;75.1
"https://www.bluevistaprod.com/actualites/carte-de-voeux-video/";"cartes de voeux 2016";0;142;0.00;78.5
"https://www.bluevistaprod.com/actualites/carte-de-voeux-video/";"cartes de voeux 2018";0;9;0.00;65.9
"https://www.bluevistaprod.com/actualites/carte-de-voeux-video/";"cartes voeux 2016";0;31;0.00;85.7
"https://www.bluevistaprod.com/actualites/carte-de-voeux-video/";"idée de vidéo de voeux";0;5;0.00;34.8
"https://www.bluevistaprod.com/actualites/carte-de-voeux-video/";"video carte de voeux";0;5;0.00;21.0
"https://www.bluevistaprod.com/actualites/carte-de-voeux-video/";"video voeux";0;2;0.00;29.5
"https://www.bluevistaprod.com/actualites/carte-de-voeux-video/";"vidéo voeux";0;209;0.00;33.5
"https://www.bluevistaprod.com/actualites/carte-de-voeux-video/";"voeux video";0;36;0.00;34.0
"https://www.bluevistaprod.com/actualites/category/animation_3d/";"animation 3d genève";0;1;0.00;40.0
"https://www.bluevistaprod.com/actualites/category/animation_3d/";"bluevista";0;1;0.00;4.0
"https://www.bluevistaprod.com/actualites/category/animation_3d/";"bureau 3d vista";0;3;0.00;54.7
"https://www.bluevistaprod.com/actualites/category/animation_3d/";"vistaprod.net";0;4;0.00;76.0
"https://www.bluevistaprod.com/actualites/category/publicite/";"studio fond vert lyon";0;1;0.00;96.0
"https://www.bluevistaprod.com/actualites/category/tournage-studio/";"blue vista";0;1;0.00;10.0
"https://www.bluevistaprod.com/actualites/category/tournage-studio/";"bluevista production";0;1;0.00;1.0
"https://www.bluevistaprod.com/actualites/category/tournage-studio/";"studio fond vert lyon";0;6;0.00;79.7
"https://www.bluevistaprod.com/actualites/category/tournage-studio/";"tournage en studio";0;11;0.00;57.0
"https://www.bluevistaprod.com/actualites/category/video-360-vr/";"360 film vr";0;1;0.00;54.0
"https://www.bluevistaprod.com/actualites/category/video-360-vr/";"360 vidéo";0;1;0.00;30.0
"https://www.bluevistaprod.com/actualites/category/video-360-vr/";"360 vr";0;1;0.00;6.0
"https://www.bluevistaprod.com/actualites/category/video-360-vr/";"360 vr 3d videos";0;1;0.00;14.0
"https://www.bluevistaprod.com/actualites/category/video-360-vr/";"360 vr video";0;1;0.00;50.0
"https://www.bluevistaprod.com/actualites/category/video-360-vr/";"360vr";0;1;0.00;35.0
"https://www.bluevistaprod.com/actualites/category/video-360-vr/";"360vr video";0;1;0.00;10.0
"https://www.bluevistaprod.com/actualites/category/video-360-vr/";"animation 360 degrés";0;1;0.00;94.0
"https://www.bluevistaprod.com/actualites/category/video-360-vr/";"animation oculus rift";0;1;0.00;80.0
"https://www.bluevistaprod.com/actualites/category/video-360-vr/";"bluevista";0;1;0.00;2.0
"https://www.bluevistaprod.com/actualites/category/video-360-vr/";"drone vr 360";0;2;0.00;70.0
"https://www.bluevistaprod.com/actualites/category/video-360-vr/";"film 360 vr";0;1;0.00;13.0
"https://www.bluevistaprod.com/actualites/category/video-360-vr/";"film en vr 360";0;1;0.00;24.0
"https://www.bluevistaprod.com/actualites/category/video-360-vr/";"film vr 360";0;1;0.00;14.0
"https://www.bluevistaprod.com/actualites/category/video-360-vr/";"films vr 360";0;2;0.00;82.5
"https://www.bluevistaprod.com/actualites/category/video-360-vr/";"prod 360";0;1;0.00;91.0
"https://www.bluevistaprod.com/actualites/category/video-360-vr/";"production vidéo 360 degrés";0;7;0.00;30.3
"https://www.bluevistaprod.com/actualites/category/video-360-vr/";"video 360 vr";0;3;0.00;34.0
"https://www.bluevistaprod.com/actualites/category/video-360-vr/";"video 3d vr";0;2;0.00;39.0
"https://www.bluevistaprod.com/actualites/category/video-360-vr/";"video a 360";0;1;0.00;56.0
"https://www.bluevistaprod.com/actualites/category/video-360-vr/";"video en 360 vr";0;13;0.00;32.4
"https://www.bluevistaprod.com/actualites/category/video-360-vr/";"video en 360 vr lyon";0;74;0.00;36.0
"https://www.bluevistaprod.com/actualites/category/video-360-vr/";"video en vr 360";0;2;0.00;29.5
"https://www.bluevistaprod.com/actualites/category/video-360-vr/";"video pour vr";0;1;0.00;51.0
"https://www.bluevistaprod.com/actualites/category/video-360-vr/";"video vr 360";0;5;0.00;24.8
"https://www.bluevistaprod.com/actualites/category/video-360-vr/";"video vr 3d";0;4;0.00;6.0
"https://www.bluevistaprod.com/actualites/category/video-360-vr/";"videos 360 vr";0;7;0.00;17.0
"https://www.bluevistaprod.com/actualites/category/video-360-vr/";"videos vr 360";0;1;0.00;9.0
"https://www.bluevistaprod.com/actualites/category/video-360-vr/";"vidéo 360 genève";0;17;0.00;30.1
"https://www.bluevistaprod.com/actualites/category/video-360-vr/";"vidéo 360 vr";0;1;0.00;14.0
"https://www.bluevistaprod.com/actualites/category/video-360-vr/";"vidéo en vr";0;1;0.00;49.0
"https://www.bluevistaprod.com/actualites/category/video-360-vr/";"vidéo vr";0;7;0.00;9.0
"https://www.bluevistaprod.com/actualites/category/video-360-vr/";"vidéo vr 360";0;1;0.00;57.0
"https://www.bluevistaprod.com/actualites/category/video-360-vr/";"vidéos vr 360";0;4;0.00;7.5
"https://www.bluevistaprod.com/actualites/category/video-360-vr/";"vimeo 360";0;1;0.00;44.0
"https://www.bluevistaprod.com/actualites/category/video-360-vr/";"vr 360";0;1;0.00;88.0
"https://www.bluevistaprod.com/actualites/category/video-360-vr/";"vr 360 degree";0;3;0.00;12.0
"https://www.bluevistaprod.com/actualites/category/video-360-vr/";"vr 360 films";0;1;0.00;82.0
"https://www.bluevistaprod.com/actualites/category/video-360-vr/";"vr 360 video";0;4;0.00;19.5
"https://www.bluevistaprod.com/actualites/category/video-360-vr/";"vr 360 video download";0;1;0.00;68.0
"https://www.bluevistaprod.com/actualites/category/video-360-vr/";"vr 360 videos";0;2;0.00;6.5
"https://www.bluevistaprod.com/actualites/category/video-360-vr/";"vr film 360";0;1;0.00;16.0
"https://www.bluevistaprod.com/actualites/category/video-360-vr/";"vr vi";0;4;0.00;9.0
"https://www.bluevistaprod.com/actualites/category/video-360-vr/";"vr video 360";0;2;0.00;59.5
"https://www.bluevistaprod.com/actualites/category/video-360-vr/";"vr videos 360";0;6;0.00;7.8
"https://www.bluevistaprod.com/actualites/category/video-360-vr/";"vr vidéo";0;14;0.00;9.0
"https://www.bluevistaprod.com/actualites/category/video-panoramique/";"vistaprod.net";0;7;0.00;58.0
"https://www.bluevistaprod.com/actualites/category/videomapping/";"bluevista";0;1;0.00;7.0
"https://www.bluevistaprod.com/actualites/category/videomapping/";"mapping vidéo entreprise";0;21;0.00;55.0
"https://www.bluevistaprod.com/actualites/category/videomapping/";"mapping vidéo scénographie";0;3;0.00;98.3
"https://www.bluevistaprod.com/actualites/category/videomapping/";"video mapping geneve";0;10;0.00;84.5
"https://www.bluevistaprod.com/actualites/category/videomapping/";"video mapping lyon";0;5;0.00;58.8
"https://www.bluevistaprod.com/actualites/category/videomapping/";"video projection mapping";0;1;0.00;97.0
"https://www.bluevistaprod.com/actualites/decouvrez-notre-nouvelle-bande-demo-3d/";"demo 3d";0;2;0.00;24.0
"https://www.bluevistaprod.com/actualites/decouvrez-notre-nouvelle-bande-demo-3d/";"demonstration 3d";0;23;0.00;58.7
"https://www.bluevistaprod.com/actualites/equita-lyon-dailynews/";"date equita lyon";0;1;0.00;1.0
"https://www.bluevistaprod.com/actualites/equita-lyon-dailynews/";"equita lyon";0;1;0.00;92.0
"https://www.bluevistaprod.com/actualites/equita-lyon-dailynews/";"equita lyon exposant";0;1;0.00;84.0
"https://www.bluevistaprod.com/actualites/equita-lyon-dailynews/";"equitalyon";0;1;0.00;106.0
"https://www.bluevistaprod.com/actualites/equita-lyon-dailynews/";"voltige equestre lyon";0;1;0.00;71.0
"https://www.bluevistaprod.com/actualites/getlive-tv-3-0-la-wbe-tv-selon-bluevista/";"bluevista tv";0;2;0.00;19.5
"https://www.bluevistaprod.com/actualites/getlive-tv-3-0-la-wbe-tv-selon-bluevista/";"getlive";0;11;0.00;6.1
"https://www.bluevistaprod.com/actualites/getlive-tv-3-0-la-wbe-tv-selon-bluevista/";"getlive.com";0;3;0.00;4.0
"https://www.bluevistaprod.com/actualites/getlive-tv-3-0-la-wbe-tv-selon-bluevista/";"getlive.stream";0;1;0.00;10.0
"https://www.bluevistaprod.com/actualites/guitare-en-scene-2023/";"ges festival";0;2;0.00;43.5
"https://www.bluevistaprod.com/actualites/guitare-en-scene-2023/";"guitare en scene";0;4;0.00;59.5
"https://www.bluevistaprod.com/actualites/guitare-en-scene-2023/";"guitare en scene 2017";0;1;0.00;89.0
"https://www.bluevistaprod.com/actualites/guitare-en-scene-2023/";"guitare en scene 2018";0;1;0.00;37.0
"https://www.bluevistaprod.com/actualites/guitare-en-scene-2023/";"guitare en scene 2019";0;5;0.00;85.8
"https://www.bluevistaprod.com/actualites/guitare-en-scene-2023/";"guitare en scene 2020";0;4;0.00;37.3
"https://www.bluevistaprod.com/actualites/guitare-en-scene-2023/";"guitare en scene 2022";0;1;0.00;92.0
"https://www.bluevistaprod.com/actualites/guitare-en-scene-2023/";"guitare en scene 2023";0;126;0.00;8.2
"https://www.bluevistaprod.com/actualites/guitare-en-scene-2023/";"guitare en scenes";0;4;0.00;79.5
"https://www.bluevistaprod.com/actualites/guitare-en-scene-2023/";"guitare en scène";0;1;0.00;18.0
"https://www.bluevistaprod.com/actualites/guitare-en-scene-2023/";"guitare en scène 2022";0;1;0.00;99.0
"https://www.bluevistaprod.com/actualites/guitare-en-scene-2023/";"guitare en scène 2023";0;15;0.00;10.3
"https://www.bluevistaprod.com/actualites/guitare-en-scene-2023/";"guitare en scène 2023 programme";0;27;0.00;7.0
"https://www.bluevistaprod.com/actualites/guitare-en-scene-2023/";"guitare en scène programme 2023";0;7;0.00;9.9
"https://www.bluevistaprod.com/actualites/guitare-en-scene-2023/";"guitare scene";0;2;0.00;88.0
"https://www.bluevistaprod.com/actualites/guitare-en-scene-2023/";"guitares en scene";0;1;0.00;11.0
"https://www.bluevistaprod.com/actualites/guitare-en-scene-2023/";"guitares en scenes";0;9;0.00;65.7
"https://www.bluevistaprod.com/actualites/guitare-en-scene-2023/";"scene 2023";0;1;0.00;9.0
"https://www.bluevistaprod.com/actualites/inauguration-intercontinental-lyon-grand-hotel-dieu/";"dome hotel dieu lyon";0;3;0.00;59.7
"https://www.bluevistaprod.com/actualites/inauguration-intercontinental-lyon-grand-hotel-dieu/";"hotel dieu lyon projet";0;1;0.00;100.0
"https://www.bluevistaprod.com/actualites/inauguration-intercontinental-lyon-grand-hotel-dieu/";"hotel grand hotel dieu lyon";0;2;0.00;60.5
"https://www.bluevistaprod.com/actualites/inauguration-intercontinental-lyon-grand-hotel-dieu/";"le dome hotel dieu";0;1;0.00;105.0
"https://www.bluevistaprod.com/actualites/inauguration-intercontinental-lyon-grand-hotel-dieu/";"le grand hotel dieu lyon";0;1;0.00;55.0
"https://www.bluevistaprod.com/actualites/inauguration-intercontinental-lyon-grand-hotel-dieu/";"lyon grand hotel";0;1;0.00;43.0
"https://www.bluevistaprod.com/actualites/koesio-carte-de-voeux-2023/";"carte de voeux 2023";0;136;0.00;67.0
"https://www.bluevistaprod.com/actualites/koesio-carte-de-voeux-2023/";"carte de voeux d'entreprise";0;1;0.00;47.0
"https://www.bluevistaprod.com/actualites/koesio-carte-de-voeux-2023/";"carte de voeux entreprise design";0;1;0.00;95.0
"https://www.bluevistaprod.com/actualites/koesio-carte-de-voeux-2023/";"carte de vœux 2023";0;42;0.00;52.2
"https://www.bluevistaprod.com/actualites/koesio-carte-de-voeux-2023/";"carte voeux 2023";0;76;0.00;77.6
"https://www.bluevistaprod.com/actualites/koesio-carte-de-voeux-2023/";"cartes de voeux 2023";0;43;0.00;83.7
"https://www.bluevistaprod.com/actualites/koesio-carte-de-voeux-2023/";"cartes de vœux 2023";0;51;0.00;56.3
"https://www.bluevistaprod.com/actualites/koesio-carte-de-voeux-2023/";"cartes voeux 2023";0;4;0.00;56.5
"https://www.bluevistaprod.com/actualites/koesio-carte-de-voeux-2023/";"koesio champagne";0;2;0.00;26.0
"https://www.bluevistaprod.com/actualites/koesio-carte-de-voeux-2023/";"koesio grand est";0;1;0.00;55.0
"https://www.bluevistaprod.com/actualites/koesio-carte-de-voeux-2023/";"koesio paris";0;1;0.00;73.0
"https://www.bluevistaprod.com/actualites/koesio-carte-de-voeux-2023/";"koesio studio";0;64;0.00;10.1
"https://www.bluevistaprod.com/actualites/koesio-carte-de-voeux-2023/";"vistaprod.net";0;1;0.00;56.0
"https://www.bluevistaprod.com/actualites/koesio-carte-de-voeux-2023/";"voeux 2023";0;1;0.00;96.0
"https://www.bluevistaprod.com/actualites/la-realite-virtuelle-oculus-a-bluevista/";"oculus1";0;1;0.00;10.0
"https://www.bluevistaprod.com/actualites/live-video-homeserve-20ans/";"""homeserve"" -site:corporama.com -site:verif.com -site:manageo.fr -site:bilansgratuits.fr -site:societe.com -site:kompass.com -site:lefigaro.fr -site:data.gouv.fr -site:pappers.fr -site:score3.fr -site:rocketlead.fr";0;2;0.00;31.5
"https://www.bluevistaprod.com/actualites/mapping-printemps-lyon/";"bluevista lyon";0;1;0.00;1.0
"https://www.bluevistaprod.com/actualites/mapping-printemps-lyon/";"gucci printemps lyon";0;6;0.00;9.7
"https://www.bluevistaprod.com/actualites/mapping-printemps-lyon/";"logo printemps";0;7;0.00;1.0
"https://www.bluevistaprod.com/actualites/mapping-printemps-lyon/";"mapping lyon";0;59;0.00;33.9
"https://www.bluevistaprod.com/actualites/mapping-printemps-lyon/";"mapping vidéo lyon";0;30;0.00;36.4
"https://www.bluevistaprod.com/actualites/mapping-printemps-lyon/";"photos de printemps lyon";0;2;0.00;4.0
"https://www.bluevistaprod.com/actualites/mapping-printemps-lyon/";"printemps lyon";0;3;0.00;66.7
"https://www.bluevistaprod.com/actualites/mapping-printemps-lyon/";"printemps lyon photos";0;4;0.00;4.8
"https://www.bluevistaprod.com/actualites/mapping-printemps-lyon/";"printemps map";0;1;0.00;20.0
"https://www.bluevistaprod.com/actualites/mapping-printemps-lyon/";"printemps à lyon";0;1;0.00;96.0
"https://www.bluevistaprod.com/actualites/mapping-printemps-lyon/";"video mapping lyon";0;18;0.00;35.9
"https://www.bluevistaprod.com/actualites/mase-4-motions/";"animation mase";0;52;0.00;74.5
"https://www.bluevistaprod.com/actualites/mase-4-motions/";"blue mase";0;1;0.00;6.0
"https://www.bluevistaprod.com/actualites/mase-4-motions/";"mase design";0;6;0.00;6.5
"https://www.bluevistaprod.com/actualites/mase-4-motions/";"mase in design";0;1;0.00;9.0
"https://www.bluevistaprod.com/actualites/mase-4-motions/";"mase ra";0;1;0.00;46.0
"https://www.bluevistaprod.com/actualites/mase-4-motions/";"mase rhone alpes";0;39;0.00;19.5
"https://www.bluevistaprod.com/actualites/motion-design-3d-et-mapping-a-paris-au-musee-rodin/";"3d mapping";0;1;0.00;56.0
"https://www.bluevistaprod.com/actualites/motion-design-3d-et-mapping-a-paris-au-musee-rodin/";"agence 3d paris";0;2;0.00;78.5
"https://www.bluevistaprod.com/actualites/motion-design-3d-et-mapping-a-paris-au-musee-rodin/";"agence motion design paris";0;1;0.00;50.0
"https://www.bluevistaprod.com/actualites/motion-design-3d-et-mapping-a-paris-au-musee-rodin/";"animation mapping";0;1;0.00;52.0
"https://www.bluevistaprod.com/actualites/motion-design-3d-et-mapping-a-paris-au-musee-rodin/";"mapping paris";0;127;0.00;44.2
"https://www.bluevistaprod.com/actualites/motion-design-3d-et-mapping-a-paris-au-musee-rodin/";"mapping vidéo paris";0;176;0.00;37.6
"https://www.bluevistaprod.com/actualites/motion-design-3d-et-mapping-a-paris-au-musee-rodin/";"motion design agence paris";0;1;0.00;51.0
"https://www.bluevistaprod.com/actualites/motion-design-3d-et-mapping-a-paris-au-musee-rodin/";"motion mue";0;1;0.00;11.0
"https://www.bluevistaprod.com/actualites/motion-design-3d-et-mapping-a-paris-au-musee-rodin/";"motion musee";0;6;0.00;8.8
"https://www.bluevistaprod.com/actualites/motion-design-3d-et-mapping-a-paris-au-musee-rodin/";"paris mapping";0;39;0.00;27.8
"https://www.bluevistaprod.com/actualites/motion-design-3d-et-mapping-a-paris-au-musee-rodin/";"rodin 3d";0;12;0.00;23.9
"https://www.bluevistaprod.com/actualites/motion-design-3d-et-mapping-a-paris-au-musee-rodin/";"studio motion 3d paris";0;5;0.00;39.4
"https://www.bluevistaprod.com/actualites/motion-design-3d-et-mapping-a-paris-au-musee-rodin/";"studio projection 3d";0;5;0.00;19.2
"https://www.bluevistaprod.com/actualites/motion-design-3d-et-mapping-a-paris-au-musee-rodin/";"video mapping paris";0;43;0.00;40.6
"https://www.bluevistaprod.com/actualites/motion-design-3d-et-mapping-a-paris-au-musee-rodin/";"video motion design paris";0;4;0.00;52.5
"https://www.bluevistaprod.com/actualites/nos-dernieres-interviews/";"blue vista";0;10;0.00;2.0
"https://www.bluevistaprod.com/actualites/nos-dernieres-interviews/";"bluevista";0;40;0.00;1.3
"https://www.bluevistaprod.com/actualites/nos-dernieres-interviews/";"bluevista production";0;2;0.00;1.0
"https://www.bluevistaprod.com/actualites/nos-dernieres-interviews/";"vista interview";0;1;0.00;10.0
"https://www.bluevistaprod.com/actualites/nouveau-materiel-motion-control-kessler/";"kessler motion control";0;3;0.00;18.0
"https://www.bluevistaprod.com/actualites/peninsula-octobre-rose/";"peninsula rose";0;1;0.00;9.0
"https://www.bluevistaprod.com/actualites/peninsula-octobre-rose/";"rose peninsula";0;3;0.00;12.3
"https://www.bluevistaprod.com/actualites/projet-de-realisation-video-360/";"360 drone";0;6;0.00;32.7
"https://www.bluevistaprod.com/actualites/projet-de-realisation-video-360/";"360 video drone";0;1;0.00;22.0
"https://www.bluevistaprod.com/actualites/projet-de-realisation-video-360/";"bluevista";0;9;0.00;4.1
"https://www.bluevistaprod.com/actualites/projet-de-realisation-video-360/";"dji 360 video";0;1;0.00;85.0
"https://www.bluevistaprod.com/actualites/projet-de-realisation-video-360/";"dji s1000";0;1;0.00;8.0
"https://www.bluevistaprod.com/actualites/projet-de-realisation-video-360/";"drone 360 video";0;3;0.00;11.3
"https://www.bluevistaprod.com/actualites/projet-de-realisation-video-360/";"drone vr 360";0;6;0.00;42.2
"https://www.bluevistaprod.com/actualites/projet-de-realisation-video-360/";"drone vr360";0;1;0.00;70.0
"https://www.bluevistaprod.com/actualites/projet-de-realisation-video-360/";"drones 360";0;4;0.00;30.0
"https://www.bluevistaprod.com/actualites/projet-de-realisation-video-360/";"prod 360";0;2;0.00;68.0
"https://www.bluevistaprod.com/actualites/projet-de-realisation-video-360/";"production video 360";0;11;0.00;18.4
"https://www.bluevistaprod.com/actualites/projet-de-realisation-video-360/";"production vidéo 360";0;2;0.00;12.5
"https://www.bluevistaprod.com/actualites/projet-de-realisation-video-360/";"projet natal 360";0;1;0.00;22.0
"https://www.bluevistaprod.com/actualites/projet-de-realisation-video-360/";"video 360 drone";0;4;0.00;52.8
"https://www.bluevistaprod.com/actualites/projet-de-realisation-video-360/";"video drone 360";0;3;0.00;84.3
"https://www.bluevistaprod.com/actualites/projet-de-realisation-video-360/";"video realisation";0;7;0.00;92.6
"https://www.bluevistaprod.com/actualites/projet-de-realisation-video-360/";"video vista";0;1;0.00;100.0
"https://www.bluevistaprod.com/actualites/projet-de-realisation-video-360/";"vidéo 360 genève";0;8;0.00;13.5
"https://www.bluevistaprod.com/actualites/projet-de-realisation-video-360/";"vistaprod.com";0;1;0.00;7.0
"https://www.bluevistaprod.com/actualites/realisation-de-film-dentreprise-ou-corporate/";"réalisation film corporate";0;1;0.00;31.0
"https://www.bluevistaprod.com/actualites/realisation-immersion-360-degres-dameuse-pisten-bully/";"bully vr";0;6;0.00;7.0
"https://www.bluevistaprod.com/actualites/realisation-immersion-360-degres-dameuse-pisten-bully/";"c'est quoi une dameuse";0;3;0.00;42.3
"https://www.bluevistaprod.com/actualites/realisation-immersion-360-degres-dameuse-pisten-bully/";"cardboard qr code";0;1;0.00;30.0
"https://www.bluevistaprod.com/actualites/realisation-immersion-360-degres-dameuse-pisten-bully/";"dameuse";0;1;0.00;25.0
"https://www.bluevistaprod.com/actualites/realisation-immersion-360-degres-dameuse-pisten-bully/";"dameuse montagne";0;5;0.00;73.2
"https://www.bluevistaprod.com/actualites/realisation-immersion-360-degres-dameuse-pisten-bully/";"dameuse pistenbully";0;2;0.00;20.0
"https://www.bluevistaprod.com/actualites/realisation-immersion-360-degres-dameuse-pisten-bully/";"dameuse val thorens";0;2;0.00;40.5
"https://www.bluevistaprod.com/actualites/realisation-immersion-360-degres-dameuse-pisten-bully/";"dameuse video";0;6;0.00;9.7
"https://www.bluevistaprod.com/actualites/realisation-immersion-360-degres-dameuse-pisten-bully/";"immersion360";0;6;0.00;49.8
"https://www.bluevistaprod.com/actualites/realisation-immersion-360-degres-dameuse-pisten-bully/";"kassbohrer dameuse";0;1;0.00;59.0
"https://www.bluevistaprod.com/actualites/realisation-immersion-360-degres-dameuse-pisten-bully/";"kässbohrer dameuse";0;2;0.00;73.0
"https://www.bluevistaprod.com/actualites/realisation-immersion-360-degres-dameuse-pisten-bully/";"pisten";0;26;0.00;9.6
"https://www.bluevistaprod.com/actualites/realisation-immersion-360-degres-dameuse-pisten-bully/";"pisten bully";0;21;0.00;12.0
"https://www.bluevistaprod.com/actualites/realisation-immersion-360-degres-dameuse-pisten-bully/";"video dameuse";0;11;0.00;9.5
"https://www.bluevistaprod.com/actualites/santos-i-grind/";"i grind";0;1;0.00;10.0
"https://www.bluevistaprod.com/actualites/santos-i-grind/";"information";0;1;0.00;6.0
"https://www.bluevistaprod.com/actualites/santos-i-grind/";"moulin café santos";0;3;0.00;70.3
"https://www.bluevistaprod.com/actualites/santos-i-grind/";"moulin à café professionnel santos";0;3;0.00;58.3
"https://www.bluevistaprod.com/actualites/santos-i-grind/";"moulin à café santos";0;2;0.00;80.5
"https://www.bluevistaprod.com/actualites/santos-i-grind/";"santos moulin à café";0;2;0.00;80.0
"https://www.bluevistaprod.com/actualites/serie-de-6-videos-promotionnelles-pour-les-produits-abb-snk/";"abb serie";0;1;0.00;11.0
"https://www.bluevistaprod.com/actualites/serie-de-6-videos-promotionnelles-pour-les-produits-abb-snk/";"serie abb";0;1;0.00;8.0
"https://www.bluevistaprod.com/actualites/show-reel-motion-design/";"blue motion c'est quoi";0;1;0.00;57.0
"https://www.bluevistaprod.com/actualites/show-reel-motion-design/";"design a show";0;1;0.00;7.0
"https://www.bluevistaprod.com/actualites/show-reel-motion-design/";"design reel";0;1;0.00;29.0
"https://www.bluevistaprod.com/actualites/show-reel-motion-design/";"devis motion design";0;42;0.00;52.0
"https://www.bluevistaprod.com/actualites/show-reel-motion-design/";"motion design showreel";0;3;0.00;19.0
"https://www.bluevistaprod.com/actualites/show-reel-motion-design/";"show reel";0;1;0.00;26.0
"https://www.bluevistaprod.com/actualites/show-reel-motion-design/";"showreel c'est quoi";0;1;0.00;31.0
"https://www.bluevistaprod.com/actualites/show-reel-motion-design/";"showreel design";0;1;0.00;35.0
"https://www.bluevistaprod.com/actualites/show-reel-motion-design/";"showreel motion design";0;108;0.00;25.3
"https://www.bluevistaprod.com/actualites/showroom-virtuel-gf-machining-solutions/";"gf exhibition";0;1;0.00;8.0
"https://www.bluevistaprod.com/actualites/showroom-virtuel-gf-machining-solutions/";"gf machining solutions";0;1;0.00;1.0
"https://www.bluevistaprod.com/actualites/showroom-virtuel-gf-machining-solutions/";"gf machining solutions management sa";0;1;0.00;1.0
"https://www.bluevistaprod.com/actualites/showroom-virtuel-gf-machining-solutions/";"showroom gf";0;1;0.00;10.0
"https://www.bluevistaprod.com/actualites/showroom-virtuel-gf-machining-solutions/";"showroom virtuel";0;32;0.00;68.8
"https://www.bluevistaprod.com/actualites/showroom-virtuel-gf-machining-solutions/";"virtuel lyon";0;1;0.00;83.0
"https://www.bluevistaprod.com/actualites/showroom-virtuel-gf-machining-solutions/";"virtuelt showroom";0;24;0.00;70.0
"https://www.bluevistaprod.com/actualites/sport-boules-16eme-trophee-emile-terrier/";"boule lyonnaise video";0;3;0.00;74.7
"https://www.bluevistaprod.com/actualites/sport-boules-16eme-trophee-emile-terrier/";"emile terrier";0;21;0.00;8.2
"https://www.bluevistaprod.com/actualites/sport-boules-16eme-trophee-emile-terrier/";"sport boule diffusion direct";0;2;0.00;33.5
"https://www.bluevistaprod.com/actualites/sport-boules-16eme-trophee-emile-terrier/";"terrier boule";0;2;0.00;74.5
"https://www.bluevistaprod.com/actualites/sport-boules-16eme-trophee-emile-terrier/";"trophée boules lyonnaise";0;1;0.00;45.0
"https://www.bluevistaprod.com/actualites/sport-boules-16eme-trophee-emile-terrier/";"trophée emile terrier";0;2;0.00;9.0
"https://www.bluevistaprod.com/actualites/stann/";"appstain";0;1;0.00;10.0
"https://www.bluevistaprod.com/actualites/stann/";"devis film d'entreprise";0;2;0.00;64.5
"https://www.bluevistaprod.com/actualites/stann/";"devis film entreprise";0;1;0.00;79.0
"https://www.bluevistaprod.com/actualites/stann/";"dtann";0;1;0.00;10.0
"https://www.bluevistaprod.com/actualites/stann/";"logiciel stann";0;2;0.00;8.5
"https://www.bluevistaprod.com/actualites/stann/";"savistann";0;30;0.00;8.0
"https://www.bluevistaprod.com/actualites/stann/";"savistannn";0;1;0.00;5.0
"https://www.bluevistaprod.com/actualites/stann/";"stann";0;7036;0.00;7.0
"https://www.bluevistaprod.com/actualites/stann/";"stann app";0;42;0.00;6.1
"https://www.bluevistaprod.com/actualites/stann/";"stann.";0;2;0.00;5.5
"https://www.bluevistaprod.com/actualites/stann/";"stsnn";0;1;0.00;6.0
"https://www.bluevistaprod.com/actualites/streaming-live-et-webtv-demo-2018/";"création webtv genève";0;3;0.00;30.7
"https://www.bluevistaprod.com/actualites/tag/event/feed/";"hotel equitalyon";0;4;0.00;44.0
"https://www.bluevistaprod.com/actualites/tag/salon/";"equita lyon 2019";0;1;0.00;47.0
"https://www.bluevistaprod.com/actualites/tag/salon/";"equita lyon 2019 date";0;3;0.00;54.7
"https://www.bluevistaprod.com/actualites/tag/salon/";"lyon salon du cheval";0;1;0.00;98.0
"https://www.bluevistaprod.com/actualites/tag/salon/";"salon equita lyon";0;1;0.00;73.0
"https://www.bluevistaprod.com/actualites/tag/salon/";"salon equitalyon";0;1;0.00;85.0
"https://www.bluevistaprod.com/actualites/tag/services/";"logiciel mase";0;1;0.00;96.0
"https://www.bluevistaprod.com/actualites/un-motion-design-a-lancienne-making-of/";"unmotion";0;3;0.00;22.0
"https://www.bluevistaprod.com/actualites/vercors-les-chemins-de-la-liberte/";"film les chemins de la liberte";0;3;0.00;91.3
"https://www.bluevistaprod.com/actualites/vercors-les-chemins-de-la-liberte/";"film les chemins de la liberté";0;1;0.00;94.0
"https://www.bluevistaprod.com/actualites/vercors-les-chemins-de-la-liberte/";"les chemins de la liberté film";0;1;0.00;93.0
"https://www.bluevistaprod.com/actualites/vercors-les-chemins-de-la-liberte/";"les chemins de la liberté film complet";0;2;0.00;66.0
"https://www.bluevistaprod.com/actualites/vercors-les-chemins-de-la-liberte/";"les chemins de la liberté vercors";0;1;0.00;15.0
"https://www.bluevistaprod.com/actualites/video-immersive-360/";"360 immersive";0;1;0.00;8.0
"https://www.bluevistaprod.com/actualites/video-immersive-360/";"360 immersive experience";0;1;0.00;10.0
"https://www.bluevistaprod.com/actualites/video-immersive-360/";"360 immersive video";0;1;0.00;8.0
"https://www.bluevistaprod.com/actualites/video-immersive-360/";"360 video";0;3;0.00;11.3
"https://www.bluevistaprod.com/actualites/video-immersive-360/";"360 video presentation";0;1;0.00;12.0
"https://www.bluevistaprod.com/actualites/video-immersive-360/";"360 videography";0;1;0.00;40.0
"https://www.bluevistaprod.com/actualites/video-immersive-360/";"360 vidéo";0;3;0.00;25.7
"https://www.bluevistaprod.com/actualites/video-immersive-360/";"3d immersive video";0;1;0.00;12.0
"https://www.bluevistaprod.com/actualites/video-immersive-360/";"4k immersive";0;1;0.00;10.0
"https://www.bluevistaprod.com/actualites/video-immersive-360/";"agence video 360";0;6;0.00;44.7
"https://www.bluevistaprod.com/actualites/video-immersive-360/";"camera immersive";0;3;0.00;68.7
"https://www.bluevistaprod.com/actualites/video-immersive-360/";"création de vidéo immersive 360";0;26;0.00;54.3
"https://www.bluevistaprod.com/actualites/video-immersive-360/";"experience video 360";0;87;0.00;12.1
"https://www.bluevistaprod.com/actualites/video-immersive-360/";"expérience vidéo immersive";0;7;0.00;10.3
"https://www.bluevistaprod.com/actualites/video-immersive-360/";"film 360 vr";0;2;0.00;10.0
"https://www.bluevistaprod.com/actualites/video-immersive-360/";"film 360 vr video";0;1;0.00;66.0
"https://www.bluevistaprod.com/actualites/video-immersive-360/";"film en 360";0;15;0.00;23.2
"https://www.bluevistaprod.com/actualites/video-immersive-360/";"film vr360";0;1;0.00;21.0
"https://www.bluevistaprod.com/actualites/video-immersive-360/";"films 360";0;3;0.00;13.3
"https://www.bluevistaprod.com/actualites/video-immersive-360/";"imersive video";0;4;0.00;7.3
"https://www.bluevistaprod.com/actualites/video-immersive-360/";"immerse 360";0;3;0.00;5.0
"https://www.bluevistaprod.com/actualites/video-immersive-360/";"immersion 360";0;4;0.00;29.3
"https://www.bluevistaprod.com/actualites/video-immersive-360/";"immersion video";0;10;0.00;9.4
"https://www.bluevistaprod.com/actualites/video-immersive-360/";"immersion vidéo";0;30;0.00;6.7
"https://www.bluevistaprod.com/actualites/video-immersive-360/";"immersive 360";0;16;0.00;7.8
"https://www.bluevistaprod.com/actualites/video-immersive-360/";"immersive 360 experience";0;2;0.00;11.5
"https://www.bluevistaprod.com/actualites/video-immersive-360/";"immersive 360 video";0;5;0.00;8.4
"https://www.bluevistaprod.com/actualites/video-immersive-360/";"immersive definition";0;1;0.00;68.0
"https://www.bluevistaprod.com/actualites/video-immersive-360/";"immersive video experience";0;1;0.00;8.0
"https://www.bluevistaprod.com/actualites/video-immersive-360/";"immersive video meaning";0;1;0.00;10.0
"https://www.bluevistaprod.com/actualites/video-immersive-360/";"immersive videos";0;2;0.00;6.0
"https://www.bluevistaprod.com/actualites/video-immersive-360/";"immersive vision";0;1;0.00;10.0
"https://www.bluevistaprod.com/actualites/video-immersive-360/";"immersive360";0;1;0.00;7.0
"https://www.bluevistaprod.com/actualites/video-immersive-360/";"interactive immersive video";0;2;0.00;8.0
"https://www.bluevistaprod.com/actualites/video-immersive-360/";"prod 360";0;2;0.00;66.0
"https://www.bluevistaprod.com/actualites/video-immersive-360/";"production vidéo 360";0;4;0.00;24.3
"https://www.bluevistaprod.com/actualites/video-immersive-360/";"production vidéo 360 degrés";0;43;0.00;44.4
"https://www.bluevistaprod.com/actualites/video-immersive-360/";"tournage video 360";0;12;0.00;41.6
"https://www.bluevistaprod.com/actualites/video-immersive-360/";"video 360";0;41;0.00;14.3
"https://www.bluevistaprod.com/actualites/video-immersive-360/";"video 360 degrés";0;6;0.00;64.7
"https://www.bluevistaprod.com/actualites/video-immersive-360/";"video 360 interactive";0;33;0.00;16.0
"https://www.bluevistaprod.com/actualites/video-immersive-360/";"video 360°";0;3;0.00;9.3
"https://www.bluevistaprod.com/actualites/video-immersive-360/";"video 3d immersive";0;1;0.00;10.0
"https://www.bluevistaprod.com/actualites/video-immersive-360/";"video a 360";0;4;0.00;49.0
"https://www.bluevistaprod.com/actualites/video-immersive-360/";"video bv";0;1;0.00;14.0
"https://www.bluevistaprod.com/actualites/video-immersive-360/";"video en 360";0;10;0.00;34.2
"https://www.bluevistaprod.com/actualites/video-immersive-360/";"video en 360 degrés";0;36;0.00;35.6
"https://www.bluevistaprod.com/actualites/video-immersive-360/";"video en 360 vr lyon";0;31;0.00;15.4
"https://www.bluevistaprod.com/actualites/video-immersive-360/";"video immersion";0;4;0.00;7.0
"https://www.bluevistaprod.com/actualites/video-immersive-360/";"video immersive";0;437;0.00;10.9
"https://www.bluevistaprod.com/actualites/video-immersive-360/";"video immersive 360";0;3;0.00;11.3
"https://www.bluevistaprod.com/actualites/video-immersive-360/";"video immersive interactive";0;1;0.00;9.0
"https://www.bluevistaprod.com/actualites/video-immersive-360/";"video in 360";0;2;0.00;30.0
"https://www.bluevistaprod.com/actualites/video-immersive-360/";"video vista";0;2;0.00;65.5
"https://www.bluevistaprod.com/actualites/video-immersive-360/";"video °360";0;1;0.00;11.0
"https://www.bluevistaprod.com/actualites/video-immersive-360/";"video360";0;1;0.00;29.0
"https://www.bluevistaprod.com/actualites/video-immersive-360/";"videos 360";0;1;0.00;12.0
"https://www.bluevistaprod.com/actualites/video-immersive-360/";"videos en 360";0;1;0.00;47.0
"https://www.bluevistaprod.com/actualites/video-immersive-360/";"vidio 360";0;1;0.00;51.0
"https://www.bluevistaprod.com/actualites/video-immersive-360/";"vidéo 360";0;34;0.00;15.3
"https://www.bluevistaprod.com/actualites/video-immersive-360/";"vidéo 360 formation immersive";0;1;0.00;25.0
"https://www.bluevistaprod.com/actualites/video-immersive-360/";"vidéo 360 genève";0;1;0.00;92.0
"https://www.bluevistaprod.com/actualites/video-immersive-360/";"vidéo 360°";0;9;0.00;8.0
"https://www.bluevistaprod.com/actualites/video-immersive-360/";"vidéo b2b immersive";0;29;0.00;9.0
"https://www.bluevistaprod.com/actualites/video-immersive-360/";"vidéo en 360";0;97;0.00;33.6
"https://www.bluevistaprod.com/actualites/video-immersive-360/";"vidéo immersive 360 degrés entreprise";0;1;0.00;17.0
"https://www.bluevistaprod.com/actualites/video-immersive-360/";"vidéos 360";0;1;0.00;66.0
"https://www.bluevistaprod.com/actualites/video-immersive-360/";"vidéos immersives";0;134;0.00;18.2
"https://www.bluevistaprod.com/actualites/video-immersive-360/";"vr 360 video 3d";0;1;0.00;40.0
"https://www.bluevistaprod.com/actualites/video-immersive-360/";"vr immersive video";0;2;0.00;8.0
"https://www.bluevistaprod.com/actualites/video-mapping-lyon-intercontinental-grand-hotel-dieu/";"bluevista lyon";0;4;0.00;5.3
"https://www.bluevistaprod.com/actualites/video-mapping-lyon-intercontinental-grand-hotel-dieu/";"dome mapping";0;1;0.00;12.0
"https://www.bluevistaprod.com/actualites/video-mapping-lyon-intercontinental-grand-hotel-dieu/";"mapping hotel";0;6;0.00;38.5
"https://www.bluevistaprod.com/actualites/video-mapping-lyon-intercontinental-grand-hotel-dieu/";"mapping lyon";0;7;0.00;33.4
"https://www.bluevistaprod.com/actualites/video-mapping-lyon-intercontinental-grand-hotel-dieu/";"mapping vidéo lyon";0;341;0.00;32.4
"https://www.bluevistaprod.com/actualites/video-mapping-lyon-intercontinental-grand-hotel-dieu/";"tetro lyon";0;1;0.00;76.0
"https://www.bluevistaprod.com/actualites/video-mapping-lyon-intercontinental-grand-hotel-dieu/";"tetro video";0;1;0.00;56.0
"https://www.bluevistaprod.com/actualites/video-mapping-lyon-intercontinental-grand-hotel-dieu/";"video mapping lyon";0;51;0.00;39.4
"https://www.bluevistaprod.com/agence/";"agence audiovisuelle genève";0;6;0.00;18.8
"https://www.bluevistaprod.com/agence/";"agence audiovisuelle lyon";0;2;0.00;1.5
"https://www.bluevistaprod.com/agence/";"agence audiovisuelle suisse";0;26;0.00;10.3
"https://www.bluevistaprod.com/agence/";"agence communication vidéo genève";0;2;0.00;21.0
"https://www.bluevistaprod.com/agence/";"agence de cinema";0;1;0.00;1.0
"https://www.bluevistaprod.com/agence/";"agence de graphisme";0;1;0.00;11.0
"https://www.bluevistaprod.com/agence/";"agence de prod genève";0;4;0.00;3.8
"https://www.bluevistaprod.com/agence/";"agence de production audiovisuelle";0;1;0.00;2.0
"https://www.bluevistaprod.com/agence/";"agence de production créative suisse";0;137;0.00;5.9
"https://www.bluevistaprod.com/agence/";"agence de video";0;1;0.00;1.0
"https://www.bluevistaprod.com/agence/";"agence graphisme lyon";0;3;0.00;11.3
"https://www.bluevistaprod.com/agence/";"agence marketing lyon";0;1;0.00;1.0
"https://www.bluevistaprod.com/agence/";"agence motion design lyon";0;1;0.00;2.0
"https://www.bluevistaprod.com/agence/";"agence production audiovisuelle geneve";0;39;0.00;46.8
"https://www.bluevistaprod.com/agence/";"agence production audiovisuelle lyon";0;1;0.00;1.0
"https://www.bluevistaprod.com/agence/";"agence production vidéo genève";0;7;0.00;61.6
"https://www.bluevistaprod.com/agence/";"agence réalisateurs 3d";0;2;0.00;78.0
"https://www.bluevistaprod.com/agence/";"agence video lyon";0;1;0.00;2.0
"https://www.bluevistaprod.com/agence/";"agence video paris";0;2;0.00;146.5
"https://www.bluevistaprod.com/agence/";"agence vidéo corporate btp lyon";0;2;0.00;24.5
"https://www.bluevistaprod.com/agence/";"agence vidéo de luxe genève";0;12;0.00;9.6
"https://www.bluevistaprod.com/agence/";"agence vidéo genève";0;22;0.00;18.8
"https://www.bluevistaprod.com/agence/";"agence vidéo lyon";0;2;0.00;18.5
"https://www.bluevistaprod.com/agence/";"animation 3d lyon";0;1;0.00;1.0
"https://www.bluevistaprod.com/agence/";"blu vista";0;3;0.00;4.7
"https://www.bluevistaprod.com/agence/";"blue prod";0;1;0.00;92.0
"https://www.bluevistaprod.com/agence/";"blue vista capital";0;1;0.00;49.0
"https://www.bluevistaprod.com/agence/";"bluevista lyon";0;5;0.00;1.0
"https://www.bluevistaprod.com/agence/";"bluvista";0;6;0.00;50.3
"https://www.bluevistaprod.com/agence/";"boite de prod";0;1;0.00;1.0
"https://www.bluevistaprod.com/agence/";"boite de prod lyon";0;3;0.00;2.0
"https://www.bluevistaprod.com/agence/";"boite de production";0;1;0.00;2.0
"https://www.bluevistaprod.com/agence/";"boite de production lyon";0;8;0.00;4.0
"https://www.bluevistaprod.com/agence/";"brand film production geneva";0;7;0.00;10.6
"https://www.bluevistaprod.com/agence/";"buevista";0;1;0.00;1.0
"https://www.bluevistaprod.com/agence/";"busevista";0;1;0.00;2.0
"https://www.bluevistaprod.com/agence/";"corporate video production geneva";0;3;0.00;17.7
"https://www.bluevistaprod.com/agence/";"entreprise audiovisuel lyon";0;1;0.00;2.0
"https://www.bluevistaprod.com/agence/";"entreprise de production graphique";0;1;0.00;2.0
"https://www.bluevistaprod.com/agence/";"entreprise graphisme lyon";0;2;0.00;2.0
"https://www.bluevistaprod.com/agence/";"entreprise jeux vidéo lyon";0;2;0.00;1.5
"https://www.bluevistaprod.com/agence/";"graphiste lyon";0;1;0.00;11.0
"https://www.bluevistaprod.com/agence/";"graphiste villeurbanne";0;1;0.00;2.0
"https://www.bluevistaprod.com/agence/";"local guide program";0;7;0.00;1.0
"https://www.bluevistaprod.com/agence/";"medin apartments bluvista";0;1;0.00;41.0
"https://www.bluevistaprod.com/agence/";"montage video lyon";0;1;0.00;1.0
"https://www.bluevistaprod.com/agence/";"motion designer lyon";0;1;0.00;2.0
"https://www.bluevistaprod.com/agence/";"photographe paris 12";0;2;0.00;1.0
"https://www.bluevistaprod.com/agence/";"post production geneve";0;2;0.00;85.5
"https://www.bluevistaprod.com/agence/";"production agency geneva";0;28;0.00;11.1
"https://www.bluevistaprod.com/agence/";"production audiovisuel lyon";0;1;0.00;2.0
"https://www.bluevistaprod.com/agence/";"production audiovisuelle";0;2;0.00;2.0
"https://www.bluevistaprod.com/agence/";"production audiovisuelle genève";0;1;0.00;66.0
"https://www.bluevistaprod.com/agence/";"production audiovisuelle lyon";0;2;0.00;1.5
"https://www.bluevistaprod.com/agence/";"production vidéo corporate genève";0;3;0.00;19.0
"https://www.bluevistaprod.com/agence/";"réalisation vidéo genève";0;19;0.00;22.2
"https://www.bluevistaprod.com/agence/";"société de production audiovisuelle";0;1;0.00;1.0
"https://www.bluevistaprod.com/agence/";"société de production cinéma lyon";0;1;0.00;1.0
"https://www.bluevistaprod.com/agence/";"société de production lyon";0;2;0.00;1.5
"https://www.bluevistaprod.com/agence/";"société de production vidéo genève";0;13;0.00;30.6
"https://www.bluevistaprod.com/agence/";"studio animation 2d lyon";0;1;0.00;2.0
"https://www.bluevistaprod.com/agence/";"studio animation 3d lyon";0;1;0.00;31.0
"https://www.bluevistaprod.com/agence/";"studio d'animation lyon";0;1;0.00;2.0
"https://www.bluevistaprod.com/agence/";"videaste lyon";0;1;0.00;2.0
"https://www.bluevistaprod.com/agence/";"vidéaste lyon";0;1;0.00;1.0
"https://www.bluevistaprod.com/agence/";"vista production";0;1;0.00;8.0
"https://www.bluevistaprod.com/bluevista-agence-metaverse/";"3d vista";0;1;0.00;38.0
"https://www.bluevistaprod.com/bluevista-agence-metaverse/";"adapter les ventes à la réalité de la production";0;50;0.00;63.3
"https://www.bluevistaprod.com/bluevista-agence-metaverse/";"agence 3d paris";0;2;0.00;77.0
"https://www.bluevistaprod.com/bluevista-agence-metaverse/";"agence de communication 3d lyon";0;2;0.00;90.0
"https://www.bluevistaprod.com/bluevista-agence-metaverse/";"agence de développement de réalité mixte";0;1;0.00;24.0
"https://www.bluevistaprod.com/bluevista-agence-metaverse/";"agence de production vidéo ia";0;1;0.00;51.0
"https://www.bluevistaprod.com/bluevista-agence-metaverse/";"agence de réalité virtuelle";0;3;0.00;59.7
"https://www.bluevistaprod.com/bluevista-agence-metaverse/";"agence de voyage réalité virtuelle";0;1;0.00;87.0
"https://www.bluevistaprod.com/bluevista-agence-metaverse/";"agence metaverse";0;970;0.00;13.6
"https://www.bluevistaprod.com/bluevista-agence-metaverse/";"agence realite augmentee";0;59;0.00;78.7
"https://www.bluevistaprod.com/bluevista-agence-metaverse/";"agence realite virtuelle";0;56;0.00;40.8
"https://www.bluevistaprod.com/bluevista-agence-metaverse/";"agence réalité augmentée";0;170;0.00;68.4
"https://www.bluevistaprod.com/bluevista-agence-metaverse/";"agence réalité mixte";0;3;0.00;36.7
"https://www.bluevistaprod.com/bluevista-agence-metaverse/";"agence réalité virtuelle";0;1507;0.00;33.9
"https://www.bluevistaprod.com/bluevista-agence-metaverse/";"agence réalité virtuelle 3d";0;35;0.00;39.9
"https://www.bluevistaprod.com/bluevista-agence-metaverse/";"agence réalité virtuelle lyon";0;216;0.00;24.4
"https://www.bluevistaprod.com/bluevista-agence-metaverse/";"agence réalité virtuelle marseille";0;7;0.00;85.0
"https://www.bluevistaprod.com/bluevista-agence-metaverse/";"agence réalité virtuelle nice";0;17;0.00;83.6
"https://www.bluevistaprod.com/bluevista-agence-metaverse/";"agence réalité virtuelle paris";0;36;0.00;77.1
"https://www.bluevistaprod.com/bluevista-agence-metaverse/";"agence vr";0;9;0.00;38.7
"https://www.bluevistaprod.com/bluevista-agence-metaverse/";"agencia realidad virtual";0;4;0.00;50.5
"https://www.bluevistaprod.com/bluevista-agence-metaverse/";"alavista vr";0;19;0.00;7.3
"https://www.bluevistaprod.com/bluevista-agence-metaverse/";"application metaverse";0;2;0.00;52.0
"https://www.bluevistaprod.com/bluevista-agence-metaverse/";"astavista vr";0;6;0.00;9.2
"https://www.bluevistaprod.com/bluevista-agence-metaverse/";"blue vista";0;149;0.00;1.3
"https://www.bluevistaprod.com/bluevista-agence-metaverse/";"bluevista";0;492;0.00;1.0
"https://www.bluevistaprod.com/bluevista-agence-metaverse/";"bluevista production";0;58;0.00;1.4
"https://www.bluevistaprod.com/bluevista-agence-metaverse/";"budvista";0;4;0.00;7.8
"https://www.bluevistaprod.com/bluevista-agence-metaverse/";"buevista";0;1;0.00;1.0
"https://www.bluevistaprod.com/bluevista-agence-metaverse/";"bureau 3d vista";0;9;0.00;37.8
"https://www.bluevistaprod.com/bluevista-agence-metaverse/";"bureau metaverse";0;4;0.00;73.3
"https://www.bluevistaprod.com/bluevista-agence-metaverse/";"entreprise réalité virtuelle lyon";0;1;0.00;91.0
"https://www.bluevistaprod.com/bluevista-agence-metaverse/";"frlorevista";0;3;0.00;13.0
"https://www.bluevistaprod.com/bluevista-agence-metaverse/";"metaverse";0;5;0.00;1.0
"https://www.bluevistaprod.com/bluevista-agence-metaverse/";"metaverse 3d studio";0;4;0.00;39.3
"https://www.bluevistaprod.com/bluevista-agence-metaverse/";"metaverse agency";0;5;0.00;12.0
"https://www.bluevistaprod.com/bluevista-agence-metaverse/";"metaverse production";0;2;0.00;8.5
"https://www.bluevistaprod.com/bluevista-agence-metaverse/";"metaverse studio";0;2;0.00;69.0
"https://www.bluevistaprod.com/bluevista-agence-metaverse/";"organiser un événement dans le metaverse";0;1;0.00;92.0
"https://www.bluevistaprod.com/bluevista-agence-metaverse/";"plateforme de métavers entreprise devis personnalisé";0;10;0.00;2.9
"https://www.bluevistaprod.com/bluevista-agence-metaverse/";"prestataire realite virtuelle";0;3;0.00;29.3
"https://www.bluevistaprod.com/bluevista-agence-metaverse/";"prestataire réalité virtuelle";0;1;0.00;29.0
"https://www.bluevistaprod.com/bluevista-agence-metaverse/";"production de jeux vr lyon";0;52;0.00;61.3
"https://www.bluevistaprod.com/bluevista-agence-metaverse/";"siège social virtuel genève";0;1;0.00;81.0
"https://www.bluevistaprod.com/bluevista-agence-metaverse/";"société de réalité virtuelle";0;7;0.00;36.9
"https://www.bluevistaprod.com/bluevista-agence-metaverse/";"studio développement vr lyon";0;11;0.00;96.4
"https://www.bluevistaprod.com/bluevista-agence-metaverse/";"vardersity";0;1;0.00;26.0
"https://www.bluevistaprod.com/bluevista-agence-metaverse/";"virtuelle production";0;1;0.00;98.0
"https://www.bluevistaprod.com/bluevista-agence-metaverse/";"événement virtuel pour créateurs de contenu";0;40;0.00;86.3
"https://www.bluevistaprod.com/contact-devis/";"blue vista";0;47;0.00;4.5
"https://www.bluevistaprod.com/contact-devis/";"blue vista capital";0;6;0.00;45.0
"https://www.bluevistaprod.com/contact-devis/";"blue vista capital management";0;1;0.00;8.0
"https://www.bluevistaprod.com/contact-devis/";"bluevista";0;113;0.00;1.6
"https://www.bluevistaprod.com/contact-devis/";"bluvista";0;5;0.00;34.6
"https://www.bluevistaprod.com/contact-devis/";"buevista";0;1;0.00;1.0
"https://www.bluevistaprod.com/contact-devis/";"devis suisse";0;1;0.00;73.0
"https://www.bluevistaprod.com/contact-devis/";"frlorevista";0;5;0.00;16.8
"https://www.bluevistaprod.com/film-corporate-lyon-depuis-2004/";"agence vidéo corporate";0;1;0.00;50.0
"https://www.bluevistaprod.com/film-corporate-lyon-depuis-2004/";"film entreprise lyon";0;1;0.00;79.0
"https://www.bluevistaprod.com/film-d-entreprise-paris-15-ans-d-experience/";"15 prod";0;1;0.00;80.0
"https://www.bluevistaprod.com/film-d-entreprise-paris-15-ans-d-experience/";"15 vidéos corporate";0;1;0.00;35.0
"https://www.bluevistaprod.com/film-d-entreprise-paris-15-ans-d-experience/";"agence de vidéos paris";0;28;0.00;95.8
"https://www.bluevistaprod.com/film-d-entreprise-paris-15-ans-d-experience/";"agence film corporate";0;1;0.00;94.0
"https://www.bluevistaprod.com/film-d-entreprise-paris-15-ans-d-experience/";"agence film corporate paris";0;2;0.00;20.5
"https://www.bluevistaprod.com/film-d-entreprise-paris-15-ans-d-experience/";"agence film d'entreprise";0;71;0.00;33.7
"https://www.bluevistaprod.com/film-d-entreprise-paris-15-ans-d-experience/";"agence film entreprise";0;26;0.00;35.7
"https://www.bluevistaprod.com/film-d-entreprise-paris-15-ans-d-experience/";"agence motion design idf";0;3;0.00;83.0
"https://www.bluevistaprod.com/film-d-entreprise-paris-15-ans-d-experience/";"agence motion design ile-de-france";0;8;0.00;70.1
"https://www.bluevistaprod.com/film-d-entreprise-paris-15-ans-d-experience/";"agence streaming video paris";0;1;0.00;94.0
"https://www.bluevistaprod.com/film-d-entreprise-paris-15-ans-d-experience/";"agence tetro";0;1;0.00;27.0
"https://www.bluevistaprod.com/film-d-entreprise-paris-15-ans-d-experience/";"agence video corporate";0;2;0.00;49.0
"https://www.bluevistaprod.com/film-d-entreprise-paris-15-ans-d-experience/";"agence video entreprise";0;35;0.00;25.4
"https://www.bluevistaprod.com/film-d-entreprise-paris-15-ans-d-experience/";"agence video paris";0;38;0.00;78.8
"https://www.bluevistaprod.com/film-d-entreprise-paris-15-ans-d-experience/";"agence vidéo corporate";0;15;0.00;35.5
"https://www.bluevistaprod.com/film-d-entreprise-paris-15-ans-d-experience/";"agence vidéo corporate industrie paris";0;2;0.00;15.5
"https://www.bluevistaprod.com/film-d-entreprise-paris-15-ans-d-experience/";"agence vidéo corporate paris";0;13;0.00;22.8
"https://www.bluevistaprod.com/film-d-entreprise-paris-15-ans-d-experience/";"agence vidéo paris";0;28;0.00;93.8
"https://www.bluevistaprod.com/film-d-entreprise-paris-15-ans-d-experience/";"bluevista";0;2;0.00;1.0
"https://www.bluevistaprod.com/film-d-entreprise-paris-15-ans-d-experience/";"creation de decors pour youtube en ile de france";0;3;0.00;65.0
"https://www.bluevistaprod.com/film-d-entreprise-paris-15-ans-d-experience/";"creation film entreprise";0;79;0.00;48.5
"https://www.bluevistaprod.com/film-d-entreprise-paris-15-ans-d-experience/";"création entreprise paris 15";0;8;0.00;86.9
"https://www.bluevistaprod.com/film-d-entreprise-paris-15-ans-d-experience/";"création film d'entreprise douai";0;4;0.00;19.5
"https://www.bluevistaprod.com/film-d-entreprise-paris-15-ans-d-experience/";"création film entreprise";0;1;0.00;34.0
"https://www.bluevistaprod.com/film-d-entreprise-paris-15-ans-d-experience/";"création video corporate deauville";0;2;0.00;77.5
"https://www.bluevistaprod.com/film-d-entreprise-paris-15-ans-d-experience/";"création vidéo d'entreprise dieppe";0;4;0.00;92.8
"https://www.bluevistaprod.com/film-d-entreprise-paris-15-ans-d-experience/";"devis vidéo corporate";0;3;0.00;99.0
"https://www.bluevistaprod.com/film-d-entreprise-paris-15-ans-d-experience/";"devis vidéo d'entreprise";0;1;0.00;87.0
"https://www.bluevistaprod.com/film-d-entreprise-paris-15-ans-d-experience/";"entreprise de paris";0;1;0.00;91.0
"https://www.bluevistaprod.com/film-d-entreprise-paris-15-ans-d-experience/";"entreprise film";0;86;0.00;73.6
"https://www.bluevistaprod.com/film-d-entreprise-paris-15-ans-d-experience/";"entreprise vidéo";0;7;0.00;97.0
"https://www.bluevistaprod.com/film-d-entreprise-paris-15-ans-d-experience/";"film corporate entreprise";0;2;0.00;63.0
"https://www.bluevistaprod.com/film-d-entreprise-paris-15-ans-d-experience/";"film corporate paris";0;12;0.00;19.5
"https://www.bluevistaprod.com/film-d-entreprise-paris-15-ans-d-experience/";"film d entreprise";0;2;0.00;15.5
"https://www.bluevistaprod.com/film-d-entreprise-paris-15-ans-d-experience/";"film d entreprise 64";0;8;0.00;27.5
"https://www.bluevistaprod.com/film-d-entreprise-paris-15-ans-d-experience/";"film d entreprise paris";0;9;0.00;10.8
"https://www.bluevistaprod.com/film-d-entreprise-paris-15-ans-d-experience/";"film d'entreprise";0;1;0.00;60.0
"https://www.bluevistaprod.com/film-d-entreprise-paris-15-ans-d-experience/";"film d'entreprise industrie paris";0;5;0.00;3.0
"https://www.bluevistaprod.com/film-d-entreprise-paris-15-ans-d-experience/";"film d'entreprise marne la vallée";0;24;0.00;44.5
"https://www.bluevistaprod.com/film-d-entreprise-paris-15-ans-d-experience/";"film d'entreprise paris";0;115;0.00;15.3
"https://www.bluevistaprod.com/film-d-entreprise-paris-15-ans-d-experience/";"film d'entreprise pau";0;5;0.00;93.4
"https://www.bluevistaprod.com/film-d-entreprise-paris-15-ans-d-experience/";"film d'entreprise saint nazaire";0;1;0.00;103.0
"https://www.bluevistaprod.com/film-d-entreprise-paris-15-ans-d-experience/";"film d'entreprise santé paris";0;4;0.00;12.0
"https://www.bluevistaprod.com/film-d-entreprise-paris-15-ans-d-experience/";"film d'entreprise savenay";0;14;0.00;47.2
"https://www.bluevistaprod.com/film-d-entreprise-paris-15-ans-d-experience/";"film d'entreprise val d'europe";0;85;0.00;76.4
"https://www.bluevistaprod.com/film-d-entreprise-paris-15-ans-d-experience/";"film d'entreprises";0;2;0.00;76.5
"https://www.bluevistaprod.com/film-d-entreprise-paris-15-ans-d-experience/";"film d⠹entreprise industrie paris";0;3;0.00;3.3
"https://www.bluevistaprod.com/film-d-entreprise-paris-15-ans-d-experience/";"film entreprise 64";0;56;0.00;42.2
"https://www.bluevistaprod.com/film-d-entreprise-paris-15-ans-d-experience/";"film entreprise paris";0;305;0.00;25.2
"https://www.bluevistaprod.com/film-d-entreprise-paris-15-ans-d-experience/";"film entreprise region parisienne";0;107;0.00;3.2
"https://www.bluevistaprod.com/film-d-entreprise-paris-15-ans-d-experience/";"film evenement corporate paris";0;16;0.00;8.1
"https://www.bluevistaprod.com/film-d-entreprise-paris-15-ans-d-experience/";"film pour entreprise";0;3;0.00;23.0
"https://www.bluevistaprod.com/film-d-entreprise-paris-15-ans-d-experience/";"film publicitaire paris";0;41;0.00;74.3
"https://www.bluevistaprod.com/film-d-entreprise-paris-15-ans-d-experience/";"film sur entreprise";0;3;0.00;79.3
"https://www.bluevistaprod.com/film-d-entreprise-paris-15-ans-d-experience/";"film video entreprise";0;66;0.00;33.6
"https://www.bluevistaprod.com/film-d-entreprise-paris-15-ans-d-experience/";"films d entreprise";0;5;0.00;46.8
"https://www.bluevistaprod.com/film-d-entreprise-paris-15-ans-d-experience/";"films entreprise";0;11;0.00;50.7
"https://www.bluevistaprod.com/film-d-entreprise-paris-15-ans-d-experience/";"paris commercial filmmaker";0;5;0.00;66.4
"https://www.bluevistaprod.com/film-d-entreprise-paris-15-ans-d-experience/";"photographe paris 12";0;2;0.00;1.0
"https://www.bluevistaprod.com/film-d-entreprise-paris-15-ans-d-experience/";"plateau tournage paris ile de france clip";0;6;0.00;59.7
"https://www.bluevistaprod.com/film-d-entreprise-paris-15-ans-d-experience/";"production film institutionnel paris";0;19;0.00;42.9
"https://www.bluevistaprod.com/film-d-entreprise-paris-15-ans-d-experience/";"production film paris";0;1;0.00;87.0
"https://www.bluevistaprod.com/film-d-entreprise-paris-15-ans-d-experience/";"production vidéo corporate paris";0;18;0.00;27.6
"https://www.bluevistaprod.com/film-d-entreprise-paris-15-ans-d-experience/";"realisation film entreprise";0;17;0.00;49.9
"https://www.bluevistaprod.com/film-d-entreprise-paris-15-ans-d-experience/";"reportage vidéo entreprise 77";0;2;0.00;71.0
"https://www.bluevistaprod.com/film-d-entreprise-paris-15-ans-d-experience/";"reportage vidéo entreprise idf";0;60;0.00;13.6
"https://www.bluevistaprod.com/film-d-entreprise-paris-15-ans-d-experience/";"reportage vidéo entreprise ile-de-france";0;83;0.00;17.3
"https://www.bluevistaprod.com/film-d-entreprise-paris-15-ans-d-experience/";"reportage vidéo entreprise seine-et-marne";0;1;0.00;84.0
"https://www.bluevistaprod.com/film-d-entreprise-paris-15-ans-d-experience/";"réalisation de film d'entreprise";0;3;0.00;29.7
"https://www.bluevistaprod.com/film-d-entreprise-paris-15-ans-d-experience/";"réalisation films dentreprise";0;3;0.00;29.3
"https://www.bluevistaprod.com/film-d-entreprise-paris-15-ans-d-experience/";"réalisation vidéo corporate";0;1;0.00;43.0
"https://www.bluevistaprod.com/film-d-entreprise-paris-15-ans-d-experience/";"réalisation vidéo industries";0;22;0.00;48.5
"https://www.bluevistaprod.com/film-d-entreprise-paris-15-ans-d-experience/";"services tournage île-de-france";0;13;0.00;58.0
"https://www.bluevistaprod.com/film-d-entreprise-paris-15-ans-d-experience/";"societe realisation film entreprise";0;12;0.00;50.3
"https://www.bluevistaprod.com/film-d-entreprise-paris-15-ans-d-experience/";"studio de tournage ile-de-france";0;2;0.00;89.5
"https://www.bluevistaprod.com/film-d-entreprise-paris-15-ans-d-experience/";"tetro agence";0;1;0.00;28.0
"https://www.bluevistaprod.com/film-d-entreprise-paris-15-ans-d-experience/";"tournage massy";0;21;0.00;48.1
"https://www.bluevistaprod.com/film-d-entreprise-paris-15-ans-d-experience/";"tournages vidéos paris";0;1;0.00;85.0
"https://www.bluevistaprod.com/film-d-entreprise-paris-15-ans-d-experience/";"videaste corporate paris";0;9;0.00;78.8
"https://www.bluevistaprod.com/film-d-entreprise-paris-15-ans-d-experience/";"video corporate paris";0;59;0.00;27.5
"https://www.bluevistaprod.com/film-d-entreprise-paris-15-ans-d-experience/";"video corporate region parisienne";0;92;0.00;21.6
"https://www.bluevistaprod.com/film-d-entreprise-paris-15-ans-d-experience/";"video d'entreprise paris";0;196;0.00;22.9
"https://www.bluevistaprod.com/film-d-entreprise-paris-15-ans-d-experience/";"video entreprise ile de france";0;95;0.00;11.5
"https://www.bluevistaprod.com/film-d-entreprise-paris-15-ans-d-experience/";"video entreprise paris";0;185;0.00;38.0
"https://www.bluevistaprod.com/film-d-entreprise-paris-15-ans-d-experience/";"video evenement entreprise paris";0;33;0.00;31.3
"https://www.bluevistaprod.com/film-d-entreprise-paris-15-ans-d-experience/";"video film entreprise";0;3;0.00;81.0
"https://www.bluevistaprod.com/film-d-entreprise-paris-15-ans-d-experience/";"video marketing paris";0;1;0.00;95.0
"https://www.bluevistaprod.com/film-d-entreprise-paris-15-ans-d-experience/";"vidéaste corporate paris";0;27;0.00;59.6
"https://www.bluevistaprod.com/film-d-entreprise-paris-15-ans-d-experience/";"vidéo corporate ile de france";0;99;0.00;12.1
"https://www.bluevistaprod.com/film-d-entreprise-paris-15-ans-d-experience/";"vidéo corporate industrie paris";0;6;0.00;21.8
"https://www.bluevistaprod.com/film-d-entreprise-paris-15-ans-d-experience/";"vidéo corporate santé paris";0;5;0.00;23.8
"https://www.bluevistaprod.com/film-d-entreprise-paris-15-ans-d-experience/";"vidéo d'entreprise 77";0;21;0.00;53.7
"https://www.bluevistaprod.com/film-d-entreprise-paris-15-ans-d-experience/";"vidéo d'entreprise idf";0;158;0.00;7.2
"https://www.bluevistaprod.com/film-d-entreprise-paris-15-ans-d-experience/";"vidéo d'entreprise ile-de-france";0;157;0.00;5.8
"https://www.bluevistaprod.com/film-d-entreprise-paris-15-ans-d-experience/";"vidéo d'entreprise seine-et-marne";0;6;0.00;91.2
"https://www.bluevistaprod.com/film-d-entreprise-paris-15-ans-d-experience/";"vidéo entreprise 77";0;4;0.00;74.8
"https://www.bluevistaprod.com/film-d-entreprise-paris-15-ans-d-experience/";"vidéo entreprise idf";0;162;0.00;10.6
"https://www.bluevistaprod.com/film-d-entreprise-paris-15-ans-d-experience/";"vidéo entreprise ile-de-france";0;153;0.00;14.0
"https://www.bluevistaprod.com/film-d-entreprise-paris-15-ans-d-experience/";"vidéo présentation entreprise paris";0;4;0.00;48.3
"https://www.bluevistaprod.com/film-d-entreprise-paris-15-ans-d-experience/";"vistaprod.net";0;5;0.00;53.0
"https://www.bluevistaprod.com/film-d-entreprise-paris-15-ans-d-experience/";"équipe film paris region";0;26;0.00;28.8
"https://www.bluevistaprod.com/film-entreprise-lyon-15-ans-experience/";"film entreprise lyon";0;1;0.00;39.0
"https://www.bluevistaprod.com/mentions-legales/";"agence marketing lyon";0;1;0.00;1.0
"https://www.bluevistaprod.com/mentions-legales/";"agence vidéo genève";0;2;0.00;53.0
"https://www.bluevistaprod.com/mentions-legales/";"blue vio";0;1;0.00;56.0
"https://www.bluevistaprod.com/mentions-legales/";"blue vista";0;75;0.00;1.1
"https://www.bluevistaprod.com/mentions-legales/";"blue vista capital";0;1;0.00;84.0
"https://www.bluevistaprod.com/mentions-legales/";"bluevista";0;155;0.00;1.7
"https://www.bluevistaprod.com/mentions-legales/";"bluevista lyon";0;5;0.00;1.0
"https://www.bluevistaprod.com/mentions-legales/";"bluvista";0;2;0.00;68.5
"https://www.bluevistaprod.com/nos-competences/";"blue vista";0;15;0.00;2.7
"https://www.bluevistaprod.com/nos-competences/";"bluevista";0;18;0.00;2.8
"https://www.bluevistaprod.com/nos-competences/";"bluevista dive";0;1;0.00;4.0
"https://www.bluevistaprod.com/nos-competences/";"bluevista production";0;1;0.00;10.0
"https://www.bluevistaprod.com/nos-competences/";"bluvista";0;6;0.00;40.2
"https://www.bluevistaprod.com/nos-competences/";"création webtv genève";0;3;0.00;43.0
"https://www.bluevistaprod.com/nos-competences/";"frlorevista";0;44;0.00;16.9
"https://www.bluevistaprod.com/nos-competences/";"live streaming entreprise geneve";0;1;0.00;11.0
"https://www.bluevistaprod.com/nos-competences/aftermovie-captation-evenementielle/";"affter movie";0;2;0.00;11.0
"https://www.bluevistaprod.com/nos-competences/aftermovie-captation-evenementielle/";"afrer movie";0;1;0.00;10.0
"https://www.bluevistaprod.com/nos-competences/aftermovie-captation-evenementielle/";"aftee movie";0;1;0.00;11.0
"https://www.bluevistaprod.com/nos-competences/aftermovie-captation-evenementielle/";"after mivie";0;1;0.00;11.0
"https://www.bluevistaprod.com/nos-competences/aftermovie-captation-evenementielle/";"after mobie";0;7;0.00;8.9
"https://www.bluevistaprod.com/nos-competences/aftermovie-captation-evenementielle/";"after mocie";0;4;0.00;11.0
"https://www.bluevistaprod.com/nos-competences/aftermovie-captation-evenementielle/";"after moovie";0;63;0.00;9.3
"https://www.bluevistaprod.com/nos-competences/aftermovie-captation-evenementielle/";"after movie (aftermovie) latest";0;5;0.00;15.6
"https://www.bluevistaprod.com/nos-competences/aftermovie-captation-evenementielle/";"after movie definition";0;2;0.00;10.0
"https://www.bluevistaprod.com/nos-competences/aftermovie-captation-evenementielle/";"after movie event";0;14;0.00;7.7
"https://www.bluevistaprod.com/nos-competences/aftermovie-captation-evenementielle/";"after movie festival";0;6;0.00;9.2
"https://www.bluevistaprod.com/nos-competences/aftermovie-captation-evenementielle/";"after movir";0;3;0.00;3.3
"https://www.bluevistaprod.com/nos-competences/aftermovie-captation-evenementielle/";"after movue";0;1;0.00;9.0
"https://www.bluevistaprod.com/nos-competences/aftermovie-captation-evenementielle/";"aftermoovie";0;41;0.00;9.6
"https://www.bluevistaprod.com/nos-competences/aftermovie-captation-evenementielle/";"aftermov";0;1;0.00;10.0
"https://www.bluevistaprod.com/nos-competences/aftermovie-captation-evenementielle/";"aftermove";0;17;0.00;10.2
"https://www.bluevistaprod.com/nos-competences/aftermovie-captation-evenementielle/";"aftermovi";0;12;0.00;9.1
"https://www.bluevistaprod.com/nos-competences/aftermovie-captation-evenementielle/";"aftermovie def";0;7;0.00;10.6
"https://www.bluevistaprod.com/nos-competences/aftermovie-captation-evenementielle/";"aftermovie definition";0;38;0.00;27.1
"https://www.bluevistaprod.com/nos-competences/aftermovie-captation-evenementielle/";"aftermovie définition";0;237;0.00;9.3
"https://www.bluevistaprod.com/nos-competences/aftermovie-captation-evenementielle/";"aftermovie evenement";0;107;0.00;42.7
"https://www.bluevistaprod.com/nos-competences/aftermovie-captation-evenementielle/";"aftermovie event";0;3;0.00;6.7
"https://www.bluevistaprod.com/nos-competences/aftermovie-captation-evenementielle/";"aftermovie festival";0;3;0.00;54.7
"https://www.bluevistaprod.com/nos-competences/aftermovie-captation-evenementielle/";"aftermovie film";0;8;0.00;10.6
"https://www.bluevistaprod.com/nos-competences/aftermovie-captation-evenementielle/";"aftermovie lyon";0;4;0.00;10.3
"https://www.bluevistaprod.com/nos-competences/aftermovie-captation-evenementielle/";"aftermovie meaning";0;4;0.00;8.8
"https://www.bluevistaprod.com/nos-competences/aftermovie-captation-evenementielle/";"aftermovie o que é";0;5;0.00;77.0
"https://www.bluevistaprod.com/nos-competences/aftermovie-captation-evenementielle/";"aftermovie or after movie";0;1;0.00;10.0
"https://www.bluevistaprod.com/nos-competences/aftermovie-captation-evenementielle/";"aftermovie ou after movie";0;5;0.00;9.6
"https://www.bluevistaprod.com/nos-competences/aftermovie-captation-evenementielle/";"aftermovie professionnel";0;192;0.00;8.0
"https://www.bluevistaprod.com/nos-competences/aftermovie-captation-evenementielle/";"aftermovie que es";0;4;0.00;68.5
"https://www.bluevistaprod.com/nos-competences/aftermovie-captation-evenementielle/";"aftermovie soirée brest";0;1;0.00;21.0
"https://www.bluevistaprod.com/nos-competences/aftermovie-captation-evenementielle/";"aftermovie streaming";0;1;0.00;15.0
"https://www.bluevistaprod.com/nos-competences/aftermovie-captation-evenementielle/";"aftermovie traduction";0;1;0.00;3.0
"https://www.bluevistaprod.com/nos-competences/aftermovie-captation-evenementielle/";"aftermovie événement";0;3;0.00;10.3
"https://www.bluevistaprod.com/nos-competences/aftermovie-captation-evenementielle/";"aftermovie événement réunion";0;19;0.00;12.8
"https://www.bluevistaprod.com/nos-competences/aftermovie-captation-evenementielle/";"aftermovies";0;5;0.00;19.4
"https://www.bluevistaprod.com/nos-competences/aftermovie-captation-evenementielle/";"aftermovir";0;1;0.00;9.0
"https://www.bluevistaprod.com/nos-competences/aftermovie-captation-evenementielle/";"aftermovue";0;1;0.00;11.0
"https://www.bluevistaprod.com/nos-competences/aftermovie-captation-evenementielle/";"afterovie";0;1;0.00;10.0
"https://www.bluevistaprod.com/nos-competences/aftermovie-captation-evenementielle/";"afyer movie";0;1;0.00;11.0
"https://www.bluevistaprod.com/nos-competences/aftermovie-captation-evenementielle/";"agence captation événementielle";0;32;0.00;19.5
"https://www.bluevistaprod.com/nos-competences/aftermovie-captation-evenementielle/";"agence clip aftermovie";0;6;0.00;27.0
"https://www.bluevistaprod.com/nos-competences/aftermovie-captation-evenementielle/";"agence de production clip aftermovie";0;6;0.00;16.0
"https://www.bluevistaprod.com/nos-competences/aftermovie-captation-evenementielle/";"agence de production réalisation clip aftermovie";0;4;0.00;16.8
"https://www.bluevistaprod.com/nos-competences/aftermovie-captation-evenementielle/";"agence réalisation clip aftermovie";0;8;0.00;13.0
"https://www.bluevistaprod.com/nos-competences/aftermovie-captation-evenementielle/";"agence réalisation de clip aftermovie";0;3;0.00;14.3
"https://www.bluevistaprod.com/nos-competences/aftermovie-captation-evenementielle/";"boite de prod clip aftermovie";0;10;0.00;26.2
"https://www.bluevistaprod.com/nos-competences/aftermovie-captation-evenementielle/";"boite de production clip aftermovie";0;3;0.00;10.0
"https://www.bluevistaprod.com/nos-competences/aftermovie-captation-evenementielle/";"boite de production réalisation clip aftermovie";0;4;0.00;16.5
"https://www.bluevistaprod.com/nos-competences/aftermovie-captation-evenementielle/";"boite de production réalisation de clip aftermovie";0;3;0.00;12.7
"https://www.bluevistaprod.com/nos-competences/aftermovie-captation-evenementielle/";"captation d événements";0;18;0.00;79.7
"https://www.bluevistaprod.com/nos-competences/aftermovie-captation-evenementielle/";"captation d'événements";0;1;0.00;84.0
"https://www.bluevistaprod.com/nos-competences/aftermovie-captation-evenementielle/";"captation evenement";0;59;0.00;61.5
"https://www.bluevistaprod.com/nos-competences/aftermovie-captation-evenementielle/";"captation evenementiel";0;70;0.00;41.4
"https://www.bluevistaprod.com/nos-competences/aftermovie-captation-evenementielle/";"captation film";0;46;0.00;76.5
"https://www.bluevistaprod.com/nos-competences/aftermovie-captation-evenementielle/";"captation film évènementiel";0;95;0.00;16.2
"https://www.bluevistaprod.com/nos-competences/aftermovie-captation-evenementielle/";"captation video evenement";0;247;0.00;78.6
"https://www.bluevistaprod.com/nos-competences/aftermovie-captation-evenementielle/";"captation vidéo";0;5;0.00;75.0
"https://www.bluevistaprod.com/nos-competences/aftermovie-captation-evenementielle/";"captation vidéo contact";0;2;0.00;197.0
"https://www.bluevistaprod.com/nos-competences/aftermovie-captation-evenementielle/";"captation vidéo définition";0;86;0.00;77.3
"https://www.bluevistaprod.com/nos-competences/aftermovie-captation-evenementielle/";"captation vidéo geneve";0;50;0.00;17.0
"https://www.bluevistaprod.com/nos-competences/aftermovie-captation-evenementielle/";"captation vidéo événement";0;83;0.00;83.7
"https://www.bluevistaprod.com/nos-competences/aftermovie-captation-evenementielle/";"captation vidéo événementiel";0;10;0.00;76.1
"https://www.bluevistaprod.com/nos-competences/aftermovie-captation-evenementielle/";"captation évènement";0;23;0.00;36.8
"https://www.bluevistaprod.com/nos-competences/aftermovie-captation-evenementielle/";"captation événement";0;119;0.00;64.1
"https://www.bluevistaprod.com/nos-competences/aftermovie-captation-evenementielle/";"captation événementielle";0;27;0.00;58.5
"https://www.bluevistaprod.com/nos-competences/aftermovie-captation-evenementielle/";"captation événementielle vidéo";0;1;0.00;42.0
"https://www.bluevistaprod.com/nos-competences/aftermovie-captation-evenementielle/";"devis clip aftermovie";0;5;0.00;11.0
"https://www.bluevistaprod.com/nos-competences/aftermovie-captation-evenementielle/";"evenementielle";0;1;0.00;1.0
"https://www.bluevistaprod.com/nos-competences/aftermovie-captation-evenementielle/";"event after movie";0;4;0.00;10.3
"https://www.bluevistaprod.com/nos-competences/aftermovie-captation-evenementielle/";"event aftermovie";0;11;0.00;76.4
"https://www.bluevistaprod.com/nos-competences/aftermovie-captation-evenementielle/";"film evenementiel";0;3;0.00;68.0
"https://www.bluevistaprod.com/nos-competences/aftermovie-captation-evenementielle/";"film évènementiel";0;4;0.00;59.5
"https://www.bluevistaprod.com/nos-competences/aftermovie-captation-evenementielle/";"film évènementiel aftermovie";0;392;0.00;5.7
"https://www.bluevistaprod.com/nos-competences/aftermovie-captation-evenementielle/";"film évènementiel captation intégrale";0;136;0.00;38.3
"https://www.bluevistaprod.com/nos-competences/aftermovie-captation-evenementielle/";"film évènementiel pour conférence";0;1;0.00;88.0
"https://www.bluevistaprod.com/nos-competences/aftermovie-captation-evenementielle/";"film événementiel";0;13;0.00;54.2
"https://www.bluevistaprod.com/nos-competences/aftermovie-captation-evenementielle/";"films événementiels";0;2;0.00;54.0
"https://www.bluevistaprod.com/nos-competences/aftermovie-captation-evenementielle/";"fter movie";0;1;0.00;9.0
"https://www.bluevistaprod.com/nos-competences/aftermovie-captation-evenementielle/";"montage vidéo post-événement";0;78;0.00;73.4
"https://www.bluevistaprod.com/nos-competences/aftermovie-captation-evenementielle/";"prestataire audiovisuel clip aftermovie";0;12;0.00;13.8
"https://www.bluevistaprod.com/nos-competences/aftermovie-captation-evenementielle/";"prestataire audiovisuel réalisation clip aftermovie";0;2;0.00;12.0
"https://www.bluevistaprod.com/nos-competences/aftermovie-captation-evenementielle/";"prestataire audiovisuel réalisation de clip aftermovie";0;3;0.00;13.0
"https://www.bluevistaprod.com/nos-competences/aftermovie-captation-evenementielle/";"prestataire clip aftermovie";0;2;0.00;17.0
"https://www.bluevistaprod.com/nos-competences/aftermovie-captation-evenementielle/";"prestataire réalisation clip aftermovie";0;8;0.00;13.9
"https://www.bluevistaprod.com/nos-competences/aftermovie-captation-evenementielle/";"prestataire réalisation de clip aftermovie";0;42;0.00;6.8
"https://www.bluevistaprod.com/nos-competences/aftermovie-captation-evenementielle/";"production clip aftermovie";0;8;0.00;16.4
"https://www.bluevistaprod.com/nos-competences/aftermovie-captation-evenementielle/";"production de clip aftermovie";0;4;0.00;20.0
"https://www.bluevistaprod.com/nos-competences/aftermovie-captation-evenementielle/";"production film evenementiel";0;36;0.00;99.3
"https://www.bluevistaprod.com/nos-competences/aftermovie-captation-evenementielle/";"production vidéo événementielle";0;29;0.00;68.9
"https://www.bluevistaprod.com/nos-competences/aftermovie-captation-evenementielle/";"professional aftermovie";0;178;0.00;8.6
"https://www.bluevistaprod.com/nos-competences/aftermovie-captation-evenementielle/";"reportage vidéo événement";0;2;0.00;75.5
"https://www.bluevistaprod.com/nos-competences/aftermovie-captation-evenementielle/";"réalisation aftermovie";0;491;0.00;16.4
"https://www.bluevistaprod.com/nos-competences/aftermovie-captation-evenementielle/";"réalisation d'un film événementiel";0;1;0.00;101.0
"https://www.bluevistaprod.com/nos-competences/aftermovie-captation-evenementielle/";"réalisation vidéo événement";0;50;0.00;92.7
"https://www.bluevistaprod.com/nos-competences/aftermovie-captation-evenementielle/";"réaliser un clip aftermovie";0;1;0.00;24.0
"https://www.bluevistaprod.com/nos-competences/aftermovie-captation-evenementielle/";"société de production clip aftermovie";0;9;0.00;13.7
"https://www.bluevistaprod.com/nos-competences/aftermovie-captation-evenementielle/";"société de production réalisation clip aftermovie";0;1;0.00;16.0
"https://www.bluevistaprod.com/nos-competences/aftermovie-captation-evenementielle/";"un aftermovie";0;1;0.00;10.0
"https://www.bluevistaprod.com/nos-competences/aftermovie-captation-evenementielle/";"video after movie";0;2;0.00;10.5
"https://www.bluevistaprod.com/nos-competences/aftermovie-captation-evenementielle/";"video aftermovie";0;6;0.00;15.0
"https://www.bluevistaprod.com/nos-competences/aftermovie-captation-evenementielle/";"video reportage evenement";0;4;0.00;61.3
"https://www.bluevistaprod.com/nos-competences/aftermovie-captation-evenementielle/";"vidéaste événementiel paris";0;1;0.00;66.0
"https://www.bluevistaprod.com/nos-competences/aftermovie-captation-evenementielle/";"vidéo aftermovie événement entreprise";0;2;0.00;17.5
"https://www.bluevistaprod.com/nos-competences/aftermovie-captation-evenementielle/";"vidéo d'entreprise à cannes";0;2;0.00;100.0
"https://www.bluevistaprod.com/nos-competences/aftermovie-captation-evenementielle/";"vidéo production événementielle";0;40;0.00;62.8
"https://www.bluevistaprod.com/nos-competences/aftermovie-captation-evenementielle/";"vidéo évènementiel genève";0;6;0.00;40.7
"https://www.bluevistaprod.com/nos-competences/aftermovie-captation-evenementielle/";"vidéo événement entreprise aftermovie";0;1;0.00;24.0
"https://www.bluevistaprod.com/nos-competences/aftermovie-captation-evenementielle/";"vidéographie événementielle";0;2;0.00;54.0
"https://www.bluevistaprod.com/nos-competences/animation-3d/";"2d 3d animation studio";0;25;0.00;66.6
"https://www.bluevistaprod.com/nos-competences/animation-3d/";"3d animation agency";0;9;0.00;91.6
"https://www.bluevistaprod.com/nos-competences/animation-3d/";"3d animation company";0;24;0.00;39.7
"https://www.bluevistaprod.com/nos-competences/animation-3d/";"3d animation services";0;4;0.00;44.3
"https://www.bluevistaprod.com/nos-competences/animation-3d/";"3d animation studio";0;165;0.00;63.0
"https://www.bluevistaprod.com/nos-competences/animation-3d/";"3d animation studios";0;24;0.00;66.1
"https://www.bluevistaprod.com/nos-competences/animation-3d/";"3d motion design studio";0;2;0.00;81.0
"https://www.bluevistaprod.com/nos-competences/animation-3d/";"3d porn videos";0;1;0.00;66.0
"https://www.bluevistaprod.com/nos-competences/animation-3d/";"3d+animation+studio";0;2;0.00;27.5
"https://www.bluevistaprod.com/nos-competences/animation-3d/";"agence 3d lyon";0;1;0.00;35.0
"https://www.bluevistaprod.com/nos-competences/animation-3d/";"agence animation 3d";0;58;0.00;31.3
"https://www.bluevistaprod.com/nos-competences/animation-3d/";"agence d'animation 3d";0;1;0.00;65.0
"https://www.bluevistaprod.com/nos-competences/animation-3d/";"agence video animation";0;20;0.00;73.3
"https://www.bluevistaprod.com/nos-competences/animation-3d/";"agence vidéo 3d";0;1;0.00;61.0
"https://www.bluevistaprod.com/nos-competences/animation-3d/";"animation 3 d";0;1;0.00;45.0
"https://www.bluevistaprod.com/nos-competences/animation-3d/";"animation 3d";0;20;0.00;47.3
"https://www.bluevistaprod.com/nos-competences/animation-3d/";"animation 3d design";0;7;0.00;87.1
"https://www.bluevistaprod.com/nos-competences/animation-3d/";"animation 3d entreprise";0;2;0.00;79.0
"https://www.bluevistaprod.com/nos-competences/animation-3d/";"animation 3d film";0;2;0.00;100.0
"https://www.bluevistaprod.com/nos-competences/animation-3d/";"animation 3d films";0;1;0.00;93.0
"https://www.bluevistaprod.com/nos-competences/animation-3d/";"animation 3d genève";0;85;0.00;3.7
"https://www.bluevistaprod.com/nos-competences/animation-3d/";"animation 3d luxe";0;1;0.00;100.0
"https://www.bluevistaprod.com/nos-competences/animation-3d/";"animation 3d lyon";0;6;0.00;38.5
"https://www.bluevistaprod.com/nos-competences/animation-3d/";"animation 3d photoréaliste lyon";0;1;0.00;41.0
"https://www.bluevistaprod.com/nos-competences/animation-3d/";"animation studio";0;1;0.00;84.0
"https://www.bluevistaprod.com/nos-competences/animation-3d/";"animation studio 3d";0;11;0.00;55.6
"https://www.bluevistaprod.com/nos-competences/animation-3d/";"animation video 3d";0;8;0.00;95.0
"https://www.bluevistaprod.com/nos-competences/animation-3d/";"anime 3d film";0;1;0.00;99.0
"https://www.bluevistaprod.com/nos-competences/animation-3d/";"anime studio 3d";0;1;0.00;47.0
"https://www.bluevistaprod.com/nos-competences/animation-3d/";"campus infographie 3d genève";0;2;0.00;29.5
"https://www.bluevistaprod.com/nos-competences/animation-3d/";"dessin animé en 3d";0;1;0.00;63.0
"https://www.bluevistaprod.com/nos-competences/animation-3d/";"entreprise animation 3d";0;25;0.00;41.4
"https://www.bluevistaprod.com/nos-competences/animation-3d/";"entreprise d'animation 3d";0;2;0.00;42.0
"https://www.bluevistaprod.com/nos-competences/animation-3d/";"film 3d animation";0;3;0.00;97.7
"https://www.bluevistaprod.com/nos-competences/animation-3d/";"film 3d lyon";0;5;0.00;48.2
"https://www.bluevistaprod.com/nos-competences/animation-3d/";"film d animation 3d immobilier lyon";0;28;0.00;15.1
"https://www.bluevistaprod.com/nos-competences/animation-3d/";"film d'animation 3d immobilier";0;16;0.00;59.9
"https://www.bluevistaprod.com/nos-competences/animation-3d/";"film d'animation genève";0;7;0.00;53.9
"https://www.bluevistaprod.com/nos-competences/animation-3d/";"film entreprise animation 3d";0;9;0.00;63.6
"https://www.bluevistaprod.com/nos-competences/animation-3d/";"motion design geneve";0;16;0.00;78.1
"https://www.bluevistaprod.com/nos-competences/animation-3d/";"motion design genève";0;51;0.00;46.4
"https://www.bluevistaprod.com/nos-competences/animation-3d/";"réalisation animation 3d";0;6;0.00;42.7
"https://www.bluevistaprod.com/nos-competences/animation-3d/";"services d'animation 3d";0;4;0.00;84.5
"https://www.bluevistaprod.com/nos-competences/animation-3d/";"société animation 3d";0;17;0.00;66.4
"https://www.bluevistaprod.com/nos-competences/animation-3d/";"studio 3d animation";0;85;0.00;68.9
"https://www.bluevistaprod.com/nos-competences/animation-3d/";"studio animation ""3d";0;29;0.00;77.5
"https://www.bluevistaprod.com/nos-competences/animation-3d/";"studio animation 3d";0;98;0.00;57.3
"https://www.bluevistaprod.com/nos-competences/animation-3d/";"studio animation 3d luxe";0;6;0.00;95.5
"https://www.bluevistaprod.com/nos-competences/animation-3d/";"studio animation 3d lyon";0;1;0.00;97.0
"https://www.bluevistaprod.com/nos-competences/animation-3d/";"studio animation médicale 3d";0;3;0.00;82.7
"https://www.bluevistaprod.com/nos-competences/animation-3d/";"studio animation suisse";0;6;0.00;12.0
"https://www.bluevistaprod.com/nos-competences/animation-3d/";"studio d animation 3d";0;1;0.00;40.0
"https://www.bluevistaprod.com/nos-competences/animation-3d/";"studio d'animation";0;1;0.00;71.0
"https://www.bluevistaprod.com/nos-competences/animation-3d/";"studio d'animation 2d 3d";0;2;0.00;11.0
"https://www.bluevistaprod.com/nos-competences/animation-3d/";"studio d'animation 3d paris";0;1;0.00;54.0
"https://www.bluevistaprod.com/nos-competences/animation-3d/";"studio d'animation suisse";0;5;0.00;21.6
"https://www.bluevistaprod.com/nos-competences/animation-3d/";"studio de motion design";0;2;0.00;77.0
"https://www.bluevistaprod.com/nos-competences/animation-3d/";"studio motion design 3d";0;19;0.00;70.4
"https://www.bluevistaprod.com/nos-competences/animation-3d/";"studios 3d";0;1;0.00;96.0
"https://www.bluevistaprod.com/nos-competences/creation-immersive-realite-virtuelle/";"agence réalité augmentée";0;43;0.00;82.1
"https://www.bluevistaprod.com/nos-competences/creation-immersive-realite-virtuelle/";"agence réalité virtuelle";0;648;0.00;55.9
"https://www.bluevistaprod.com/nos-competences/creation-immersive-realite-virtuelle/";"agence video 360";0;2;0.00;95.5
"https://www.bluevistaprod.com/nos-competences/creation-immersive-realite-virtuelle/";"casque de réalité virtuelle personnalisé";0;3;0.00;83.7
"https://www.bluevistaprod.com/nos-competences/creation-immersive-realite-virtuelle/";"concept visite virtuelle";0;1;0.00;93.0
"https://www.bluevistaprod.com/nos-competences/creation-immersive-realite-virtuelle/";"creation showroom";0;1;0.00;98.0
"https://www.bluevistaprod.com/nos-competences/creation-immersive-realite-virtuelle/";"creation visite virtuelle paris";0;6;0.00;91.2
"https://www.bluevistaprod.com/nos-competences/creation-immersive-realite-virtuelle/";"création de vidéo 360";0;4;0.00;94.8
"https://www.bluevistaprod.com/nos-competences/creation-immersive-realite-virtuelle/";"création de vidéo immersive 360";0;123;0.00;32.2
"https://www.bluevistaprod.com/nos-competences/creation-immersive-realite-virtuelle/";"création réalité virtuelle";0;2;0.00;35.0
"https://www.bluevistaprod.com/nos-competences/creation-immersive-realite-virtuelle/";"diffusion vr";0;1;0.00;86.0
"https://www.bluevistaprod.com/nos-competences/creation-immersive-realite-virtuelle/";"démo virtuelle réalité";0;28;0.00;55.8
"https://www.bluevistaprod.com/nos-competences/creation-immersive-realite-virtuelle/";"entreprise de réalité virtuelle";0;2;0.00;102.0
"https://www.bluevistaprod.com/nos-competences/creation-immersive-realite-virtuelle/";"entreprise réalité virtuel";0;2;0.00;69.0
"https://www.bluevistaprod.com/nos-competences/creation-immersive-realite-virtuelle/";"entreprise réalité virtuelle";0;9;0.00;87.9
"https://www.bluevistaprod.com/nos-competences/creation-immersive-realite-virtuelle/";"immersion 3d";0;1;0.00;69.0
"https://www.bluevistaprod.com/nos-competences/creation-immersive-realite-virtuelle/";"immersion réalité virtuelle";0;43;0.00;80.7
"https://www.bluevistaprod.com/nos-competences/creation-immersive-realite-virtuelle/";"immersion virtuelle";0;2;0.00;89.5
"https://www.bluevistaprod.com/nos-competences/creation-immersive-realite-virtuelle/";"immersive virtual reality";0;3;0.00;57.7
"https://www.bluevistaprod.com/nos-competences/creation-immersive-realite-virtuelle/";"immersive vr";0;14;0.00;49.1
"https://www.bluevistaprod.com/nos-competences/creation-immersive-realite-virtuelle/";"prestataire realite virtuelle";0;60;0.00;84.5
"https://www.bluevistaprod.com/nos-competences/creation-immersive-realite-virtuelle/";"prestataire réalité virtuelle";0;26;0.00;69.3
"https://www.bluevistaprod.com/nos-competences/creation-immersive-realite-virtuelle/";"prestataire vr";0;36;0.00;43.3
"https://www.bluevistaprod.com/nos-competences/creation-immersive-realite-virtuelle/";"prestation réalité virtuelle";0;8;0.00;53.9
"https://www.bluevistaprod.com/nos-competences/creation-immersive-realite-virtuelle/";"prestation vr";0;2;0.00;34.5
"https://www.bluevistaprod.com/nos-competences/creation-immersive-realite-virtuelle/";"production expérience vr";0;4;0.00;51.5
"https://www.bluevistaprod.com/nos-competences/creation-immersive-realite-virtuelle/";"production réalité virtuelle";0;4;0.00;83.8
"https://www.bluevistaprod.com/nos-competences/creation-immersive-realite-virtuelle/";"production video immersive";0;1;0.00;83.0
"https://www.bluevistaprod.com/nos-competences/creation-immersive-realite-virtuelle/";"production vidéo 360 degrés";0;5;0.00;39.4
"https://www.bluevistaprod.com/nos-competences/creation-immersive-realite-virtuelle/";"production vr";0;76;0.00;74.0
"https://www.bluevistaprod.com/nos-competences/creation-immersive-realite-virtuelle/";"realite augmenté b2b vr";0;1;0.00;99.0
"https://www.bluevistaprod.com/nos-competences/creation-immersive-realite-virtuelle/";"réalité immersive";0;6;0.00;80.7
"https://www.bluevistaprod.com/nos-competences/creation-immersive-realite-virtuelle/";"réalité virtuelle immersive";0;38;0.00;76.0
"https://www.bluevistaprod.com/nos-competences/creation-immersive-realite-virtuelle/";"réalité virtuelle vidéo entreprise";0;1;0.00;24.0
"https://www.bluevistaprod.com/nos-competences/creation-immersive-realite-virtuelle/";"showroom virtuel";0;32;0.00;65.3
"https://www.bluevistaprod.com/nos-competences/creation-immersive-realite-virtuelle/";"showroom vr";0;1;0.00;40.0
"https://www.bluevistaprod.com/nos-competences/creation-immersive-realite-virtuelle/";"société de réalité virtuelle";0;31;0.00;76.2
"https://www.bluevistaprod.com/nos-competences/creation-immersive-realite-virtuelle/";"société réalité virtuelle";0;4;0.00;81.0
"https://www.bluevistaprod.com/nos-competences/creation-immersive-realite-virtuelle/";"video 360 interactive";0;16;0.00;79.7
"https://www.bluevistaprod.com/nos-competences/creation-immersive-realite-virtuelle/";"video en 360 vr lyon";0;6;0.00;54.0
"https://www.bluevistaprod.com/nos-competences/creation-immersive-realite-virtuelle/";"vidéo virtuel";0;3;0.00;83.3
"https://www.bluevistaprod.com/nos-competences/creation-immersive-realite-virtuelle/";"virtual creation";0;4;0.00;30.5
"https://www.bluevistaprod.com/nos-competences/creation-immersive-realite-virtuelle/";"virtual création";0;4;0.00;38.8
"https://www.bluevistaprod.com/nos-competences/creation-immersive-realite-virtuelle/";"visite virtuelle invention";0;57;0.00;23.5
"https://www.bluevistaprod.com/nos-competences/creation-immersive-realite-virtuelle/";"vr immersive";0;1;0.00;61.0
"https://www.bluevistaprod.com/nos-competences/creation-immersive-realite-virtuelle/";"vr immersive experience";0;1;0.00;43.0
"https://www.bluevistaprod.com/nos-competences/creation-immersive-realite-virtuelle/";"vr showroom";0;1;0.00;57.0
"https://www.bluevistaprod.com/nos-competences/creation-immersive-realite-virtuelle/";"vr sur mesure";0;8;0.00;46.0
"https://www.bluevistaprod.com/nos-competences/live-streaming-webtv/";"blue live stream";0;1;0.00;6.0
"https://www.bluevistaprod.com/nos-competences/live-streaming-webtv/";"bluevista tv";0;1;0.00;10.0
"https://www.bluevistaprod.com/nos-competences/live-streaming-webtv/";"broadcasting streaming";0;1;0.00;101.0
"https://www.bluevistaprod.com/nos-competences/live-streaming-webtv/";"captation streaming suisse";0;2;0.00;71.5
"https://www.bluevistaprod.com/nos-competences/live-streaming-webtv/";"création webtv genève";0;6;0.00;3.0
"https://www.bluevistaprod.com/nos-competences/live-streaming-webtv/";"diffusion en direct live streaming";0;3;0.00;63.0
"https://www.bluevistaprod.com/nos-competences/live-streaming-webtv/";"diffusion en direct, live streaming";0;1;0.00;27.0
"https://www.bluevistaprod.com/nos-competences/live-streaming-webtv/";"diffusion live tv";0;42;0.00;43.5
"https://www.bluevistaprod.com/nos-competences/live-streaming-webtv/";"diffusion web tv";0;20;0.00;44.4
"https://www.bluevistaprod.com/nos-competences/live-streaming-webtv/";"diretta web tv";0;1;0.00;11.0
"https://www.bluevistaprod.com/nos-competences/live-streaming-webtv/";"internet video broadcasting";0;1;0.00;94.0
"https://www.bluevistaprod.com/nos-competences/live-streaming-webtv/";"live streaming";0;1;0.00;101.0
"https://www.bluevistaprod.com/nos-competences/live-streaming-webtv/";"live tv diffusion";0;2;0.00;72.0
"https://www.bluevistaprod.com/nos-competences/live-streaming-webtv/";"live tv diffusions";0;1;0.00;50.0
"https://www.bluevistaprod.com/nos-competences/live-streaming-webtv/";"live webtv";0;12;0.00;9.2
"https://www.bluevistaprod.com/nos-competences/live-streaming-webtv/";"nos live streaming";0;2;0.00;31.5
"https://www.bluevistaprod.com/nos-competences/live-streaming-webtv/";"plateforme de diffusion en direct";0;1;0.00;83.0
"https://www.bluevistaprod.com/nos-competences/live-streaming-webtv/";"streaming web tv";0;1;0.00;8.0
"https://www.bluevistaprod.com/nos-competences/live-streaming-webtv/";"tv en direct sur internet";0;4;0.00;1.0
"https://www.bluevistaprod.com/nos-competences/live-streaming-webtv/";"un live web tv";0;3;0.00;9.3
"https://www.bluevistaprod.com/nos-competences/live-streaming-webtv/";"video web tv";0;3;0.00;67.3
"https://www.bluevistaprod.com/nos-competences/live-streaming-webtv/";"vista streaming";0;2;0.00;12.0
"https://www.bluevistaprod.com/nos-competences/live-streaming-webtv/";"web live tv";0;12;0.00;48.3
"https://www.bluevistaprod.com/nos-competences/live-streaming-webtv/";"web t v";0;2;0.00;89.5
"https://www.bluevistaprod.com/nos-competences/live-streaming-webtv/";"web tv";0;5;0.00;90.8
"https://www.bluevistaprod.com/nos-competences/live-streaming-webtv/";"web tv chablais";0;14;0.00;45.0
"https://www.bluevistaprod.com/nos-competences/live-streaming-webtv/";"web tv direct";0;3;0.00;37.7
"https://www.bluevistaprod.com/nos-competences/live-streaming-webtv/";"web tv entv";0;1;0.00;1.0
"https://www.bluevistaprod.com/nos-competences/live-streaming-webtv/";"web tv net";0;7;0.00;14.6
"https://www.bluevistaprod.com/nos-competences/live-streaming-webtv/";"web tv on live";0;7;0.00;8.0
"https://www.bluevistaprod.com/nos-competences/live-streaming-webtv/";"web tv online";0;2;0.00;15.0
"https://www.bluevistaprod.com/nos-competences/live-streaming-webtv/";"web v";0;3;0.00;52.0
"https://www.bluevistaprod.com/nos-competences/live-streaming-webtv/";"webrtv";0;3;0.00;71.0
"https://www.bluevistaprod.com/nos-competences/live-streaming-webtv/";"webtv";0;4;0.00;91.0
"https://www.bluevistaprod.com/nos-competences/live-streaming-webtv/";"webtv interne";0;1;0.00;22.0
"https://www.bluevistaprod.com/nos-competences/live-streaming-webtv/";"webtv online";0;3;0.00;8.0
"https://www.bluevistaprod.com/nos-competences/live-streaming-webtv/";"webtv realite";0;18;0.00;5.5
"https://www.bluevistaprod.com/nos-competences/motion-design/";"2d motion design";0;24;0.00;37.9
"https://www.bluevistaprod.com/nos-competences/motion-design/";"@motiondesigners.2d";0;1;0.00;43.0
"https://www.bluevistaprod.com/nos-competences/motion-design/";"abbox";0;1;0.00;37.0
"https://www.bluevistaprod.com/nos-competences/motion-design/";"agence animation 2d";0;100;0.00;38.2
"https://www.bluevistaprod.com/nos-competences/motion-design/";"agence animation video";0;88;0.00;70.4
"https://www.bluevistaprod.com/nos-competences/motion-design/";"agence animation vidéo";0;105;0.00;59.7
"https://www.bluevistaprod.com/nos-competences/motion-design/";"agence animatique";0;22;0.00;79.7
"https://www.bluevistaprod.com/nos-competences/motion-design/";"agence communication motion design";0;16;0.00;77.6
"https://www.bluevistaprod.com/nos-competences/motion-design/";"agence création motion design";0;28;0.00;84.9
"https://www.bluevistaprod.com/nos-competences/motion-design/";"agence de motion design";0;104;0.00;62.9
"https://www.bluevistaprod.com/nos-competences/motion-design/";"agence de motion design paris";0;9;0.00;73.8
"https://www.bluevistaprod.com/nos-competences/motion-design/";"agence de motion graphics";0;2;0.00;53.5
"https://www.bluevistaprod.com/nos-competences/motion-design/";"agence de production de motion design à lyon";0;23;0.00;50.2
"https://www.bluevistaprod.com/nos-competences/motion-design/";"agence graphisme design motion ille et vilaine";0;1;0.00;96.0
"https://www.bluevistaprod.com/nos-competences/motion-design/";"agence motion";0;1;0.00;52.0
"https://www.bluevistaprod.com/nos-competences/motion-design/";"agence motion design";0;986;0.00;69.3
"https://www.bluevistaprod.com/nos-competences/motion-design/";"agence motion design 77";0;2;0.00;99.0
"https://www.bluevistaprod.com/nos-competences/motion-design/";"agence motion design 78";0;10;0.00;60.4
"https://www.bluevistaprod.com/nos-competences/motion-design/";"agence motion design casablnca";0;1;0.00;95.0
"https://www.bluevistaprod.com/nos-competences/motion-design/";"agence motion design deux-sèvres";0;21;0.00;78.4
"https://www.bluevistaprod.com/nos-competences/motion-design/";"agence motion design france";0;1;0.00;113.0
"https://www.bluevistaprod.com/nos-competences/motion-design/";"agence motion design kif60";0;3;0.00;92.0
"https://www.bluevistaprod.com/nos-competences/motion-design/";"agence motion design lyon";0;18;0.00;57.7
"https://www.bluevistaprod.com/nos-competences/motion-design/";"agence motion design nice";0;1;0.00;50.0
"https://www.bluevistaprod.com/nos-competences/motion-design/";"agence motion design paris";0;52;0.00;70.3
"https://www.bluevistaprod.com/nos-competences/motion-design/";"agence motion design pas cher";0;1;0.00;30.0
"https://www.bluevistaprod.com/nos-competences/motion-design/";"agence motion design pour rapport annuel";0;48;0.00;70.8
"https://www.bluevistaprod.com/nos-competences/motion-design/";"agence motion design sarthe";0;8;0.00;92.8
"https://www.bluevistaprod.com/nos-competences/motion-design/";"agence motion design suisse";0;6;0.00;3.8
"https://www.bluevistaprod.com/nos-competences/motion-design/";"agence motion design tech";0;4;0.00;41.5
"https://www.bluevistaprod.com/nos-competences/motion-design/";"agence motion design vendée";0;1;0.00;101.0
"https://www.bluevistaprod.com/nos-competences/motion-design/";"agence motion designers";0;102;0.00;61.7
"https://www.bluevistaprod.com/nos-competences/motion-design/";"agence motion illustrateurs";0;31;0.00;43.2
"https://www.bluevistaprod.com/nos-competences/motion-design/";"agence pour motion designers";0;194;0.00;70.1
"https://www.bluevistaprod.com/nos-competences/motion-design/";"agence pour motion illustrateurs";0;12;0.00;42.2
"https://www.bluevistaprod.com/nos-competences/motion-design/";"agence video animation";0;29;0.00;45.7
"https://www.bluevistaprod.com/nos-competences/motion-design/";"agence video d animation";0;2;0.00;43.5
"https://www.bluevistaprod.com/nos-competences/motion-design/";"agence video explicative";0;2;0.00;51.0
"https://www.bluevistaprod.com/nos-competences/motion-design/";"agence video motion";0;59;0.00;79.4
"https://www.bluevistaprod.com/nos-competences/motion-design/";"agence video motion design";0;333;0.00;77.5
"https://www.bluevistaprod.com/nos-competences/motion-design/";"agence video motion kif60";0;2;0.00;8.5
"https://www.bluevistaprod.com/nos-competences/motion-design/";"agence vidéo & motion design";0;1;0.00;94.0
"https://www.bluevistaprod.com/nos-competences/motion-design/";"agence vidéo animation";0;21;0.00;89.2
"https://www.bluevistaprod.com/nos-competences/motion-design/";"agence vidéo animée";0;81;0.00;81.3
"https://www.bluevistaprod.com/nos-competences/motion-design/";"agence vidéo et motion design";0;130;0.00;54.2
"https://www.bluevistaprod.com/nos-competences/motion-design/";"agence vidéo motion design";0;83;0.00;78.9
"https://www.bluevistaprod.com/nos-competences/motion-design/";"agences de motion design";0;17;0.00;54.2
"https://www.bluevistaprod.com/nos-competences/motion-design/";"agences motion design";0;87;0.00;50.0
"https://www.bluevistaprod.com/nos-competences/motion-design/";"agency motion design";0;13;0.00;77.2
"https://www.bluevistaprod.com/nos-competences/motion-design/";"agent motion designer";0;153;0.00;50.1
"https://www.bluevistaprod.com/nos-competences/motion-design/";"agents d'artistes motion designers";0;27;0.00;76.4
"https://www.bluevistaprod.com/nos-competences/motion-design/";"animation 2d motion design";0;4;0.00;52.3
"https://www.bluevistaprod.com/nos-competences/motion-design/";"animation 3d genève";0;8;0.00;20.6
"https://www.bluevistaprod.com/nos-competences/motion-design/";"animation and film design";0;1;0.00;47.0
"https://www.bluevistaprod.com/nos-competences/motion-design/";"animation motion design";0;54;0.00;37.9
"https://www.bluevistaprod.com/nos-competences/motion-design/";"animation video designer";0;35;0.00;49.8
"https://www.bluevistaprod.com/nos-competences/motion-design/";"animations design";0;1;0.00;65.0
"https://www.bluevistaprod.com/nos-competences/motion-design/";"animations motion design";0;20;0.00;63.9
"https://www.bluevistaprod.com/nos-competences/motion-design/";"application motion design";0;3;0.00;54.3
"https://www.bluevistaprod.com/nos-competences/motion-design/";"blue vista";0;2;0.00;20.0
"https://www.bluevistaprod.com/nos-competences/motion-design/";"bluevista production";0;2;0.00;24.0
"https://www.bluevistaprod.com/nos-competences/motion-design/";"caddis motion design";0;1;0.00;37.0
"https://www.bluevistaprod.com/nos-competences/motion-design/";"creation motion design";0;2;0.00;66.5
"https://www.bluevistaprod.com/nos-competences/motion-design/";"creation motion design valence";0;1;0.00;63.0
"https://www.bluevistaprod.com/nos-competences/motion-design/";"creation video motion design";0;2;0.00;60.0
"https://www.bluevistaprod.com/nos-competences/motion-design/";"création de vidéo motion design";0;30;0.00;51.2
"https://www.bluevistaprod.com/nos-competences/motion-design/";"création motion design";0;91;0.00;71.6
"https://www.bluevistaprod.com/nos-competences/motion-design/";"création motion design argentan";0;37;0.00;41.6
"https://www.bluevistaprod.com/nos-competences/motion-design/";"création motion design auch";0;22;0.00;31.0
"https://www.bluevistaprod.com/nos-competences/motion-design/";"création motion design avallon";0;32;0.00;33.3
"https://www.bluevistaprod.com/nos-competences/motion-design/";"création motion design bain de bretagne";0;12;0.00;56.8
"https://www.bluevistaprod.com/nos-competences/motion-design/";"création motion design bergerac";0;31;0.00;43.4
"https://www.bluevistaprod.com/nos-competences/motion-design/";"création motion design bernay";0;49;0.00;40.1
"https://www.bluevistaprod.com/nos-competences/motion-design/";"création motion design bressuire";0;9;0.00;45.1
"https://www.bluevistaprod.com/nos-competences/motion-design/";"création motion design chaumont";0;16;0.00;75.1
"https://www.bluevistaprod.com/nos-competences/motion-design/";"création motion design digne les bains";0;7;0.00;72.9
"https://www.bluevistaprod.com/nos-competences/motion-design/";"création motion design dole";0;10;0.00;85.6
"https://www.bluevistaprod.com/nos-competences/motion-design/";"création motion design flers";0;22;0.00;56.1
"https://www.bluevistaprod.com/nos-competences/motion-design/";"création motion design guéret";0;24;0.00;58.0
"https://www.bluevistaprod.com/nos-competences/motion-design/";"création motion design idf";0;2;0.00;38.0
"https://www.bluevistaprod.com/nos-competences/motion-design/";"création motion design la haye du puits";0;56;0.00;38.5
"https://www.bluevistaprod.com/nos-competences/motion-design/";"création motion design le mans";0;7;0.00;46.7
"https://www.bluevistaprod.com/nos-competences/motion-design/";"création motion design le puy en velai";0;16;0.00;41.1
"https://www.bluevistaprod.com/nos-competences/motion-design/";"création motion design loches";0;22;0.00;39.6
"https://www.bluevistaprod.com/nos-competences/motion-design/";"création motion design macon";0;15;0.00;62.7
"https://www.bluevistaprod.com/nos-competences/motion-design/";"création motion design mende";0;31;0.00;45.0
"https://www.bluevistaprod.com/nos-competences/motion-design/";"création motion design millau";0;18;0.00;42.3
"https://www.bluevistaprod.com/nos-competences/motion-design/";"création motion design parthenay";0;18;0.00;33.6
"https://www.bluevistaprod.com/nos-competences/motion-design/";"création motion design perigueux";0;9;0.00;47.3
"https://www.bluevistaprod.com/nos-competences/motion-design/";"création motion design pithiviers";0;10;0.00;51.1
"https://www.bluevistaprod.com/nos-competences/motion-design/";"création motion design pontivy";0;27;0.00;42.7
"https://www.bluevistaprod.com/nos-competences/motion-design/";"création motion design saint dizier";0;16;0.00;79.9
"https://www.bluevistaprod.com/nos-competences/motion-design/";"création motion design saint flour";0;20;0.00;73.0
"https://www.bluevistaprod.com/nos-competences/motion-design/";"création motion design sens";0;79;0.00;31.9
"https://www.bluevistaprod.com/nos-competences/motion-design/";"création motion design souvigny";0;22;0.00;48.4
"https://www.bluevistaprod.com/nos-competences/motion-design/";"création motion design st philbert de grand lieu";0;17;0.00;74.1
"https://www.bluevistaprod.com/nos-competences/motion-design/";"création motion design ussel";0;26;0.00;41.3
"https://www.bluevistaprod.com/nos-competences/motion-design/";"création motion design yvetot";0;9;0.00;49.3
"https://www.bluevistaprod.com/nos-competences/motion-design/";"création video motion design";0;34;0.00;63.8
"https://www.bluevistaprod.com/nos-competences/motion-design/";"création vidéo et motion design";0;58;0.00;62.9
"https://www.bluevistaprod.com/nos-competences/motion-design/";"création vidéo motion design";0;46;0.00;53.8
"https://www.bluevistaprod.com/nos-competences/motion-design/";"créer un motion design";0;1;0.00;65.0
"https://www.bluevistaprod.com/nos-competences/motion-design/";"design & motion lyon";0;91;0.00;54.9
"https://www.bluevistaprod.com/nos-competences/motion-design/";"design and motion";0;1;0.00;57.0
"https://www.bluevistaprod.com/nos-competences/motion-design/";"design motion lyon";0;105;0.00;46.4
"https://www.bluevistaprod.com/nos-competences/motion-design/";"designer animated";0;1;0.00;28.0
"https://www.bluevistaprod.com/nos-competences/motion-design/";"devis motion design";0;24;0.00;68.4
"https://www.bluevistaprod.com/nos-competences/motion-design/";"entreprise animation 2d";0;6;0.00;87.2
"https://www.bluevistaprod.com/nos-competences/motion-design/";"entreprise motion design";0;63;0.00;83.6
"https://www.bluevistaprod.com/nos-competences/motion-design/";"exemple motion design";0;2;0.00;89.5
"https://www.bluevistaprod.com/nos-competences/motion-design/";"expert vidéo et motion design";0;201;0.00;77.0
"https://www.bluevistaprod.com/nos-competences/motion-design/";"film motion design";0;60;0.00;65.3
"https://www.bluevistaprod.com/nos-competences/motion-design/";"high-end motion design";0;2;0.00;46.0
"https://www.bluevistaprod.com/nos-competences/motion-design/";"how to design video";0;1;0.00;55.0
"https://www.bluevistaprod.com/nos-competences/motion-design/";"jérôme jomie | motion design 2d & 3d clichy";0;1;0.00;15.0
"https://www.bluevistaprod.com/nos-competences/motion-design/";"meilleure agence motion design";0;1;0.00;57.0
"https://www.bluevistaprod.com/nos-competences/motion-design/";"motion and animation";0;2;0.00;85.0
"https://www.bluevistaprod.com/nos-competences/motion-design/";"motion design 2d";0;102;0.00;56.1
"https://www.bluevistaprod.com/nos-competences/motion-design/";"motion design 2d 3d";0;49;0.00;85.3
"https://www.bluevistaprod.com/nos-competences/motion-design/";"motion design 2d/3d";0;47;0.00;91.0
"https://www.bluevistaprod.com/nos-competences/motion-design/";"motion design agence";0;45;0.00;65.3
"https://www.bluevistaprod.com/nos-competences/motion-design/";"motion design agence motion design studio motion design motion film animation agence motion studio motion";0;9;0.00;48.8
"https://www.bluevistaprod.com/nos-competences/motion-design/";"motion design agence paris";0;33;0.00;87.2
"https://www.bluevistaprod.com/nos-competences/motion-design/";"motion design agency";0;33;0.00;78.0
"https://www.bluevistaprod.com/nos-competences/motion-design/";"motion design application";0;2;0.00;83.5
"https://www.bluevistaprod.com/nos-competences/motion-design/";"motion design brest";0;3;0.00;57.3
"https://www.bluevistaprod.com/nos-competences/motion-design/";"motion design corporate";0;1;0.00;98.0
"https://www.bluevistaprod.com/nos-competences/motion-design/";"motion design entreprise";0;207;0.00;76.7
"https://www.bluevistaprod.com/nos-competences/motion-design/";"motion design et vidéo d'entreprise";0;23;0.00;69.7
"https://www.bluevistaprod.com/nos-competences/motion-design/";"motion design exemple";0;6;0.00;98.0
"https://www.bluevistaprod.com/nos-competences/motion-design/";"motion design film";0;41;0.00;59.6
"https://www.bluevistaprod.com/nos-competences/motion-design/";"motion design geneve";0;14;0.00;11.6
"https://www.bluevistaprod.com/nos-competences/motion-design/";"motion design haut de gamme";0;3;0.00;82.0
"https://www.bluevistaprod.com/nos-competences/motion-design/";"motion design la réunion";0;2;0.00;46.0
"https://www.bluevistaprod.com/nos-competences/motion-design/";"motion design le mans";0;85;0.00;74.4
"https://www.bluevistaprod.com/nos-competences/motion-design/";"motion design lyon";0;57;0.00;62.8
"https://www.bluevistaprod.com/nos-competences/motion-design/";"motion design nice";0;1;0.00;71.0
"https://www.bluevistaprod.com/nos-competences/motion-design/";"motion design presentation";0;1;0.00;80.0
"https://www.bluevistaprod.com/nos-competences/motion-design/";"motion design professionnel";0;25;0.00;38.5
"https://www.bluevistaprod.com/nos-competences/motion-design/";"motion design présentation entreprise";0;1;0.00;62.0
"https://www.bluevistaprod.com/nos-competences/motion-design/";"motion design pub";0;1;0.00;92.0
"https://www.bluevistaprod.com/nos-competences/motion-design/";"motion design pédagogique entreprise";0;1;0.00;67.0
"https://www.bluevistaprod.com/nos-competences/motion-design/";"motion design réunion";0;6;0.00;44.3
"https://www.bluevistaprod.com/nos-competences/motion-design/";"motion design sarthe";0;2;0.00;90.0
"https://www.bluevistaprod.com/nos-competences/motion-design/";"motion design strasbourg";0;4;0.00;79.0
"https://www.bluevistaprod.com/nos-competences/motion-design/";"motion design studio";0;224;0.00;83.1
"https://www.bluevistaprod.com/nos-competences/motion-design/";"motion design studios";0;218;0.00;43.8
"https://www.bluevistaprod.com/nos-competences/motion-design/";"motion design suisse";0;2;0.00;53.5
"https://www.bluevistaprod.com/nos-competences/motion-design/";"motion design video 2d marrakech";0;1;0.00;30.0
"https://www.bluevistaprod.com/nos-competences/motion-design/";"motion design vidéo";0;42;0.00;75.1
"https://www.bluevistaprod.com/nos-competences/motion-design/";"motion designer 2d";0;12;0.00;45.8
"https://www.bluevistaprod.com/nos-competences/motion-design/";"motion designer connu";0;1;0.00;70.0
"https://www.bluevistaprod.com/nos-competences/motion-design/";"motion designer la réunion";0;2;0.00;66.0
"https://www.bluevistaprod.com/nos-competences/motion-design/";"motion designer lyon";0;61;0.00;71.1
"https://www.bluevistaprod.com/nos-competences/motion-design/";"motion designer2";0;3;0.00;50.7
"https://www.bluevistaprod.com/nos-competences/motion-design/";"motion designers givors";0;1;0.00;42.0
"https://www.bluevistaprod.com/nos-competences/motion-design/";"motion designers lyon";0;2;0.00;37.5
"https://www.bluevistaprod.com/nos-competences/motion-design/";"motion designers monts du lyonnais";0;68;0.00;6.1
"https://www.bluevistaprod.com/nos-competences/motion-design/";"motion designers oullins-pierre-bénite";0;10;0.00;34.7
"https://www.bluevistaprod.com/nos-competences/motion-design/";"motion designs";0;1;0.00;85.0
"https://www.bluevistaprod.com/nos-competences/motion-design/";"motion graphic design studio";0;1;0.00;96.0
"https://www.bluevistaprod.com/nos-competences/motion-design/";"motion graphic studio";0;1;0.00;69.0
"https://www.bluevistaprod.com/nos-competences/motion-design/";"motion graphics agency";0;2;0.00;51.0
"https://www.bluevistaprod.com/nos-competences/motion-design/";"motion graphics design studio";0;1;0.00;92.0
"https://www.bluevistaprod.com/nos-competences/motion-design/";"motion video design";0;1;0.00;29.0
"https://www.bluevistaprod.com/nos-competences/motion-design/";"motions design";0;4;0.00;64.5
"https://www.bluevistaprod.com/nos-competences/motion-design/";"motions designers";0;3;0.00;59.0
"https://www.bluevistaprod.com/nos-competences/motion-design/";"motions video";0;40;0.00;92.3
"https://www.bluevistaprod.com/nos-competences/motion-design/";"prestation motion design sur mesure";0;28;0.00;43.8
"https://www.bluevistaprod.com/nos-competences/motion-design/";"prix vidéo motion design";0;1;0.00;92.0
"https://www.bluevistaprod.com/nos-competences/motion-design/";"production motion design";0;6;0.00;70.8
"https://www.bluevistaprod.com/nos-competences/motion-design/";"production vidéo motion design";0;73;0.00;56.9
"https://www.bluevistaprod.com/nos-competences/motion-design/";"production vidéo motion design 41";0;91;0.00;29.0
"https://www.bluevistaprod.com/nos-competences/motion-design/";"pub motion design";0;2;0.00;61.5
"https://www.bluevistaprod.com/nos-competences/motion-design/";"realisation video motion design";0;3;0.00;46.7
"https://www.bluevistaprod.com/nos-competences/motion-design/";"réalisation motion design";0;6;0.00;58.7
"https://www.bluevistaprod.com/nos-competences/motion-design/";"réalisation motion design arnage";0;323;0.00;61.1
"https://www.bluevistaprod.com/nos-competences/motion-design/";"réalisation motion design le mans";0;405;0.00;72.4
"https://www.bluevistaprod.com/nos-competences/motion-design/";"site motion design";0;85;0.00;68.1
"https://www.bluevistaprod.com/nos-competences/motion-design/";"studio de motion design";0;121;0.00;79.4
"https://www.bluevistaprod.com/nos-competences/motion-design/";"studio motion design communication institutionnelle";0;2;0.00;83.0
"https://www.bluevistaprod.com/nos-competences/motion-design/";"studio motion design lyon";0;2;0.00;79.5
"https://www.bluevistaprod.com/nos-competences/motion-design/";"studios motion design";0;31;0.00;64.0
"https://www.bluevistaprod.com/nos-competences/motion-design/";"style motion design";0;4;0.00;79.8
"https://www.bluevistaprod.com/nos-competences/motion-design/";"vid&eacute o motion design";0;30;0.00;74.9
"https://www.bluevistaprod.com/nos-competences/motion-design/";"video designer";0;21;0.00;92.9
"https://www.bluevistaprod.com/nos-competences/motion-design/";"video motion design";0;7;0.00;86.0
"https://www.bluevistaprod.com/nos-competences/motion-design/";"video motion design exemple";0;2;0.00;72.5
"https://www.bluevistaprod.com/nos-competences/motion-design/";"video motion design lyon";0;4;0.00;93.0
"https://www.bluevistaprod.com/nos-competences/motion-design/";"video motion design paris";0;14;0.00;89.6
"https://www.bluevistaprod.com/nos-competences/motion-design/";"videographer animation";0;1;0.00;43.0
"https://www.bluevistaprod.com/nos-competences/motion-design/";"videos motion design";0;3;0.00;90.3
"https://www.bluevistaprod.com/nos-competences/motion-design/";"vidéo & motion design";0;14;0.00;57.1
"https://www.bluevistaprod.com/nos-competences/motion-design/";"vidéo d'entreprise en motion design";0;3;0.00;68.0
"https://www.bluevistaprod.com/nos-competences/motion-design/";"vidéo en motion design";0;4;0.00;100.5
"https://www.bluevistaprod.com/nos-competences/motion-design/";"vidéo et motion design";0;42;0.00;45.5
"https://www.bluevistaprod.com/nos-competences/motion-design/";"vista motion";0;5;0.00;6.6
"https://www.bluevistaprod.com/nos-competences/motion-design/";"vistaprod.net";0;1;0.00;63.0
"https://www.bluevistaprod.com/nos-competences/motion-design/";"wapiyeah agence motion design";0;2;0.00;28.5
"https://www.bluevistaprod.com/nos-competences/studio-fond-vert-compositing/";"compositing studio";0;1;0.00;12.0
"https://www.bluevistaprod.com/nos-competences/studio-fond-vert-compositing/";"studio fond vert";0;22;0.00;75.7
"https://www.bluevistaprod.com/nos-competences/video-aerienne-drone/";"360 video drone";0;1;0.00;57.0
"https://www.bluevistaprod.com/nos-competences/video-aerienne-drone/";"agence drone";0;6;0.00;28.8
"https://www.bluevistaprod.com/nos-competences/video-aerienne-drone/";"agence video 360";0;6;0.00;64.8
"https://www.bluevistaprod.com/nos-competences/video-aerienne-drone/";"agence vidéo drone";0;31;0.00;16.5
"https://www.bluevistaprod.com/nos-competences/video-aerienne-drone/";"audiovisuel drone toulouse";0;1;0.00;21.0
"https://www.bluevistaprod.com/nos-competences/video-aerienne-drone/";"banque de video aérienne";0;1;0.00;34.0
"https://www.bluevistaprod.com/nos-competences/video-aerienne-drone/";"bedrijfsfilm met drone";0;1;0.00;35.0
"https://www.bluevistaprod.com/nos-competences/video-aerienne-drone/";"bluevista";0;26;0.00;4.3
"https://www.bluevistaprod.com/nos-competences/video-aerienne-drone/";"bluevista production";0;11;0.00;3.6
"https://www.bluevistaprod.com/nos-competences/video-aerienne-drone/";"brevet drone 2018";0;3;0.00;97.0
"https://www.bluevistaprod.com/nos-competences/video-aerienne-drone/";"création vidéo drone bordeaux";0;1;0.00;100.0
"https://www.bluevistaprod.com/nos-competences/video-aerienne-drone/";"dron de video";0;2;0.00;57.0
"https://www.bluevistaprod.com/nos-competences/video-aerienne-drone/";"drone agence";0;2;0.00;62.0
"https://www.bluevistaprod.com/nos-competences/video-aerienne-drone/";"drone audiovisuel";0;1;0.00;49.0
"https://www.bluevistaprod.com/nos-competences/video-aerienne-drone/";"drone de video";0;3;0.00;96.7
"https://www.bluevistaprod.com/nos-competences/video-aerienne-drone/";"drone prise de vue aérienne professionnel";0;63;0.00;44.3
"https://www.bluevistaprod.com/nos-competences/video-aerienne-drone/";"drone prise de vue aérienne vidéo drone reims marne prestation vidéo montage vidéo";0;12;0.00;72.9
"https://www.bluevistaprod.com/nos-competences/video-aerienne-drone/";"drone professionnel video";0;9;0.00;72.8
"https://www.bluevistaprod.com/nos-competences/video-aerienne-drone/";"drone video production";0;1;0.00;96.0
"https://www.bluevistaprod.com/nos-competences/video-aerienne-drone/";"drone video professionnel";0;14;0.00;65.5
"https://www.bluevistaprod.com/nos-competences/video-aerienne-drone/";"drone video service";0;2;0.00;12.0
"https://www.bluevistaprod.com/nos-competences/video-aerienne-drone/";"drone videografie";0;1;0.00;37.0
"https://www.bluevistaprod.com/nos-competences/video-aerienne-drone/";"drone vidéaste";0;5;0.00;70.4
"https://www.bluevistaprod.com/nos-competences/video-aerienne-drone/";"drone visuals";0;1;0.00;35.0
"https://www.bluevistaprod.com/nos-competences/video-aerienne-drone/";"entreprise de video aerienne avec drone";0;208;0.00;7.5
"https://www.bluevistaprod.com/nos-competences/video-aerienne-drone/";"entreprise drone lyon";0;7;0.00;64.1
"https://www.bluevistaprod.com/nos-competences/video-aerienne-drone/";"filmmaker drone";0;1;0.00;73.0
"https://www.bluevistaprod.com/nos-competences/video-aerienne-drone/";"imagerie aérienne drone";0;1;0.00;65.0
"https://www.bluevistaprod.com/nos-competences/video-aerienne-drone/";"koesio carre senart";0;1;0.00;10.0
"https://www.bluevistaprod.com/nos-competences/video-aerienne-drone/";"location drone avec pilote";0;227;0.00;68.5
"https://www.bluevistaprod.com/nos-competences/video-aerienne-drone/";"location drone video";0;2;0.00;65.5
"https://www.bluevistaprod.com/nos-competences/video-aerienne-drone/";"photographie et vidéo aérienne (drone)";0;1;0.00;53.0
"https://www.bluevistaprod.com/nos-competences/video-aerienne-drone/";"prestataire drone";0;2;0.00;68.5
"https://www.bluevistaprod.com/nos-competences/video-aerienne-drone/";"prestation audiovisuelle par drone";0;2;0.00;40.0
"https://www.bluevistaprod.com/nos-competences/video-aerienne-drone/";"prestation drone fpv";0;1;0.00;12.0
"https://www.bluevistaprod.com/nos-competences/video-aerienne-drone/";"prestation drone video";0;7;0.00;69.3
"https://www.bluevistaprod.com/nos-competences/video-aerienne-drone/";"prise de vue aerienne drone";0;2;0.00;35.0
"https://www.bluevistaprod.com/nos-competences/video-aerienne-drone/";"prise de vue aérienne drone";0;2;0.00;51.5
"https://www.bluevistaprod.com/nos-competences/video-aerienne-drone/";"prise de vue drone";0;34;0.00;64.2
"https://www.bluevistaprod.com/nos-competences/video-aerienne-drone/";"prise de vue drone le mans";0;2;0.00;33.5
"https://www.bluevistaprod.com/nos-competences/video-aerienne-drone/";"prise de vues aeriennes drone";0;1;0.00;48.0
"https://www.bluevistaprod.com/nos-competences/video-aerienne-drone/";"production audiovisuelle aérienne";0;6;0.00;53.2
"https://www.bluevistaprod.com/nos-competences/video-aerienne-drone/";"production audiovisuelle drone";0;3;0.00;27.0
"https://www.bluevistaprod.com/nos-competences/video-aerienne-drone/";"production vidéo drone";0;2;0.00;30.5
"https://www.bluevistaprod.com/nos-competences/video-aerienne-drone/";"production vidéo par drone auvergne";0;13;0.00;55.3
"https://www.bluevistaprod.com/nos-competences/video-aerienne-drone/";"production vidéo par drone haute-loire";0;1;0.00;48.0
"https://www.bluevistaprod.com/nos-competences/video-aerienne-drone/";"réalisation photos videos drone";0;1;0.00;78.0
"https://www.bluevistaprod.com/nos-competences/video-aerienne-drone/";"réalisation vidéo drone";0;1;0.00;61.0
"https://www.bluevistaprod.com/nos-competences/video-aerienne-drone/";"réalisation vidéo drone guadeloupe";0;18;0.00;69.9
"https://www.bluevistaprod.com/nos-competences/video-aerienne-drone/";"réalisation vidéo par drone";0;45;0.00;46.3
"https://www.bluevistaprod.com/nos-competences/video-aerienne-drone/";"veo drone";0;1;0.00;10.0
"https://www.bluevistaprod.com/nos-competences/video-aerienne-drone/";"vid&eacute o drone";0;4;0.00;58.8
"https://www.bluevistaprod.com/nos-competences/video-aerienne-drone/";"videaste drone";0;4;0.00;58.3
"https://www.bluevistaprod.com/nos-competences/video-aerienne-drone/";"video aerienne";0;167;0.00;38.6
"https://www.bluevistaprod.com/nos-competences/video-aerienne-drone/";"video aerienne drone";0;30;0.00;66.2
"https://www.bluevistaprod.com/nos-competences/video-aerienne-drone/";"video aerienne par drone";0;2;0.00;80.5
"https://www.bluevistaprod.com/nos-competences/video-aerienne-drone/";"video aérienne";0;37;0.00;25.2
"https://www.bluevistaprod.com/nos-competences/video-aerienne-drone/";"video aérienne drone";0;37;0.00;60.3
"https://www.bluevistaprod.com/nos-competences/video-aerienne-drone/";"video aérienne par drone";0;33;0.00;55.0
"https://www.bluevistaprod.com/nos-competences/video-aerienne-drone/";"video par drone";0;71;0.00;68.2
"https://www.bluevistaprod.com/nos-competences/video-aerienne-drone/";"videographie aérienne";0;77;0.00;26.7
"https://www.bluevistaprod.com/nos-competences/video-aerienne-drone/";"videography with drones";0;1;0.00;23.0
"https://www.bluevistaprod.com/nos-competences/video-aerienne-drone/";"videos aeriennes";0;17;0.00;41.8
"https://www.bluevistaprod.com/nos-competences/video-aerienne-drone/";"videos aériennes";0;30;0.00;53.5
"https://www.bluevistaprod.com/nos-competences/video-aerienne-drone/";"videos drone";0;8;0.00;94.9
"https://www.bluevistaprod.com/nos-competences/video-aerienne-drone/";"vidéaste drone";0;11;0.00;83.2
"https://www.bluevistaprod.com/nos-competences/video-aerienne-drone/";"vidéo au drone fpv";0;1;0.00;74.0
"https://www.bluevistaprod.com/nos-competences/video-aerienne-drone/";"vidéo aérienne";0;179;0.00;36.7
"https://www.bluevistaprod.com/nos-competences/video-aerienne-drone/";"vidéo aérienne drone";0;3;0.00;80.0
"https://www.bluevistaprod.com/nos-competences/video-aerienne-drone/";"vidéo aérienne par drone";0;21;0.00;63.5
"https://www.bluevistaprod.com/nos-competences/video-aerienne-drone/";"vidéo drone entreprise";0;13;0.00;25.0
"https://www.bluevistaprod.com/nos-competences/video-aerienne-drone/";"vidéo drone entreprise 4k";0;1;0.00;27.0
"https://www.bluevistaprod.com/nos-competences/video-aerienne-drone/";"vidéo drone france";0;7;0.00;35.4
"https://www.bluevistaprod.com/nos-competences/video-aerienne-drone/";"vidéo drone laval";0;1;0.00;94.0
"https://www.bluevistaprod.com/nos-competences/video-aerienne-drone/";"vidéo drône";0;1;0.00;99.0
"https://www.bluevistaprod.com/nos-competences/video-aerienne-drone/";"vidéo entreprise drone";0;350;0.00;66.0
"https://www.bluevistaprod.com/nos-competences/video-aerienne-drone/";"vidéo par drone";0;29;0.00;61.6
"https://www.bluevistaprod.com/nos-competences/video-aerienne-drone/";"vidéo par drone ile de france";0;4;0.00;95.5
"https://www.bluevistaprod.com/nos-competences/video-aerienne-drone/";"vidéographie aérienne";0;49;0.00;16.3
"https://www.bluevistaprod.com/nos-competences/video-aerienne-drone/";"vidéographie aérienne par drone";0;5;0.00;43.4
"https://www.bluevistaprod.com/nos-competences/video-aerienne-drone/";"vidéographie par drone";0;5;0.00;22.0
"https://www.bluevistaprod.com/nos-competences/video-aerienne-drone/";"vidéos aérienne";0;16;0.00;37.8
"https://www.bluevistaprod.com/nos-competences/video-aerienne-drone/";"vidéos aériennes";0;205;0.00;45.9
"https://www.bluevistaprod.com/nos-competences/video-aerienne-drone/";"vidéos aériennes par drone";0;1;0.00;75.0
"https://www.bluevistaprod.com/nos-competences/video-aerienne-drone/";"vidéos aériennes professionnelles";0;8;0.00;25.3
"https://www.bluevistaprod.com/nos-competences/video-aerienne-drone/";"vidéos par drone";0;7;0.00;73.0
"https://www.bluevistaprod.com/nos-competences/video-aerienne-drone/";"visualdrone";0;1;0.00;11.0
"https://www.bluevistaprod.com/nos-competences/video-corporate-film-dentreprise/";"agence de communication vidéo";0;4;0.00;51.5
"https://www.bluevistaprod.com/nos-competences/video-corporate-film-dentreprise/";"agence de film corporate";0;4;0.00;15.8
"https://www.bluevistaprod.com/nos-competences/video-corporate-film-dentreprise/";"agence film corporate";0;7;0.00;50.3
"https://www.bluevistaprod.com/nos-competences/video-corporate-film-dentreprise/";"agence film corporate lyon";0;1;0.00;20.0
"https://www.bluevistaprod.com/nos-competences/video-corporate-film-dentreprise/";"agence film institutionnel";0;2;0.00;42.5
"https://www.bluevistaprod.com/nos-competences/video-corporate-film-dentreprise/";"agence video 91";0;2;0.00;47.0
"https://www.bluevistaprod.com/nos-competences/video-corporate-film-dentreprise/";"agence video corporate";0;40;0.00;17.3
"https://www.bluevistaprod.com/nos-competences/video-corporate-film-dentreprise/";"agence video paris";0;4;0.00;46.8
"https://www.bluevistaprod.com/nos-competences/video-corporate-film-dentreprise/";"agence vidéo corporate";0;205;0.00;37.2
"https://www.bluevistaprod.com/nos-competences/video-corporate-film-dentreprise/";"agence vidéo corporate btp france";0;8;0.00;35.9
"https://www.bluevistaprod.com/nos-competences/video-corporate-film-dentreprise/";"agence vidéo corporate finance france";0;12;0.00;33.2
"https://www.bluevistaprod.com/nos-competences/video-corporate-film-dentreprise/";"agence vidéo corporate immobilier france";0;1;0.00;18.0
"https://www.bluevistaprod.com/nos-competences/video-corporate-film-dentreprise/";"agence vidéo corporate industrie france";0;4;0.00;33.3
"https://www.bluevistaprod.com/nos-competences/video-corporate-film-dentreprise/";"agence vidéo corporate industrie paris";0;1;0.00;17.0
"https://www.bluevistaprod.com/nos-competences/video-corporate-film-dentreprise/";"agence vidéo corporate paris";0;3;0.00;31.7
"https://www.bluevistaprod.com/nos-competences/video-corporate-film-dentreprise/";"agence vidéo corporate santé france";0;1;0.00;40.0
"https://www.bluevistaprod.com/nos-competences/video-corporate-film-dentreprise/";"agence vidéo corporate santé lyon";0;1;0.00;25.0
"https://www.bluevistaprod.com/nos-competences/video-corporate-film-dentreprise/";"agence vidéo corporate santé paris";0;4;0.00;37.8
"https://www.bluevistaprod.com/nos-competences/video-corporate-film-dentreprise/";"agence vidéo d⠹entreprise à paris";0;1;0.00;38.0
"https://www.bluevistaprod.com/nos-competences/video-corporate-film-dentreprise/";"agence vidéo entreprise";0;1;0.00;96.0
"https://www.bluevistaprod.com/nos-competences/video-corporate-film-dentreprise/";"agence vidéo yvelines";0;1;0.00;45.0
"https://www.bluevistaprod.com/nos-competences/video-corporate-film-dentreprise/";"clip corporate";0;1;0.00;74.0
"https://www.bluevistaprod.com/nos-competences/video-corporate-film-dentreprise/";"clip d entreprise";0;2;0.00;31.0
"https://www.bluevistaprod.com/nos-competences/video-corporate-film-dentreprise/";"cohérence visuelle vidéo corporate";0;2;0.00;60.0
"https://www.bluevistaprod.com/nos-competences/video-corporate-film-dentreprise/";"combien coûte un film d'entreprise";0;33;0.00;42.0
"https://www.bluevistaprod.com/nos-competences/video-corporate-film-dentreprise/";"coporate video";0;6;0.00;41.2
"https://www.bluevistaprod.com/nos-competences/video-corporate-film-dentreprise/";"corporate audiovisual company";0;2;0.00;30.5
"https://www.bluevistaprod.com/nos-competences/video-corporate-film-dentreprise/";"corporate film";0;74;0.00;77.5
"https://www.bluevistaprod.com/nos-competences/video-corporate-film-dentreprise/";"corporate film geneva";0;226;0.00;1.4
"https://www.bluevistaprod.com/nos-competences/video-corporate-film-dentreprise/";"corporate film production";0;7;0.00;84.4
"https://www.bluevistaprod.com/nos-competences/video-corporate-film-dentreprise/";"corporate film production annecy";0;12;0.00;34.0
"https://www.bluevistaprod.com/nos-competences/video-corporate-film-dentreprise/";"corporate filmmaking";0;2;0.00;51.0
"https://www.bluevistaprod.com/nos-competences/video-corporate-film-dentreprise/";"corporate films";0;79;0.00;47.1
"https://www.bluevistaprod.com/nos-competences/video-corporate-film-dentreprise/";"corporate movie";0;2;0.00;93.0
"https://www.bluevistaprod.com/nos-competences/video-corporate-film-dentreprise/";"corporate production video";0;1;0.00;27.0
"https://www.bluevistaprod.com/nos-competences/video-corporate-film-dentreprise/";"corporate video";0;88;0.00;63.5
"https://www.bluevistaprod.com/nos-competences/video-corporate-film-dentreprise/";"corporate video agency";0;2;0.00;34.5
"https://www.bluevistaprod.com/nos-competences/video-corporate-film-dentreprise/";"corporate video agentur";0;5;0.00;85.4
"https://www.bluevistaprod.com/nos-competences/video-corporate-film-dentreprise/";"corporate video company";0;2;0.00;15.5
"https://www.bluevistaprod.com/nos-competences/video-corporate-film-dentreprise/";"corporate video geneva";0;4;0.00;52.0
"https://www.bluevistaprod.com/nos-competences/video-corporate-film-dentreprise/";"corporate video lyon";0;3;0.00;56.7
"https://www.bluevistaprod.com/nos-competences/video-corporate-film-dentreprise/";"corporate video production";0;71;0.00;25.1
"https://www.bluevistaprod.com/nos-competences/video-corporate-film-dentreprise/";"corporate video production europe";0;1;0.00;67.0
"https://www.bluevistaprod.com/nos-competences/video-corporate-film-dentreprise/";"corporate video production france";0;1;0.00;47.0
"https://www.bluevistaprod.com/nos-competences/video-corporate-film-dentreprise/";"corporate video production geneva";0;12;0.00;13.5
"https://www.bluevistaprod.com/nos-competences/video-corporate-film-dentreprise/";"corporate video production service";0;1;0.00;28.0
"https://www.bluevistaprod.com/nos-competences/video-corporate-film-dentreprise/";"corporate video production services";0;1;0.00;14.0
"https://www.bluevistaprod.com/nos-competences/video-corporate-film-dentreprise/";"corporate video produktion";0;1;0.00;98.0
"https://www.bluevistaprod.com/nos-competences/video-corporate-film-dentreprise/";"corporate video services";0;15;0.00;54.9
"https://www.bluevistaprod.com/nos-competences/video-corporate-film-dentreprise/";"corporate videographer";0;12;0.00;21.6
"https://www.bluevistaprod.com/nos-competences/video-corporate-film-dentreprise/";"corporate videography";0;7;0.00;35.7
"https://www.bluevistaprod.com/nos-competences/video-corporate-film-dentreprise/";"corporate videos";0;1;0.00;88.0
"https://www.bluevistaprod.com/nos-competences/video-corporate-film-dentreprise/";"corporate vidéo";0;19;0.00;29.6
"https://www.bluevistaprod.com/nos-competences/video-corporate-film-dentreprise/";"création video corporate deauville";0;3;0.00;47.7
"https://www.bluevistaprod.com/nos-competences/video-corporate-film-dentreprise/";"création video corporate dieppe";0;4;0.00;47.8
"https://www.bluevistaprod.com/nos-competences/video-corporate-film-dentreprise/";"création video corporate le havre";0;12;0.00;52.4
"https://www.bluevistaprod.com/nos-competences/video-corporate-film-dentreprise/";"création vidéo corporate";0;1;0.00;49.0
"https://www.bluevistaprod.com/nos-competences/video-corporate-film-dentreprise/";"création vidéo d'entreprise le havre";0;5;0.00;47.2
"https://www.bluevistaprod.com/nos-competences/video-corporate-film-dentreprise/";"création vidéo d'entreprise rouen";0;2;0.00;46.5
"https://www.bluevistaprod.com/nos-competences/video-corporate-film-dentreprise/";"création vidéo entreprise réunion";0;2;0.00;50.5
"https://www.bluevistaprod.com/nos-competences/video-corporate-film-dentreprise/";"custom corporate film";0;1;0.00;49.0
"https://www.bluevistaprod.com/nos-competences/video-corporate-film-dentreprise/";"devis film d'entreprise";0;1;0.00;31.0
"https://www.bluevistaprod.com/nos-competences/video-corporate-film-dentreprise/";"devis film entreprise";0;2;0.00;34.0
"https://www.bluevistaprod.com/nos-competences/video-corporate-film-dentreprise/";"devis vidéo corporate";0;8;0.00;76.3
"https://www.bluevistaprod.com/nos-competences/video-corporate-film-dentreprise/";"diffusion vidéo entreprise";0;4;0.00;41.0
"https://www.bluevistaprod.com/nos-competences/video-corporate-film-dentreprise/";"entreprise film";0;1;0.00;96.0
"https://www.bluevistaprod.com/nos-competences/video-corporate-film-dentreprise/";"entreprise video";0;1;0.00;26.0
"https://www.bluevistaprod.com/nos-competences/video-corporate-film-dentreprise/";"entreprise vidéo";0;2;0.00;89.5
"https://www.bluevistaprod.com/nos-competences/video-corporate-film-dentreprise/";"entreprise vidéo strasbourg";0;1;0.00;46.0
"https://www.bluevistaprod.com/nos-competences/video-corporate-film-dentreprise/";"faire un film d'entreprise réunion";0;1;0.00;37.0
"https://www.bluevistaprod.com/nos-competences/video-corporate-film-dentreprise/";"film corporate";0;1;0.00;58.0
"https://www.bluevistaprod.com/nos-competences/video-corporate-film-dentreprise/";"film corporate entreprise";0;42;0.00;85.2
"https://www.bluevistaprod.com/nos-competences/video-corporate-film-dentreprise/";"film corporate haut de gamme";0;5;0.00;62.4
"https://www.bluevistaprod.com/nos-competences/video-corporate-film-dentreprise/";"film corporate troyes";0;1;0.00;78.0
"https://www.bluevistaprod.com/nos-competences/video-corporate-film-dentreprise/";"film d entreprise";0;85;0.00;38.8
"https://www.bluevistaprod.com/nos-competences/video-corporate-film-dentreprise/";"film d entreprise 64";0;8;0.00;29.6
"https://www.bluevistaprod.com/nos-competences/video-corporate-film-dentreprise/";"film d'entreprise";0;67;0.00;54.6
"https://www.bluevistaprod.com/nos-competences/video-corporate-film-dentreprise/";"film d'entreprise blois";0;9;0.00;87.1
"https://www.bluevistaprod.com/nos-competences/video-corporate-film-dentreprise/";"film d'entreprise geneve";0;73;0.00;3.0
"https://www.bluevistaprod.com/nos-competences/video-corporate-film-dentreprise/";"film d'entreprise genève";0;211;0.00;1.8
"https://www.bluevistaprod.com/nos-competences/video-corporate-film-dentreprise/";"film d'entreprise sur mesure";0;1;0.00;32.0
"https://www.bluevistaprod.com/nos-competences/video-corporate-film-dentreprise/";"film de communication";0;1;0.00;32.0
"https://www.bluevistaprod.com/nos-competences/video-corporate-film-dentreprise/";"film dentreprise";0;3;0.00;65.3
"https://www.bluevistaprod.com/nos-competences/video-corporate-film-dentreprise/";"film d’entreprise";0;27;0.00;86.6
"https://www.bluevistaprod.com/nos-competences/video-corporate-film-dentreprise/";"film entreprise";0;6;0.00;74.7
"https://www.bluevistaprod.com/nos-competences/video-corporate-film-dentreprise/";"film entreprise geneve";0;1;0.00;4.0
"https://www.bluevistaprod.com/nos-competences/video-corporate-film-dentreprise/";"film entreprise paris";0;1;0.00;88.0
"https://www.bluevistaprod.com/nos-competences/video-corporate-film-dentreprise/";"film institutionnel d entreprise";0;3;0.00;80.0
"https://www.bluevistaprod.com/nos-competences/video-corporate-film-dentreprise/";"film institutionnel entreprise";0;6;0.00;76.3
"https://www.bluevistaprod.com/nos-competences/video-corporate-film-dentreprise/";"film présentation entreprise";0;83;0.00;80.5
"https://www.bluevistaprod.com/nos-competences/video-corporate-film-dentreprise/";"film video entreprise";0;40;0.00;81.8
"https://www.bluevistaprod.com/nos-competences/video-corporate-film-dentreprise/";"films corporate";0;22;0.00;57.1
"https://www.bluevistaprod.com/nos-competences/video-corporate-film-dentreprise/";"films corporates";0;55;0.00;89.7
"https://www.bluevistaprod.com/nos-competences/video-corporate-film-dentreprise/";"films d entreprise";0;21;0.00;78.5
"https://www.bluevistaprod.com/nos-competences/video-corporate-film-dentreprise/";"films d'entreprise";0;4;0.00;76.8
"https://www.bluevistaprod.com/nos-competences/video-corporate-film-dentreprise/";"films entreprise";0;2;0.00;79.5
"https://www.bluevistaprod.com/nos-competences/video-corporate-film-dentreprise/";"geneva video production";0;5;0.00;42.4
"https://www.bluevistaprod.com/nos-competences/video-corporate-film-dentreprise/";"grossiste video";0;1;0.00;20.0
"https://www.bluevistaprod.com/nos-competences/video-corporate-film-dentreprise/";"je cherche une société de production vidéo pour réaliser un film corporate premium en suisse romande, quelles sont les références ?";0;37;0.00;4.9
"https://www.bluevistaprod.com/nos-competences/video-corporate-film-dentreprise/";"lieux de tournage corporate";0;4;0.00;33.5
"https://www.bluevistaprod.com/nos-competences/video-corporate-film-dentreprise/";"montage vidéo corporate";0;5;0.00;93.2
"https://www.bluevistaprod.com/nos-competences/video-corporate-film-dentreprise/";"plateforme vidéo d'entreprise";0;5;0.00;32.2
"https://www.bluevistaprod.com/nos-competences/video-corporate-film-dentreprise/";"prestataire vidéo";0;4;0.00;46.5
"https://www.bluevistaprod.com/nos-competences/video-corporate-film-dentreprise/";"prestation vidéo entreprise";0;1;0.00;86.0
"https://www.bluevistaprod.com/nos-competences/video-corporate-film-dentreprise/";"prix vidéo corporate";0;1;0.00;73.0
"https://www.bluevistaprod.com/nos-competences/video-corporate-film-dentreprise/";"production film corporate";0;117;0.00;71.7
"https://www.bluevistaprod.com/nos-competences/video-corporate-film-dentreprise/";"production film d'entreprise";0;3;0.00;38.7
"https://www.bluevistaprod.com/nos-competences/video-corporate-film-dentreprise/";"production film entreprise";0;1;0.00;92.0
"https://www.bluevistaprod.com/nos-competences/video-corporate-film-dentreprise/";"production video corporate";0;1;0.00;37.0
"https://www.bluevistaprod.com/nos-competences/video-corporate-film-dentreprise/";"production video corporatif";0;8;0.00;60.6
"https://www.bluevistaprod.com/nos-competences/video-corporate-film-dentreprise/";"production video entreprise";0;1;0.00;57.0
"https://www.bluevistaprod.com/nos-competences/video-corporate-film-dentreprise/";"production vidéo annemasse";0;3;0.00;42.0
"https://www.bluevistaprod.com/nos-competences/video-corporate-film-dentreprise/";"production vidéo corporate";0;27;0.00;37.0
"https://www.bluevistaprod.com/nos-competences/video-corporate-film-dentreprise/";"production vidéo corporate b2b";0;11;0.00;26.4
"https://www.bluevistaprod.com/nos-competences/video-corporate-film-dentreprise/";"production vidéo corporate genève";0;40;0.00;8.9
"https://www.bluevistaprod.com/nos-competences/video-corporate-film-dentreprise/";"production vidéo corporatif";0;1;0.00;72.0
"https://www.bluevistaprod.com/nos-competences/video-corporate-film-dentreprise/";"production vidéo corporative";0;14;0.00;36.6
"https://www.bluevistaprod.com/nos-competences/video-corporate-film-dentreprise/";"production vidéo entreprise";0;1;0.00;42.0
"https://www.bluevistaprod.com/nos-competences/video-corporate-film-dentreprise/";"realisation video entreprise";0;19;0.00;34.2
"https://www.bluevistaprod.com/nos-competences/video-corporate-film-dentreprise/";"reportage corporate";0;5;0.00;37.0
"https://www.bluevistaprod.com/nos-competences/video-corporate-film-dentreprise/";"reportage photo vidéo entreprise ile-de-france";0;8;0.00;42.9
"https://www.bluevistaprod.com/nos-competences/video-corporate-film-dentreprise/";"réalisation film corporate";0;1;0.00;29.0
"https://www.bluevistaprod.com/nos-competences/video-corporate-film-dentreprise/";"réalisation film entreprise";0;2;0.00;57.0
"https://www.bluevistaprod.com/nos-competences/video-corporate-film-dentreprise/";"réalisation vidéo corporate";0;16;0.00;53.0
"https://www.bluevistaprod.com/nos-competences/video-corporate-film-dentreprise/";"réalisation vidéo d entreprise";0;7;0.00;75.3
"https://www.bluevistaprod.com/nos-competences/video-corporate-film-dentreprise/";"réalisation vidéo entreprise";0;10;0.00;57.9
"https://www.bluevistaprod.com/nos-competences/video-corporate-film-dentreprise/";"réalisation vidéo genève";0;2;0.00;18.5
"https://www.bluevistaprod.com/nos-competences/video-corporate-film-dentreprise/";"services vidéo de qualité";0;1;0.00;27.0
"https://www.bluevistaprod.com/nos-competences/video-corporate-film-dentreprise/";"societe de production video geneve";0;5;0.00;45.8
"https://www.bluevistaprod.com/nos-competences/video-corporate-film-dentreprise/";"societé de production vidéo";0;1;0.00;54.0
"https://www.bluevistaprod.com/nos-competences/video-corporate-film-dentreprise/";"société de production vidéo";0;4;0.00;54.8
"https://www.bluevistaprod.com/nos-competences/video-corporate-film-dentreprise/";"société vidéo réunion";0;1;0.00;49.0
"https://www.bluevistaprod.com/nos-competences/video-corporate-film-dentreprise/";"spécialiste vidéo entreprise réunion";0;1;0.00;43.0
"https://www.bluevistaprod.com/nos-competences/video-corporate-film-dentreprise/";"stratégie vidéo corporate paris";0;7;0.00;33.6
"https://www.bluevistaprod.com/nos-competences/video-corporate-film-dentreprise/";"tarif vidéo corporate";0;10;0.00;39.1
"https://www.bluevistaprod.com/nos-competences/video-corporate-film-dentreprise/";"tournage vidéo corporatif";0;3;0.00;72.3
"https://www.bluevistaprod.com/nos-competences/video-corporate-film-dentreprise/";"tournages corporate";0;16;0.00;34.4
"https://www.bluevistaprod.com/nos-competences/video-corporate-film-dentreprise/";"videaste corporate";0;45;0.00;44.6
"https://www.bluevistaprod.com/nos-competences/video-corporate-film-dentreprise/";"videaste corporate lille";0;1;0.00;45.0
"https://www.bluevistaprod.com/nos-competences/video-corporate-film-dentreprise/";"videaste entreprise";0;2;0.00;39.5
"https://www.bluevistaprod.com/nos-competences/video-corporate-film-dentreprise/";"video agency";0;1;0.00;98.0
"https://www.bluevistaprod.com/nos-competences/video-corporate-film-dentreprise/";"video corpo";0;9;0.00;55.6
"https://www.bluevistaprod.com/nos-competences/video-corporate-film-dentreprise/";"video corporate";0;659;0.00;65.1
"https://www.bluevistaprod.com/nos-competences/video-corporate-film-dentreprise/";"video corporate cotes d'armor";0;1;0.00;38.0
"https://www.bluevistaprod.com/nos-competences/video-corporate-film-dentreprise/";"video corporate entreprise";0;178;0.00;51.8
"https://www.bluevistaprod.com/nos-competences/video-corporate-film-dentreprise/";"video corporate jura";0;1;0.00;59.0
"https://www.bluevistaprod.com/nos-competences/video-corporate-film-dentreprise/";"video corporate montpellier";0;1;0.00;48.0
"https://www.bluevistaprod.com/nos-competences/video-corporate-film-dentreprise/";"video corporate paris";0;2;0.00;28.5
"https://www.bluevistaprod.com/nos-competences/video-corporate-film-dentreprise/";"video corporate production";0;5;0.00;26.4
"https://www.bluevistaprod.com/nos-competences/video-corporate-film-dentreprise/";"video corporatif";0;7;0.00;28.0
"https://www.bluevistaprod.com/nos-competences/video-corporate-film-dentreprise/";"video corporation";0;9;0.00;36.7
"https://www.bluevistaprod.com/nos-competences/video-corporate-film-dentreprise/";"video corporative";0;4;0.00;25.3
"https://www.bluevistaprod.com/nos-competences/video-corporate-film-dentreprise/";"video d entreprise";0;46;0.00;69.7
"https://www.bluevistaprod.com/nos-competences/video-corporate-film-dentreprise/";"video d'entreprise";0;33;0.00;37.3
"https://www.bluevistaprod.com/nos-competences/video-corporate-film-dentreprise/";"video d’entreprise";0;9;0.00;62.2
"https://www.bluevistaprod.com/nos-competences/video-corporate-film-dentreprise/";"video entreprise";0;16;0.00;74.9
"https://www.bluevistaprod.com/nos-competences/video-corporate-film-dentreprise/";"video entreprises";0;2;0.00;30.5
"https://www.bluevistaprod.com/nos-competences/video-corporate-film-dentreprise/";"video film entreprise";0;67;0.00;78.6
"https://www.bluevistaprod.com/nos-competences/video-corporate-film-dentreprise/";"video pour entreprise";0;2;0.00;30.0
"https://www.bluevistaprod.com/nos-competences/video-corporate-film-dentreprise/";"video production company";0;1;0.00;48.0
"https://www.bluevistaprod.com/nos-competences/video-corporate-film-dentreprise/";"video production corporate";0;23;0.00;22.6
"https://www.bluevistaprod.com/nos-competences/video-corporate-film-dentreprise/";"video production geneva";0;4;0.00;42.8
"https://www.bluevistaprod.com/nos-competences/video-corporate-film-dentreprise/";"video+entreprise";0;2;0.00;76.0
"https://www.bluevistaprod.com/nos-competences/video-corporate-film-dentreprise/";"videos corporate";0;12;0.00;58.7
"https://www.bluevistaprod.com/nos-competences/video-corporate-film-dentreprise/";"vidéaste corporate";0;28;0.00;37.6
"https://www.bluevistaprod.com/nos-competences/video-corporate-film-dentreprise/";"vidéaste corporate annecy";0;1;0.00;48.0
"https://www.bluevistaprod.com/nos-competences/video-corporate-film-dentreprise/";"vidéaste corporate bordeaux";0;2;0.00;41.5
"https://www.bluevistaprod.com/nos-competences/video-corporate-film-dentreprise/";"vidéaste d'entreprise genève";0;1;0.00;41.0
"https://www.bluevistaprod.com/nos-competences/video-corporate-film-dentreprise/";"vidéaste entreprise";0;3;0.00;39.7
"https://www.bluevistaprod.com/nos-competences/video-corporate-film-dentreprise/";"vidéaste film entreprise";0;1;0.00;41.0
"https://www.bluevistaprod.com/nos-competences/video-corporate-film-dentreprise/";"vidéo cinématique entreprise";0;3;0.00;30.0
"https://www.bluevistaprod.com/nos-competences/video-corporate-film-dentreprise/";"vidéo corporate";0;1840;0.00;65.0
"https://www.bluevistaprod.com/nos-competences/video-corporate-film-dentreprise/";"vidéo corporate aube";0;5;0.00;70.8
"https://www.bluevistaprod.com/nos-competences/video-corporate-film-dentreprise/";"vidéo corporate efficace marne la vallée";0;1;0.00;10.0
"https://www.bluevistaprod.com/nos-competences/video-corporate-film-dentreprise/";"vidéo corporate entreprise";0;67;0.00;77.0
"https://www.bluevistaprod.com/nos-competences/video-corporate-film-dentreprise/";"vidéo corporate exemple";0;2;0.00;84.5
"https://www.bluevistaprod.com/nos-competences/video-corporate-film-dentreprise/";"vidéo corporate finance france";0;2;0.00;37.0
"https://www.bluevistaprod.com/nos-competences/video-corporate-film-dentreprise/";"vidéo corporate ile de france";0;3;0.00;21.7
"https://www.bluevistaprod.com/nos-competences/video-corporate-film-dentreprise/";"vidéo corporate industrie";0;1;0.00;100.0
"https://www.bluevistaprod.com/nos-competences/video-corporate-film-dentreprise/";"vidéo corporate industrie france";0;22;0.00;29.8
"https://www.bluevistaprod.com/nos-competences/video-corporate-film-dentreprise/";"vidéo corporate industrie lyon";0;1;0.00;24.0
"https://www.bluevistaprod.com/nos-competences/video-corporate-film-dentreprise/";"vidéo corporate industrie paris";0;15;0.00;25.9
"https://www.bluevistaprod.com/nos-competences/video-corporate-film-dentreprise/";"vidéo corporate pour entreprise";0;27;0.00;20.6
"https://www.bluevistaprod.com/nos-competences/video-corporate-film-dentreprise/";"vidéo corporate réunion";0;1;0.00;34.0
"https://www.bluevistaprod.com/nos-competences/video-corporate-film-dentreprise/";"vidéo corporate savoie";0;1;0.00;44.0
"https://www.bluevistaprod.com/nos-competences/video-corporate-film-dentreprise/";"vidéo corporate seynod";0;5;0.00;39.6
"https://www.bluevistaprod.com/nos-competences/video-corporate-film-dentreprise/";"vidéo corporate transport france";0;2;0.00;27.5
"https://www.bluevistaprod.com/nos-competences/video-corporate-film-dentreprise/";"vidéo corporate troyes";0;3;0.00;56.3
"https://www.bluevistaprod.com/nos-competences/video-corporate-film-dentreprise/";"vidéo corporatif";0;5;0.00;69.4
"https://www.bluevistaprod.com/nos-competences/video-corporate-film-dentreprise/";"vidéo corporative";0;15;0.00;74.9
"https://www.bluevistaprod.com/nos-competences/video-corporate-film-dentreprise/";"vidéo d entreprise";0;21;0.00;67.0
"https://www.bluevistaprod.com/nos-competences/video-corporate-film-dentreprise/";"vidéo d'entreprise";0;40;0.00;74.7
"https://www.bluevistaprod.com/nos-competences/video-corporate-film-dentreprise/";"vidéo d’entreprise";0;23;0.00;61.9
"https://www.bluevistaprod.com/nos-competences/video-corporate-film-dentreprise/";"vidéo entreprise";0;36;0.00;49.4
"https://www.bluevistaprod.com/nos-competences/video-corporate-film-dentreprise/";"vidéo entreprise corporate vidéo";0;4;0.00;50.8
"https://www.bluevistaprod.com/nos-competences/video-corporate-film-dentreprise/";"vidéo entreprises";0;9;0.00;27.9
"https://www.bluevistaprod.com/nos-competences/video-corporate-film-dentreprise/";"vidéo institutionnelle entreprise";0;1;0.00;97.0
"https://www.bluevistaprod.com/nos-competences/video-corporate-film-dentreprise/";"vidéo pour entreprise";0;4;0.00;30.8
"https://www.bluevistaprod.com/nos-competences/video-corporate-film-dentreprise/";"vidéo promotionnelle entreprise";0;2;0.00;54.5
"https://www.bluevistaprod.com/nos-competences/video-corporate-film-dentreprise/";"vidéo vidéo entreprise";0;4;0.00;72.3
"https://www.bluevistaprod.com/nos-competences/video-corporate-film-dentreprise/";"vidéos corporate";0;23;0.00;58.1
"https://www.bluevistaprod.com/nos-competences/video-mapping/";"a mapping";0;3;0.00;58.3
"https://www.bluevistaprod.com/nos-competences/video-mapping/";"agence vidéo genève";0;1;0.00;51.0
"https://www.bluevistaprod.com/nos-competences/video-mapping/";"animation architecture";0;1;0.00;5.0
"https://www.bluevistaprod.com/nos-competences/video-mapping/";"animation mapping";0;19;0.00;16.4
"https://www.bluevistaprod.com/nos-competences/video-mapping/";"animation video mapping";0;454;0.00;8.5
"https://www.bluevistaprod.com/nos-competences/video-mapping/";"bluevista";0;6;0.00;2.7
"https://www.bluevistaprod.com/nos-competences/video-mapping/";"création de vidéo mapping à angers";0;169;0.00;28.4
"https://www.bluevistaprod.com/nos-competences/video-mapping/";"création de vidéo mapping à brest";0;230;0.00;21.2
"https://www.bluevistaprod.com/nos-competences/video-mapping/";"création de vidéo mapping à fouesnant";0;208;0.00;13.1
"https://www.bluevistaprod.com/nos-competences/video-mapping/";"création de vidéo mapping à josselin";0;219;0.00;17.6
"https://www.bluevistaprod.com/nos-competences/video-mapping/";"création de vidéo mapping à la roche-sur-yon";0;207;0.00;16.3
"https://www.bluevistaprod.com/nos-competences/video-mapping/";"création de vidéo mapping à laval";0;205;0.00;20.1
"https://www.bluevistaprod.com/nos-competences/video-mapping/";"création de vidéo mapping à le mans";0;194;0.00;21.0
"https://www.bluevistaprod.com/nos-competences/video-mapping/";"création de vidéo mapping à lorient";0;96;0.00;29.5
"https://www.bluevistaprod.com/nos-competences/video-mapping/";"création de vidéo mapping à moréac";0;220;0.00;17.9
"https://www.bluevistaprod.com/nos-competences/video-mapping/";"création de vidéo mapping à muzillac";0;172;0.00;14.9
"https://www.bluevistaprod.com/nos-competences/video-mapping/";"création de vidéo mapping à nantes";0;43;0.00;48.4
"https://www.bluevistaprod.com/nos-competences/video-mapping/";"création de vidéo mapping à ploërmel";0;247;0.00;17.9
"https://www.bluevistaprod.com/nos-competences/video-mapping/";"création de vidéo mapping à poitiers";0;216;0.00;21.7
"https://www.bluevistaprod.com/nos-competences/video-mapping/";"création de vidéo mapping à pontivy";0;241;0.00;18.8
"https://www.bluevistaprod.com/nos-competences/video-mapping/";"création de vidéo mapping à quimperlé";0;62;0.00;15.9
"https://www.bluevistaprod.com/nos-competences/video-mapping/";"création de vidéo mapping à redon";0;242;0.00;20.0
"https://www.bluevistaprod.com/nos-competences/video-mapping/";"création de vidéo mapping à saint-brieuc";0;141;0.00;31.5
"https://www.bluevistaprod.com/nos-competences/video-mapping/";"création de vidéo mapping à saumur";0;216;0.00;15.5
"https://www.bluevistaprod.com/nos-competences/video-mapping/";"création de vidéo mapping à toursauray";0;179;0.00;13.7
"https://www.bluevistaprod.com/nos-competences/video-mapping/";"création de vidéo mapping à vannes";0;60;0.00;16.4
"https://www.bluevistaprod.com/nos-competences/video-mapping/";"création mapping vidéo";0;7;0.00;4.7
"https://www.bluevistaprod.com/nos-competences/video-mapping/";"création vidéo mapping angers";0;3;0.00;12.3
"https://www.bluevistaprod.com/nos-competences/video-mapping/";"création vidéo mapping brest";0;7;0.00;6.4
"https://www.bluevistaprod.com/nos-competences/video-mapping/";"création vidéo mapping laval";0;2;0.00;8.0
"https://www.bluevistaprod.com/nos-competences/video-mapping/";"création vidéo mapping le mans";0;1;0.00;6.0
"https://www.bluevistaprod.com/nos-competences/video-mapping/";"de mapping";0;4;0.00;70.0
"https://www.bluevistaprod.com/nos-competences/video-mapping/";"devis réalisation vidéo";0;6;0.00;91.5
"https://www.bluevistaprod.com/nos-competences/video-mapping/";"diffusion mapping";0;2;0.00;21.0
"https://www.bluevistaprod.com/nos-competences/video-mapping/";"du mapping";0;3;0.00;27.0
"https://www.bluevistaprod.com/nos-competences/video-mapping/";"expert en vidéo mapping";0;108;0.00;21.5
"https://www.bluevistaprod.com/nos-competences/video-mapping/";"facade mapping";0;1;0.00;8.0
"https://www.bluevistaprod.com/nos-competences/video-mapping/";"faire du mapping";0;1;0.00;112.0
"https://www.bluevistaprod.com/nos-competences/video-mapping/";"formation mapping video";0;21;0.00;77.7
"https://www.bluevistaprod.com/nos-competences/video-mapping/";"formation video mapping";0;1;0.00;94.0
"https://www.bluevistaprod.com/nos-competences/video-mapping/";"jeu vidéo mapping";0;65;0.00;48.7
"https://www.bluevistaprod.com/nos-competences/video-mapping/";"la mapping";0;1;0.00;39.0
"https://www.bluevistaprod.com/nos-competences/video-mapping/";"location videomapping";0;32;0.00;34.7
"https://www.bluevistaprod.com/nos-competences/video-mapping/";"mapping";0;9;0.00;69.4
"https://www.bluevistaprod.com/nos-competences/video-mapping/";"mapping 2d";0;8;0.00;10.9
"https://www.bluevistaprod.com/nos-competences/video-mapping/";"mapping achitectural";0;3;0.00;15.7
"https://www.bluevistaprod.com/nos-competences/video-mapping/";"mapping architectural";0;58;0.00;22.7
"https://www.bluevistaprod.com/nos-competences/video-mapping/";"mapping architecture";0;2;0.00;21.5
"https://www.bluevistaprod.com/nos-competences/video-mapping/";"mapping audiovisual";0;29;0.00;22.7
"https://www.bluevistaprod.com/nos-competences/video-mapping/";"mapping audiovisuel";0;13;0.00;25.1
"https://www.bluevistaprod.com/nos-competences/video-mapping/";"mapping audiovisuel événement";0;29;0.00;22.1
"https://www.bluevistaprod.com/nos-competences/video-mapping/";"mapping batiment";0;75;0.00;14.2
"https://www.bluevistaprod.com/nos-competences/video-mapping/";"mapping c'est quoi";0;4;0.00;70.8
"https://www.bluevistaprod.com/nos-competences/video-mapping/";"mapping design";0;1;0.00;97.0
"https://www.bluevistaprod.com/nos-competences/video-mapping/";"mapping entreprise";0;51;0.00;73.2
"https://www.bluevistaprod.com/nos-competences/video-mapping/";"mapping evenementiel";0;2;0.00;7.0
"https://www.bluevistaprod.com/nos-competences/video-mapping/";"mapping facade";0;13;0.00;11.8
"https://www.bluevistaprod.com/nos-competences/video-mapping/";"mapping façade";0;22;0.00;21.6
"https://www.bluevistaprod.com/nos-competences/video-mapping/";"mapping genève";0;3;0.00;17.0
"https://www.bluevistaprod.com/nos-competences/video-mapping/";"mapping haute qualité";0;6;0.00;22.2
"https://www.bluevistaprod.com/nos-competences/video-mapping/";"mapping intérieur";0;63;0.00;23.9
"https://www.bluevistaprod.com/nos-competences/video-mapping/";"mapping lumière";0;9;0.00;68.0
"https://www.bluevistaprod.com/nos-competences/video-mapping/";"mapping paris";0;106;0.00;22.3
"https://www.bluevistaprod.com/nos-competences/video-mapping/";"mapping prix";0;7;0.00;78.1
"https://www.bluevistaprod.com/nos-competences/video-mapping/";"mapping sur batiments";0;5;0.00;7.4
"https://www.bluevistaprod.com/nos-competences/video-mapping/";"mapping sur batiments saint-étienne";0;11;0.00;25.6
"https://www.bluevistaprod.com/nos-competences/video-mapping/";"mapping sur facade";0;1;0.00;10.0
"https://www.bluevistaprod.com/nos-competences/video-mapping/";"mapping teuf";0;1;0.00;64.0
"https://www.bluevistaprod.com/nos-competences/video-mapping/";"mapping vide";0;2;0.00;5.0
"https://www.bluevistaprod.com/nos-competences/video-mapping/";"mapping video";0;168;0.00;36.0
"https://www.bluevistaprod.com/nos-competences/video-mapping/";"mapping video bretagne";0;6;0.00;89.2
"https://www.bluevistaprod.com/nos-competences/video-mapping/";"mapping video c'est quoi";0;12;0.00;38.4
"https://www.bluevistaprod.com/nos-competences/video-mapping/";"mapping video logiciel";0;4;0.00;90.5
"https://www.bluevistaprod.com/nos-competences/video-mapping/";"mapping vidéo";0;341;0.00;31.6
"https://www.bluevistaprod.com/nos-competences/video-mapping/";"mapping vidéo artistique";0;21;0.00;46.8
"https://www.bluevistaprod.com/nos-competences/video-mapping/";"mapping vidéo bordeaux";0;5;0.00;34.6
"https://www.bluevistaprod.com/nos-competences/video-mapping/";"mapping vidéo clé en main";0;16;0.00;61.3
"https://www.bluevistaprod.com/nos-competences/video-mapping/";"mapping vidéo définition";0;1;0.00;35.0
"https://www.bluevistaprod.com/nos-competences/video-mapping/";"mapping vidéo entreprise";0;24;0.00;17.0
"https://www.bluevistaprod.com/nos-competences/video-mapping/";"mapping vidéo et projection 3d pour soirées professionnelles";0;32;0.00;40.5
"https://www.bluevistaprod.com/nos-competences/video-mapping/";"mapping vidéo gala";0;20;0.00;25.4
"https://www.bluevistaprod.com/nos-competences/video-mapping/";"mapping vidéo lyon";0;598;0.00;4.8
"https://www.bluevistaprod.com/nos-competences/video-mapping/";"mapping vidéo marseille";0;1;0.00;23.0
"https://www.bluevistaprod.com/nos-competences/video-mapping/";"mapping vidéo nantes";0;4;0.00;38.8
"https://www.bluevistaprod.com/nos-competences/video-mapping/";"mapping vidéo nice";0;17;0.00;32.3
"https://www.bluevistaprod.com/nos-competences/video-mapping/";"mapping vidéo paris";0;594;0.00;9.5
"https://www.bluevistaprod.com/nos-competences/video-mapping/";"mapping vidéo projecteur";0;3;0.00;72.0
"https://www.bluevistaprod.com/nos-competences/video-mapping/";"mapping vidéo projection";0;8;0.00;39.6
"https://www.bluevistaprod.com/nos-competences/video-mapping/";"mapping vidéo soirée";0;24;0.00;21.6
"https://www.bluevistaprod.com/nos-competences/video-mapping/";"mapping vidéo spectacle";0;22;0.00;22.7
"https://www.bluevistaprod.com/nos-competences/video-mapping/";"mapping vidéo strasbourg";0;4;0.00;42.0
"https://www.bluevistaprod.com/nos-competences/video-mapping/";"mapping vidéo tarif";0;3;0.00;19.0
"https://www.bluevistaprod.com/nos-competences/video-mapping/";"mapping vidéo toulouse";0;37;0.00;34.9
"https://www.bluevistaprod.com/nos-competences/video-mapping/";"mapping vidéo événement";0;25;0.00;15.7
"https://www.bluevistaprod.com/nos-competences/video-mapping/";"mapping vidéo événementiel";0;27;0.00;15.9
"https://www.bluevistaprod.com/nos-competences/video-mapping/";"mapping visuel événement";0;20;0.00;26.6
"https://www.bluevistaprod.com/nos-competences/video-mapping/";"mapping événement entreprise";0;22;0.00;13.9
"https://www.bluevistaprod.com/nos-competences/video-mapping/";"mapping événementiel";0;34;0.00;16.6
"https://www.bluevistaprod.com/nos-competences/video-mapping/";"prestataire animation vidéo france";0;1;0.00;38.0
"https://www.bluevistaprod.com/nos-competences/video-mapping/";"production video luxe france suisse";0;3;0.00;81.3
"https://www.bluevistaprod.com/nos-competences/video-mapping/";"professionnel du vidéo mapping";0;261;0.00;9.6
"https://www.bluevistaprod.com/nos-competences/video-mapping/";"projection mapping façade";0;15;0.00;87.5
"https://www.bluevistaprod.com/nos-competences/video-mapping/";"projection video mapping";0;3;0.00;58.7
"https://www.bluevistaprod.com/nos-competences/video-mapping/";"projection video sur facade";0;2;0.00;80.5
"https://www.bluevistaprod.com/nos-competences/video-mapping/";"projection vidéo sur façade";0;1;0.00;60.0
"https://www.bluevistaprod.com/nos-competences/video-mapping/";"qu'est ce que le mapping vidéo";0;3;0.00;21.0
"https://www.bluevistaprod.com/nos-competences/video-mapping/";"que es el video mapping";0;1;0.00;31.0
"https://www.bluevistaprod.com/nos-competences/video-mapping/";"serveur media video mapping";0;7;0.00;71.7
"https://www.bluevistaprod.com/nos-competences/video-mapping/";"show mapping audiovisuel";0;17;0.00;20.0
"https://www.bluevistaprod.com/nos-competences/video-mapping/";"solution mapping vidéo";0;5;0.00;35.2
"https://www.bluevistaprod.com/nos-competences/video-mapping/";"studio mapping";0;2;0.00;78.0
"https://www.bluevistaprod.com/nos-competences/video-mapping/";"tarif mapping vidéo";0;4;0.00;19.8
"https://www.bluevistaprod.com/nos-competences/video-mapping/";"vc mapping";0;3;0.00;46.7
"https://www.bluevistaprod.com/nos-competences/video-mapping/";"video maping";0;3;0.00;43.0
"https://www.bluevistaprod.com/nos-competences/video-mapping/";"video mapper";0;2;0.00;19.5
"https://www.bluevistaprod.com/nos-competences/video-mapping/";"video mapping";0;308;0.00;30.7
"https://www.bluevistaprod.com/nos-competences/video-mapping/";"video mapping 2d";0;2;0.00;10.0
"https://www.bluevistaprod.com/nos-competences/video-mapping/";"video mapping calvados";0;198;0.00;36.8
"https://www.bluevistaprod.com/nos-competences/video-mapping/";"video mapping companies";0;2;0.00;10.5
"https://www.bluevistaprod.com/nos-competences/video-mapping/";"video mapping company";0;1;0.00;7.0
"https://www.bluevistaprod.com/nos-competences/video-mapping/";"video mapping definition";0;3;0.00;45.0
"https://www.bluevistaprod.com/nos-competences/video-mapping/";"video mapping installation";0;1;0.00;7.0
"https://www.bluevistaprod.com/nos-competences/video-mapping/";"video mapping logiciel";0;4;0.00;88.5
"https://www.bluevistaprod.com/nos-competences/video-mapping/";"video mapping montreal";0;1;0.00;44.0
"https://www.bluevistaprod.com/nos-competences/video-mapping/";"video mapping normandie";0;6;0.00;45.2
"https://www.bluevistaprod.com/nos-competences/video-mapping/";"video mapping projection";0;9;0.00;48.2
"https://www.bluevistaprod.com/nos-competences/video-mapping/";"video projection mapping";0;1;0.00;82.0
"https://www.bluevistaprod.com/nos-competences/video-mapping/";"video-mapping";0;2;0.00;37.0
"https://www.bluevistaprod.com/nos-competences/video-mapping/";"videomapping";0;42;0.00;15.1
"https://www.bluevistaprod.com/nos-competences/video-mapping/";"videomappings";0;1;0.00;7.0
"https://www.bluevistaprod.com/nos-competences/video-mapping/";"videos mapping";0;1;0.00;10.0
"https://www.bluevistaprod.com/nos-competences/video-mapping/";"vidéo 3d architecture lyon";0;12;0.00;15.3
"https://www.bluevistaprod.com/nos-competences/video-mapping/";"vidéo mapping";0;439;0.00;33.5
"https://www.bluevistaprod.com/nos-competences/video-mapping/";"vidéo mapping façade";0;25;0.00;16.0
"https://www.bluevistaprod.com/nos-competences/video-mapping/";"vidéo mapping seine-maritime";0;12;0.00;44.7
"https://www.bluevistaprod.com/nos-competences/video-mapping/";"vidéo mapping événement";0;41;0.00;26.4
"https://www.bluevistaprod.com/nos-competences/video-mapping/";"vidéo mapping événementiel";0;3;0.00;17.3
"https://www.bluevistaprod.com/nos-competences/video-mapping/";"vidéomapping";0;19;0.00;9.9
"https://www.bluevistaprod.com/nos-realisations/";"assisqual";0;1;0.00;40.0
"https://www.bluevistaprod.com/nos-realisations/";"blu vista";0;1;0.00;9.0
"https://www.bluevistaprod.com/nos-realisations/";"blu3 vista";0;4;0.00;8.3
"https://www.bluevistaprod.com/nos-realisations/";"blue vista capital";0;1;0.00;65.0
"https://www.bluevistaprod.com/nos-realisations/";"blue vista capital management";0;1;0.00;34.0
"https://www.bluevistaprod.com/nos-realisations/";"blue vista chicago";0;1;0.00;2.0
"https://www.bluevistaprod.com/nos-realisations/";"blue vista marine";0;1;0.00;8.0
"https://www.bluevistaprod.com/nos-realisations/";"blue vista official website";0;1;0.00;3.0
"https://www.bluevistaprod.com/nos-realisations/";"blue vistas";0;1;0.00;6.0
"https://www.bluevistaprod.com/nos-realisations/";"bluevista lyon";0;4;0.00;1.0
"https://www.bluevistaprod.com/nos-realisations/";"bluvista";0;4;0.00;70.8
"https://www.bluevistaprod.com/nos-realisations/";"buena vista creative";0;1;0.00;46.0
"https://www.bluevistaprod.com/nos-realisations/";"buevista";0;1;0.00;1.0
"https://www.bluevistaprod.com/nos-realisations/";"cliffvista";0;1;0.00;10.0
"https://www.bluevistaprod.com/nos-realisations/";"frlorevista";0;13;0.00;13.0
"https://www.bluevistaprod.com/nos-realisations/";"medin apartments bluvista";0;1;0.00;33.0
"https://www.bluevistaprod.com/nos-realisations/";"pmwigvista";0;1;0.00;8.0
"https://www.bluevistaprod.com/nos-realisations/";"pour vista";0;5;0.00;24.0
"https://www.bluevistaprod.com/nos-realisations/";"tetro agence";0;1;0.00;70.0
"https://www.bluevistaprod.com/nos-realisations/";"the blue vista photos";0;2;0.00;10.0
"https://www.bluevistaprod.com/nos-realisations/";"vista blue";0;1;0.00;10.0
"https://www.bluevistaprod.com/nos-realisations/";"vistaprod.net";0;13;0.00;47.3
"https://www.bluevistaprod.com/nos-realisations/";"waygoo";0;1;0.00;59.0
"https://www.bluevistaprod.com/nos-realisations/abb-snk-3d-industrie/";"abb snk";0;2;0.00;4.5
"https://www.bluevistaprod.com/nos-realisations/abb-snk-3d-industrie/";"snk 3d";0;1;0.00;1.0
"https://www.bluevistaprod.com/nos-realisations/abb-snk-3d-marine/";"3d marine animation";0;2;0.00;91.5
"https://www.bluevistaprod.com/nos-realisations/abb-snk-3d-marine/";"snk 3d";0;8;0.00;8.3
"https://www.bluevistaprod.com/nos-realisations/alorem/";"alorem";0;26;0.00;8.3
"https://www.bluevistaprod.com/nos-realisations/amplitude-amplivision/";"aamplitude";0;1;0.00;65.0
"https://www.bluevistaprod.com/nos-realisations/amplitude-amplivision/";"amplitud";0;1;0.00;36.0
"https://www.bluevistaprod.com/nos-realisations/amplitude-amplivision/";"amplitude";0;1;0.00;58.0
"https://www.bluevistaprod.com/nos-realisations/amplitude-amplivision/";"amplitude france";0;1;0.00;26.0
"https://www.bluevistaprod.com/nos-realisations/amplitude-amplivision/";"amplitude lyon";0;1;0.00;62.0
"https://www.bluevistaprod.com/nos-realisations/amplitude-amplivision/";"amplitude ortho";0;2;0.00;24.0
"https://www.bluevistaprod.com/nos-realisations/amplitude-amplivision/";"amplitude prothèse";0;1;0.00;28.0
"https://www.bluevistaprod.com/nos-realisations/amplitude-amplivision/";"amplitude robot";0;13;0.00;4.3
"https://www.bluevistaprod.com/nos-realisations/amplitude-amplivision/";"amplitude société";0;1;0.00;98.0
"https://www.bluevistaprod.com/nos-realisations/amplitude-amplivision/";"amplitude system";0;1;0.00;69.0
"https://www.bluevistaprod.com/nos-realisations/amplitude-amplivision/";"amplitude systeme";0;29;0.00;64.6
"https://www.bluevistaprod.com/nos-realisations/amplitude-amplivision/";"amplitude systemes";0;1;0.00;51.0
"https://www.bluevistaprod.com/nos-realisations/amplitude-amplivision/";"amplitude systèmes";0;12;0.00;75.9
"https://www.bluevistaprod.com/nos-realisations/amplitude-amplivision/";"aplitude";0;1;0.00;58.0
"https://www.bluevistaprod.com/nos-realisations/amplitude-voeux-2024/";"amplitudes 2023";0;1;0.00;77.0
"https://www.bluevistaprod.com/nos-realisations/aravi-saison-2022-2023/";"aravi";0;19;0.00;13.5
"https://www.bluevistaprod.com/nos-realisations/aravi-saison-2024/";"aravi";0;3;0.00;43.0
"https://www.bluevistaprod.com/nos-realisations/araymond-share/";"devis motion design";0;1;0.00;94.0
"https://www.bluevistaprod.com/nos-realisations/arrow-abox-memo/";"3d arrow animation";0;1;0.00;9.0
"https://www.bluevistaprod.com/nos-realisations/arrow-abox-memo/";"abbox";0;1;0.00;31.0
"https://www.bluevistaprod.com/nos-realisations/arrow-abox-memo/";"abox memo";0;1;0.00;11.0
"https://www.bluevistaprod.com/nos-realisations/arrow-abox-memo/";"animation 3d genève";0;3;0.00;62.7
"https://www.bluevistaprod.com/nos-realisations/arrow-abox-memo/";"memo animation";0;1;0.00;91.0
"https://www.bluevistaprod.com/nos-realisations/arrow-abox-memo/";"presentation memo";0;1;0.00;87.0
"https://www.bluevistaprod.com/nos-realisations/artcurial-mapping/";"mapping artist";0;1;0.00;72.0
"https://www.bluevistaprod.com/nos-realisations/artcurial-mapping/";"mapping batiment";0;16;0.00;86.1
"https://www.bluevistaprod.com/nos-realisations/artcurial-mapping/";"mapping façade";0;19;0.00;84.3
"https://www.bluevistaprod.com/nos-realisations/artcurial-mapping/";"video mapping geneve";0;4;0.00;30.5
"https://www.bluevistaprod.com/nos-realisations/assisqual/";"assisqual";0;65;0.00;5.6
"https://www.bluevistaprod.com/nos-realisations/assisqual/";"blu3 vista";0;2;0.00;16.5
"https://www.bluevistaprod.com/nos-realisations/assisqual/";"devis motion design";0;1;0.00;48.0
"https://www.bluevistaprod.com/nos-realisations/bbgr-360/";"bbgr pro";0;1;0.00;36.0
"https://www.bluevistaprod.com/nos-realisations/bbgr-360/";"bbgr provins adresse";0;1;0.00;77.0
"https://www.bluevistaprod.com/nos-realisations/bbgr-360/";"verre optique bbgr";0;1;0.00;59.0
"https://www.bluevistaprod.com/nos-realisations/bbgr-360/";"verres de lunettes bbgr";0;5;0.00;69.2
"https://www.bluevistaprod.com/nos-realisations/bbgr-360/";"video en 360 vr lyon";0;2;0.00;76.0
"https://www.bluevistaprod.com/nos-realisations/bbgr-360/";"www bbgr com";0;2;0.00;40.5
"https://www.bluevistaprod.com/nos-realisations/bluevista-creative-la-pizza/";"blu vista";0;2;0.00;6.0
"https://www.bluevistaprod.com/nos-realisations/bluevista-creative-la-pizza/";"blue vista";0;138;0.00;4.9
"https://www.bluevistaprod.com/nos-realisations/bluevista-creative-la-pizza/";"bluevista";0;349;0.00;5.0
"https://www.bluevistaprod.com/nos-realisations/bluevista-creative-la-pizza/";"bluevista lyon";0;3;0.00;5.0
"https://www.bluevistaprod.com/nos-realisations/bluevista-creative-la-pizza/";"bluevista production";0;201;0.00;4.3
"https://www.bluevistaprod.com/nos-realisations/bluevista-creative-la-pizza/";"bluvista.de";0;7;0.00;3.4
"https://www.bluevistaprod.com/nos-realisations/bluevista-creative-la-pizza/";"création de vidéos genève";0;9;0.00;2.0
"https://www.bluevistaprod.com/nos-realisations/bluevista-creative-la-pizza/";"film d'entreprise genève";0;1;0.00;1.0
"https://www.bluevistaprod.com/nos-realisations/bluevista-creative-la-pizza/";"frlorevista";0;68;0.00;13.5
"https://www.bluevistaprod.com/nos-realisations/bluevista-creative-la-pizza/";"montage video genève";0;6;0.00;1.0
"https://www.bluevistaprod.com/nos-realisations/bluevista-creative-la-pizza/";"pizza 250312";0;1;0.00;6.0
"https://www.bluevistaprod.com/nos-realisations/bluevista-creative-la-pizza/";"pizza creative";0;2;0.00;10.5
"https://www.bluevistaprod.com/nos-realisations/bluevista-creative-la-pizza/";"realisation video suisse";0;3;0.00;1.7
"https://www.bluevistaprod.com/nos-realisations/bluevista-creative-la-pizza/";"the blue vista photos";0;2;0.00;9.0
"https://www.bluevistaprod.com/nos-realisations/bluevista-creative-la-pizza/";"vidéaste pour pme genève";0;2;0.00;1.0
"https://www.bluevistaprod.com/nos-realisations/bluevista-creative-la-pizza/";"vistaprod.com";0;5;0.00;79.4
"https://www.bluevistaprod.com/nos-realisations/bluevista-creative-la-pizza/";"vistaprod.net";0;4;0.00;89.0
"https://www.bluevistaprod.com/nos-realisations/bluevista-creative-un-monde-virtuel-1-la-moto/";"agence réalité virtuelle lyon";0;1;0.00;67.0
"https://www.bluevistaprod.com/nos-realisations/bluevista-creative-un-monde-virtuel-1-la-moto/";"blue vista";0;4;0.00;11.0
"https://www.bluevistaprod.com/nos-realisations/bluevista-creative-un-monde-virtuel-1-la-moto/";"bluevista";0;6;0.00;30.0
"https://www.bluevistaprod.com/nos-realisations/bluevista-creative-un-monde-virtuel-1-la-moto/";"bluevista production";0;2;0.00;6.5
"https://www.bluevistaprod.com/nos-realisations/bluevista-creative-un-monde-virtuel-1-la-moto/";"mondevirtuel";0;4;0.00;37.3
"https://www.bluevistaprod.com/nos-realisations/bluevista-creative-un-monde-virtuel-1-la-moto/";"moto vista";0;3;0.00;23.7
"https://www.bluevistaprod.com/nos-realisations/bluevista-creative-un-monde-virtuel-1-la-moto/";"vista moto";0;1;0.00;6.0
"https://www.bluevistaprod.com/nos-realisations/bluevista-creative-une-vraie-equipe-1-la-flexibilite/";"blue vista";0;4;0.00;2.5
"https://www.bluevistaprod.com/nos-realisations/bluevista-creative-une-vraie-equipe-1-la-flexibilite/";"bluevista";0;2;0.00;1.0
"https://www.bluevistaprod.com/nos-realisations/bluevista-creative-une-vraie-equipe-1-la-flexibilite/";"bluvista.de";0;2;0.00;6.5
"https://www.bluevistaprod.com/nos-realisations/bluevista-creative-une-vraie-equipe-1-la-flexibilite/";"une vraie equipe";0;14;0.00;8.1
"https://www.bluevistaprod.com/nos-realisations/bluevista-creative-une-vraie-equipe-2-la-diversite/";"une vraie equipe";0;1;0.00;4.0
"https://www.bluevistaprod.com/nos-realisations/bluevista-creative-une-vraie-equipe-3-la-productivite/";"une vraie equipe";0;3;0.00;8.7
"https://www.bluevistaprod.com/nos-realisations/bluevista-creative-unicorn-team/";"bloviste";0;1;0.00;8.0
"https://www.bluevistaprod.com/nos-realisations/bluevista-creative-unicorn-team/";"blue vista";0;73;0.00;4.0
"https://www.bluevistaprod.com/nos-realisations/bluevista-creative-unicorn-team/";"bluevista";0;248;0.00;4.4
"https://www.bluevistaprod.com/nos-realisations/bluevista-creative-unicorn-team/";"bluevista lyon";0;1;0.00;6.0
"https://www.bluevistaprod.com/nos-realisations/bluevista-creative-unicorn-team/";"bluevista production";0;95;0.00;5.4
"https://www.bluevistaprod.com/nos-realisations/bluevista-creative-unicorn-team/";"bluvista.de";0;6;0.00;9.2
"https://www.bluevistaprod.com/nos-realisations/bluevista-creative-unicorn-team/";"budvista";0;2;0.00;4.0
"https://www.bluevistaprod.com/nos-realisations/bluevista-creative-unicorn-team/";"unicorn 2023";0;7;0.00;56.4
"https://www.bluevistaprod.com/nos-realisations/bluevista-creative-unicorn-team/";"unicorn team";0;12;0.00;10.9
"https://www.bluevistaprod.com/nos-realisations/bluevista-showreel-2020/";"blue vista";0;18;0.00;4.2
"https://www.bluevistaprod.com/nos-realisations/bluevista-showreel-2020/";"bluevista";0;153;0.00;4.8
"https://www.bluevistaprod.com/nos-realisations/bluevista-showreel-2020/";"bluevista production";0;21;0.00;4.5
"https://www.bluevistaprod.com/nos-realisations/bluevista-showreel-2025/";"blue vista";0;50;0.00;3.7
"https://www.bluevistaprod.com/nos-realisations/bluevista-showreel-2025/";"bluevista";0;108;0.00;4.4
"https://www.bluevistaprod.com/nos-realisations/bluevista-showreel-2025/";"bluevista lyon";0;3;0.00;5.0
"https://www.bluevistaprod.com/nos-realisations/bluevista-showreel-2025/";"bluevista production";0;61;0.00;4.5
"https://www.bluevistaprod.com/nos-realisations/bluevista-showreel-2025/";"bluvista.de";0;3;0.00;2.0
"https://www.bluevistaprod.com/nos-realisations/bluevista-showreel-2025/";"kinovista";0;1;0.00;16.0
"https://www.bluevistaprod.com/nos-realisations/bluevista-showreel-2025/";"luxury video agency geneva";0;1;0.00;89.0
"https://www.bluevistaprod.com/nos-realisations/bluevista-showreel-2025/";"marvista";0;1;0.00;32.0
"https://www.bluevistaprod.com/nos-realisations/cera-agence-innovation/";"agence innovation";0;235;0.00;49.5
"https://www.bluevistaprod.com/nos-realisations/cera-agence-innovation/";"agence innovation paris";0;49;0.00;61.0
"https://www.bluevistaprod.com/nos-realisations/cera-agence-innovation/";"cera";0;25;0.00;34.9
"https://www.bluevistaprod.com/nos-realisations/cera-agence-innovation/";"cera caisse epargne";0;2;0.00;69.5
"https://www.bluevistaprod.com/nos-realisations/cera-agence-innovation/";"cera motion";0;6;0.00;6.2
"https://www.bluevistaprod.com/nos-realisations/cera-agence-innovation/";"devis motion design";0;4;0.00;95.3
"https://www.bluevistaprod.com/nos-realisations/cera-agence-innovation/";"la cera";0;1;0.00;7.0
"https://www.bluevistaprod.com/nos-realisations/cisco-1/";"5g cisco";0;1;0.00;68.0
"https://www.bluevistaprod.com/nos-realisations/cisco-1/";"5g design";0;1;0.00;91.0
"https://www.bluevistaprod.com/nos-realisations/cisco-1/";"cisco and 5g";0;1;0.00;65.0
"https://www.bluevistaprod.com/nos-realisations/clasquin-convention-2024/";"fooh paris";0;1;0.00;85.0
"https://www.bluevistaprod.com/nos-realisations/deko-film-de-presentation/";"banche deko";0;1;0.00;40.0
"https://www.bluevistaprod.com/nos-realisations/deko-film-de-presentation/";"coffrage deko";0;6;0.00;24.3
"https://www.bluevistaprod.com/nos-realisations/deko-film-de-presentation/";"deko";0;3;0.00;54.7
"https://www.bluevistaprod.com/nos-realisations/deko-film-de-presentation/";"deko coffrage";0;13;0.00;24.1
"https://www.bluevistaprod.com/nos-realisations/deko-film-de-presentation/";"deko coffrages";0;38;0.00;6.2
"https://www.bluevistaprod.com/nos-realisations/deko-film-de-presentation/";"dekofilm";0;1;0.00;5.0
"https://www.bluevistaprod.com/nos-realisations/deko-film-de-presentation/";"film deko";0;6;0.00;7.2
"https://www.bluevistaprod.com/nos-realisations/deko-film-de-presentation/";"panneau deko coffrage";0;1;0.00;82.0
"https://www.bluevistaprod.com/nos-realisations/dromis-equans-ineo/";"ce ineo";0;1;0.00;74.0
"https://www.bluevistaprod.com/nos-realisations/dromis-equans-ineo/";"dromis";0;16;0.00;10.3
"https://www.bluevistaprod.com/nos-realisations/dromis-equans-ineo/";"entreprise ineo";0;2;0.00;78.0
"https://www.bluevistaprod.com/nos-realisations/dromis-equans-ineo/";"ineao";0;2;0.00;48.5
"https://www.bluevistaprod.com/nos-realisations/dromis-equans-ineo/";"ineo";0;258;0.00;59.4
"https://www.bluevistaprod.com/nos-realisations/dromis-equans-ineo/";"ineo centre";0;3;0.00;23.3
"https://www.bluevistaprod.com/nos-realisations/dromis-equans-ineo/";"ineo chambery";0;1;0.00;15.0
"https://www.bluevistaprod.com/nos-realisations/dromis-equans-ineo/";"ineo equans";0;15;0.00;7.5
"https://www.bluevistaprod.com/nos-realisations/dromis-equans-ineo/";"ineo ferroviaire";0;3;0.00;28.0
"https://www.bluevistaprod.com/nos-realisations/dromis-equans-ineo/";"ineo logo";0;2;0.00;26.0
"https://www.bluevistaprod.com/nos-realisations/dromis-equans-ineo/";"ineo medis";0;1;0.00;12.0
"https://www.bluevistaprod.com/nos-realisations/dromis-equans-ineo/";"ineo nanterre";0;1;0.00;11.0
"https://www.bluevistaprod.com/nos-realisations/dromis-equans-ineo/";"ineo paris";0;10;0.00;8.6
"https://www.bluevistaprod.com/nos-realisations/dromis-equans-ineo/";"ineo uts";0;1;0.00;23.0
"https://www.bluevistaprod.com/nos-realisations/dromis-equans-ineo/";"ineo.";0;3;0.00;77.3
"https://www.bluevistaprod.com/nos-realisations/dromis-equans-ineo/";"inéo";0;72;0.00;46.3
"https://www.bluevistaprod.com/nos-realisations/dromis-equans-ineo/";"inéo equans";0;3;0.00;19.0
"https://www.bluevistaprod.com/nos-realisations/dromis-equans-ineo/";"logo ineo";0;2;0.00;1.0
"https://www.bluevistaprod.com/nos-realisations/e-xpert-solutions-aftermovie-ecd-2022/";"e-xpert";0;1;0.00;58.0
"https://www.bluevistaprod.com/nos-realisations/e-xpert-solutions-at-defense/";"e-xpert";0;13;0.00;34.7
"https://www.bluevistaprod.com/nos-realisations/e-xpert-solutions-at-defense/";"e-xpert solutions";0;2;0.00;84.0
"https://www.bluevistaprod.com/nos-realisations/e-xpert-solutions-devsecops/";"e-xpert";0;2;0.00;30.0
"https://www.bluevistaprod.com/nos-realisations/e-xpert-solutions-ecd/";"e-xpert";0;1;0.00;20.0
"https://www.bluevistaprod.com/nos-realisations/eiffage-energie-expercite/";"effiage";0;1;0.00;44.0
"https://www.bluevistaprod.com/nos-realisations/eiffage-energie-expercite/";"eiffage experimente";0;4;0.00;96.0
"https://www.bluevistaprod.com/nos-realisations/eiffage-energie-expercite/";"eiffages energies";0;2;0.00;77.5
"https://www.bluevistaprod.com/nos-realisations/eiffage-energie-expercite/";"equcity";0;1;0.00;54.0
"https://www.bluevistaprod.com/nos-realisations/eiffage-energie-expercite/";"expersite";0;11;0.00;79.1
"https://www.bluevistaprod.com/nos-realisations/eiffage-energie-expercite/";"expertiece";0;1;0.00;12.0
"https://www.bluevistaprod.com/nos-realisations/eiffage-energie-expercite/";"expertraite";0;1;0.00;3.0
"https://www.bluevistaprod.com/nos-realisations/eiffage-energie-expercite/";"exsite";0;1;0.00;51.0
"https://www.bluevistaprod.com/nos-realisations/elistair-orion/";"elistair orion";0;8;0.00;7.0
"https://www.bluevistaprod.com/nos-realisations/elistair-orion/";"orion video";0;3;0.00;8.0
"https://www.bluevistaprod.com/nos-realisations/engie-home-services-video-thermostat-migo/";"""engie home services"" -site:corporama.com -site:verif.com -site:manageo.fr -site:bilansgratuits.fr -site:societe.com -site:kompass.com -site:lefigaro.fr -site:data.gouv.fr -site:pappers.fr -site:score3.fr -site:rocketlead.fr";0;1;0.00;87.0
"https://www.bluevistaprod.com/nos-realisations/engie-home-services-video-thermostat-migo/";"""engie home services"" mail email";0;6;0.00;72.0
"https://www.bluevistaprod.com/nos-realisations/engie-home-services-video-thermostat-migo/";"@migo";0;2;0.00;5.0
"https://www.bluevistaprod.com/nos-realisations/engie-home-services-video-thermostat-migo/";"a migo";0;1;0.00;30.0
"https://www.bluevistaprod.com/nos-realisations/engie-home-services-video-thermostat-migo/";"agence engie home services";0;1;0.00;13.0
"https://www.bluevistaprod.com/nos-realisations/engie-home-services-video-thermostat-migo/";"application migo";0;2;0.00;15.5
"https://www.bluevistaprod.com/nos-realisations/engie-home-services-video-thermostat-migo/";"chaudière connectée engie";0;38;0.00;55.9
"https://www.bluevistaprod.com/nos-realisations/engie-home-services-video-thermostat-migo/";"engie connecte";0;3;0.00;7.3
"https://www.bluevistaprod.com/nos-realisations/engie-home-services-video-thermostat-migo/";"engie connecté";0;34;0.00;23.1
"https://www.bluevistaprod.com/nos-realisations/engie-home-services-video-thermostat-migo/";"engie geneve";0;1;0.00;26.0
"https://www.bluevistaprod.com/nos-realisations/engie-home-services-video-thermostat-migo/";"engie home service";0;4;0.00;20.8
"https://www.bluevistaprod.com/nos-realisations/engie-home-services-video-thermostat-migo/";"engie home service chaudière";0;1;0.00;4.0
"https://www.bluevistaprod.com/nos-realisations/engie-home-services-video-thermostat-migo/";"engie home service thermostat connecté";0;3;0.00;7.3
"https://www.bluevistaprod.com/nos-realisations/engie-home-services-video-thermostat-migo/";"engie home services";0;2;0.00;73.0
"https://www.bluevistaprod.com/nos-realisations/engie-home-services-video-thermostat-migo/";"engie mobile";0;1;0.00;100.0
"https://www.bluevistaprod.com/nos-realisations/engie-home-services-video-thermostat-migo/";"engie programmateur chauffage";0;1;0.00;10.0
"https://www.bluevistaprod.com/nos-realisations/engie-home-services-video-thermostat-migo/";"engie thermostaat";0;1;0.00;43.0
"https://www.bluevistaprod.com/nos-realisations/engie-home-services-video-thermostat-migo/";"engie thermostat";0;125;0.00;9.2
"https://www.bluevistaprod.com/nos-realisations/engie-home-services-video-thermostat-migo/";"engie thermostat connecté";0;4710;0.00;8.4
"https://www.bluevistaprod.com/nos-realisations/engie-home-services-video-thermostat-migo/";"engie thermostat connecté gaz";0;4;0.00;56.3
"https://www.bluevistaprod.com/nos-realisations/engie-home-services-video-thermostat-migo/";"engie thermostat connecté gratuit";0;4;0.00;69.0
"https://www.bluevistaprod.com/nos-realisations/engie-home-services-video-thermostat-migo/";"engie thermostat gaz";0;3;0.00;43.7
"https://www.bluevistaprod.com/nos-realisations/engie-home-services-video-thermostat-migo/";"engie thermostat gratuit";0;2;0.00;30.5
"https://www.bluevistaprod.com/nos-realisations/engie-home-services-video-thermostat-migo/";"engie wifi";0;1;0.00;1.0
"https://www.bluevistaprod.com/nos-realisations/engie-home-services-video-thermostat-migo/";"hom video";0;1;0.00;67.0
"https://www.bluevistaprod.com/nos-realisations/engie-home-services-video-thermostat-migo/";"home service video";0;1;0.00;10.0
"https://www.bluevistaprod.com/nos-realisations/engie-home-services-video-thermostat-migo/";"home services";0;1;0.00;9.0
"https://www.bluevistaprod.com/nos-realisations/engie-home-services-video-thermostat-migo/";"home services engie";0;1;0.00;95.0
"https://www.bluevistaprod.com/nos-realisations/engie-home-services-video-thermostat-migo/";"installation engie";0;1;0.00;77.0
"https://www.bluevistaprod.com/nos-realisations/engie-home-services-video-thermostat-migo/";"m8go";0;1;0.00;6.0
"https://www.bluevistaprod.com/nos-realisations/engie-home-services-video-thermostat-migo/";"mi go";0;6;0.00;51.5
"https://www.bluevistaprod.com/nos-realisations/engie-home-services-video-thermostat-migo/";"mi go link";0;11;0.00;29.6
"https://www.bluevistaprod.com/nos-realisations/engie-home-services-video-thermostat-migo/";"mi-go";0;7;0.00;47.0
"https://www.bluevistaprod.com/nos-realisations/engie-home-services-video-thermostat-migo/";"migo";0;230;0.00;30.6
"https://www.bluevistaprod.com/nos-realisations/engie-home-services-video-thermostat-migo/";"migo app";0;1;0.00;97.0
"https://www.bluevistaprod.com/nos-realisations/engie-home-services-video-thermostat-migo/";"migo application";0;8;0.00;32.9
"https://www.bluevistaprod.com/nos-realisations/engie-home-services-video-thermostat-migo/";"migo connect";0;2;0.00;14.5
"https://www.bluevistaprod.com/nos-realisations/engie-home-services-video-thermostat-migo/";"migo home";0;15;0.00;9.7
"https://www.bluevistaprod.com/nos-realisations/engie-home-services-video-thermostat-migo/";"migo home assistant";0;1;0.00;45.0
"https://www.bluevistaprod.com/nos-realisations/engie-home-services-video-thermostat-migo/";"migo link";0;434;0.00;30.5
"https://www.bluevistaprod.com/nos-realisations/engie-home-services-video-thermostat-migo/";"migo link installation";0;15;0.00;22.3
"https://www.bluevistaprod.com/nos-realisations/engie-home-services-video-thermostat-migo/";"migo link manual";0;1;0.00;6.0
"https://www.bluevistaprod.com/nos-realisations/engie-home-services-video-thermostat-migo/";"migo link notice";0;17;0.00;19.6
"https://www.bluevistaprod.com/nos-realisations/engie-home-services-video-thermostat-migo/";"migo saunier duval";0;1;0.00;68.0
"https://www.bluevistaprod.com/nos-realisations/engie-home-services-video-thermostat-migo/";"migo saunier duval mode d'emploi";0;5;0.00;34.8
"https://www.bluevistaprod.com/nos-realisations/engie-home-services-video-thermostat-migo/";"migo select";0;18;0.00;51.8
"https://www.bluevistaprod.com/nos-realisations/engie-home-services-video-thermostat-migo/";"migo select saunier duval";0;1;0.00;4.0
"https://www.bluevistaprod.com/nos-realisations/engie-home-services-video-thermostat-migo/";"migo service";0;1;0.00;8.0
"https://www.bluevistaprod.com/nos-realisations/engie-home-services-video-thermostat-migo/";"migo services";0;8;0.00;8.6
"https://www.bluevistaprod.com/nos-realisations/engie-home-services-video-thermostat-migo/";"migo smart";0;2;0.00;1.0
"https://www.bluevistaprod.com/nos-realisations/engie-home-services-video-thermostat-migo/";"migo tel";0;1;0.00;5.0
"https://www.bluevistaprod.com/nos-realisations/engie-home-services-video-thermostat-migo/";"migo termostat";0;3;0.00;7.7
"https://www.bluevistaprod.com/nos-realisations/engie-home-services-video-thermostat-migo/";"migo thermostat";0;98;0.00;15.0
"https://www.bluevistaprod.com/nos-realisations/engie-home-services-video-thermostat-migo/";"migo video";0;1;0.00;5.0
"https://www.bluevistaprod.com/nos-realisations/engie-home-services-video-thermostat-migo/";"mise en service engie";0;1;0.00;93.0
"https://www.bluevistaprod.com/nos-realisations/engie-home-services-video-thermostat-migo/";"passerelle de connectivité migo link";0;1;0.00;17.0
"https://www.bluevistaprod.com/nos-realisations/engie-home-services-video-thermostat-migo/";"passerelle migo link";0;8;0.00;26.8
"https://www.bluevistaprod.com/nos-realisations/engie-home-services-video-thermostat-migo/";"saunier duval migo";0;1;0.00;92.0
"https://www.bluevistaprod.com/nos-realisations/engie-home-services-video-thermostat-migo/";"saunier duval migo thermostat";0;2;0.00;10.0
"https://www.bluevistaprod.com/nos-realisations/engie-home-services-video-thermostat-migo/";"saunier duval thermostat connecté";0;1;0.00;96.0
"https://www.bluevistaprod.com/nos-realisations/engie-home-services-video-thermostat-migo/";"thermostat connecte engie";0;32;0.00;11.6
"https://www.bluevistaprod.com/nos-realisations/engie-home-services-video-thermostat-migo/";"thermostat connecté chaudière gaz engie";0;4;0.00;34.0
"https://www.bluevistaprod.com/nos-realisations/engie-home-services-video-thermostat-migo/";"thermostat connecté engie home service";0;29;0.00;8.2
"https://www.bluevistaprod.com/nos-realisations/engie-home-services-video-thermostat-migo/";"thermostat connecté gratuit engie";0;18;0.00;45.7
"https://www.bluevistaprod.com/nos-realisations/engie-home-services-video-thermostat-migo/";"thermostat connecté saunier duval";0;1;0.00;6.0
"https://www.bluevistaprod.com/nos-realisations/engie-home-services-video-thermostat-migo/";"thermostat connecté saunier duval migo";0;44;0.00;10.7
"https://www.bluevistaprod.com/nos-realisations/engie-home-services-video-thermostat-migo/";"thermostat migo";0;228;0.00;12.8
"https://www.bluevistaprod.com/nos-realisations/engie-home-services-video-thermostat-migo/";"thermostat saunier duval";0;2;0.00;8.5
"https://www.bluevistaprod.com/nos-realisations/engie-home-services-video-thermostat-migo/";"thermostat saunier duval connecté";0;1;0.00;3.0
"https://www.bluevistaprod.com/nos-realisations/engie-home-services-video-thermostat-migo/";"thermostat video";0;1;0.00;6.0
"https://www.bluevistaprod.com/nos-realisations/engie-home-services-video-thermostat-migo/";"wigo thermomatte";0;1;0.00;50.0
"https://www.bluevistaprod.com/nos-realisations/film-corporate-gf-core/";"core the film";0;3;0.00;61.0
"https://www.bluevistaprod.com/nos-realisations/film-corporate-gf-core/";"corporate film geneva";0;18;0.00;11.4
"https://www.bluevistaprod.com/nos-realisations/film-corporate-gf-core/";"gf core";0;1;0.00;10.0
"https://www.bluevistaprod.com/nos-realisations/film-corporate-gf-core/";"gfcore";0;2;0.00;7.0
"https://www.bluevistaprod.com/nos-realisations/gf-ds-family/";"ds family";0;11;0.00;7.2
"https://www.bluevistaprod.com/nos-realisations/gf-ds-family/";"ds vista";0;1;0.00;3.0
"https://www.bluevistaprod.com/nos-realisations/gf-ds-family/";"gf ds";0;1;0.00;4.0
"https://www.bluevistaprod.com/nos-realisations/gf-gs/";"cs gf";0;4;0.00;2.0
"https://www.bluevistaprod.com/nos-realisations/gf-gs/";"film gf";0;2;0.00;7.5
"https://www.bluevistaprod.com/nos-realisations/gf-gs/";"gf cs";0;5;0.00;5.2
"https://www.bluevistaprod.com/nos-realisations/gf-gs/";"vistaprod.com";0;1;0.00;6.0
"https://www.bluevistaprod.com/nos-realisations/gloupii/";"gloupii.com";0;16;0.00;7.8
"https://www.bluevistaprod.com/nos-realisations/guitare-en-scene-edition-2023/";"guitare en scene 2023";0;19;0.00;8.1
"https://www.bluevistaprod.com/nos-realisations/guitare-en-scene-edition-2023/";"guitare en scène 2023";0;5;0.00;39.0
"https://www.bluevistaprod.com/nos-realisations/guitare-en-scene-edition-2023/";"guitare en scène programme 2023";0;1;0.00;50.0
"https://www.bluevistaprod.com/nos-realisations/guitare-en-scene-edition-2024/";"guitar en scene 2024";0;1;0.00;38.0
"https://www.bluevistaprod.com/nos-realisations/guitare-en-scene-edition-2024/";"guitare en scene 2024";0;13;0.00;12.1
"https://www.bluevistaprod.com/nos-realisations/guitare-en-scene-edition-2024/";"guitare en scène 2024";0;18;0.00;9.4
"https://www.bluevistaprod.com/nos-realisations/hitachi-cs-net/";"cs .net";0;2;0.00;6.5
"https://www.bluevistaprod.com/nos-realisations/hitachi-cs-net/";"cs manager";0;3;0.00;74.3
"https://www.bluevistaprod.com/nos-realisations/hitachi-cs-net/";"cs net";0;156;0.00;8.0
"https://www.bluevistaprod.com/nos-realisations/hitachi-cs-net/";"cs net hitachi";0;9;0.00;8.9
"https://www.bluevistaprod.com/nos-realisations/hitachi-cs-net/";"cs net sp";0;1;0.00;36.0
"https://www.bluevistaprod.com/nos-realisations/hitachi-cs-net/";"cs-net";0;2;0.00;9.5
"https://www.bluevistaprod.com/nos-realisations/hitachi-cs-net/";"cs. net";0;1;0.00;8.0
"https://www.bluevistaprod.com/nos-realisations/hitachi-cs-net/";"cs.net";0;1;0.00;10.0
"https://www.bluevistaprod.com/nos-realisations/hitachi-cs-net/";"csnet";0;23;0.00;32.9
"https://www.bluevistaprod.com/nos-realisations/hitachi-cs-net/";"csnet hitachi";0;3;0.00;14.3
"https://www.bluevistaprod.com/nos-realisations/hitachi-cs-net/";"csnet lite";0;134;0.00;9.2
"https://www.bluevistaprod.com/nos-realisations/hitachi-cs-net/";"csnet lite hitachi";0;75;0.00;9.2
"https://www.bluevistaprod.com/nos-realisations/hitachi-cs-net/";"csnet manager";0;17;0.00;8.1
"https://www.bluevistaprod.com/nos-realisations/hitachi-cs-net/";"csnet manager 2";0;1;0.00;31.0
"https://www.bluevistaprod.com/nos-realisations/hitachi-cs-net/";"csnet web";0;13;0.00;8.5
"https://www.bluevistaprod.com/nos-realisations/hitachi-cs-net/";"fooh paris";0;1;0.00;100.0
"https://www.bluevistaprod.com/nos-realisations/hitachi-cs-net/";"hitachi acs";0;1;0.00;26.0
"https://www.bluevistaprod.com/nos-realisations/hitachi-cs-net/";"hitachi animation";0;2;0.00;6.0
"https://www.bluevistaprod.com/nos-realisations/hitachi-cs-net/";"hitachi cs";0;1;0.00;7.0
"https://www.bluevistaprod.com/nos-realisations/hitachi-cs-net/";"hitachi csnet";0;5;0.00;10.8
"https://www.bluevistaprod.com/nos-realisations/hitachi-cs-net/";"hitachi film";0;1;0.00;9.0
"https://www.bluevistaprod.com/nos-realisations/hitachi-cs-net/";"hitachiclimat";0;1;0.00;31.0
"https://www.bluevistaprod.com/nos-realisations/hitachi-cs-net/";"manager cs";0;1;0.00;58.0
"https://www.bluevistaprod.com/nos-realisations/hitachi-cs-net/";"vistaprod.net";0;2;0.00;12.0
"https://www.bluevistaprod.com/nos-realisations/hitachi-film-catalogue-2021/";"hitachi film";0;1;0.00;7.0
"https://www.bluevistaprod.com/nos-realisations/hitachi-hikumo/";"blu3 vista";0;2;0.00;11.0
"https://www.bluevistaprod.com/nos-realisations/hitachi-hikumo/";"hi-kumo";0;1;0.00;18.0
"https://www.bluevistaprod.com/nos-realisations/hitachi-hikumo/";"hi-kumo hitachi installation";0;1;0.00;1.0
"https://www.bluevistaprod.com/nos-realisations/hitachi-hikumo/";"hikumo";0;92;0.00;8.9
"https://www.bluevistaprod.com/nos-realisations/hitachi-hikumo/";"hitachi 3d";0;3;0.00;9.0
"https://www.bluevistaprod.com/nos-realisations/hitachi-hikumo/";"hitachiclimat";0;1;0.00;41.0
"https://www.bluevistaprod.com/nos-realisations/hitachi-triple-c/";"hitachi triple c";0;2;0.00;28.0
"https://www.bluevistaprod.com/nos-realisations/hitachi-triple-c/";"hitachiclimat";0;2;0.00;14.5
"https://www.bluevistaprod.com/nos-realisations/hitachi-triple-c/";"le triple c";0;1;0.00;7.0
"https://www.bluevistaprod.com/nos-realisations/hitachi-triple-c/";"triple c";0;1;0.00;47.0
"https://www.bluevistaprod.com/nos-realisations/hitachi-yutaki/";"animation 3d genève";0;4;0.00;82.5
"https://www.bluevistaprod.com/nos-realisations/hitachi-yutaki/";"animation 3d produit";0;1;0.00;63.0
"https://www.bluevistaprod.com/nos-realisations/hitachi-yutaki/";"hitachi";0;1;0.00;14.0
"https://www.bluevistaprod.com/nos-realisations/hitachi-yutaki/";"hitachi 3d";0;1;0.00;4.0
"https://www.bluevistaprod.com/nos-realisations/hitachi-yutaki/";"hitachi animation";0;1;0.00;7.0
"https://www.bluevistaprod.com/nos-realisations/hitachi-yutaki/";"hitachi lyon";0;2;0.00;50.0
"https://www.bluevistaprod.com/nos-realisations/hitachi-yutaki/";"hitachi video";0;1;0.00;8.0
"https://www.bluevistaprod.com/nos-realisations/hitachi-yutaki/";"hitachi yutaki";0;1;0.00;53.0
"https://www.bluevistaprod.com/nos-realisations/hitachi-yutaki/";"hitachiclimat";0;5;0.00;19.2
"https://www.bluevistaprod.com/nos-realisations/icsi-briefing-debriefing-minute-darret-2/";"briefing debriefing";0;2;0.00;48.5
"https://www.bluevistaprod.com/nos-realisations/icsi-briefing-debriefing-minute-darret-2/";"briefing en debriefing";0;1;0.00;48.0
"https://www.bluevistaprod.com/nos-realisations/icsi-briefing-debriefing-minute-darret-2/";"briefing et debriefing";0;1;0.00;4.0
"https://www.bluevistaprod.com/nos-realisations/icsi-briefing-debriefing-minute-darret-2/";"fooh paris";0;1;0.00;99.0
"https://www.bluevistaprod.com/nos-realisations/icsi-briefing-debriefing-minute-darret-2/";"mathilde dhondt";0;1;0.00;54.0
"https://www.bluevistaprod.com/nos-realisations/icsi-briefing-debriefing-minute-darret/";"mathilde dhondt";0;2;0.00;38.0
"https://www.bluevistaprod.com/nos-realisations/irisolaris-presentation-groupe-2024/";"irisolaris";0;1;0.00;42.0
"https://www.bluevistaprod.com/nos-realisations/koesio-voeux-2023/";"koesio";0;1;0.00;5.0
"https://www.bluevistaprod.com/nos-realisations/koesio-voeux-2023/";"koesio paris";0;1;0.00;83.0
"https://www.bluevistaprod.com/nos-realisations/koesio-voeux-2023/";"koesio studio";0;12;0.00;11.9
"https://www.bluevistaprod.com/nos-realisations/koesio-voeux-2025/";"fooh paris";0;1;0.00;97.0
"https://www.bluevistaprod.com/nos-realisations/mapping-audi/";"audi mapping";0;5;0.00;38.6
"https://www.bluevistaprod.com/nos-realisations/mapping-audi/";"video mapping geneve";0;8;0.00;40.9
"https://www.bluevistaprod.com/nos-realisations/mapping-toky/";"toky video";0;1;0.00;5.0
"https://www.bluevistaprod.com/nos-realisations/neurones-it-video-voeux-2021/";"""neurones it"" mail email";0;1;0.00;67.0
"https://www.bluevistaprod.com/nos-realisations/nightswapping/";"nightswapping";0;11;0.00;15.5
"https://www.bluevistaprod.com/nos-realisations/olinn-video-publicitaire/";"blue vista";0;5;0.00;7.4
"https://www.bluevistaprod.com/nos-realisations/olinn-video-publicitaire/";"bluevista";0;9;0.00;4.2
"https://www.bluevistaprod.com/nos-realisations/olinn-video-publicitaire/";"logo olinn";0;9;0.00;1.0
"https://www.bluevistaprod.com/nos-realisations/olinn-video-publicitaire/";"olinn";0;113;0.00;14.8
"https://www.bluevistaprod.com/nos-realisations/olinn-video-publicitaire/";"olinn logo";0;21;0.00;1.0
"https://www.bluevistaprod.com/nos-realisations/olinn-video-publicitaire/";"réalisations ads-com";0;1;0.00;69.0
"https://www.bluevistaprod.com/nos-realisations/olinn-video-publicitaire/";"videaste pub paris";0;10;0.00;26.2
"https://www.bluevistaprod.com/nos-realisations/olinn-video-publicitaire/";"vidéaste cambrai";0;3;0.00;45.0
"https://www.bluevistaprod.com/nos-realisations/pisten-bully-dameuse-360-vr/";"bully vr";0;6;0.00;11.2
"https://www.bluevistaprod.com/nos-realisations/pisten-bully-dameuse-360-vr/";"dameuse";0;1;0.00;15.0
"https://www.bluevistaprod.com/nos-realisations/pisten-bully-dameuse-360-vr/";"pisten";0;27;0.00;9.3
"https://www.bluevistaprod.com/nos-realisations/pisten-bully-dameuse-360-vr/";"pisten bully";0;1;0.00;82.0
"https://www.bluevistaprod.com/nos-realisations/pisten-bully-dameuse-360-vr/";"video en 360 vr lyon";0;42;0.00;43.5
"https://www.bluevistaprod.com/nos-realisations/pisten-bully-dameuse-360-vr/";"vr mountain";0;1;0.00;89.0
"https://www.bluevistaprod.com/nos-realisations/presentation-video-cpro-en-1-minute/";"c pro groupe";0;2;0.00;42.0
"https://www.bluevistaprod.com/nos-realisations/presentation-video-cpro-en-1-minute/";"c'pro informatique";0;1;0.00;53.0
"https://www.bluevistaprod.com/nos-realisations/presentation-video-cpro-en-1-minute/";"c'pro lyon";0;1;0.00;20.0
"https://www.bluevistaprod.com/nos-realisations/printemps-mapping/";"video mapping geneve";0;1;0.00;99.0
"https://www.bluevistaprod.com/nos-realisations/printemps-nouvelle-identite/";"aftermovie lyon";0;2;0.00;38.5
"https://www.bluevistaprod.com/nos-realisations/printemps-nouvelle-identite/";"film alis";0;1;0.00;62.0
"https://www.bluevistaprod.com/nos-realisations/printemps-nouvelle-identite/";"logo printemps haussmann";0;2;0.00;84.5
"https://www.bluevistaprod.com/nos-realisations/printemps-nouvelle-identite/";"marque printemps";0;2;0.00;42.5
"https://www.bluevistaprod.com/nos-realisations/printemps-nouvelle-identite/";"printemps haussmann marque";0;2;0.00;56.5
"https://www.bluevistaprod.com/nos-realisations/printemps-nouvelle-identite/";"printemps lyon";0;1;0.00;96.0
"https://www.bluevistaprod.com/nos-realisations/qwartz/";"centre commercial quartz";0;1;0.00;43.0
"https://www.bluevistaprod.com/nos-realisations/qwartz/";"centre commercial qwartz";0;5;0.00;31.4
"https://www.bluevistaprod.com/nos-realisations/qwartz/";"le qwartz paris";0;1;0.00;72.0
"https://www.bluevistaprod.com/nos-realisations/qwartz/";"photos de qwartz";0;1;0.00;5.0
"https://www.bluevistaprod.com/nos-realisations/qwartz/";"qwarts";0;2;0.00;3.0
"https://www.bluevistaprod.com/nos-realisations/qwartz/";"qwartz";0;14;0.00;28.9
"https://www.bluevistaprod.com/nos-realisations/qwartz/";"qwartz centre commercial";0;1;0.00;46.0
"https://www.bluevistaprod.com/nos-realisations/qwartz/";"qwartz centre commercial paris";0;2;0.00;54.5
"https://www.bluevistaprod.com/nos-realisations/qwartz/";"qwartz centre commercial villeneuve la garenne";0;1;0.00;61.0
"https://www.bluevistaprod.com/nos-realisations/qwartz/";"qwartz paris centre commercial";0;1;0.00;76.0
"https://www.bluevistaprod.com/nos-realisations/qwartz/";"qwartz photos";0;21;0.00;5.4
"https://www.bluevistaprod.com/nos-realisations/qwartz/";"tetro video";0;1;0.00;52.0
"https://www.bluevistaprod.com/nos-realisations/radisson-360-vr/";"film vr 360";0;1;0.00;37.0
"https://www.bluevistaprod.com/nos-realisations/radisson-360-vr/";"radisson film";0;1;0.00;5.0
"https://www.bluevistaprod.com/nos-realisations/radisson-360-vr/";"video en 360 vr lyon";0;95;0.00;15.7
"https://www.bluevistaprod.com/nos-realisations/santos-i-grind-coffee-grinder-reveal/";"grind coffee grinder";0;2;0.00;10.0
"https://www.bluevistaprod.com/nos-realisations/santos-i-grind-coffee-grinder-reveal/";"grinder santos";0;1;0.00;11.0
"https://www.bluevistaprod.com/nos-realisations/serl-video-360-vr/";"blu3 vista";0;1;0.00;29.0
"https://www.bluevistaprod.com/nos-realisations/serl-video-360-vr/";"drone vr 360";0;5;0.00;51.8
"https://www.bluevistaprod.com/nos-realisations/serl-video-360-vr/";"video en 360 vr lyon";0;84;0.00;29.6
"https://www.bluevistaprod.com/nos-realisations/serl-video-360-vr/";"video pour vr";0;1;0.00;78.0
"https://www.bluevistaprod.com/nos-realisations/sfs-enveloppe-structure/";"fooh paris";0;1;0.00;90.0
"https://www.bluevistaprod.com/nos-realisations/sfs-enveloppe-structure/";"sfs lyon";0;3;0.00;41.3
"https://www.bluevistaprod.com/nos-realisations/stann-lapplication-de-gestion-dentreprise/";"app stan";0;2;0.00;10.5
"https://www.bluevistaprod.com/nos-realisations/stann-lapplication-de-gestion-dentreprise/";"application sta";0;2;0.00;10.5
"https://www.bluevistaprod.com/nos-realisations/stann-lapplication-de-gestion-dentreprise/";"appsan";0;1;0.00;6.0
"https://www.bluevistaprod.com/nos-realisations/stann-lapplication-de-gestion-dentreprise/";"appstain";0;2;0.00;10.5
"https://www.bluevistaprod.com/nos-realisations/stann-lapplication-de-gestion-dentreprise/";"dlstan";0;1;0.00;14.0
"https://www.bluevistaprod.com/nos-realisations/stann-lapplication-de-gestion-dentreprise/";"dtann";0;3;0.00;7.7
"https://www.bluevistaprod.com/nos-realisations/stann-lapplication-de-gestion-dentreprise/";"e stan";0;1;0.00;13.0
"https://www.bluevistaprod.com/nos-realisations/stann-lapplication-de-gestion-dentreprise/";"estanl";0;1;0.00;7.0
"https://www.bluevistaprod.com/nos-realisations/stann-lapplication-de-gestion-dentreprise/";"gestan";0;3;0.00;19.0
"https://www.bluevistaprod.com/nos-realisations/stann-lapplication-de-gestion-dentreprise/";"gestans";0;1;0.00;13.0
"https://www.bluevistaprod.com/nos-realisations/stann-lapplication-de-gestion-dentreprise/";"isn application";0;1;0.00;21.0
"https://www.bluevistaprod.com/nos-realisations/stann-lapplication-de-gestion-dentreprise/";"le stann";0;1;0.00;3.0
"https://www.bluevistaprod.com/nos-realisations/stann-lapplication-de-gestion-dentreprise/";"logiciel gestion film";0;12;0.00;50.9
"https://www.bluevistaprod.com/nos-realisations/stann-lapplication-de-gestion-dentreprise/";"logiciel stan";0;28;0.00;8.1
"https://www.bluevistaprod.com/nos-realisations/stann-lapplication-de-gestion-dentreprise/";"logiciel stann";0;72;0.00;7.8
"https://www.bluevistaprod.com/nos-realisations/stann-lapplication-de-gestion-dentreprise/";"retann";0;2;0.00;18.0
"https://www.bluevistaprod.com/nos-realisations/stann-lapplication-de-gestion-dentreprise/";"sann";0;3;0.00;53.7
"https://www.bluevistaprod.com/nos-realisations/stann-lapplication-de-gestion-dentreprise/";"sansan crm";0;1;0.00;38.0
"https://www.bluevistaprod.com/nos-realisations/stann-lapplication-de-gestion-dentreprise/";"savann";0;4;0.00;22.0
"https://www.bluevistaprod.com/nos-realisations/stann-lapplication-de-gestion-dentreprise/";"savistann";0;25;0.00;7.8
"https://www.bluevistaprod.com/nos-realisations/stann-lapplication-de-gestion-dentreprise/";"sdan";0;2;0.00;31.5
"https://www.bluevistaprod.com/nos-realisations/stann-lapplication-de-gestion-dentreprise/";"sessan";0;1;0.00;20.0
"https://www.bluevistaprod.com/nos-realisations/stann-lapplication-de-gestion-dentreprise/";"sgtan";0;1;0.00;9.0
"https://www.bluevistaprod.com/nos-realisations/stann-lapplication-de-gestion-dentreprise/";"smstan";0;1;0.00;25.0
"https://www.bluevistaprod.com/nos-realisations/stann-lapplication-de-gestion-dentreprise/";"software san";0;1;0.00;28.0
"https://www.bluevistaprod.com/nos-realisations/stann-lapplication-de-gestion-dentreprise/";"softwareone stans";0;1;0.00;40.0
"https://www.bluevistaprod.com/nos-realisations/stann-lapplication-de-gestion-dentreprise/";"srqn";0;1;0.00;8.0
"https://www.bluevistaprod.com/nos-realisations/stann-lapplication-de-gestion-dentreprise/";"st5an";0;2;0.00;5.5
"https://www.bluevistaprod.com/nos-realisations/stann-lapplication-de-gestion-dentreprise/";"sta n";0;2;0.00;25.0
"https://www.bluevistaprod.com/nos-realisations/stann-lapplication-de-gestion-dentreprise/";"staan";0;5;0.00;33.0
"https://www.bluevistaprod.com/nos-realisations/stann-lapplication-de-gestion-dentreprise/";"staann";0;1;0.00;7.0
"https://www.bluevistaprod.com/nos-realisations/stann-lapplication-de-gestion-dentreprise/";"staanp";0;1;0.00;5.0
"https://www.bluevistaprod.com/nos-realisations/stann-lapplication-de-gestion-dentreprise/";"staine";0;2;0.00;51.0
"https://www.bluevistaprod.com/nos-realisations/stann-lapplication-de-gestion-dentreprise/";"stan";0;19;0.00;25.6
"https://www.bluevistaprod.com/nos-realisations/stann-lapplication-de-gestion-dentreprise/";"stan 2";0;1;0.00;24.0
"https://www.bluevistaprod.com/nos-realisations/stann-lapplication-de-gestion-dentreprise/";"stan ap";0;1;0.00;9.0
"https://www.bluevistaprod.com/nos-realisations/stann-lapplication-de-gestion-dentreprise/";"stan app";0;21;0.00;16.0
"https://www.bluevistaprod.com/nos-realisations/stann-lapplication-de-gestion-dentreprise/";"stan application";0;12;0.00;12.3
"https://www.bluevistaprod.com/nos-realisations/stann-lapplication-de-gestion-dentreprise/";"stan logiciel";0;16;0.00;8.8
"https://www.bluevistaprod.com/nos-realisations/stann-lapplication-de-gestion-dentreprise/";"stan n";0;7;0.00;7.6
"https://www.bluevistaprod.com/nos-realisations/stann-lapplication-de-gestion-dentreprise/";"stan.";0;2;0.00;17.5
"https://www.bluevistaprod.com/nos-realisations/stann-lapplication-de-gestion-dentreprise/";"standen";0;1;0.00;13.0
"https://www.bluevistaprod.com/nos-realisations/stann-lapplication-de-gestion-dentreprise/";"stane";0;94;0.00;60.6
"https://www.bluevistaprod.com/nos-realisations/stann-lapplication-de-gestion-dentreprise/";"stane sav";0;1;0.00;19.0
"https://www.bluevistaprod.com/nos-realisations/stann-lapplication-de-gestion-dentreprise/";"stanen";0;2;0.00;29.5
"https://www.bluevistaprod.com/nos-realisations/stann-lapplication-de-gestion-dentreprise/";"stani 0dn";0;6;0.00;3.8
"https://www.bluevistaprod.com/nos-realisations/stann-lapplication-de-gestion-dentreprise/";"stankinapp";0;5;0.00;7.0
"https://www.bluevistaprod.com/nos-realisations/stann-lapplication-de-gestion-dentreprise/";"stann le";0;1;0.00;9.0
"https://www.bluevistaprod.com/nos-realisations/stann-lapplication-de-gestion-dentreprise/";"stann logiciel";0;66;0.00;7.9
"https://www.bluevistaprod.com/nos-realisations/stann-lapplication-de-gestion-dentreprise/";"stann mover";0;1;0.00;9.0
"https://www.bluevistaprod.com/nos-realisations/stann-lapplication-de-gestion-dentreprise/";"stann official";0;1;0.00;12.0
"https://www.bluevistaprod.com/nos-realisations/stann-lapplication-de-gestion-dentreprise/";"stann.";0;1;0.00;8.0
"https://www.bluevistaprod.com/nos-realisations/stann-lapplication-de-gestion-dentreprise/";"stann.app";0;1;0.00;6.0
"https://www.bluevistaprod.com/nos-realisations/stann-lapplication-de-gestion-dentreprise/";"stannplan";0;2;0.00;5.5
"https://www.bluevistaprod.com/nos-realisations/stann-lapplication-de-gestion-dentreprise/";"stannt";0;2;0.00;6.5
"https://www.bluevistaprod.com/nos-realisations/stann-lapplication-de-gestion-dentreprise/";"stans app";0;1;0.00;7.0
"https://www.bluevistaprod.com/nos-realisations/stann-lapplication-de-gestion-dentreprise/";"stansl";0;1;0.00;7.0
"https://www.bluevistaprod.com/nos-realisations/stann-lapplication-de-gestion-dentreprise/";"stapn";0;1;0.00;7.0
"https://www.bluevistaprod.com/nos-realisations/stann-lapplication-de-gestion-dentreprise/";"ste n";0;1;0.00;5.0
"https://www.bluevistaprod.com/nos-realisations/stann-lapplication-de-gestion-dentreprise/";"stean+";0;1;0.00;5.0
"https://www.bluevistaprod.com/nos-realisations/stann-lapplication-de-gestion-dentreprise/";"steann";0;2;0.00;6.5
"https://www.bluevistaprod.com/nos-realisations/stann-lapplication-de-gestion-dentreprise/";"stedan";0;2;0.00;54.5
"https://www.bluevistaprod.com/nos-realisations/stann-lapplication-de-gestion-dentreprise/";"steman";0;2;0.00;17.0
"https://www.bluevistaprod.com/nos-realisations/stann-lapplication-de-gestion-dentreprise/";"stqn";0;1;0.00;99.0
"https://www.bluevistaprod.com/nos-realisations/stann-lapplication-de-gestion-dentreprise/";"stsan";0;1;0.00;17.0
"https://www.bluevistaprod.com/nos-realisations/stann-lapplication-de-gestion-dentreprise/";"sttan";0;3;0.00;76.3
"https://www.bluevistaprod.com/nos-realisations/stann-lapplication-de-gestion-dentreprise/";"systan";0;1;0.00;54.0
"https://www.bluevistaprod.com/nos-realisations/tetro-deepweb/";"tetro video";0;5;0.00;11.0
"https://www.bluevistaprod.com/nos-realisations/tetro-grand-hotel-dieu/";"agence tetro";0;1;0.00;31.0
"https://www.bluevistaprod.com/nos-realisations/tetro-grand-hotel-dieu/";"exposition hotel dieu lyon";0;1;0.00;71.0
"https://www.bluevistaprod.com/nos-realisations/tetro-grand-hotel-dieu/";"grand hotel final";0;5;0.00;74.6
"https://www.bluevistaprod.com/nos-realisations/tetro-grand-hotel-dieu/";"grand hotel movie";0;2;0.00;81.0
"https://www.bluevistaprod.com/nos-realisations/tetro-grand-hotel-dieu/";"inauguration hotel";0;5;0.00;46.6
"https://www.bluevistaprod.com/nos-realisations/tetro-grand-hotel-dieu/";"renovation hotel dieu lyon";0;1;0.00;84.0
"https://www.bluevistaprod.com/nos-realisations/tetro-grand-hotel-dieu/";"tetro agence";0;1;0.00;36.0
"https://www.bluevistaprod.com/nos-realisations/tetro-grand-hotel-dieu/";"tetro lyon";0;2;0.00;20.5
"https://www.bluevistaprod.com/nos-realisations/tetro-grand-hotel-dieu/";"tetro video";0;1;0.00;25.0
"https://www.bluevistaprod.com/nos-realisations/tetro-grand-hotel-dieu/";"video hotel dieu lyon";0;1;0.00;18.0
"https://www.bluevistaprod.com/nos-realisations/thx-medical-dosamat-digital-2-0/";"film d'animation médical";0;3;0.00;93.7
"https://www.bluevistaprod.com/nos-realisations/thx-medical-dosamat-digital-2-0/";"thx 2.0";0;3;0.00;2.7
"https://www.bluevistaprod.com/nos-realisations/thx-medical-dosamat-digital-2-0/";"thx digital";0;3;0.00;3.7
"https://www.bluevistaprod.com/nos-realisations/thx-medical-dosamat-digital-2-0/";"thx m";0;1;0.00;6.0
"https://www.bluevistaprod.com/nos-realisations/thx-medical-dosamat-digital-2-0/";"thx medical";0;302;0.00;7.4
"https://www.bluevistaprod.com/nos-realisations/thx-medical-dosamat-digital-2-0/";"thx medicine";0;1;0.00;44.0
"https://www.bluevistaprod.com/nos-realisations/timelapse-lacleda/";"la cleda";0;3;0.00;13.0
"https://www.bluevistaprod.com/nos-realisations/timelapse-lacleda/";"timelapse chantier lyon";0;1;0.00;15.0
"https://www.bluevistaprod.com/nos-realisations/verizon-connect-video-de-presentation/";"b2bverizon";0;2;0.00;18.0
"https://www.bluevistaprod.com/nos-realisations/verizon-connect-video-de-presentation/";"berizon";0;1;0.00;16.0
"https://www.bluevistaprod.com/nos-realisations/verizon-connect-video-de-presentation/";"blue jeans verizon";0;1;0.00;91.0
"https://www.bluevistaprod.com/nos-realisations/verizon-connect-video-de-presentation/";"blue vista";0;1;0.00;10.0
"https://www.bluevistaprod.com/nos-realisations/verizon-connect-video-de-presentation/";"bluevista";0;1;0.00;1.0
"https://www.bluevistaprod.com/nos-realisations/verizon-connect-video-de-presentation/";"bluvista.de";0;9;0.00;5.1
"https://www.bluevistaprod.com/nos-realisations/verizon-connect-video-de-presentation/";"connect verizon";0;2;0.00;3.0
"https://www.bluevistaprod.com/nos-realisations/verizon-connect-video-de-presentation/";"contact for verizon";0;1;0.00;25.0
"https://www.bluevistaprod.com/nos-realisations/verizon-connect-video-de-presentation/";"contact verizon support";0;1;0.00;36.0
"https://www.bluevistaprod.com/nos-realisations/verizon-connect-video-de-presentation/";"la verizon";0;1;0.00;35.0
"https://www.bluevistaprod.com/nos-realisations/verizon-connect-video-de-presentation/";"ve ri zon";0;2;0.00;19.5
"https://www.bluevistaprod.com/nos-realisations/verizon-connect-video-de-presentation/";"verezon";0;1;0.00;7.0
"https://www.bluevistaprod.com/nos-realisations/verizon-connect-video-de-presentation/";"veriezon";0;1;0.00;8.0
"https://www.bluevistaprod.com/nos-realisations/verizon-connect-video-de-presentation/";"verion connect";0;3;0.00;5.0
"https://www.bluevistaprod.com/nos-realisations/verizon-connect-video-de-presentation/";"veriozn connect";0;2;0.00;19.0
"https://www.bluevistaprod.com/nos-realisations/verizon-connect-video-de-presentation/";"verisen";0;3;0.00;18.7
"https://www.bluevistaprod.com/nos-realisations/verizon-connect-video-de-presentation/";"verison";0;2;0.00;18.0
"https://www.bluevistaprod.com/nos-realisations/verizon-connect-video-de-presentation/";"verison connect";0;15;0.00;9.0
"https://www.bluevistaprod.com/nos-realisations/verizon-connect-video-de-presentation/";"verixon";0;1;0.00;10.0
"https://www.bluevistaprod.com/nos-realisations/verizon-connect-video-de-presentation/";"verizine";0;1;0.00;8.0
"https://www.bluevistaprod.com/nos-realisations/verizon-connect-video-de-presentation/";"verizion";0;2;0.00;29.0
"https://www.bluevistaprod.com/nos-realisations/verizon-connect-video-de-presentation/";"verizion connect";0;7;0.00;5.6
"https://www.bluevistaprod.com/nos-realisations/verizon-connect-video-de-presentation/";"verizizon";0;1;0.00;14.0
"https://www.bluevistaprod.com/nos-realisations/verizon-connect-video-de-presentation/";"verizo";0;4;0.00;8.5
"https://www.bluevistaprod.com/nos-realisations/verizon-connect-video-de-presentation/";"verizon";0;109;0.00;16.0
"https://www.bluevistaprod.com/nos-realisations/verizon-connect-video-de-presentation/";"verizon 1";0;1;0.00;63.0
"https://www.bluevistaprod.com/nos-realisations/verizon-connect-video-de-presentation/";"verizon c'est quoi";0;1;0.00;93.0
"https://www.bluevistaprod.com/nos-realisations/verizon-connect-video-de-presentation/";"verizon conect";0;17;0.00;5.7
"https://www.bluevistaprod.com/nos-realisations/verizon-connect-video-de-presentation/";"verizon conenct";0;2;0.00;5.0
"https://www.bluevistaprod.com/nos-realisations/verizon-connect-video-de-presentation/";"verizon conn";0;3;0.00;4.7
"https://www.bluevistaprod.com/nos-realisations/verizon-connect-video-de-presentation/";"verizon conncet";0;7;0.00;5.4
"https://www.bluevistaprod.com/nos-realisations/verizon-connect-video-de-presentation/";"verizon connec";0;21;0.00;18.0
"https://www.bluevistaprod.com/nos-realisations/verizon-connect-video-de-presentation/";"verizon connect contact";0;3;0.00;14.7
"https://www.bluevistaprod.com/nos-realisations/verizon-connect-video-de-presentation/";"verizon connect linkedin";0;1;0.00;18.0
"https://www.bluevistaprod.com/nos-realisations/verizon-connect-video-de-presentation/";"verizon connect reveal france";0;2;0.00;47.5
"https://www.bluevistaprod.com/nos-realisations/verizon-connect-video-de-presentation/";"verizon connect service client";0;9;0.00;12.1
"https://www.bluevistaprod.com/nos-realisations/verizon-connect-video-de-presentation/";"verizon connect telephone";0;2;0.00;30.0
"https://www.bluevistaprod.com/nos-realisations/verizon-connect-video-de-presentation/";"verizon connect.";0;10;0.00;9.3
"https://www.bluevistaprod.com/nos-realisations/verizon-connect-video-de-presentation/";"verizon connection";0;1;0.00;22.0
"https://www.bluevistaprod.com/nos-realisations/verizon-connect-video-de-presentation/";"verizon connections login";0;1;0.00;13.0
"https://www.bluevistaprod.com/nos-realisations/verizon-connect-video-de-presentation/";"verizon connet";0;5;0.00;4.6
"https://www.bluevistaprod.com/nos-realisations/verizon-connect-video-de-presentation/";"verizon connext";0;2;0.00;18.5
"https://www.bluevistaprod.com/nos-realisations/verizon-connect-video-de-presentation/";"verizon connnect";0;2;0.00;5.0
"https://www.bluevistaprod.com/nos-realisations/verizon-connect-video-de-presentation/";"verizon coonect";0;6;0.00;10.2
"https://www.bluevistaprod.com/nos-realisations/verizon-connect-video-de-presentation/";"verizon en france";0;3;0.00;55.7
"https://www.bluevistaprod.com/nos-realisations/verizon-connect-video-de-presentation/";"verizon film";0;2;0.00;9.5
"https://www.bluevistaprod.com/nos-realisations/verizon-connect-video-de-presentation/";"verizon france";0;11;0.00;13.0
"https://www.bluevistaprod.com/nos-realisations/verizon-connect-video-de-presentation/";"verizon geneva";0;1;0.00;9.0
"https://www.bluevistaprod.com/nos-realisations/verizon-connect-video-de-presentation/";"verizon paris";0;2;0.00;24.0
"https://www.bluevistaprod.com/nos-realisations/verizon-connect-video-de-presentation/";"verizon service contact";0;1;0.00;44.0
"https://www.bluevistaprod.com/nos-realisations/verizon-connect-video-de-presentation/";"verizon video";0;19;0.00;5.7
"https://www.bluevistaprod.com/nos-realisations/verizon-connect-video-de-presentation/";"verizon videos";0;2;0.00;9.0
"https://www.bluevistaprod.com/nos-realisations/verizon-connect-video-de-presentation/";"verizon web";0;2;0.00;36.0
"https://www.bluevistaprod.com/nos-realisations/verizon-connect-video-de-presentation/";"verizon website";0;1;0.00;42.0
"https://www.bluevistaprod.com/nos-realisations/verizon-connect-video-de-presentation/";"verizon+connect";0;1;0.00;2.0
"https://www.bluevistaprod.com/nos-realisations/verizon-connect-video-de-presentation/";"verizon.com";0;2;0.00;49.0
"https://www.bluevistaprod.com/nos-realisations/verizon-connect-video-de-presentation/";"verizon.connect";0;1;0.00;4.0
"https://www.bluevistaprod.com/nos-realisations/verizon-connect-video-de-presentation/";"verizonconnect";0;44;0.00;9.3
"https://www.bluevistaprod.com/nos-realisations/verizon-connect-video-de-presentation/";"verizonconnect.com";0;11;0.00;7.2
"https://www.bluevistaprod.com/nos-realisations/verizon-connect-video-de-presentation/";"verizone connect";0;19;0.00;22.9
"https://www.bluevistaprod.com/nos-realisations/verizon-connect-video-de-presentation/";"verizons";0;5;0.00;43.8
"https://www.bluevistaprod.com/nos-realisations/verizon-connect-video-de-presentation/";"verizô";0;1;0.00;6.0
"https://www.bluevistaprod.com/nos-realisations/verizon-connect-video-de-presentation/";"vermizon";0;2;0.00;13.0
"https://www.bluevistaprod.com/nos-realisations/verizon-connect-video-de-presentation/";"verozon";0;1;0.00;19.0
"https://www.bluevistaprod.com/nos-realisations/verizon-connect-video-de-presentation/";"version connect";0;1;0.00;17.0
"https://www.bluevistaprod.com/nos-realisations/verizon-connect-video-de-presentation/";"veryson";0;5;0.00;12.2
"https://www.bluevistaprod.com/nos-realisations/verizon-connect-video-de-presentation/";"verzion connect";0;6;0.00;11.7
"https://www.bluevistaprod.com/nos-realisations/verizon-connect-video-de-presentation/";"verzon connect";0;4;0.00;9.5
"https://www.bluevistaprod.com/nos-realisations/verizon-connect-video-de-presentation/";"vesizon";0;1;0.00;18.0
"https://www.bluevistaprod.com/nos-realisations/verizon-connect-video-de-presentation/";"videoconnect";0;1;0.00;13.0
"https://www.bluevistaprod.com/nos-realisations/verizon-connect-video-de-presentation/";"virison";0;1;0.00;15.0
"https://www.bluevistaprod.com/nos-realisations/verizon-connect-video-de-presentation/";"vision connect";0;1;0.00;20.0
"https://www.bluevistaprod.com/nos-realisations/verizon-connect-video-de-presentation/";"vistaprod.com";0;1;0.00;91.0
"https://www.bluevistaprod.com/nos-realisations/verizon-connect-video-de-presentation/";"vrizov.com";0;5;0.00;8.6
"https://www.bluevistaprod.com/nos-realisations/verizon-connect-video-de-presentation/";"vz connect";0;3;0.00;25.7
"https://www.bluevistaprod.com/nos-realisations/verizon-connect-video-de-presentation/";"vérizon";0;3;0.00;11.7
"https://www.bluevistaprod.com/nos-realisations/verizon-connect-video-de-presentation/";"vérizon connect";0;25;0.00;13.0
"https://www.bluevistaprod.com/nos-realisations/verizon-connect-video-de-presentation/";"what does verizon";0;1;0.00;19.0
"https://www.bluevistaprod.com/nos-realisations/verizon-connect-video-de-presentation/";"www verizon";0;1;0.00;17.0
"https://www.bluevistaprod.com/nos-realisations/verizon-connect-video-de-presentation/";"فرايزون";0;1;0.00;9.0
"https://www.bluevistaprod.com/realisation-de-film-banques-assurances/";"blue vista";0;5;0.00;1.0
"https://www.bluevistaprod.com/realisation-de-film-banques-assurances/";"bluevista";0;3;0.00;1.0
"https://www.bluevistaprod.com/realisation-de-film-banques-assurances/";"film de securité genève";0;26;0.00;51.8
"https://www.bluevistaprod.com/realisation-de-film-banques-assurances/";"film sur les banques";0;1;0.00;75.0
"https://www.bluevistaprod.com/realisation-de-film-banques-assurances/";"vistaprod.net";0;6;0.00;57.3
"https://www.bluevistaprod.com/realisation-de-film-evenements/";"agence production vidéo genève";0;1;0.00;76.0
"https://www.bluevistaprod.com/realisation-de-film-evenements/";"bluevista";0;7;0.00;4.0
"https://www.bluevistaprod.com/realisation-de-film-evenements/";"bluevista production";0;1;0.00;1.0
"https://www.bluevistaprod.com/realisation-de-film-evenements/";"création de vidéos genève";0;2;0.00;92.0
"https://www.bluevistaprod.com/realisation-de-film-evenements/";"geneva video production";0;4;0.00;7.8
"https://www.bluevistaprod.com/realisation-de-film-evenements/";"luxury video agency geneva";0;32;0.00;8.4
"https://www.bluevistaprod.com/realisation-de-film-evenements/";"production vidéo event";0;153;0.00;41.8
"https://www.bluevistaprod.com/realisation-de-film-evenements/";"production vidéo genève";0;1;0.00;48.0
"https://www.bluevistaprod.com/realisation-de-film-evenements/";"production vidéo événement";0;89;0.00;38.3
"https://www.bluevistaprod.com/realisation-de-film-evenements/";"production vidéo événementielle";0;26;0.00;61.5
"https://www.bluevistaprod.com/realisation-de-film-evenements/";"réalisateur film événementiel";0;2;0.00;99.0
"https://www.bluevistaprod.com/realisation-de-film-evenements/";"réalisation de films à genève";0;3;0.00;55.0
"https://www.bluevistaprod.com/realisation-de-film-evenements/";"réalisation vidéo genève";0;59;0.00;43.8
"https://www.bluevistaprod.com/realisation-de-film-evenements/";"réalisation vidéo événement";0;262;0.00;15.7
"https://www.bluevistaprod.com/realisation-de-film-evenements/";"société réalisation film genève";0;3;0.00;52.7
"https://www.bluevistaprod.com/realisation-de-film-evenements/";"vidaste geneve";0;4;0.00;90.0
"https://www.bluevistaprod.com/realisation-de-film-evenements/";"videaste evenementiel";0;1;0.00;85.0
"https://www.bluevistaprod.com/realisation-de-film-evenements/";"video evenement";0;2;0.00;13.5
"https://www.bluevistaprod.com/realisation-de-film-evenements/";"vidéaste d'entreprise genève";0;2;0.00;77.0
"https://www.bluevistaprod.com/realisation-de-film-evenements/";"vidéaste genève";0;3;0.00;84.7
"https://www.bluevistaprod.com/realisation-de-film-evenements/";"vidéaste pour pme genève";0;4;0.00;41.5
"https://www.bluevistaprod.com/realisation-de-film-evenements/";"vidéo évènement";0;4;0.00;74.8
"https://www.bluevistaprod.com/realisation-de-film-evenements/";"vidéo évènementiel genève";0;154;0.00;9.9
"https://www.bluevistaprod.com/realisation-de-film-evenements/";"vidéo évènements";0;6;0.00;94.0
"https://www.bluevistaprod.com/realisation-de-film-evenements/";"vidéo événement";0;5;0.00;89.2
"https://www.bluevistaprod.com/realisation-de-film-evenements/";"vidéo événementielle suisse";0;123;0.00;35.1
"https://www.bluevistaprod.com/realisation-de-film-evenements/";"vista evenements";0;2;0.00;26.5
"https://www.bluevistaprod.com/realisation-de-film-evenements/";"événementiel genève";0;1;0.00;52.0
"https://www.bluevistaprod.com/realisation-film-entreprise-lyon/";"agence av prod";0;12;0.00;82.3
"https://www.bluevistaprod.com/realisation-film-entreprise-lyon/";"agence communication video lyon";0;46;0.00;64.2
"https://www.bluevistaprod.com/realisation-film-entreprise-lyon/";"agence communication vidéo lyon";0;3;0.00;41.7
"https://www.bluevistaprod.com/realisation-film-entreprise-lyon/";"agence creation film";0;3;0.00;53.3
"https://www.bluevistaprod.com/realisation-film-entreprise-lyon/";"agence création vidéo lyon";0;89;0.00;60.5
"https://www.bluevistaprod.com/realisation-film-entreprise-lyon/";"agence de communication rue victor hugo lyon";0;2;0.00;93.5
"https://www.bluevistaprod.com/realisation-film-entreprise-lyon/";"agence de communication vidéo lyon";0;98;0.00;41.7
"https://www.bluevistaprod.com/realisation-film-entreprise-lyon/";"agence de création vidéo lyon";0;19;0.00;63.6
"https://www.bluevistaprod.com/realisation-film-entreprise-lyon/";"agence de film";0;3;0.00;9.3
"https://www.bluevistaprod.com/realisation-film-entreprise-lyon/";"agence de montage video lyon";0;49;0.00;43.6
"https://www.bluevistaprod.com/realisation-film-entreprise-lyon/";"agence de prod";0;4;0.00;88.8
"https://www.bluevistaprod.com/realisation-film-entreprise-lyon/";"agence de production de motion design à lyon";0;193;0.00;42.5
"https://www.bluevistaprod.com/realisation-film-entreprise-lyon/";"agence de production lyon";0;12;0.00;60.3
"https://www.bluevistaprod.com/realisation-film-entreprise-lyon/";"agence film corporate";0;3;0.00;85.7
"https://www.bluevistaprod.com/realisation-film-entreprise-lyon/";"agence film corporate lyon";0;13;0.00;17.3
"https://www.bluevistaprod.com/realisation-film-entreprise-lyon/";"agence film entreprise";0;22;0.00;64.3
"https://www.bluevistaprod.com/realisation-film-entreprise-lyon/";"agence film institutionnel";0;1;0.00;62.0
"https://www.bluevistaprod.com/realisation-film-entreprise-lyon/";"agence film publicitaire lyon";0;34;0.00;34.4
"https://www.bluevistaprod.com/realisation-film-entreprise-lyon/";"agence marketing vidéo lyon";0;26;0.00;56.7
"https://www.bluevistaprod.com/realisation-film-entreprise-lyon/";"agence motion design lyon";0;7;0.00;97.1
"https://www.bluevistaprod.com/realisation-film-entreprise-lyon/";"agence production lyon";0;12;0.00;67.5
"https://www.bluevistaprod.com/realisation-film-entreprise-lyon/";"agence production vidéo lyon";0;33;0.00;68.7
"https://www.bluevistaprod.com/realisation-film-entreprise-lyon/";"agence video animation";0;22;0.00;83.0
"https://www.bluevistaprod.com/realisation-film-entreprise-lyon/";"agence video brignais";0;13;0.00;85.5
"https://www.bluevistaprod.com/realisation-film-entreprise-lyon/";"agence video corporate";0;1;0.00;31.0
"https://www.bluevistaprod.com/realisation-film-entreprise-lyon/";"agence video entreprise";0;149;0.00;75.6
"https://www.bluevistaprod.com/realisation-film-entreprise-lyon/";"agence video entreprise lyon";0;243;0.00;29.3
"https://www.bluevistaprod.com/realisation-film-entreprise-lyon/";"agence video lyon";0;282;0.00;55.7
"https://www.bluevistaprod.com/realisation-film-entreprise-lyon/";"agence vidéo btp lyon";0;11;0.00;33.0
"https://www.bluevistaprod.com/realisation-film-entreprise-lyon/";"agence vidéo corporate";0;1;0.00;44.0
"https://www.bluevistaprod.com/realisation-film-entreprise-lyon/";"agence vidéo corporate btp lyon";0;77;0.00;32.4
"https://www.bluevistaprod.com/realisation-film-entreprise-lyon/";"agence vidéo corporate industrie lyon";0;16;0.00;29.6
"https://www.bluevistaprod.com/realisation-film-entreprise-lyon/";"agence vidéo corporate santé lyon";0;4;0.00;22.5
"https://www.bluevistaprod.com/realisation-film-entreprise-lyon/";"agence vidéo entreprise";0;4;0.00;43.0
"https://www.bluevistaprod.com/realisation-film-entreprise-lyon/";"agence vidéo lyon";0;514;0.00;56.8
"https://www.bluevistaprod.com/realisation-film-entreprise-lyon/";"agence vidéo lyonnaise";0;17;0.00;28.9
"https://www.bluevistaprod.com/realisation-film-entreprise-lyon/";"agence vidéo rhône";0;3;0.00;12.0
"https://www.bluevistaprod.com/realisation-film-entreprise-lyon/";"agence vidéo à brignais";0;1;0.00;84.0
"https://www.bluevistaprod.com/realisation-film-entreprise-lyon/";"agence vidéo à lyon";0;4;0.00;49.8
"https://www.bluevistaprod.com/realisation-film-entreprise-lyon/";"bluevista lyon";0;5;0.00;1.0
"https://www.bluevistaprod.com/realisation-film-entreprise-lyon/";"bluvista";0;2;0.00;78.0
"https://www.bluevistaprod.com/realisation-film-entreprise-lyon/";"boite de prod lyon";0;182;0.00;38.5
"https://www.bluevistaprod.com/realisation-film-entreprise-lyon/";"boite de prod réalisation film corporate";0;2;0.00;13.5
"https://www.bluevistaprod.com/realisation-film-entreprise-lyon/";"boite de production lyon";0;2;0.00;1.0
"https://www.bluevistaprod.com/realisation-film-entreprise-lyon/";"captation vidéo lyon";0;8;0.00;76.0
"https://www.bluevistaprod.com/realisation-film-entreprise-lyon/";"conception de vidéos sur mesure givors";0;30;0.00;32.9
"https://www.bluevistaprod.com/realisation-film-entreprise-lyon/";"conception de vidéos sur mesure lyon";0;4;0.00;33.5
"https://www.bluevistaprod.com/realisation-film-entreprise-lyon/";"conception de vidéos sur mesure monts du lyonnais";0;56;0.00;8.4
"https://www.bluevistaprod.com/realisation-film-entreprise-lyon/";"corporate film production company";0;1;0.00;97.0
"https://www.bluevistaprod.com/realisation-film-entreprise-lyon/";"corporate video lyon";0;341;0.00;25.6
"https://www.bluevistaprod.com/realisation-film-entreprise-lyon/";"corporate vidéo lyon";0;5;0.00;34.0
"https://www.bluevistaprod.com/realisation-film-entreprise-lyon/";"creation film entreprise";0;113;0.00;25.7
"https://www.bluevistaprod.com/realisation-film-entreprise-lyon/";"creation video entreprise lyon";0;4;0.00;42.8
"https://www.bluevistaprod.com/realisation-film-entreprise-lyon/";"creation video lyon";0;3;0.00;58.7
"https://www.bluevistaprod.com/realisation-film-entreprise-lyon/";"création campagne publicitaire vidéo lyon";0;1;0.00;77.0
"https://www.bluevistaprod.com/realisation-film-entreprise-lyon/";"création video corporate deauville";0;20;0.00;89.1
"https://www.bluevistaprod.com/realisation-film-entreprise-lyon/";"création video corporate rouen";0;5;0.00;93.8
"https://www.bluevistaprod.com/realisation-film-entreprise-lyon/";"création vidéo d'entreprise deauville";0;6;0.00;86.5
"https://www.bluevistaprod.com/realisation-film-entreprise-lyon/";"devis film d'entreprise";0;4;0.00;85.8
"https://www.bluevistaprod.com/realisation-film-entreprise-lyon/";"devis film entreprise";0;15;0.00;84.7
"https://www.bluevistaprod.com/realisation-film-entreprise-lyon/";"devis réalisation vidéo";0;4;0.00;72.0
"https://www.bluevistaprod.com/realisation-film-entreprise-lyon/";"devis réalisation vidéo d'entreprise lyon";0;314;0.00;4.8
"https://www.bluevistaprod.com/realisation-film-entreprise-lyon/";"devis vidéo corporate";0;1;0.00;95.0
"https://www.bluevistaprod.com/realisation-film-entreprise-lyon/";"devis vidéo d'entreprise lyon";0;481;0.00;4.2
"https://www.bluevistaprod.com/realisation-film-entreprise-lyon/";"durée idéale vidéo corporate";0;9;0.00;54.3
"https://www.bluevistaprod.com/realisation-film-entreprise-lyon/";"entreprise de film";0;28;0.00;78.6
"https://www.bluevistaprod.com/realisation-film-entreprise-lyon/";"entreprise de montage vidéo";0;1;0.00;27.0
"https://www.bluevistaprod.com/realisation-film-entreprise-lyon/";"entreprise film";0;4;0.00;83.8
"https://www.bluevistaprod.com/realisation-film-entreprise-lyon/";"entreprise montage video lyon";0;41;0.00;74.8
"https://www.bluevistaprod.com/realisation-film-entreprise-lyon/";"entreprise video";0;102;0.00;46.6
"https://www.bluevistaprod.com/realisation-film-entreprise-lyon/";"entreprise vidéo";0;13;0.00;94.8
"https://www.bluevistaprod.com/realisation-film-entreprise-lyon/";"film 3d lyon";0;1;0.00;96.0
"https://www.bluevistaprod.com/realisation-film-entreprise-lyon/";"film corporate entreprise";0;1;0.00;72.0
"https://www.bluevistaprod.com/realisation-film-entreprise-lyon/";"film corporate haut de gamme";0;12;0.00;62.7
"https://www.bluevistaprod.com/realisation-film-entreprise-lyon/";"film corporate lyon";0;48;0.00;11.9
"https://www.bluevistaprod.com/realisation-film-entreprise-lyon/";"film d entreprise";0;45;0.00;60.7
"https://www.bluevistaprod.com/realisation-film-entreprise-lyon/";"film d entreprise 64";0;5;0.00;39.6
"https://www.bluevistaprod.com/realisation-film-entreprise-lyon/";"film d entreprise lyon";0;495;0.00;18.2
"https://www.bluevistaprod.com/realisation-film-entreprise-lyon/";"film d'entreprise";0;222;0.00;76.7
"https://www.bluevistaprod.com/realisation-film-entreprise-lyon/";"film d'entreprise lyon";0;86;0.00;27.9
"https://www.bluevistaprod.com/realisation-film-entreprise-lyon/";"film d'entreprise sur mesure";0;9;0.00;1.7
"https://www.bluevistaprod.com/realisation-film-entreprise-lyon/";"film d'entreprise voiron";0;14;0.00;85.8
"https://www.bluevistaprod.com/realisation-film-entreprise-lyon/";"film dentreprise";0;2;0.00;85.0
"https://www.bluevistaprod.com/realisation-film-entreprise-lyon/";"film d⠹entreprise santé lyon";0;3;0.00;16.7
"https://www.bluevistaprod.com/realisation-film-entreprise-lyon/";"film entreprise";0;334;0.00;89.5
"https://www.bluevistaprod.com/realisation-film-entreprise-lyon/";"film entreprise lyon";0;585;0.00;21.0
"https://www.bluevistaprod.com/realisation-film-entreprise-lyon/";"film industriel lyon";0;43;0.00;17.9
"https://www.bluevistaprod.com/realisation-film-entreprise-lyon/";"film institutionnel lyon";0;143;0.00;25.5
"https://www.bluevistaprod.com/realisation-film-entreprise-lyon/";"film institutionnel monts du lyonnais";0;61;0.00;17.0
"https://www.bluevistaprod.com/realisation-film-entreprise-lyon/";"film publicitaire lyon";0;11;0.00;47.7
"https://www.bluevistaprod.com/realisation-film-entreprise-lyon/";"filmmaker lyon";0;8;0.00;40.6
"https://www.bluevistaprod.com/realisation-film-entreprise-lyon/";"films d entreprise";0;1;0.00;54.0
"https://www.bluevistaprod.com/realisation-film-entreprise-lyon/";"films entreprise";0;1;0.00;64.0
"https://www.bluevistaprod.com/realisation-film-entreprise-lyon/";"l'entreprise film";0;2;0.00;70.5
"https://www.bluevistaprod.com/realisation-film-entreprise-lyon/";"la boite a film lyon";0;3;0.00;55.7
"https://www.bluevistaprod.com/realisation-film-entreprise-lyon/";"la boite à films lyon";0;7;0.00;55.0
"https://www.bluevistaprod.com/realisation-film-entreprise-lyon/";"lagence film complet youtube";0;1;0.00;47.0
"https://www.bluevistaprod.com/realisation-film-entreprise-lyon/";"les lyonnais film complet";0;1;0.00;49.0
"https://www.bluevistaprod.com/realisation-film-entreprise-lyon/";"montage video entreprise lyon";0;183;0.00;29.6
"https://www.bluevistaprod.com/realisation-film-entreprise-lyon/";"montage video lyon";0;4;0.00;84.3
"https://www.bluevistaprod.com/realisation-film-entreprise-lyon/";"motion design video lyon";0;3;0.00;95.7
"https://www.bluevistaprod.com/realisation-film-entreprise-lyon/";"motion designers monts du lyonnais";0;1;0.00;31.0
"https://www.bluevistaprod.com/realisation-film-entreprise-lyon/";"plateforme vidéo d'entreprise";0;6;0.00;98.5
"https://www.bluevistaprod.com/realisation-film-entreprise-lyon/";"production de films institutionnels et publicitaires lyon";0;1;0.00;93.0
"https://www.bluevistaprod.com/realisation-film-entreprise-lyon/";"production film entreprise lyon";0;288;0.00;26.4
"https://www.bluevistaprod.com/realisation-film-entreprise-lyon/";"production video lyon";0;180;0.00;61.8
"https://www.bluevistaprod.com/realisation-film-entreprise-lyon/";"production vidéo lyon";0;202;0.00;53.2
"https://www.bluevistaprod.com/realisation-film-entreprise-lyon/";"présentation entreprise vidéo lyon";0;187;0.00;29.5
"https://www.bluevistaprod.com/realisation-film-entreprise-lyon/";"présentation vidéo entreprise lyon";0;209;0.00;25.3
"https://www.bluevistaprod.com/realisation-film-entreprise-lyon/";"realisateur film entreprise";0;19;0.00;52.7
"https://www.bluevistaprod.com/realisation-film-entreprise-lyon/";"realisation de video corporate haute garonne";0;10;0.00;90.1
"https://www.bluevistaprod.com/realisation-film-entreprise-lyon/";"realisation film d entreprise";0;30;0.00;23.3
"https://www.bluevistaprod.com/realisation-film-entreprise-lyon/";"realisation film entreprise";0;38;0.00;25.8
"https://www.bluevistaprod.com/realisation-film-entreprise-lyon/";"realisation video entreprise";0;9;0.00;67.0
"https://www.bluevistaprod.com/realisation-film-entreprise-lyon/";"réalisateur video lyon 7";0;2;0.00;80.0
"https://www.bluevistaprod.com/realisation-film-entreprise-lyon/";"réalisateur vidéo lyon gratuit";0;7;0.00;78.4
"https://www.bluevistaprod.com/realisation-film-entreprise-lyon/";"réalisation de film boulogne";0;1;0.00;99.0
"https://www.bluevistaprod.com/realisation-film-entreprise-lyon/";"réalisation de film d'entreprise";0;2;0.00;30.0
"https://www.bluevistaprod.com/realisation-film-entreprise-lyon/";"réalisation de films d'entreprise";0;5;0.00;18.8
"https://www.bluevistaprod.com/realisation-film-entreprise-lyon/";"réalisation de vidéo d'entreprise";0;26;0.00;89.9
"https://www.bluevistaprod.com/realisation-film-entreprise-lyon/";"réalisation film entreprise";0;28;0.00;34.5
"https://www.bluevistaprod.com/realisation-film-entreprise-lyon/";"réalisation vidéo auto";0;7;0.00;70.9
"https://www.bluevistaprod.com/realisation-film-entreprise-lyon/";"réalisation vidéo d'entreprise";0;12;0.00;97.6
"https://www.bluevistaprod.com/realisation-film-entreprise-lyon/";"réalisation vidéo entreprise";0;149;0.00;84.4
"https://www.bluevistaprod.com/realisation-film-entreprise-lyon/";"réalisation vidéo entreprise lyon";0;369;0.00;26.9
"https://www.bluevistaprod.com/realisation-film-entreprise-lyon/";"réalisation vidéo givors";0;6;0.00;46.0
"https://www.bluevistaprod.com/realisation-film-entreprise-lyon/";"réalisation vidéo lyon";0;104;0.00;39.6
"https://www.bluevistaprod.com/realisation-film-entreprise-lyon/";"réalisation vidéo monts du lyonnais";0;14;0.00;18.2
"https://www.bluevistaprod.com/realisation-film-entreprise-lyon/";"réalisations vidéo animée";0;5;0.00;70.0
"https://www.bluevistaprod.com/realisation-film-entreprise-lyon/";"societe realisation film entreprise";0;32;0.00;29.3
"https://www.bluevistaprod.com/realisation-film-entreprise-lyon/";"société de production réalisation de film corporate";0;2;0.00;30.0
"https://www.bluevistaprod.com/realisation-film-entreprise-lyon/";"société de production vidéo lyon";0;9;0.00;75.4
"https://www.bluevistaprod.com/realisation-film-entreprise-lyon/";"société réalisation film";0;2;0.00;66.5
"https://www.bluevistaprod.com/realisation-film-entreprise-lyon/";"société video lyon";0;4;0.00;26.8
"https://www.bluevistaprod.com/realisation-film-entreprise-lyon/";"tarif film entreprise";0;1;0.00;98.0
"https://www.bluevistaprod.com/realisation-film-entreprise-lyon/";"tarif video motion design";0;1;0.00;74.0
"https://www.bluevistaprod.com/realisation-film-entreprise-lyon/";"tournage vidéo lyon";0;6;0.00;38.8
"https://www.bluevistaprod.com/realisation-film-entreprise-lyon/";"tournages corporate";0;1;0.00;93.0
"https://www.bluevistaprod.com/realisation-film-entreprise-lyon/";"tubevista";0;1;0.00;97.0
"https://www.bluevistaprod.com/realisation-film-entreprise-lyon/";"video and film";0;3;0.00;75.3
"https://www.bluevistaprod.com/realisation-film-entreprise-lyon/";"video corporate entreprise haute garonne";0;2;0.00;84.5
"https://www.bluevistaprod.com/realisation-film-entreprise-lyon/";"video corporate lyon";0;272;0.00;19.8
"https://www.bluevistaprod.com/realisation-film-entreprise-lyon/";"video d entreprise lyon";0;259;0.00;24.8
"https://www.bluevistaprod.com/realisation-film-entreprise-lyon/";"video d'entreprise";0;1;0.00;43.0
"https://www.bluevistaprod.com/realisation-film-entreprise-lyon/";"video entreprise lyon";0;473;0.00;38.0
"https://www.bluevistaprod.com/realisation-film-entreprise-lyon/";"video film entreprise";0;15;0.00;86.7
"https://www.bluevistaprod.com/realisation-film-entreprise-lyon/";"video motion design lyon";0;5;0.00;95.6
"https://www.bluevistaprod.com/realisation-film-entreprise-lyon/";"video motion video lyon";0;102;0.00;38.3
"https://www.bluevistaprod.com/realisation-film-entreprise-lyon/";"video pour entreprise lyon";0;281;0.00;22.9
"https://www.bluevistaprod.com/realisation-film-entreprise-lyon/";"video promotionnelle lyon";0;121;0.00;24.0
"https://www.bluevistaprod.com/realisation-film-entreprise-lyon/";"video publicitaire lyon";0;3;0.00;45.7
"https://www.bluevistaprod.com/realisation-film-entreprise-lyon/";"vidéaste d'entreprise";0;8;0.00;84.3
"https://www.bluevistaprod.com/realisation-film-entreprise-lyon/";"vidéaste film entreprise";0;4;0.00;52.3
"https://www.bluevistaprod.com/realisation-film-entreprise-lyon/";"vidéaste pour entreprises givors";0;54;0.00;34.1
"https://www.bluevistaprod.com/realisation-film-entreprise-lyon/";"vidéaste pour entreprises lyon";0;1;0.00;42.0
"https://www.bluevistaprod.com/realisation-film-entreprise-lyon/";"vidéaste pour entreprises monts du lyonnais";0;63;0.00;16.7
"https://www.bluevistaprod.com/realisation-film-entreprise-lyon/";"vidéaste pour entreprises saint-priest";0;8;0.00;44.0
"https://www.bluevistaprod.com/realisation-film-entreprise-lyon/";"vidéo corporate exemple";0;90;0.00;56.8
"https://www.bluevistaprod.com/realisation-film-entreprise-lyon/";"vidéo corporate industrie lyon";0;42;0.00;31.6
"https://www.bluevistaprod.com/realisation-film-entreprise-lyon/";"vidéo corporate santé lyon";0;1;0.00;32.0
"https://www.bluevistaprod.com/realisation-film-entreprise-lyon/";"vidéo de présentation entreprise lyon";0;123;0.00;32.1
"https://www.bluevistaprod.com/realisation-film-entreprise-lyon/";"vidéo entreprise lyon";0;123;0.00;38.3
"https://www.bluevistaprod.com/realisation-film-entreprise-lyon/";"vidéo pour entreprises givors";0;29;0.00;44.0
"https://www.bluevistaprod.com/realisation-film-entreprise-lyon/";"vidéo pour entreprises lyon";0;28;0.00;35.1
"https://www.bluevistaprod.com/realisation-film-entreprise-lyon/";"vidéo pour entreprises monts du lyonnais";0;35;0.00;25.7
"https://www.bluevistaprod.com/realisation-film-entreprise-lyon/";"vidéo pour entreprises saint-priest";0;8;0.00;44.1
"https://www.bluevistaprod.com/realisation-film-entreprise-lyon/";"vidéo promotionnelle entreprise";0;1;0.00;55.0
"https://www.bluevistaprod.com/realisation-film-entreprise-lyon/";"vidéo présentation entreprise lyon";0;136;0.00;28.4
"https://www.bluevistaprod.com/realisation-film-entreprise-lyon/";"vidéo publicitaire lyon";0;2;0.00;35.5
"https://www.bluevistaprod.com/realisation-film-entreprise-lyon/";"vista inspirant";0;21;0.00;57.0
"https://www.bluevistaprod.com/realisation-film-evenementiel/";"film evenementiel";0;11;0.00;17.0
"https://www.bluevistaprod.com/realisation-film-evenementiel/";"film événementiel";0;4;0.00;22.0
"https://www.bluevistaprod.com/realisation-film-evenementiel/";"production film evenementiel";0;194;0.00;14.5
"https://www.bluevistaprod.com/realisation-film-evenementiel/";"production vidéo event";0;3;0.00;81.3
"https://www.bluevistaprod.com/realisation-film-evenementiel/";"production vidéo événement";0;2;0.00;89.5
"https://www.bluevistaprod.com/realisation-film-evenementiel/";"production vidéo événementielle";0;12;0.00;73.4
"https://www.bluevistaprod.com/realisation-film-evenementiel/";"réalisateur film événementiel";0;2;0.00;6.5
"https://www.bluevistaprod.com/realisation-film-evenementiel/";"réalisateur événementiel";0;1;0.00;8.0
"https://www.bluevistaprod.com/realisation-film-evenementiel/";"réalisation vidéo événement";0;52;0.00;28.2
"https://www.bluevistaprod.com/realisation-film-evenementiel/";"vidéo évènementiel genève";0;10;0.00;35.6
"https://www.bluevistaprod.com/realisation-film-industrie/";"blue film productions";0;3;0.00;78.7
"https://www.bluevistaprod.com/realisation-film-industrie/";"blue vista";0;13;0.00;1.0
"https://www.bluevistaprod.com/realisation-film-industrie/";"bluevista";0;11;0.00;1.2
"https://www.bluevistaprod.com/realisation-film-industrie/";"bluevista production";0;15;0.00;1.0
"https://www.bluevistaprod.com/realisation-film-industrie/";"bluvista";0;3;0.00;79.3
"https://www.bluevistaprod.com/realisation-film-industrie/";"devis convaincants";0;2;0.00;94.0
"https://www.bluevistaprod.com/realisation-film-industrie/";"film industrie";0;1;0.00;16.0
"https://www.bluevistaprod.com/realisation-film-industrie/";"filmindustrie";0;2;0.00;4.5
"https://www.bluevistaprod.com/realisation-film-industrie/";"industrie film";0;1;0.00;88.0
"https://www.bluevistaprod.com/realisation-film-industrie/";"kinovista";0;1;0.00;21.0
"https://www.bluevistaprod.com/realisation-film-lancement-produit/";"agence lancements de produits";0;29;0.00;82.4
"https://www.bluevistaprod.com/realisation-film-lancement-produit/";"blue vista";0;9;0.00;1.0
"https://www.bluevistaprod.com/realisation-film-lancement-produit/";"bluevista";0;1;0.00;1.0
"https://www.bluevistaprod.com/realisation-film-lancement-produit/";"bluevista production";0;4;0.00;3.0
"https://www.bluevistaprod.com/realisation-film-lancement-produit/";"créateur film promo";0;1;0.00;48.0
"https://www.bluevistaprod.com/realisation-film-lancement-produit/";"film de lancement de produit";0;309;0.00;4.9
"https://www.bluevistaprod.com/realisation-film-lancement-produit/";"film product";0;5;0.00;9.4
"https://www.bluevistaprod.com/realisation-film-lancement-produit/";"film produit";0;114;0.00;18.1
"https://www.bluevistaprod.com/realisation-film-lancement-produit/";"film vista";0;1;0.00;84.0
"https://www.bluevistaprod.com/realisation-film-lancement-produit/";"lancement de produit geneve";0;54;0.00;8.9
"https://www.bluevistaprod.com/realisation-film-lancement-produit/";"lancement de produit lyon";0;7;0.00;81.0
"https://www.bluevistaprod.com/realisation-film-lancement-produit/";"lancement film";0;142;0.00;6.8
"https://www.bluevistaprod.com/realisation-film-lancement-produit/";"product cinematic";0;2;0.00;17.5
"https://www.bluevistaprod.com/realisation-film-lancement-produit/";"product film";0;3;0.00;8.3
"https://www.bluevistaprod.com/realisation-film-lancement-produit/";"product launch";0;1;0.00;110.0
"https://www.bluevistaprod.com/realisation-film-lancement-produit/";"product launch film";0;222;0.00;4.2
"https://www.bluevistaprod.com/realisation-film-lancement-produit/";"product video services";0;1;0.00;5.0
"https://www.bluevistaprod.com/realisation-film-lancement-produit/";"production film de marque genève";0;9;0.00;14.3
"https://www.bluevistaprod.com/realisation-film-lancement-produit/";"production video startup";0;7;0.00;93.7
"https://www.bluevistaprod.com/realisation-film-lancement-produit/";"realisation de";0;1;0.00;77.0
"https://www.bluevistaprod.com/realisation-film-lancement-produit/";"realisation de film";0;7;0.00;31.9
"https://www.bluevistaprod.com/realisation-film-lancement-produit/";"realisation film";0;5;0.00;25.2
"https://www.bluevistaprod.com/realisation-film-lancement-produit/";"realisation video";0;22;0.00;87.4
"https://www.bluevistaprod.com/realisation-film-lancement-produit/";"réalisation de film";0;23;0.00;33.9
"https://www.bluevistaprod.com/realisation-film-lancement-produit/";"réalisation de films";0;94;0.00;24.4
"https://www.bluevistaprod.com/realisation-film-lancement-produit/";"réalisation film";0;98;0.00;59.2
"https://www.bluevistaprod.com/realisation-film-lancement-produit/";"réalisation film de promotion";0;81;0.00;71.7
"https://www.bluevistaprod.com/realisation-film-lancement-produit/";"video lancement produit";0;14;0.00;15.8
"https://www.bluevistaprod.com/realisation-film-lancement-produit/";"video produit";0;49;0.00;45.5
"https://www.bluevistaprod.com/realisation-film-lancement-produit/";"video realisation";0;1;0.00;95.0
"https://www.bluevistaprod.com/realisation-film-lancement-produit/";"vidéo produit";0;164;0.00;80.2
"https://www.bluevistaprod.com/realisation-film-lancement-produit/";"vidéographie du produit";0;2;0.00;30.0
"https://www.bluevistaprod.com/realisation-film-sante/";"agence audiovisuelle industrie pharmaceutique";0;8;0.00;10.5
"https://www.bluevistaprod.com/realisation-film-sante/";"agence vidéo corporate santé france";0;117;0.00;18.1
"https://www.bluevistaprod.com/realisation-film-sante/";"agence vidéo corporate santé lyon";0;119;0.00;10.0
"https://www.bluevistaprod.com/realisation-film-sante/";"agence vidéo corporate santé paris";0;29;0.00;8.1
"https://www.bluevistaprod.com/realisation-film-sante/";"agence vidéo médicale";0;18;0.00;28.8
"https://www.bluevistaprod.com/realisation-film-sante/";"agence vidéo santé";0;119;0.00;18.5
"https://www.bluevistaprod.com/realisation-film-sante/";"agence vidéo santé france";0;91;0.00;18.5
"https://www.bluevistaprod.com/realisation-film-sante/";"agence vidéo santé lyon";0;99;0.00;7.6
"https://www.bluevistaprod.com/realisation-film-sante/";"agence vidéo santé paris";0;31;0.00;10.0
"https://www.bluevistaprod.com/realisation-film-sante/";"agence vidéo secteur santé";0;101;0.00;18.1
"https://www.bluevistaprod.com/realisation-film-sante/";"blue vista";0;23;0.00;1.0
"https://www.bluevistaprod.com/realisation-film-sante/";"bluevista";0;46;0.00;1.3
"https://www.bluevistaprod.com/realisation-film-sante/";"bluevista lyon";0;2;0.00;1.0
"https://www.bluevistaprod.com/realisation-film-sante/";"bluevista production";0;28;0.00;1.0
"https://www.bluevistaprod.com/realisation-film-sante/";"entreprise audiovisuelle lyon";0;16;0.00;72.8
"https://www.bluevistaprod.com/realisation-film-sante/";"film d entreprise lyon";0;19;0.00;90.6
"https://www.bluevistaprod.com/realisation-film-sante/";"film entreprise lyon";0;4;0.00;69.5
"https://www.bluevistaprod.com/realisation-film-sante/";"film pharmaceutique lyon";0;70;0.00;2.1
"https://www.bluevistaprod.com/realisation-film-sante/";"film sur la santé";0;2;0.00;65.5
"https://www.bluevistaprod.com/realisation-film-sante/";"production audiovisuelle médical";0;53;0.00;21.9
"https://www.bluevistaprod.com/realisation-film-sante/";"production audiovisuelle santé";0;115;0.00;13.7
"https://www.bluevistaprod.com/realisation-film-sante/";"production audiovisuelle santé france";0;32;0.00;18.3
"https://www.bluevistaprod.com/realisation-film-sante/";"production audiovisuelle santé lyon";0;109;0.00;2.2
"https://www.bluevistaprod.com/realisation-film-sante/";"production audiovisuelle santé paris";0;49;0.00;7.2
"https://www.bluevistaprod.com/realisation-film-sante/";"production audiovisuelle secteur médical";0;5;0.00;16.4
"https://www.bluevistaprod.com/realisation-film-sante/";"production film médical";0;13;0.00;8.5
"https://www.bluevistaprod.com/realisation-film-sante/";"production vidéo médical";0;57;0.00;23.3
"https://www.bluevistaprod.com/realisation-film-sante/";"production vidéo médicale";0;11;0.00;28.9
"https://www.bluevistaprod.com/realisation-film-sante/";"production vidéo santé";0;421;0.00;18.4
"https://www.bluevistaprod.com/realisation-film-sante/";"réalisation film médical";0;29;0.00;2.7
"https://www.bluevistaprod.com/realisation-film-sante/";"réalisation vidéo médical";0;51;0.00;27.4
"https://www.bluevistaprod.com/realisation-film-sante/";"réalisation vidéo médicale";0;28;0.00;20.3
"https://www.bluevistaprod.com/realisation-film-sante/";"réalisation vidéo santé";0;72;0.00;15.1
"https://www.bluevistaprod.com/realisation-film-sante/";"société production audiovisuelle spécialisée santé";0;31;0.00;41.3
"https://www.bluevistaprod.com/realisation-film-sante/";"tournage médical";0;5;0.00;93.2
"https://www.bluevistaprod.com/realisation-film-sante/";"vidéo corporate santé france";0;27;0.00;18.4
"https://www.bluevistaprod.com/realisation-film-sante/";"vidéo corporate santé lyon";0;150;0.00;8.5
"https://www.bluevistaprod.com/realisation-film-sante/";"vidéo corporate santé paris";0;76;0.00;6.3
"https://www.bluevistaprod.com/realisation-film-sante/";"vidéo publicitaire santé lyon";0;23;0.00;17.0
"https://www.bluevistaprod.com/realisation-film-sante/";"vista santé";0;2;0.00;87.0
"https://www.bluevistaprod.com/realisation-film-territoires/";"blue vista";0;1;0.00;1.0
"https://www.bluevistaprod.com/realisation-film-territoires/";"bluevista";0;4;0.00;1.5
"https://www.bluevistaprod.com/realisation-film-territoires/";"film promotion territoire";0;4;0.00;32.3
"https://www.bluevistaprod.com/realisation-film-territoires/";"post production genève";0;1;0.00;57.0
"https://www.bluevistaprod.com/realisation-video-geneve/";"agence de production audiovisuelle";0;1;0.00;2.0
"https://www.bluevistaprod.com/realisation-video-geneve/";"agence de production vidéo genève";0;23;0.00;65.7
"https://www.bluevistaprod.com/realisation-video-geneve/";"agence de production vidéos genève";0;1;0.00;31.0
"https://www.bluevistaprod.com/realisation-video-geneve/";"agence montage vidéo";0;3;0.00;91.0
"https://www.bluevistaprod.com/realisation-video-geneve/";"agence production audiovisuelle geneve";0;1;0.00;2.0
"https://www.bluevistaprod.com/realisation-video-geneve/";"agence vidéo de luxe genève";0;11;0.00;27.8
"https://www.bluevistaprod.com/realisation-video-geneve/";"agence vidéo geneve";0;24;0.00;23.3
"https://www.bluevistaprod.com/realisation-video-geneve/";"agence vidéo genève";0;68;0.00;17.7
"https://www.bluevistaprod.com/realisation-video-geneve/";"animation 3d genève";0;27;0.00;42.0
"https://www.bluevistaprod.com/realisation-video-geneve/";"blue vista";0;1;0.00;1.0
"https://www.bluevistaprod.com/realisation-video-geneve/";"bluevista";0;15;0.00;1.7
"https://www.bluevistaprod.com/realisation-video-geneve/";"bluevista production";0;4;0.00;4.3
"https://www.bluevistaprod.com/realisation-video-geneve/";"boite de prod genève";0;184;0.00;56.0
"https://www.bluevistaprod.com/realisation-video-geneve/";"boite production genève";0;1;0.00;87.0
"https://www.bluevistaprod.com/realisation-video-geneve/";"cameraman genève";0;3;0.00;98.3
"https://www.bluevistaprod.com/realisation-video-geneve/";"cameraman in geneva";0;12;0.00;89.1
"https://www.bluevistaprod.com/realisation-video-geneve/";"captation vidéo geneve";0;65;0.00;35.2
"https://www.bluevistaprod.com/realisation-video-geneve/";"corporate video geneva";0;16;0.00;15.9
"https://www.bluevistaprod.com/realisation-video-geneve/";"corporate video production geneva";0;185;0.00;4.0
"https://www.bluevistaprod.com/realisation-video-geneve/";"création de vidéos genève";0;1;0.00;9.0
"https://www.bluevistaprod.com/realisation-video-geneve/";"entreprise de montage vidéo";0;4;0.00;72.5
"https://www.bluevistaprod.com/realisation-video-geneve/";"film corporate haut de gamme";0;4;0.00;68.8
"https://www.bluevistaprod.com/realisation-video-geneve/";"film d'entreprise geneve";0;81;0.00;22.8
"https://www.bluevistaprod.com/realisation-video-geneve/";"film d'entreprise genève";0;28;0.00;19.9
"https://www.bluevistaprod.com/realisation-video-geneve/";"geneva video production";0;291;0.00;11.2
"https://www.bluevistaprod.com/realisation-video-geneve/";"montage video genève";0;94;0.00;48.9
"https://www.bluevistaprod.com/realisation-video-geneve/";"motion design geneve";0;5;0.00;91.0
"https://www.bluevistaprod.com/realisation-video-geneve/";"motion design genève";0;14;0.00;39.8
"https://www.bluevistaprod.com/realisation-video-geneve/";"production audiovisuelle geneve";0;2;0.00;34.0
"https://www.bluevistaprod.com/realisation-video-geneve/";"production audiovisuelle genève";0;5;0.00;53.8
"https://www.bluevistaprod.com/realisation-video-geneve/";"production video geneve";0;44;0.00;55.6
"https://www.bluevistaprod.com/realisation-video-geneve/";"production vidéo corporate genève";0;22;0.00;18.3
"https://www.bluevistaprod.com/realisation-video-geneve/";"production vidéo d'entreprise suisse";0;5;0.00;5.0
"https://www.bluevistaprod.com/realisation-video-geneve/";"production vidéo genève";0;27;0.00;37.1
"https://www.bluevistaprod.com/realisation-video-geneve/";"realisation video";0;30;0.00;45.4
"https://www.bluevistaprod.com/realisation-video-geneve/";"realisation video suisse";0;70;0.00;58.7
"https://www.bluevistaprod.com/realisation-video-geneve/";"réalisation de films à genève";0;43;0.00;16.3
"https://www.bluevistaprod.com/realisation-video-geneve/";"réalisation video";0;8;0.00;36.5
"https://www.bluevistaprod.com/realisation-video-geneve/";"réalisation vidéo";0;56;0.00;41.8
"https://www.bluevistaprod.com/realisation-video-geneve/";"réalisation vidéo entreprise";0;2;0.00;16.5
"https://www.bluevistaprod.com/realisation-video-geneve/";"réalisation vidéo genève";0;51;0.00;21.2
"https://www.bluevistaprod.com/realisation-video-geneve/";"societe de production video geneve";0;9;0.00;56.1
"https://www.bluevistaprod.com/realisation-video-geneve/";"société de montage vidéo";0;3;0.00;83.3
"https://www.bluevistaprod.com/realisation-video-geneve/";"société de production audiovisuelle suisse";0;1;0.00;1.0
"https://www.bluevistaprod.com/realisation-video-geneve/";"société de production vidéo genève";0;40;0.00;41.3
"https://www.bluevistaprod.com/realisation-video-geneve/";"société production vidéo genève";0;12;0.00;73.8
"https://www.bluevistaprod.com/realisation-video-geneve/";"société réalisation film genève";0;27;0.00;28.1
"https://www.bluevistaprod.com/realisation-video-geneve/";"tournage drone genève";0;8;0.00;43.1
"https://www.bluevistaprod.com/realisation-video-geneve/";"vidaste geneve";0;4;0.00;71.8
"https://www.bluevistaprod.com/realisation-video-geneve/";"videaste geneve";0;19;0.00;22.2
"https://www.bluevistaprod.com/realisation-video-geneve/";"video production agency geneva";0;2;0.00;79.0
"https://www.bluevistaprod.com/realisation-video-geneve/";"video production geneva";0;87;0.00;43.3
"https://www.bluevistaprod.com/realisation-video-geneve/";"video realisation";0;1;0.00;73.0
"https://www.bluevistaprod.com/realisation-video-geneve/";"vidéaste d'entreprise genève";0;65;0.00;14.9
"https://www.bluevistaprod.com/realisation-video-geneve/";"vidéaste genève";0;40;0.00;69.0
"https://www.bluevistaprod.com/realisation-video-geneve/";"vidéo 360 genève";0;4;0.00;33.0
"https://www.bluevistaprod.com/realisation-video-geneve/";"vidéo production genève";0;24;0.00;46.2
"https://www.bluevistaprod.com/realisation-video-geneve/";"vistaprod.net";0;4;0.00;67.8
"https://www.bluevistaprod.com/studio-animation-3d-lyon/";"(france or français or francaise or paris or lyon) (""architectural visualization"" or ""architectural visualisation"" or archviz or cgi or ""3d rendering"") (studio or agency or ""agence"") (contact or ""nous contacter"") -jobs -careers -emploi -recrutement";0;1;0.00;66.0
"https://www.bluevistaprod.com/studio-animation-3d-lyon/";"2d studio";0;1;0.00;8.0
"https://www.bluevistaprod.com/studio-animation-3d-lyon/";"3d animation school in lyon";0;7;0.00;35.0
"https://www.bluevistaprod.com/studio-animation-3d-lyon/";"3d animation studio";0;74;0.00;29.7
"https://www.bluevistaprod.com/studio-animation-3d-lyon/";"3d animation studios";0;3;0.00;22.3
"https://www.bluevistaprod.com/studio-animation-3d-lyon/";"3d creation lyon";0;1;0.00;96.0
"https://www.bluevistaprod.com/studio-animation-3d-lyon/";"3d lyon";0;10;0.00;39.8
"https://www.bluevistaprod.com/studio-animation-3d-lyon/";"3d machine animation studio";0;1;0.00;15.0
"https://www.bluevistaprod.com/studio-animation-3d-lyon/";"3dcg animation studio";0;1;0.00;11.0
"https://www.bluevistaprod.com/studio-animation-3d-lyon/";"agence 3d lyon";0;57;0.00;10.9
"https://www.bluevistaprod.com/studio-animation-3d-lyon/";"agence animation 3d";0;175;0.00;33.9
"https://www.bluevistaprod.com/studio-animation-3d-lyon/";"agence d'animation 3d";0;10;0.00;33.2
"https://www.bluevistaprod.com/studio-animation-3d-lyon/";"agence de communication 3d lyon";0;25;0.00;67.1
"https://www.bluevistaprod.com/studio-animation-3d-lyon/";"agence de production de motion design à lyon";0;8;0.00;71.9
"https://www.bluevistaprod.com/studio-animation-3d-lyon/";"agence de studios d animation";0;42;0.00;30.8
"https://www.bluevistaprod.com/studio-animation-3d-lyon/";"agence de studios d’animation";0;43;0.00;30.3
"https://www.bluevistaprod.com/studio-animation-3d-lyon/";"agence dessin animé";0;7;0.00;90.7
"https://www.bluevistaprod.com/studio-animation-3d-lyon/";"agence motion design lyon";0;260;0.00;80.3
"https://www.bluevistaprod.com/studio-animation-3d-lyon/";"aimation studio";0;1;0.00;4.0
"https://www.bluevistaprod.com/studio-animation-3d-lyon/";"anim studio";0;3;0.00;7.7
"https://www.bluevistaprod.com/studio-animation-3d-lyon/";"animation 3d architecture lyon";0;4;0.00;25.3
"https://www.bluevistaprod.com/studio-animation-3d-lyon/";"animation 3d bâtiment lyon";0;1;0.00;36.0
"https://www.bluevistaprod.com/studio-animation-3d-lyon/";"animation 3d film";0;1;0.00;86.0
"https://www.bluevistaprod.com/studio-animation-3d-lyon/";"animation 3d genève";0;68;0.00;5.3
"https://www.bluevistaprod.com/studio-animation-3d-lyon/";"animation 3d immobilière lyon";0;11;0.00;14.6
"https://www.bluevistaprod.com/studio-animation-3d-lyon/";"animation 3d maison lyon";0;11;0.00;16.0
"https://www.bluevistaprod.com/studio-animation-3d-lyon/";"animation 3d photoréaliste lyon";0;114;0.00;3.1
"https://www.bluevistaprod.com/studio-animation-3d-lyon/";"animation 3d projet immobilier lyon";0;1;0.00;36.0
"https://www.bluevistaprod.com/studio-animation-3d-lyon/";"animation film studio";0;1;0.00;9.0
"https://www.bluevistaprod.com/studio-animation-3d-lyon/";"animation lyon";0;3;0.00;16.0
"https://www.bluevistaprod.com/studio-animation-3d-lyon/";"animation photo lyon";0;6;0.00;39.3
"https://www.bluevistaprod.com/studio-animation-3d-lyon/";"animation roanne lyon";0;13;0.00;43.9
"https://www.bluevistaprod.com/studio-animation-3d-lyon/";"animation silhouette lyon";0;2;0.00;58.5
"https://www.bluevistaprod.com/studio-animation-3d-lyon/";"animation silhouettiste lyon";0;29;0.00;92.0
"https://www.bluevistaprod.com/studio-animation-3d-lyon/";"animation studio";0;14;0.00;51.9
"https://www.bluevistaprod.com/studio-animation-3d-lyon/";"animation studio 3d";0;18;0.00;28.8
"https://www.bluevistaprod.com/studio-animation-3d-lyon/";"animation studio lyon";0;10;0.00;12.2
"https://www.bluevistaprod.com/studio-animation-3d-lyon/";"animation studios near me";0;2;0.00;7.0
"https://www.bluevistaprod.com/studio-animation-3d-lyon/";"animations studio";0;4;0.00;60.8
"https://www.bluevistaprod.com/studio-animation-3d-lyon/";"anime studio 3d";0;3;0.00;25.3
"https://www.bluevistaprod.com/studio-animation-3d-lyon/";"arka studio lyon";0;12;0.00;48.6
"https://www.bluevistaprod.com/studio-animation-3d-lyon/";"associations graphismes design 2d et 3d lyon";0;3;0.00;37.3
"https://www.bluevistaprod.com/studio-animation-3d-lyon/";"bachelor animation 3d lyon";0;25;0.00;93.6
"https://www.bluevistaprod.com/studio-animation-3d-lyon/";"boite d animation";0;10;0.00;45.1
"https://www.bluevistaprod.com/studio-animation-3d-lyon/";"cartoon lyon";0;2;0.00;46.5
"https://www.bluevistaprod.com/studio-animation-3d-lyon/";"cinema 3d lyon";0;3;0.00;19.0
"https://www.bluevistaprod.com/studio-animation-3d-lyon/";"cinéma 3d lyon";0;10;0.00;12.4
"https://www.bluevistaprod.com/studio-animation-3d-lyon/";"cinéma d animation 3d";0;2;0.00;82.5
"https://www.bluevistaprod.com/studio-animation-3d-lyon/";"complexe audiovisuel lyon";0;1;0.00;62.0
"https://www.bluevistaprod.com/studio-animation-3d-lyon/";"d-studio 3d";0;1;0.00;7.0
"https://www.bluevistaprod.com/studio-animation-3d-lyon/";"dessin animé lyon";0;16;0.00;17.9
"https://www.bluevistaprod.com/studio-animation-3d-lyon/";"ds animation";0;7;0.00;68.4
"https://www.bluevistaprod.com/studio-animation-3d-lyon/";"ecole animation 3d lyon";0;22;0.00;80.8
"https://www.bluevistaprod.com/studio-animation-3d-lyon/";"en 3d";0;1;0.00;12.0
"https://www.bluevistaprod.com/studio-animation-3d-lyon/";"entreprise 3d lyon";0;9;0.00;9.1
"https://www.bluevistaprod.com/studio-animation-3d-lyon/";"entreprise animation";0;6;0.00;39.7
"https://www.bluevistaprod.com/studio-animation-3d-lyon/";"entreprise animation 2d";0;4;0.00;60.8
"https://www.bluevistaprod.com/studio-animation-3d-lyon/";"entreprise animation 2d 3d";0;11;0.00;12.0
"https://www.bluevistaprod.com/studio-animation-3d-lyon/";"entreprise animation 3d";0;147;0.00;17.8
"https://www.bluevistaprod.com/studio-animation-3d-lyon/";"entreprise d animation";0;10;0.00;60.9
"https://www.bluevistaprod.com/studio-animation-3d-lyon/";"entreprise d'animation";0;11;0.00;40.5
"https://www.bluevistaprod.com/studio-animation-3d-lyon/";"entreprise d'animation 2d";0;32;0.00;81.8
"https://www.bluevistaprod.com/studio-animation-3d-lyon/";"entreprise d'animation 3d";0;13;0.00;16.1
"https://www.bluevistaprod.com/studio-animation-3d-lyon/";"entreprise de dessin animé";0;7;0.00;15.0
"https://www.bluevistaprod.com/studio-animation-3d-lyon/";"film 3d promotion immobilière lyon";0;2;0.00;18.5
"https://www.bluevistaprod.com/studio-animation-3d-lyon/";"film animation studio";0;5;0.00;63.4
"https://www.bluevistaprod.com/studio-animation-3d-lyon/";"film animation studios";0;1;0.00;66.0
"https://www.bluevistaprod.com/studio-animation-3d-lyon/";"film d animation 3d immobilier lyon";0;6;0.00;24.0
"https://www.bluevistaprod.com/studio-animation-3d-lyon/";"film d animation pour architecte lyon";0;20;0.00;14.4
"https://www.bluevistaprod.com/studio-animation-3d-lyon/";"film entreprise animation 3d";0;5;0.00;11.8
"https://www.bluevistaprod.com/studio-animation-3d-lyon/";"film milles mots";0;1;0.00;64.0
"https://www.bluevistaprod.com/studio-animation-3d-lyon/";"formation animation 3d lyon";0;27;0.00;76.9
"https://www.bluevistaprod.com/studio-animation-3d-lyon/";"formation cinema d'animation 3d lyon";0;6;0.00;52.3
"https://www.bluevistaprod.com/studio-animation-3d-lyon/";"formation cinéma d'animation 3d lyon";0;4;0.00;92.5
"https://www.bluevistaprod.com/studio-animation-3d-lyon/";"hocus pocus lyon";0;2;0.00;67.0
"https://www.bluevistaprod.com/studio-animation-3d-lyon/";"image de synthèse 3d lyon";0;9;0.00;16.6
"https://www.bluevistaprod.com/studio-animation-3d-lyon/";"image interactive 3d lyon";0;82;0.00;8.7
"https://www.bluevistaprod.com/studio-animation-3d-lyon/";"le studio 3d";0;1;0.00;74.0
"https://www.bluevistaprod.com/studio-animation-3d-lyon/";"modélisation 3d lyon";0;157;0.00;47.9
"https://www.bluevistaprod.com/studio-animation-3d-lyon/";"motion design lyon";0;137;0.00;86.7
"https://www.bluevistaprod.com/studio-animation-3d-lyon/";"motion design video lyon";0;2;0.00;88.0
"https://www.bluevistaprod.com/studio-animation-3d-lyon/";"production animation 3d";0;1;0.00;4.0
"https://www.bluevistaprod.com/studio-animation-3d-lyon/";"présentation interactive 3d lyon";0;118;0.00;7.3
"https://www.bluevistaprod.com/studio-animation-3d-lyon/";"rendu 3d interactif photoréaliste lyon";0;117;0.00;7.8
"https://www.bluevistaprod.com/studio-animation-3d-lyon/";"rendu 3d photoréaliste lyon";0;55;0.00;12.7
"https://www.bluevistaprod.com/studio-animation-3d-lyon/";"réalisation animation 3d";0;3;0.00;89.7
"https://www.bluevistaprod.com/studio-animation-3d-lyon/";"salon 3d lyon";0;1;0.00;18.0
"https://www.bluevistaprod.com/studio-animation-3d-lyon/";"societe animation";0;3;0.00;68.3
"https://www.bluevistaprod.com/studio-animation-3d-lyon/";"societe d animation";0;12;0.00;75.7
"https://www.bluevistaprod.com/studio-animation-3d-lyon/";"société animation";0;3;0.00;69.0
"https://www.bluevistaprod.com/studio-animation-3d-lyon/";"société animation 3d";0;43;0.00;32.1
"https://www.bluevistaprod.com/studio-animation-3d-lyon/";"société d animation";0;4;0.00;32.8
"https://www.bluevistaprod.com/studio-animation-3d-lyon/";"société d'animation";0;14;0.00;37.4
"https://www.bluevistaprod.com/studio-animation-3d-lyon/";"stim studio lyon";0;1;0.00;51.0
"https://www.bluevistaprod.com/studio-animation-3d-lyon/";"studio 3 d";0;1;0.00;3.0
"https://www.bluevistaprod.com/studio-animation-3d-lyon/";"studio 3d";0;7;0.00;7.4
"https://www.bluevistaprod.com/studio-animation-3d-lyon/";"studio 3d audiovisuel";0;3;0.00;15.7
"https://www.bluevistaprod.com/studio-animation-3d-lyon/";"studio 3d france";0;3;0.00;83.3
"https://www.bluevistaprod.com/studio-animation-3d-lyon/";"studio 43 lyon";0;1;0.00;59.0
"https://www.bluevistaprod.com/studio-animation-3d-lyon/";"studio animation ""3d";0;1759;0.00;31.6
"https://www.bluevistaprod.com/studio-animation-3d-lyon/";"studio animation 2d";0;1;0.00;61.0
"https://www.bluevistaprod.com/studio-animation-3d-lyon/";"studio animation 2d bordeaux";0;1;0.00;80.0
"https://www.bluevistaprod.com/studio-animation-3d-lyon/";"studio animation 2d france";0;1;0.00;83.0
"https://www.bluevistaprod.com/studio-animation-3d-lyon/";"studio animation 3d france";0;83;0.00;68.2
"https://www.bluevistaprod.com/studio-animation-3d-lyon/";"studio animation 3d luxe";0;89;0.00;47.8
"https://www.bluevistaprod.com/studio-animation-3d-lyon/";"studio animation luxe";0;145;0.00;51.1
"https://www.bluevistaprod.com/studio-animation-3d-lyon/";"studio animation médicale 3d";0;2;0.00;94.0
"https://www.bluevistaprod.com/studio-animation-3d-lyon/";"studio animations";0;1;0.00;4.0
"https://www.bluevistaprod.com/studio-animation-3d-lyon/";"studio cinema lyon";0;12;0.00;23.3
"https://www.bluevistaprod.com/studio-animation-3d-lyon/";"studio cinéma lyon";0;6;0.00;23.2
"https://www.bluevistaprod.com/studio-animation-3d-lyon/";"studio créatif lyon";0;1;0.00;94.0
"https://www.bluevistaprod.com/studio-animation-3d-lyon/";"studio d animation";0;103;0.00;48.6
"https://www.bluevistaprod.com/studio-animation-3d-lyon/";"studio d animation 3d";0;20;0.00;18.9
"https://www.bluevistaprod.com/studio-animation-3d-lyon/";"studio d animation et de film";0;6;0.00;77.2
"https://www.bluevistaprod.com/studio-animation-3d-lyon/";"studio d animation lyon";0;17;0.00;10.8
"https://www.bluevistaprod.com/studio-animation-3d-lyon/";"studio d'animation";0;183;0.00;53.3
"https://www.bluevistaprod.com/studio-animation-3d-lyon/";"studio d'animation 2d";0;1;0.00;36.0
"https://www.bluevistaprod.com/studio-animation-3d-lyon/";"studio d'animation 2d 3d";0;58;0.00;7.0
"https://www.bluevistaprod.com/studio-animation-3d-lyon/";"studio d'animation 2d français";0;3;0.00;80.3
"https://www.bluevistaprod.com/studio-animation-3d-lyon/";"studio d'animation 3d france";0;53;0.00;73.4
"https://www.bluevistaprod.com/studio-animation-3d-lyon/";"studio d'animation dessin animé";0;1;0.00;41.0
"https://www.bluevistaprod.com/studio-animation-3d-lyon/";"studio de création 3d";0;1;0.00;86.0
"https://www.bluevistaprod.com/studio-animation-3d-lyon/";"studio de création 3d lyon";0;56;0.00;11.8
"https://www.bluevistaprod.com/studio-animation-3d-lyon/";"studio de dessin animé";0;3;0.00;11.7
"https://www.bluevistaprod.com/studio-animation-3d-lyon/";"studio de production 3d";0;6;0.00;23.7
"https://www.bluevistaprod.com/studio-animation-3d-lyon/";"studio de rendu 3d lyon";0;60;0.00;10.6
"https://www.bluevistaprod.com/studio-animation-3d-lyon/";"studio dessin";0;6;0.00;9.3
"https://www.bluevistaprod.com/studio-animation-3d-lyon/";"studio dessin animé";0;8;0.00;31.3
"https://www.bluevistaprod.com/studio-animation-3d-lyon/";"studio dessins animés";0;2;0.00;96.5
"https://www.bluevistaprod.com/studio-animation-3d-lyon/";"studio développement vr lyon";0;47;0.00;31.4
"https://www.bluevistaprod.com/studio-animation-3d-lyon/";"studio d’animation";0;1;0.00;66.0
"https://www.bluevistaprod.com/studio-animation-3d-lyon/";"studio film animation";0;4;0.00;38.3
"https://www.bluevistaprod.com/studio-animation-3d-lyon/";"studio jeu video lyon";0;2;0.00;96.0
"https://www.bluevistaprod.com/studio-animation-3d-lyon/";"studio jeux video lyon";0;1;0.00;81.0
"https://www.bluevistaprod.com/studio-animation-3d-lyon/";"studio modélisation 3d";0;4;0.00;18.5
"https://www.bluevistaprod.com/studio-animation-3d-lyon/";"studio motion design lyon";0;267;0.00;53.7
"https://www.bluevistaprod.com/studio-animation-3d-lyon/";"studio tv lyon";0;3;0.00;75.7
"https://www.bluevistaprod.com/studio-animation-3d-lyon/";"studio vfx lyon";0;9;0.00;33.6
"https://www.bluevistaprod.com/studio-animation-3d-lyon/";"studio vr lyon";0;93;0.00;18.6
"https://www.bluevistaprod.com/studio-animation-3d-lyon/";"studios 3d";0;104;0.00;56.5
"https://www.bluevistaprod.com/studio-animation-3d-lyon/";"studios animation";0;1;0.00;11.0
"https://www.bluevistaprod.com/studio-animation-3d-lyon/";"studios d'animation";0;7;0.00;70.7
"https://www.bluevistaprod.com/studio-animation-3d-lyon/";"video motion design lyon";0;6;0.00;81.8
"https://www.bluevistaprod.com/studio-animation-3d-paris/";"2d 3d animation studio";0;4;0.00;67.8
"https://www.bluevistaprod.com/studio-animation-3d-paris/";"3d agency paris";0;1;0.00;16.0
"https://www.bluevistaprod.com/studio-animation-3d-paris/";"3d animation agency";0;48;0.00;83.1
"https://www.bluevistaprod.com/studio-animation-3d-paris/";"3d animation company";0;108;0.00;31.6
"https://www.bluevistaprod.com/studio-animation-3d-paris/";"3d animation production";0;1;0.00;97.0
"https://www.bluevistaprod.com/studio-animation-3d-paris/";"3d animation studios";0;71;0.00;44.4
"https://www.bluevistaprod.com/studio-animation-3d-paris/";"3d machine animation agency";0;1;0.00;74.0
"https://www.bluevistaprod.com/studio-animation-3d-paris/";"3d machine animation studio";0;1;0.00;64.0
"https://www.bluevistaprod.com/studio-animation-3d-paris/";"3d motion design studio";0;2;0.00;98.0
"https://www.bluevistaprod.com/studio-animation-3d-paris/";"3d product animation agency";0;1;0.00;87.0
"https://www.bluevistaprod.com/studio-animation-3d-paris/";"3d production studio";0;1;0.00;9.0
"https://www.bluevistaprod.com/studio-animation-3d-paris/";"3d studios";0;2;0.00;28.5
"https://www.bluevistaprod.com/studio-animation-3d-paris/";"3d studios near me";0;1;0.00;9.0
"https://www.bluevistaprod.com/studio-animation-3d-paris/";"3d vista";0;1;0.00;77.0
"https://www.bluevistaprod.com/studio-animation-3d-paris/";"agence animation 3d";0;201;0.00;32.2
"https://www.bluevistaprod.com/studio-animation-3d-paris/";"agence communication 3d";0;1;0.00;94.0
"https://www.bluevistaprod.com/studio-animation-3d-paris/";"agence d'animation 3d";0;25;0.00;27.1
"https://www.bluevistaprod.com/studio-animation-3d-paris/";"agence de studios d animation";0;9;0.00;64.2
"https://www.bluevistaprod.com/studio-animation-3d-paris/";"agence dessin animé";0;2;0.00;38.5
"https://www.bluevistaprod.com/studio-animation-3d-paris/";"agence pour réalisateurs 3d";0;36;0.00;94.0
"https://www.bluevistaprod.com/studio-animation-3d-paris/";"agence production 3d paris";0;53;0.00;12.0
"https://www.bluevistaprod.com/studio-animation-3d-paris/";"agence réalisateurs 3d";0;68;0.00;85.9
"https://www.bluevistaprod.com/studio-animation-3d-paris/";"agence vidéo 3d";0;49;0.00;41.2
"https://www.bluevistaprod.com/studio-animation-3d-paris/";"anim studios";0;1;0.00;92.0
"https://www.bluevistaprod.com/studio-animation-3d-paris/";"animation 2d paris";0;118;0.00;74.2
"https://www.bluevistaprod.com/studio-animation-3d-paris/";"animation 3d entreprise";0;49;0.00;42.7
"https://www.bluevistaprod.com/studio-animation-3d-paris/";"animation 3d genève";0;2;0.00;83.5
"https://www.bluevistaprod.com/studio-animation-3d-paris/";"animation 3d luxe";0;27;0.00;24.7
"https://www.bluevistaprod.com/studio-animation-3d-paris/";"animation 3d paris";0;376;0.00;23.6
"https://www.bluevistaprod.com/studio-animation-3d-paris/";"animation 3d studio";0;6;0.00;38.7
"https://www.bluevistaprod.com/studio-animation-3d-paris/";"animation film studios";0;1;0.00;77.0
"https://www.bluevistaprod.com/studio-animation-3d-paris/";"animation studio";0;93;0.00;38.9
"https://www.bluevistaprod.com/studio-animation-3d-paris/";"animation studio 3d";0;26;0.00;40.7
"https://www.bluevistaprod.com/studio-animation-3d-paris/";"animation studio paris";0;485;0.00;37.2
"https://www.bluevistaprod.com/studio-animation-3d-paris/";"animation studios in paris";0;1;0.00;50.0
"https://www.bluevistaprod.com/studio-animation-3d-paris/";"animation studios paris";0;11;0.00;55.4
"https://www.bluevistaprod.com/studio-animation-3d-paris/";"anime studio 3d";0;2;0.00;46.5
"https://www.bluevistaprod.com/studio-animation-3d-paris/";"blue vista";0;3;0.00;4.0
"https://www.bluevistaprod.com/studio-animation-3d-paris/";"blue vista game";0;2;0.00;5.5
"https://www.bluevistaprod.com/studio-animation-3d-paris/";"bluevista";0;10;0.00;1.6
"https://www.bluevistaprod.com/studio-animation-3d-paris/";"bluevista production";0;5;0.00;2.6
"https://www.bluevistaprod.com/studio-animation-3d-paris/";"boite d animation";0;3;0.00;81.3
"https://www.bluevistaprod.com/studio-animation-3d-paris/";"cgi studio paris";0;1;0.00;22.0
"https://www.bluevistaprod.com/studio-animation-3d-paris/";"cinema 3d a paris";0;12;0.00;44.8
"https://www.bluevistaprod.com/studio-animation-3d-paris/";"cinema 3d paris";0;8;0.00;28.9
"https://www.bluevistaprod.com/studio-animation-3d-paris/";"cinéma 3d paris";0;3;0.00;29.7
"https://www.bluevistaprod.com/studio-animation-3d-paris/";"entreprise 3d paris";0;15;0.00;11.8
"https://www.bluevistaprod.com/studio-animation-3d-paris/";"entreprise animation";0;1;0.00;29.0
"https://www.bluevistaprod.com/studio-animation-3d-paris/";"entreprise animation 2d 3d";0;12;0.00;27.1
"https://www.bluevistaprod.com/studio-animation-3d-paris/";"entreprise animation 3d";0;148;0.00;27.5
"https://www.bluevistaprod.com/studio-animation-3d-paris/";"entreprise animation 3d paris";0;558;0.00;15.9
"https://www.bluevistaprod.com/studio-animation-3d-paris/";"entreprise d animation";0;1;0.00;41.0
"https://www.bluevistaprod.com/studio-animation-3d-paris/";"entreprise d'animation";0;4;0.00;55.0
"https://www.bluevistaprod.com/studio-animation-3d-paris/";"entreprise d'animation 3d";0;18;0.00;14.5
"https://www.bluevistaprod.com/studio-animation-3d-paris/";"entreprise de modelisation 3d paris​";0;61;0.00;13.7
"https://www.bluevistaprod.com/studio-animation-3d-paris/";"entreprise modélisation 3d paris";0;82;0.00;29.6
"https://www.bluevistaprod.com/studio-animation-3d-paris/";"film 3d paris";0;1;0.00;15.0
"https://www.bluevistaprod.com/studio-animation-3d-paris/";"film animation paris";0;1;0.00;48.0
"https://www.bluevistaprod.com/studio-animation-3d-paris/";"film d'animation paris";0;12;0.00;66.0
"https://www.bluevistaprod.com/studio-animation-3d-paris/";"film entreprise animation 3d";0;12;0.00;40.4
"https://www.bluevistaprod.com/studio-animation-3d-paris/";"filmstudio 3d";0;8;0.00;85.0
"https://www.bluevistaprod.com/studio-animation-3d-paris/";"filmstudio animation";0;1;0.00;36.0
"https://www.bluevistaprod.com/studio-animation-3d-paris/";"fost studio paris";0;2;0.00;50.0
"https://www.bluevistaprod.com/studio-animation-3d-paris/";"motion design studio paris";0;4;0.00;98.5
"https://www.bluevistaprod.com/studio-animation-3d-paris/";"paris animation studio";0;2;0.00;42.5
"https://www.bluevistaprod.com/studio-animation-3d-paris/";"paris animation studios";0;7;0.00;47.4
"https://www.bluevistaprod.com/studio-animation-3d-paris/";"paris studio 3d";0;3;0.00;14.7
"https://www.bluevistaprod.com/studio-animation-3d-paris/";"production 3d";0;2;0.00;74.0
"https://www.bluevistaprod.com/studio-animation-3d-paris/";"production animation 3d";0;40;0.00;76.8
"https://www.bluevistaprod.com/studio-animation-3d-paris/";"société animation 3d";0;63;0.00;42.3
"https://www.bluevistaprod.com/studio-animation-3d-paris/";"société d'animation";0;1;0.00;25.0
"https://www.bluevistaprod.com/studio-animation-3d-paris/";"studio 3d";0;556;0.00;44.5
"https://www.bluevistaprod.com/studio-animation-3d-paris/";"studio 3d animation";0;460;0.00;19.7
"https://www.bluevistaprod.com/studio-animation-3d-paris/";"studio 3d audiovisuel";0;53;0.00;24.8
"https://www.bluevistaprod.com/studio-animation-3d-paris/";"studio 3d france";0;27;0.00;52.1
"https://www.bluevistaprod.com/studio-animation-3d-paris/";"studio animation";0;217;0.00;68.9
"https://www.bluevistaprod.com/studio-animation-3d-paris/";"studio animation ""3d";0;1039;0.00;52.9
"https://www.bluevistaprod.com/studio-animation-3d-paris/";"studio animation 2d france";0;1;0.00;68.0
"https://www.bluevistaprod.com/studio-animation-3d-paris/";"studio animation 2d paris";0;203;0.00;41.7
"https://www.bluevistaprod.com/studio-animation-3d-paris/";"studio animation 3d";0;1211;0.00;33.8
"https://www.bluevistaprod.com/studio-animation-3d-paris/";"studio animation 3d france";0;208;0.00;56.4
"https://www.bluevistaprod.com/studio-animation-3d-paris/";"studio animation 3d luxe";0;170;0.00;59.4
"https://www.bluevistaprod.com/studio-animation-3d-paris/";"studio animation luxe";0;292;0.00;13.9
"https://www.bluevistaprod.com/studio-animation-3d-paris/";"studio animation médicale 3d";0;12;0.00;93.1
"https://www.bluevistaprod.com/studio-animation-3d-paris/";"studio d animation";0;34;0.00;70.8
"https://www.bluevistaprod.com/studio-animation-3d-paris/";"studio d animation 3d";0;42;0.00;28.7
"https://www.bluevistaprod.com/studio-animation-3d-paris/";"studio d animation et de film";0;12;0.00;41.5
"https://www.bluevistaprod.com/studio-animation-3d-paris/";"studio d animation paris";0;422;0.00;28.0
"https://www.bluevistaprod.com/studio-animation-3d-paris/";"studio d'animation";0;107;0.00;49.9
"https://www.bluevistaprod.com/studio-animation-3d-paris/";"studio d'animation 2d";0;1;0.00;54.0
"https://www.bluevistaprod.com/studio-animation-3d-paris/";"studio d'animation 2d 3d";0;4;0.00;36.8
"https://www.bluevistaprod.com/studio-animation-3d-paris/";"studio d'animation 2d france";0;1;0.00;70.0
"https://www.bluevistaprod.com/studio-animation-3d-paris/";"studio d'animation 2d français";0;1;0.00;66.0
"https://www.bluevistaprod.com/studio-animation-3d-paris/";"studio d'animation 2d paris";0;433;0.00;31.8
"https://www.bluevistaprod.com/studio-animation-3d-paris/";"studio d'animation 3d";0;170;0.00;45.7
"https://www.bluevistaprod.com/studio-animation-3d-paris/";"studio d'animation 3d france";0;93;0.00;50.2
"https://www.bluevistaprod.com/studio-animation-3d-paris/";"studio d'animation en france";0;1;0.00;84.0
"https://www.bluevistaprod.com/studio-animation-3d-paris/";"studio d'animation france";0;1;0.00;97.0
"https://www.bluevistaprod.com/studio-animation-3d-paris/";"studio d'animation paris";0;623;0.00;27.8
"https://www.bluevistaprod.com/studio-animation-3d-paris/";"studio de dessin";0;2;0.00;94.5
"https://www.bluevistaprod.com/studio-animation-3d-paris/";"studio de modélisation 3d";0;4;0.00;72.3
"https://www.bluevistaprod.com/studio-animation-3d-paris/";"studio de production 3d";0;7;0.00;44.4
"https://www.bluevistaprod.com/studio-animation-3d-paris/";"studio de visualisation 3d haut de gamme";0;2;0.00;57.5
"https://www.bluevistaprod.com/studio-animation-3d-paris/";"studio film animation";0;7;0.00;60.6
"https://www.bluevistaprod.com/studio-animation-3d-paris/";"studio für 3d animationsfilm";0;7;0.00;81.3
"https://www.bluevistaprod.com/studio-animation-3d-paris/";"studio infographie 3d";0;1;0.00;45.0
"https://www.bluevistaprod.com/studio-animation-3d-paris/";"studio modélisation 3d";0;11;0.00;69.3
"https://www.bluevistaprod.com/studio-animation-3d-paris/";"studio motion 3d paris";0;251;0.00;23.2
"https://www.bluevistaprod.com/studio-animation-3d-paris/";"studio motion design 3d";0;24;0.00;67.5
"https://www.bluevistaprod.com/studio-animation-3d-paris/";"studio motion design paris";0;26;0.00;75.6
"https://www.bluevistaprod.com/studio-animation-3d-paris/";"studio projection 3d";0;1;0.00;85.0
"https://www.bluevistaprod.com/studio-animation-3d-paris/";"studio spécialisé en image de synthèse";0;6;0.00;77.3
"https://www.bluevistaprod.com/studio-animation-3d-paris/";"studio vfx paris";0;66;0.00;79.5
"https://www.bluevistaprod.com/studio-animation-3d-paris/";"studio vidéo animation paris";0;1;0.00;14.0
"https://www.bluevistaprod.com/studio-animation-3d-paris/";"studios 3d";0;231;0.00;23.7
"https://www.bluevistaprod.com/studio-animation-3d-paris/";"studios animation";0;1;0.00;54.0
"https://www.bluevistaprod.com/studio-animation-3d-paris/";"studios animation paris";0;280;0.00;45.3
"https://www.bluevistaprod.com/studio-animation-3d-paris/";"studios d'animation";0;2;0.00;60.5
"https://www.bluevistaprod.com/studio-animation-3d-paris/";"vfx studio in paris";0;1;0.00;87.0
"https://www.bluevistaprod.com/studio-animation-3d-paris/";"vfx studio paris";0;4;0.00;44.5
"https://www.bluevistaprod.com/studio-animation-3d-paris/";"école d'animation 3d paris";0;1;0.00;64.0
"https://www.bluevistaprod.com/video-promotionnelle/";"agence de communication 3d lyon";0;13;0.00;56.0
"https://www.bluevistaprod.com/video-promotionnelle/";"agence du film 64";0;1;0.00;68.0
"https://www.bluevistaprod.com/video-promotionnelle/";"agence film promotionnel";0;2;0.00;17.0
"https://www.bluevistaprod.com/video-promotionnelle/";"agence réalisation film promotionnel";0;15;0.00;17.3
"https://www.bluevistaprod.com/video-promotionnelle/";"agence réalisation vidéo promotionnelle";0;3;0.00;9.0
"https://www.bluevistaprod.com/video-promotionnelle/";"agence vidéo lyon";0;1;0.00;2.0
"https://www.bluevistaprod.com/video-promotionnelle/";"agence vidéo lyonnaise";0;1;0.00;34.0
"https://www.bluevistaprod.com/video-promotionnelle/";"agence vidéo promotionnelle";0;13;0.00;11.5
"https://www.bluevistaprod.com/video-promotionnelle/";"animation 3d lyon";0;1;0.00;84.0
"https://www.bluevistaprod.com/video-promotionnelle/";"blue vista";0;125;0.00;1.1
"https://www.bluevistaprod.com/video-promotionnelle/";"bluevista";0;190;0.00;1.6
"https://www.bluevistaprod.com/video-promotionnelle/";"bluevista dive";0;1;0.00;8.0
"https://www.bluevistaprod.com/video-promotionnelle/";"bluevista lyon";0;1;0.00;1.0
"https://www.bluevistaprod.com/video-promotionnelle/";"bluvista";0;2;0.00;76.5
"https://www.bluevistaprod.com/video-promotionnelle/";"bluvista.de";0;1;0.00;26.0
"https://www.bluevistaprod.com/video-promotionnelle/";"boite de prod film promotionnel";0;7;0.00;35.3
"https://www.bluevistaprod.com/video-promotionnelle/";"boite de prod réalisation de film promotionnel";0;2;0.00;18.0
"https://www.bluevistaprod.com/video-promotionnelle/";"boite de prod réalisation film promotionnel";0;2;0.00;8.0
"https://www.bluevistaprod.com/video-promotionnelle/";"boite de production";0;1;0.00;2.0
"https://www.bluevistaprod.com/video-promotionnelle/";"boite de production film promotionnel";0;3;0.00;27.7
"https://www.bluevistaprod.com/video-promotionnelle/";"buevista";0;1;0.00;1.0
"https://www.bluevistaprod.com/video-promotionnelle/";"film promotionnel";0;11;0.00;78.6
"https://www.bluevistaprod.com/video-promotionnelle/";"film promotionnel lyon";0;29;0.00;2.8
"https://www.bluevistaprod.com/video-promotionnelle/";"film vista";0;1;0.00;99.0
"https://www.bluevistaprod.com/video-promotionnelle/";"films promotionnels";0;131;0.00;34.6
"https://www.bluevistaprod.com/video-promotionnelle/";"motion design video lyon";0;6;0.00;57.0
"https://www.bluevistaprod.com/video-promotionnelle/";"production audiovisuel lyon";0;1;0.00;2.0
"https://www.bluevistaprod.com/video-promotionnelle/";"production audiovisuelle";0;1;0.00;2.0
"https://www.bluevistaprod.com/video-promotionnelle/";"production de vidéos promotionnelles";0;1;0.00;19.0
"https://www.bluevistaprod.com/video-promotionnelle/";"production video geneve";0;1;0.00;63.0
"https://www.bluevistaprod.com/video-promotionnelle/";"promotionels";0;1;0.00;58.0
"https://www.bluevistaprod.com/video-promotionnelle/";"studio motion design lyon";0;24;0.00;53.9
"https://www.bluevistaprod.com/video-promotionnelle/";"tubevista";0;6;0.00;15.7
"https://www.bluevistaprod.com/video-promotionnelle/";"video promotionnelle";0;15;0.00;26.0
"https://www.bluevistaprod.com/video-promotionnelle/";"video promotionnelle entreprise";0;1;0.00;83.0
"https://www.bluevistaprod.com/video-promotionnelle/";"video promotionnelle lyon";0;16;0.00;4.8
"https://www.bluevistaprod.com/video-promotionnelle/";"videofilms";0;2;0.00;17.5
"https://www.bluevistaprod.com/video-promotionnelle/";"vidéo promotionnel";0;2;0.00;19.5
"https://www.bluevistaprod.com/video-promotionnelle/";"vidéo promotionnelle";0;70;0.00;29.5
"https://www.bluevistaprod.com/video-promotionnelle/";"vidéo promotionnelle entreprise";0;7;0.00;42.3
"https://www.bluevistaprod.com/video-promotionnelle/";"vidéos promotionnelles";0;14;0.00;32.2
"https://www.bluevistaprod.com/video-promotionnelle/";"vistaprod.com";0;1;0.00;5.0
"https://www.bluevistaprod.com/video-publicitaire/";"""publicité video";0;17;0.00;36.2
"https://www.bluevistaprod.com/video-publicitaire/";"15 vidéos publicitaires";0;5;0.00;21.2
"https://www.bluevistaprod.com/video-publicitaire/";"advertising video agency";0;1;0.00;18.0
"https://www.bluevistaprod.com/video-publicitaire/";"agence animation video";0;2;0.00;10.0
"https://www.bluevistaprod.com/video-publicitaire/";"agence clip video";0;64;0.00;17.3
"https://www.bluevistaprod.com/video-publicitaire/";"agence communication video";0;41;0.00;14.4
"https://www.bluevistaprod.com/video-publicitaire/";"agence communication video lyon";0;20;0.00;32.3
"https://www.bluevistaprod.com/video-publicitaire/";"agence communication vidéo";0;77;0.00;6.6
"https://www.bluevistaprod.com/video-publicitaire/";"agence communication vidéo lyon";0;4;0.00;35.3
"https://www.bluevistaprod.com/video-publicitaire/";"agence communication vidéo paris";0;2;0.00;33.5
"https://www.bluevistaprod.com/video-publicitaire/";"agence conception de videos";0;1;0.00;48.0
"https://www.bluevistaprod.com/video-publicitaire/";"agence creation video";0;25;0.00;38.4
"https://www.bluevistaprod.com/video-publicitaire/";"agence creation vidéo";0;2;0.00;58.0
"https://www.bluevistaprod.com/video-publicitaire/";"agence création de contenu video";0;1;0.00;8.0
"https://www.bluevistaprod.com/video-publicitaire/";"agence création de video";0;2;0.00;31.5
"https://www.bluevistaprod.com/video-publicitaire/";"agence création video";0;5;0.00;61.6
"https://www.bluevistaprod.com/video-publicitaire/";"agence création vidéo";0;52;0.00;43.8
"https://www.bluevistaprod.com/video-publicitaire/";"agence création vidéo réseaux sociaux";0;7;0.00;10.0
"https://www.bluevistaprod.com/video-publicitaire/";"agence créative spécialisée dans la création de vidéo";0;16;0.00;32.6
"https://www.bluevistaprod.com/video-publicitaire/";"agence créative vidéo";0;8;0.00;4.4
"https://www.bluevistaprod.com/video-publicitaire/";"agence de communication video";0;14;0.00;38.9
"https://www.bluevistaprod.com/video-publicitaire/";"agence de communication vidéo";0;232;0.00;11.6
"https://www.bluevistaprod.com/video-publicitaire/";"agence de communication vidéo lyon";0;36;0.00;29.9
"https://www.bluevistaprod.com/video-publicitaire/";"agence de communication visuelle video";0;24;0.00;79.3
"https://www.bluevistaprod.com/video-publicitaire/";"agence de contenu vidéo";0;2;0.00;19.0
"https://www.bluevistaprod.com/video-publicitaire/";"agence de creation de vidéo promotionnelle animée";0;2;0.00;1.5
"https://www.bluevistaprod.com/video-publicitaire/";"agence de creation video";0;3;0.00;60.3
"https://www.bluevistaprod.com/video-publicitaire/";"agence de création de contenu vidéo";0;1;0.00;35.0
"https://www.bluevistaprod.com/video-publicitaire/";"agence de création vidéo";0;13;0.00;46.0
"https://www.bluevistaprod.com/video-publicitaire/";"agence de création vidéo lyon";0;37;0.00;37.4
"https://www.bluevistaprod.com/video-publicitaire/";"agence de création vidéos";0;32;0.00;22.6
"https://www.bluevistaprod.com/video-publicitaire/";"agence de montage video";0;28;0.00;56.3
"https://www.bluevistaprod.com/video-publicitaire/";"agence de montage video lyon";0;1;0.00;46.0
"https://www.bluevistaprod.com/video-publicitaire/";"agence de montage vidéo";0;37;0.00;55.5
"https://www.bluevistaprod.com/video-publicitaire/";"agence de production film promotionnel";0;15;0.00;16.1
"https://www.bluevistaprod.com/video-publicitaire/";"agence de production publicitaire";0;28;0.00;11.6
"https://www.bluevistaprod.com/video-publicitaire/";"agence de production réalisation de film promotionnel";0;14;0.00;12.1
"https://www.bluevistaprod.com/video-publicitaire/";"agence de production réalisation film promotionnel";0;1;0.00;45.0
"https://www.bluevistaprod.com/video-publicitaire/";"agence de production video";0;4;0.00;13.3
"https://www.bluevistaprod.com/video-publicitaire/";"agence de production vidéo";0;12;0.00;20.5
"https://www.bluevistaprod.com/video-publicitaire/";"agence de pub vidéo";0;16;0.00;18.1
"https://www.bluevistaprod.com/video-publicitaire/";"agence de publicité video";0;562;0.00;10.5
"https://www.bluevistaprod.com/video-publicitaire/";"agence de publicité vidéo";0;148;0.00;4.6
"https://www.bluevistaprod.com/video-publicitaire/";"agence de réalisation vidéo";0;11;0.00;28.5
"https://www.bluevistaprod.com/video-publicitaire/";"agence de video";0;42;0.00;47.8
"https://www.bluevistaprod.com/video-publicitaire/";"agence de video creative";0;2;0.00;86.5
"https://www.bluevistaprod.com/video-publicitaire/";"agence de video marketing";0;3;0.00;14.7
"https://www.bluevistaprod.com/video-publicitaire/";"agence de vidéo";0;2;0.00;11.0
"https://www.bluevistaprod.com/video-publicitaire/";"agence de vidéos";0;25;0.00;39.1
"https://www.bluevistaprod.com/video-publicitaire/";"agence display video";0;193;0.00;37.8
"https://www.bluevistaprod.com/video-publicitaire/";"agence du film 64";0;1;0.00;70.0
"https://www.bluevistaprod.com/video-publicitaire/";"agence film promotionnel";0;2;0.00;28.0
"https://www.bluevistaprod.com/video-publicitaire/";"agence film pub";0;105;0.00;22.2
"https://www.bluevistaprod.com/video-publicitaire/";"agence film publicitaire";0;652;0.00;16.2
"https://www.bluevistaprod.com/video-publicitaire/";"agence film publicitaire entreprise";0;20;0.00;13.8
"https://www.bluevistaprod.com/video-publicitaire/";"agence film publicitaire lyon";0;51;0.00;52.0
"https://www.bluevistaprod.com/video-publicitaire/";"agence films publicitaires";0;17;0.00;29.6
"https://www.bluevistaprod.com/video-publicitaire/";"agence marketing video";0;19;0.00;55.6
"https://www.bluevistaprod.com/video-publicitaire/";"agence marketing video toulouse";0;4;0.00;55.8
"https://www.bluevistaprod.com/video-publicitaire/";"agence marketing vidéo";0;12;0.00;9.8
"https://www.bluevistaprod.com/video-publicitaire/";"agence marketing vidéo lyon";0;1;0.00;11.0
"https://www.bluevistaprod.com/video-publicitaire/";"agence montage video";0;13;0.00;30.2
"https://www.bluevistaprod.com/video-publicitaire/";"agence montage vidéo";0;88;0.00;31.4
"https://www.bluevistaprod.com/video-publicitaire/";"agence montage vidéo nantes";0;3;0.00;15.7
"https://www.bluevistaprod.com/video-publicitaire/";"agence presentation video";0;1;0.00;73.0
"https://www.bluevistaprod.com/video-publicitaire/";"agence production publicitaire";0;6;0.00;25.7
"https://www.bluevistaprod.com/video-publicitaire/";"agence production video";0;30;0.00;42.0
"https://www.bluevistaprod.com/video-publicitaire/";"agence production vidéo";0;69;0.00;14.8
"https://www.bluevistaprod.com/video-publicitaire/";"agence production vidéo lyon";0;13;0.00;47.7
"https://www.bluevistaprod.com/video-publicitaire/";"agence production visuelle";0;1;0.00;39.0
"https://www.bluevistaprod.com/video-publicitaire/";"agence pub video";0;61;0.00;4.7
"https://www.bluevistaprod.com/video-publicitaire/";"agence pub vidéo";0;117;0.00;3.7
"https://www.bluevistaprod.com/video-publicitaire/";"agence publicité audiovisuel";0;9;0.00;12.0
"https://www.bluevistaprod.com/video-publicitaire/";"agence publicité vidéo";0;23;0.00;38.5
"https://www.bluevistaprod.com/video-publicitaire/";"agence réalisation de film promotionnel";0;3;0.00;10.7
"https://www.bluevistaprod.com/video-publicitaire/";"agence réalisation film promotionnel";0;2;0.00;13.5
"https://www.bluevistaprod.com/video-publicitaire/";"agence réalisation vidéo";0;49;0.00;7.1
"https://www.bluevistaprod.com/video-publicitaire/";"agence réalisation vidéo promotionnelle";0;3;0.00;7.3
"https://www.bluevistaprod.com/video-publicitaire/";"agence spot publicitaire";0;104;0.00;8.8
"https://www.bluevistaprod.com/video-publicitaire/";"agence spot publicitaire paris";0;12;0.00;49.8
"https://www.bluevistaprod.com/video-publicitaire/";"agence spots publicitaires";0;1;0.00;43.0
"https://www.bluevistaprod.com/video-publicitaire/";"agence videaste";0;23;0.00;60.2
"https://www.bluevistaprod.com/video-publicitaire/";"agence video";0;268;0.00;56.3
"https://www.bluevistaprod.com/video-publicitaire/";"agence video 91";0;2;0.00;46.0
"https://www.bluevistaprod.com/video-publicitaire/";"agence video ads";0;317;0.00;35.2
"https://www.bluevistaprod.com/video-publicitaire/";"agence video b2b";0;2;0.00;10.0
"https://www.bluevistaprod.com/video-publicitaire/";"agence video entreprise";0;46;0.00;40.9
"https://www.bluevistaprod.com/video-publicitaire/";"agence video entreprise lyon";0;2;0.00;43.0
"https://www.bluevistaprod.com/video-publicitaire/";"agence video evenementielle";0;1;0.00;28.0
"https://www.bluevistaprod.com/video-publicitaire/";"agence video explicative";0;38;0.00;66.7
"https://www.bluevistaprod.com/video-publicitaire/";"agence video france";0;2;0.00;15.0
"https://www.bluevistaprod.com/video-publicitaire/";"agence video lyon";0;4;0.00;26.3
"https://www.bluevistaprod.com/video-publicitaire/";"agence video marketing";0;47;0.00;45.1
"https://www.bluevistaprod.com/video-publicitaire/";"agence video paris";0;5;0.00;28.0
"https://www.bluevistaprod.com/video-publicitaire/";"agence video pedagogique";0;1;0.00;94.0
"https://www.bluevistaprod.com/video-publicitaire/";"agence vidéo";0;1141;0.00;25.9
"https://www.bluevistaprod.com/video-publicitaire/";"agence vidéo 91";0;3;0.00;75.3
"https://www.bluevistaprod.com/video-publicitaire/";"agence vidéo b2b";0;56;0.00;20.9
"https://www.bluevistaprod.com/video-publicitaire/";"agence vidéo brest";0;1;0.00;15.0
"https://www.bluevistaprod.com/video-publicitaire/";"agence vidéo captation clermont-ferrand";0;2;0.00;13.0
"https://www.bluevistaprod.com/video-publicitaire/";"agence vidéo corporate";0;4;0.00;12.5
"https://www.bluevistaprod.com/video-publicitaire/";"agence vidéo corporate santé paris";0;1;0.00;26.0
"https://www.bluevistaprod.com/video-publicitaire/";"agence vidéo d⠹entreprise à paris";0;4;0.00;13.3
"https://www.bluevistaprod.com/video-publicitaire/";"agence vidéo essonne";0;3;0.00;11.3
"https://www.bluevistaprod.com/video-publicitaire/";"agence vidéo explicative";0;42;0.00;52.4
"https://www.bluevistaprod.com/video-publicitaire/";"agence vidéo industrielle";0;1;0.00;11.0
"https://www.bluevistaprod.com/video-publicitaire/";"agence vidéo institutionnelle";0;2;0.00;33.5
"https://www.bluevistaprod.com/video-publicitaire/";"agence vidéo le mans";0;9;0.00;39.0
"https://www.bluevistaprod.com/video-publicitaire/";"agence vidéo lyon";0;2;0.00;12.0
"https://www.bluevistaprod.com/video-publicitaire/";"agence vidéo lyonnaise";0;1;0.00;28.0
"https://www.bluevistaprod.com/video-publicitaire/";"agence vidéo marketing";0;68;0.00;52.3
"https://www.bluevistaprod.com/video-publicitaire/";"agence vidéo nantes";0;5;0.00;15.2
"https://www.bluevistaprod.com/video-publicitaire/";"agence vidéo paris";0;15;0.00;28.1
"https://www.bluevistaprod.com/video-publicitaire/";"agence vidéo promotionnelle";0;15;0.00;9.6
"https://www.bluevistaprod.com/video-publicitaire/";"agence vidéo publicitaire";0;263;0.00;11.2
"https://www.bluevistaprod.com/video-publicitaire/";"agence vidéo publicitaire le mans";0;16;0.00;85.7
"https://www.bluevistaprod.com/video-publicitaire/";"agence vidéo santé";0;2;0.00;22.0
"https://www.bluevistaprod.com/video-publicitaire/";"agence vidéo secteur santé";0;1;0.00;16.0
"https://www.bluevistaprod.com/video-publicitaire/";"agence vidéo strasbourg";0;8;0.00;36.9
"https://www.bluevistaprod.com/video-publicitaire/";"agence vidéo stratégique";0;4;0.00;22.3
"https://www.bluevistaprod.com/video-publicitaire/";"agence vidéo à lyon";0;4;0.00;59.3
"https://www.bluevistaprod.com/video-publicitaire/";"agence vidéos";0;6;0.00;40.8
"https://www.bluevistaprod.com/video-publicitaire/";"agency video";0;9;0.00;66.7
"https://www.bluevistaprod.com/video-publicitaire/";"agenzia video";0;1;0.00;72.0
"https://www.bluevistaprod.com/video-publicitaire/";"animation 3d lyon";0;1;0.00;1.0
"https://www.bluevistaprod.com/video-publicitaire/";"animation publicitaire";0;1;0.00;76.0
"https://www.bluevistaprod.com/video-publicitaire/";"blue vista";0;41;0.00;4.2
"https://www.bluevistaprod.com/video-publicitaire/";"bluevista";0;21;0.00;5.9
"https://www.bluevistaprod.com/video-publicitaire/";"bluevista production";0;30;0.00;6.3
"https://www.bluevistaprod.com/video-publicitaire/";"boite de prod";0;1;0.00;1.0
"https://www.bluevistaprod.com/video-publicitaire/";"boite de prod lyon";0;2;0.00;2.0
"https://www.bluevistaprod.com/video-publicitaire/";"boite de prod réalisation de film promotionnel";0;1;0.00;10.0
"https://www.bluevistaprod.com/video-publicitaire/";"boite de production film publicitaire";0;198;0.00;28.0
"https://www.bluevistaprod.com/video-publicitaire/";"boite de production lyon";0;4;0.00;4.3
"https://www.bluevistaprod.com/video-publicitaire/";"boite de production publicité";0;43;0.00;21.6
"https://www.bluevistaprod.com/video-publicitaire/";"boite de production réalisation de film promotionnel";0;1;0.00;9.0
"https://www.bluevistaprod.com/video-publicitaire/";"c'est quoi une vidéo promotionnelle ?";0;6;0.00;40.3
"https://www.bluevistaprod.com/video-publicitaire/";"caméra publicitaire";0;4;0.00;21.5
"https://www.bluevistaprod.com/video-publicitaire/";"captation vidéo lyon";0;43;0.00;26.1
"https://www.bluevistaprod.com/video-publicitaire/";"captation vidéo suisse";0;10;0.00;78.9
"https://www.bluevistaprod.com/video-publicitaire/";"clip publicitaire";0;5;0.00;23.6
"https://www.bluevistaprod.com/video-publicitaire/";"combien coute une video publicitaire";0;8;0.00;46.1
"https://www.bluevistaprod.com/video-publicitaire/";"comment faire une video publicitaire";0;6;0.00;80.5
"https://www.bluevistaprod.com/video-publicitaire/";"communication vidéo le havre";0;3;0.00;48.3
"https://www.bluevistaprod.com/video-publicitaire/";"conception de vidéos sur mesure monts du lyonnais";0;4;0.00;6.8
"https://www.bluevistaprod.com/video-publicitaire/";"conception de vidéos sur mesure oullins-pierre-bénite";0;19;0.00;27.3
"https://www.bluevistaprod.com/video-publicitaire/";"creation de video publicitaire";0;61;0.00;16.7
"https://www.bluevistaprod.com/video-publicitaire/";"creation de video publicitaire gratuit";0;56;0.00;85.1
"https://www.bluevistaprod.com/video-publicitaire/";"creation film publicitaire";0;113;0.00;29.5
"https://www.bluevistaprod.com/video-publicitaire/";"creation publicite video hotel";0;13;0.00;70.5
"https://www.bluevistaprod.com/video-publicitaire/";"creation publicité video";0;10;0.00;74.3
"https://www.bluevistaprod.com/video-publicitaire/";"creation video publicitaire";0;69;0.00;30.0
"https://www.bluevistaprod.com/video-publicitaire/";"creer une video publicitaire";0;45;0.00;28.1
"https://www.bluevistaprod.com/video-publicitaire/";"creer une video publicitaire gratuitement";0;93;0.00;90.9
"https://www.bluevistaprod.com/video-publicitaire/";"creer video publicitaire";0;55;0.00;43.5
"https://www.bluevistaprod.com/video-publicitaire/";"creer video publicitaire en ligne";0;1;0.00;97.0
"https://www.bluevistaprod.com/video-publicitaire/";"creer video publicitaire en ligne gratuit";0;1;0.00;93.0
"https://www.bluevistaprod.com/video-publicitaire/";"création campagne publicitaire vidéo lyon";0;24;0.00;11.6
"https://www.bluevistaprod.com/video-publicitaire/";"création de clips publicitaires 91";0;67;0.00;35.4
"https://www.bluevistaprod.com/video-publicitaire/";"création de clips publicitaires essonne";0;11;0.00;43.8
"https://www.bluevistaprod.com/video-publicitaire/";"création de films publicitaires";0;28;0.00;33.6
"https://www.bluevistaprod.com/video-publicitaire/";"création de video publicitaire";0;20;0.00;63.4
"https://www.bluevistaprod.com/video-publicitaire/";"création de vidéo publicitaire metz";0;4;0.00;51.5
"https://www.bluevistaprod.com/video-publicitaire/";"création film publicitaire";0;122;0.00;29.9
"https://www.bluevistaprod.com/video-publicitaire/";"création video promotionnelle";0;5;0.00;66.0
"https://www.bluevistaprod.com/video-publicitaire/";"création video publicitaire";0;260;0.00;22.1
"https://www.bluevistaprod.com/video-publicitaire/";"création vidéo promotionnelle";0;2;0.00;55.0
"https://www.bluevistaprod.com/video-publicitaire/";"création vidéo pub le mans";0;35;0.00;57.1
"https://www.bluevistaprod.com/video-publicitaire/";"création vidéo publicitaire";0;101;0.00;22.2
"https://www.bluevistaprod.com/video-publicitaire/";"création vidéo salon professionnel";0;5;0.00;67.8
"https://www.bluevistaprod.com/video-publicitaire/";"créer une publicité video gratuite";0;74;0.00;90.7
"https://www.bluevistaprod.com/video-publicitaire/";"créer une publicité vidéo";0;36;0.00;46.1
"https://www.bluevistaprod.com/video-publicitaire/";"créer une video publicitaire";0;294;0.00;50.5
"https://www.bluevistaprod.com/video-publicitaire/";"créer une vidéo publicitaire";0;1;0.00;43.0
"https://www.bluevistaprod.com/video-publicitaire/";"devis réalisation vidéo d'entreprise lyon";0;3;0.00;88.3
"https://www.bluevistaprod.com/video-publicitaire/";"devis vidéo d'entreprise lyon";0;220;0.00;34.3
"https://www.bluevistaprod.com/video-publicitaire/";"entreprise création vidéo brest";0;1;0.00;12.0
"https://www.bluevistaprod.com/video-publicitaire/";"entreprise de création vidéo";0;6;0.00;73.5
"https://www.bluevistaprod.com/video-publicitaire/";"entreprise de montage video";0;1;0.00;37.0
"https://www.bluevistaprod.com/video-publicitaire/";"entreprise de montage vidéo";0;1;0.00;41.0
"https://www.bluevistaprod.com/video-publicitaire/";"entreprise graphisme lyon";0;1;0.00;2.0
"https://www.bluevistaprod.com/video-publicitaire/";"entreprise jeux vidéo lyon";0;1;0.00;2.0
"https://www.bluevistaprod.com/video-publicitaire/";"entreprise montage video";0;24;0.00;50.7
"https://www.bluevistaprod.com/video-publicitaire/";"entreprise montage video lyon";0;18;0.00;39.9
"https://www.bluevistaprod.com/video-publicitaire/";"entreprise montage vidéo";0;6;0.00;29.7
"https://www.bluevistaprod.com/video-publicitaire/";"entreprise vidéo publicitaire";0;96;0.00;10.3
"https://www.bluevistaprod.com/video-publicitaire/";"faire créer un film publicitaire";0;153;0.00;80.1
"https://www.bluevistaprod.com/video-publicitaire/";"faire une vidéo pub réunion";0;6;0.00;28.2
"https://www.bluevistaprod.com/video-publicitaire/";"faire video publicitaire";0;12;0.00;21.0
"https://www.bluevistaprod.com/video-publicitaire/";"film d entreprise lyon";0;31;0.00;50.8
"https://www.bluevistaprod.com/video-publicitaire/";"film d'entreprise lyon";0;1;0.00;47.0
"https://www.bluevistaprod.com/video-publicitaire/";"film entreprise lyon";0;143;0.00;53.5
"https://www.bluevistaprod.com/video-publicitaire/";"film promotionnel";0;1;0.00;60.0
"https://www.bluevistaprod.com/video-publicitaire/";"film publicitaire";0;13;0.00;41.4
"https://www.bluevistaprod.com/video-publicitaire/";"film publicitaire créatif";0;195;0.00;14.8
"https://www.bluevistaprod.com/video-publicitaire/";"film publicitaire lyon";0;11;0.00;18.1
"https://www.bluevistaprod.com/video-publicitaire/";"film publicitaire paris";0;5;0.00;52.8
"https://www.bluevistaprod.com/video-publicitaire/";"film publicitaire sur mesure";0;9;0.00;9.1
"https://www.bluevistaprod.com/video-publicitaire/";"films publicitaire";0;11;0.00;88.5
"https://www.bluevistaprod.com/video-publicitaire/";"films publicitaires";0;69;0.00;50.0
"https://www.bluevistaprod.com/video-publicitaire/";"formation vidéo publicitaire";0;1;0.00;9.0
"https://www.bluevistaprod.com/video-publicitaire/";"la publicité vidéo en ligne";0;1;0.00;88.0
"https://www.bluevistaprod.com/video-publicitaire/";"logiciel de montage video publicitaire";0;5;0.00;77.2
"https://www.bluevistaprod.com/video-publicitaire/";"meilleure agence creation video";0;9;0.00;85.6
"https://www.bluevistaprod.com/video-publicitaire/";"montage pub";0;6;0.00;11.7
"https://www.bluevistaprod.com/video-publicitaire/";"montage publicitaire";0;11;0.00;15.4
"https://www.bluevistaprod.com/video-publicitaire/";"montage video entreprise lyon";0;122;0.00;33.6
"https://www.bluevistaprod.com/video-publicitaire/";"montage video publicitaire";0;123;0.00;21.2
"https://www.bluevistaprod.com/video-publicitaire/";"montage vidéo lyon";0;1;0.00;34.0
"https://www.bluevistaprod.com/video-publicitaire/";"montage vidéo publicitaire";0;75;0.00;17.7
"https://www.bluevistaprod.com/video-publicitaire/";"prestataire film promotionnel";0;4;0.00;35.5
"https://www.bluevistaprod.com/video-publicitaire/";"prestataire réalisation de film promotionnel";0;7;0.00;20.9
"https://www.bluevistaprod.com/video-publicitaire/";"prestataire réalisation film promotionnel";0;1;0.00;25.0
"https://www.bluevistaprod.com/video-publicitaire/";"prestataire video";0;8;0.00;78.9
"https://www.bluevistaprod.com/video-publicitaire/";"prestataire vidéo";0;80;0.00;40.5
"https://www.bluevistaprod.com/video-publicitaire/";"prestataire vidéo publicitaire";0;9;0.00;9.7
"https://www.bluevistaprod.com/video-publicitaire/";"prix d'une vidéo publicitaire";0;3;0.00;61.0
"https://www.bluevistaprod.com/video-publicitaire/";"prix réalisation vidéo publicitaire";0;18;0.00;75.7
"https://www.bluevistaprod.com/video-publicitaire/";"prix vidéo publicitaire";0;6;0.00;63.8
"https://www.bluevistaprod.com/video-publicitaire/";"prod video";0;4;0.00;88.3
"https://www.bluevistaprod.com/video-publicitaire/";"production audiovisuelle";0;1;0.00;2.0
"https://www.bluevistaprod.com/video-publicitaire/";"production clip publicitaire";0;26;0.00;20.1
"https://www.bluevistaprod.com/video-publicitaire/";"production contenu vidéo contact";0;1;0.00;74.0
"https://www.bluevistaprod.com/video-publicitaire/";"production de film publicitaire";0;207;0.00;20.2
"https://www.bluevistaprod.com/video-publicitaire/";"production de films institutionnels et publicitaires lyon";0;6;0.00;86.3
"https://www.bluevistaprod.com/video-publicitaire/";"production de films publicitaires";0;195;0.00;18.8
"https://www.bluevistaprod.com/video-publicitaire/";"production de publicite";0;8;0.00;15.3
"https://www.bluevistaprod.com/video-publicitaire/";"production de vidéos promotionnelles";0;9;0.00;47.4
"https://www.bluevistaprod.com/video-publicitaire/";"production film entreprise lyon";0;146;0.00;44.0
"https://www.bluevistaprod.com/video-publicitaire/";"production film promotionnel";0;2;0.00;70.0
"https://www.bluevistaprod.com/video-publicitaire/";"production film pub";0;8;0.00;74.3
"https://www.bluevistaprod.com/video-publicitaire/";"production film publicitaire";0;320;0.00;29.3
"https://www.bluevistaprod.com/video-publicitaire/";"production film publicitaire automobile";0;3;0.00;61.3
"https://www.bluevistaprod.com/video-publicitaire/";"production films publicitaires";0;88;0.00;28.1
"https://www.bluevistaprod.com/video-publicitaire/";"production pub";0;1;0.00;23.0
"https://www.bluevistaprod.com/video-publicitaire/";"production pub vidéo vendée";0;3;0.00;57.7
"https://www.bluevistaprod.com/video-publicitaire/";"production publicitaire";0;69;0.00;29.4
"https://www.bluevistaprod.com/video-publicitaire/";"production publicitaire lorient";0;1;0.00;58.0
"https://www.bluevistaprod.com/video-publicitaire/";"production publicité";0;164;0.00;26.0
"https://www.bluevistaprod.com/video-publicitaire/";"production spot publicitaire";0;2;0.00;26.5
"https://www.bluevistaprod.com/video-publicitaire/";"production video 64";0;1;0.00;43.0
"https://www.bluevistaprod.com/video-publicitaire/";"production video publicitaire";0;41;0.00;8.9
"https://www.bluevistaprod.com/video-publicitaire/";"production vidéo b2b";0;4;0.00;35.0
"https://www.bluevistaprod.com/video-publicitaire/";"production vidéo blois";0;4;0.00;12.8
"https://www.bluevistaprod.com/video-publicitaire/";"production vidéo brest";0;3;0.00;17.0
"https://www.bluevistaprod.com/video-publicitaire/";"production vidéo corporative";0;1;0.00;17.0
"https://www.bluevistaprod.com/video-publicitaire/";"production vidéo publicitaire";0;228;0.00;39.3
"https://www.bluevistaprod.com/video-publicitaire/";"production vidéo publicitaire entreprise";0;64;0.00;10.8
"https://www.bluevistaprod.com/video-publicitaire/";"production vidéo publicitaire le mans";0;14;0.00;89.6
"https://www.bluevistaprod.com/video-publicitaire/";"production vidéo publicitaire sur mesure";0;13;0.00;10.4
"https://www.bluevistaprod.com/video-publicitaire/";"production vidéos publicitaires";0;1291;0.00;7.4
"https://www.bluevistaprod.com/video-publicitaire/";"promo en vidéo";0;1;0.00;6.0
"https://www.bluevistaprod.com/video-publicitaire/";"promotional video production";0;1;0.00;81.0
"https://www.bluevistaprod.com/video-publicitaire/";"promotional video services";0;1;0.00;10.0
"https://www.bluevistaprod.com/video-publicitaire/";"publicite video";0;811;0.00;40.8
"https://www.bluevistaprod.com/video-publicitaire/";"publicité lyon";0;3;0.00;28.0
"https://www.bluevistaprod.com/video-publicitaire/";"publicité video";0;351;0.00;35.8
"https://www.bluevistaprod.com/video-publicitaire/";"publicité vidéo en ligne";0;9;0.00;76.3
"https://www.bluevistaprod.com/video-publicitaire/";"publicité vidéo innove";0;3;0.00;10.7
"https://www.bluevistaprod.com/video-publicitaire/";"publicité vidéo point de vente";0;8;0.00;10.6
"https://www.bluevistaprod.com/video-publicitaire/";"publicité vidéo pour entreprise";0;217;0.00;12.2
"https://www.bluevistaprod.com/video-publicitaire/";"publicité vidéo toulouse";0;2;0.00;21.0
"https://www.bluevistaprod.com/video-publicitaire/";"publicité vidéos";0;5;0.00;26.6
"https://www.bluevistaprod.com/video-publicitaire/";"publicités vidéo";0;10;0.00;66.3
"https://www.bluevistaprod.com/video-publicitaire/";"publicités vidéo en ligne";0;3;0.00;93.0
"https://www.bluevistaprod.com/video-publicitaire/";"publicités vidéos";0;57;0.00;30.9
"https://www.bluevistaprod.com/video-publicitaire/";"realisation film publicitaire";0;277;0.00;22.8
"https://www.bluevistaprod.com/video-publicitaire/";"realisation video publicitaire";0;453;0.00;9.7
"https://www.bluevistaprod.com/video-publicitaire/";"realiser une video publicitaire";0;67;0.00;26.3
"https://www.bluevistaprod.com/video-publicitaire/";"regie publicitaire video";0;110;0.00;12.5
"https://www.bluevistaprod.com/video-publicitaire/";"réalisation clip publicitaire";0;77;0.00;13.8
"https://www.bluevistaprod.com/video-publicitaire/";"réalisation film publicitaire";0;24;0.00;15.7
"https://www.bluevistaprod.com/video-publicitaire/";"réalisation video publicitaire";0;33;0.00;13.2
"https://www.bluevistaprod.com/video-publicitaire/";"réalisation vidéo entreprise";0;1;0.00;63.0
"https://www.bluevistaprod.com/video-publicitaire/";"réalisation vidéo entreprise 41";0;5;0.00;40.6
"https://www.bluevistaprod.com/video-publicitaire/";"réalisation vidéo promotionnelle";0;8;0.00;20.6
"https://www.bluevistaprod.com/video-publicitaire/";"réalisation vidéo publicitaire";0;616;0.00;10.9
"https://www.bluevistaprod.com/video-publicitaire/";"réalisation vidéo strasbourg";0;2;0.00;13.5
"https://www.bluevistaprod.com/video-publicitaire/";"régie publicitaire video";0;72;0.00;15.7
"https://www.bluevistaprod.com/video-publicitaire/";"régie publicitaire vidéo";0;86;0.00;24.1
"https://www.bluevistaprod.com/video-publicitaire/";"service de vidéographie";0;18;0.00;13.3
"https://www.bluevistaprod.com/video-publicitaire/";"société de montage vidéo";0;1;0.00;10.0
"https://www.bluevistaprod.com/video-publicitaire/";"société de production audiovisuelle publicité";0;27;0.00;31.3
"https://www.bluevistaprod.com/video-publicitaire/";"société de production film promotionnel";0;4;0.00;21.5
"https://www.bluevistaprod.com/video-publicitaire/";"société de production publicitaire";0;119;0.00;18.2
"https://www.bluevistaprod.com/video-publicitaire/";"société de production publicité";0;116;0.00;22.2
"https://www.bluevistaprod.com/video-publicitaire/";"société de production réalisation de film promotionnel";0;12;0.00;10.2
"https://www.bluevistaprod.com/video-publicitaire/";"société de production réalisation film promotionnel";0;3;0.00;10.0
"https://www.bluevistaprod.com/video-publicitaire/";"société de production vidéo";0;2;0.00;50.0
"https://www.bluevistaprod.com/video-publicitaire/";"société montage vidéo";0;13;0.00;51.2
"https://www.bluevistaprod.com/video-publicitaire/";"société production vidéo";0;11;0.00;57.9
"https://www.bluevistaprod.com/video-publicitaire/";"société production vidéo salon professionnel";0;5;0.00;70.8
"https://www.bluevistaprod.com/video-publicitaire/";"société vidéo";0;2;0.00;21.5
"https://www.bluevistaprod.com/video-publicitaire/";"spot publicitaire video";0;3;0.00;61.7
"https://www.bluevistaprod.com/video-publicitaire/";"studio d'animation lyon";0;1;0.00;2.0
"https://www.bluevistaprod.com/video-publicitaire/";"studio de publicité";0;49;0.00;30.5
"https://www.bluevistaprod.com/video-publicitaire/";"studio publicité";0;5;0.00;11.4
"https://www.bluevistaprod.com/video-publicitaire/";"tournage spot publicitaire";0;2;0.00;20.0
"https://www.bluevistaprod.com/video-publicitaire/";"tournage vidéo lyon";0;29;0.00;44.6
"https://www.bluevistaprod.com/video-publicitaire/";"tournages vidéos publicitaires";0;804;0.00;8.6
"https://www.bluevistaprod.com/video-publicitaire/";"une vidéo promotionnelle";0;1;0.00;69.0
"https://www.bluevistaprod.com/video-publicitaire/";"videaste pub paris";0;447;0.00;14.5
"https://www.bluevistaprod.com/video-publicitaire/";"video advertising";0;26;0.00;47.3
"https://www.bluevistaprod.com/video-publicitaire/";"video advertising agency";0;6;0.00;45.7
"https://www.bluevistaprod.com/video-publicitaire/";"video agence de communication";0;10;0.00;35.7
"https://www.bluevistaprod.com/video-publicitaire/";"video agency";0;10;0.00;67.6
"https://www.bluevistaprod.com/video-publicitaire/";"video animation agency";0;1;0.00;79.0
"https://www.bluevistaprod.com/video-publicitaire/";"video de publicité";0;59;0.00;45.6
"https://www.bluevistaprod.com/video-publicitaire/";"video entreprise paris";0;2;0.00;9.5
"https://www.bluevistaprod.com/video-publicitaire/";"video marketing agency";0;1;0.00;66.0
"https://www.bluevistaprod.com/video-publicitaire/";"video marketing bureau";0;2;0.00;59.5
"https://www.bluevistaprod.com/video-publicitaire/";"video marketing company";0;1;0.00;84.0
"https://www.bluevistaprod.com/video-publicitaire/";"video marketing paris";0;9;0.00;62.2
"https://www.bluevistaprod.com/video-publicitaire/";"video promotion service";0;1;0.00;4.0
"https://www.bluevistaprod.com/video-publicitaire/";"video promotionnel";0;5;0.00;64.0
"https://www.bluevistaprod.com/video-publicitaire/";"video promotionnel entreprise";0;8;0.00;84.0
"https://www.bluevistaprod.com/video-publicitaire/";"video promotionnelle";0;41;0.00;48.0
"https://www.bluevistaprod.com/video-publicitaire/";"video promotionnelle entreprise";0;1;0.00;40.0
"https://www.bluevistaprod.com/video-publicitaire/";"video publicitaire";0;1101;0.00;27.9
"https://www.bluevistaprod.com/video-publicitaire/";"video publicitaire en ligne";0;1;0.00;90.0
"https://www.bluevistaprod.com/video-publicitaire/";"video publicitaire entreprise";0;358;0.00;15.4
"https://www.bluevistaprod.com/video-publicitaire/";"video publicitaire lyon";0;7;0.00;12.0
"https://www.bluevistaprod.com/video-publicitaire/";"video publicitaire prix";0;7;0.00;81.6
"https://www.bluevistaprod.com/video-publicitaire/";"video publicitaire toulouse";0;6;0.00;10.7
"https://www.bluevistaprod.com/video-publicitaire/";"video publicite";0;36;0.00;24.0
"https://www.bluevistaprod.com/video-publicitaire/";"video publicité";0;66;0.00;26.1
"https://www.bluevistaprod.com/video-publicitaire/";"video vista";0;1;0.00;49.0
"https://www.bluevistaprod.com/video-publicitaire/";"videopromotion";0;2;0.00;28.0
"https://www.bluevistaprod.com/video-publicitaire/";"videos pub";0;12;0.00;28.8
"https://www.bluevistaprod.com/video-publicitaire/";"videos publicitaire";0;123;0.00;23.3
"https://www.bluevistaprod.com/video-publicitaire/";"videos publicitaires";0;19;0.00;46.2
"https://www.bluevistaprod.com/video-publicitaire/";"videos publicité";0;55;0.00;24.6
"https://www.bluevistaprod.com/video-publicitaire/";"vidéo agency";0;2;0.00;73.0
"https://www.bluevistaprod.com/video-publicitaire/";"vidéo de publicité";0;52;0.00;43.9
"https://www.bluevistaprod.com/video-publicitaire/";"vidéo pour entreprises monts du lyonnais";0;4;0.00;28.8
"https://www.bluevistaprod.com/video-publicitaire/";"vidéo pour publicités";0;6;0.00;19.8
"https://www.bluevistaprod.com/video-publicitaire/";"vidéo promo";0;12;0.00;1.0
"https://www.bluevistaprod.com/video-publicitaire/";"vidéo promotionnelle";0;14;0.00;63.1
"https://www.bluevistaprod.com/video-publicitaire/";"vidéo promotionnelle entreprise";0;126;0.00;51.1
"https://www.bluevistaprod.com/video-publicitaire/";"vidéo promotionnelle entreprise agence de pub en ligne";0;144;0.00;37.2
"https://www.bluevistaprod.com/video-publicitaire/";"vidéo promotionnelle entrepriseagence de pub en ligne";0;2;0.00;6.0
"https://www.bluevistaprod.com/video-publicitaire/";"vidéo pub";0;15;0.00;59.9
"https://www.bluevistaprod.com/video-publicitaire/";"vidéo publicitaire";0;3342;0.00;33.0
"https://www.bluevistaprod.com/video-publicitaire/";"vidéo publicitaire au mans";0;12;0.00;75.9
"https://www.bluevistaprod.com/video-publicitaire/";"vidéo publicitaire clermont ferrand";0;7;0.00;93.7
"https://www.bluevistaprod.com/video-publicitaire/";"vidéo publicitaire entreprise";0;1172;0.00;11.5
"https://www.bluevistaprod.com/video-publicitaire/";"vidéo publicitaire industrie france";0;3;0.00;12.0
"https://www.bluevistaprod.com/video-publicitaire/";"vidéo publicitaire industrie lyon";0;4;0.00;13.5
"https://www.bluevistaprod.com/video-publicitaire/";"vidéo publicitaire industrie paris";0;107;0.00;10.3
"https://www.bluevistaprod.com/video-publicitaire/";"vidéo publicitaire le mans";0;12;0.00;84.5
"https://www.bluevistaprod.com/video-publicitaire/";"vidéo publicitaire lyon";0;54;0.00;4.3
"https://www.bluevistaprod.com/video-publicitaire/";"vidéo publicitaire sur mesure";0;4;0.00;1.0
"https://www.bluevistaprod.com/video-publicitaire/";"vidéo publicité";0;29;0.00;32.5
"https://www.bluevistaprod.com/video-publicitaire/";"vidéos promotionnelles";0;118;0.00;36.2
"https://www.bluevistaprod.com/video-publicitaire/";"vidéos publicitaires";0;718;0.00;32.1
"https://www.bluevistaprod.com/video-publicitaire/";"vista professionnel";0;1;0.00;72.0
"https://www.bluevistaprod.com/video-publicitaire/";"vistaprod.com";0;1;0.00;98.0