query;clics;impressions;ctr;position
"bluevista";281;945;29.74;3.6
"bluevista production";136;355;38.31;2.2
"blue vista";87;371;23.45;4.4
"webtv streaming";34;1946;1.75;6.5
"studio animation lyon";20;798;2.51;10.5
"bluvista";14;213;6.57;14.3
"studio 3d lyon";12;1147;1.05;18.8
"web tv live";10;555;1.80;8.5
"web tv streaming";8;136;5.88;13.6
"verizon connect";7;4844;0.14;5.8
"studio animation 3d lyon";6;304;1.97;12.0
"webtv live";6;276;2.17;8.9
"agence vidéo";5;7887;0.06;23.3
"blu vista";5;9;55.56;2.8
"studio 3d paris";5;1396;0.36;15.8
"studio d'animation lyon";5;340;1.47;11.1
"dosamat";4;131;3.05;3.8
"expercite";4;532;0.75;6.0
"mapping lyon";4;141;2.84;9.0
"production audiovisuelle geneve";4;45;8.89;4.0
"thermostat engie home service";4;282;1.42;8.6
"bluevista lyon";3;5;60.00;1.0
"expercité";3;1320;0.23;5.8
"streaming webtv";3;11;27.27;4.2
"studio animation 3d";3;2361;0.13;28.8
"studio animation 3d paris";3;1624;0.18;18.1
"agence 3d paris";2;731;0.27;20.3
"agence production audiovisuelle geneve";2;207;0.97;3.0
"amplivision";2;154;1.30;7.0
"audiovisuel geneve";2;30;6.67;9.8
"live web tv";2;30;6.67;8.9
"plateforme web tv";2;47;4.26;12.7
"production audiovisuelle genève";2;128;1.56;6.2
"production video geneve";2;68;2.94;37.2
"stann";2;10384;0.02;7.0
"stann app";2;311;0.64;5.2
"studio animation paris";2;1458;0.14;30.7
"studio d'animation 3d paris";2;438;0.46;12.1
"verizon connect france";2;313;0.64;11.4
"verizone";2;294;0.68;7.0
"video mapping lyon";2;117;1.71;4.6
"vidéo immersive";2;1452;0.14;9.9
"web tv live streaming";2;17;11.76;4.4
"360 immersion";1;1;100.00;10.0
"3d animation studio";1;636;0.16;35.1
"aftermovie";1;1924;0.05;10.9
"aftermovie video";1;14;7.14;24.3
"agence audiovisuelle genève";1;221;0.45;4.1
"agence audiovisuelle suisse";1;235;0.43;4.4
"agence communication video lyon";1;204;0.49;16.4
"agence de vidéo";1;28;3.57;28.6
"agence film d'entreprise";1;91;1.10;39.3
"animation 3d entreprise";1;98;1.02;32.2
"animation 3d lyon";1;415;0.24;20.1
"animation 3d studio";1;13;7.69;31.1
"application stan";1;5;20.00;9.6
"blueverse";1;7;14.29;6.7
"bluvista tv";1;16;6.25;28.6
"boite de prod";1;34;2.94;32.2
"creation video immersive";1;127;0.79;11.6
"deko film";1;5;20.00;4.0
"entreprise dessin animé";1;10;10.00;5.4
"expercité eiffage";1;335;0.30;7.1
"film 3d lyon";1;113;0.88;9.8
"film d'animation lyon";1;69;1.45;14.3
"fond vert lyon";1;209;0.48;16.9
"hitachi csnet lite";1;10;10.00;10.0
"immersive video";1;36;2.78;8.3
"motion design genève";1;105;0.95;20.2
"photographe paris 12";1;2;50.00;1.0
"prod video";1;121;0.83;32.6
"publicité vidéo";1;1262;0.08;35.8
"réinitialiser thermostat migo";1;34;2.94;3.4
"saunier duval migo installation";1;9;11.11;11.0
"société production audiovisuelle suisse";1;1;100.00;3.0
"spc film";1;4;25.00;4.0
"studio 3d animation";1;532;0.19;18.6
"studio animation";1;670;0.15;53.9
"studio animation 2d lyon";1;20;5.00;20.4
"studio d'animation 3d";1;312;0.32;24.0
"studio fond vert lyon";1;491;0.20;28.1
"studio motion design";1;856;0.12;73.7
"studios d'animation paris";1;318;0.31;28.7
"thermostat connecté engie";1;387;0.26;14.5
"thermostat engie";1;548;0.18;9.8
"thermostat migo saunier duval";1;147;0.68;10.0
"thermostat saunier duval migo";1;45;2.22;9.5
"video mapping geneve";1;135;0.74;11.1
"video mapping paris";1;523;0.19;13.0
"web tv en direct";1;26;3.85;20.3
"web tv live stream";1;2;50.00;5.0
"web tv stream";1;12;8.33;8.1
"webtv direct";1;32;3.13;17.0
"""engie home services"" -site:corporama.com -site:verif.com -site:manageo.fr -site:bilansgratuits.fr -site:societe.com -site:kompass.com -site:lefigaro.fr -site:data.gouv.fr -site:pappers.fr -site:score3.fr -site:rocketlead.fr";0;1;0.00;87.0
"""engie home services"" mail email";0;6;0.00;72.0
"""homeserve"" -site:corporama.com -site:verif.com -site:manageo.fr -site:bilansgratuits.fr -site:societe.com -site:kompass.com -site:lefigaro.fr -site:data.gouv.fr -site:pappers.fr -site:score3.fr -site:rocketlead.fr";0;2;0.00;31.5
"""neurones it"" mail email";0;1;0.00;67.0
"""publicité video";0;17;0.00;36.2
"(france or français or francaise or paris or lyon) (""architectural visualization"" or ""architectural visualisation"" or archviz or cgi or ""3d rendering"") (studio or agency or ""agence"") (contact or ""nous contacter"") -jobs -careers -emploi -recrutement";0;1;0.00;66.0
"15 prod";0;1;0.00;80.0
"15 vidéos corporate";0;1;0.00;35.0
"15 vidéos publicitaires";0;5;0.00;21.2
"2d 3d animation studio";0;29;0.00;66.7
"2d motion design";0;24;0.00;37.9
"2d studio";0;1;0.00;8.0
"360 drone";0;6;0.00;32.7
"360 film vr";0;1;0.00;54.0
"360 immersive";0;1;0.00;8.0
"360 immersive experience";0;1;0.00;10.0
"360 immersive video";0;1;0.00;8.0
"360 video";0;3;0.00;11.3
"360 video drone";0;2;0.00;39.5
"360 video presentation";0;1;0.00;12.0
"360 videography";0;1;0.00;40.0
"360 vidéo";0;4;0.00;26.8
"360 vr";0;1;0.00;6.0
"360 vr 3d videos";0;1;0.00;14.0
"360 vr video";0;1;0.00;50.0
"360vr";0;1;0.00;35.0
"360vr video";0;1;0.00;10.0
"3d agency paris";0;1;0.00;16.0
"3d animation agency";0;57;0.00;84.5
"3d animation company";0;120;0.00;30.9
"3d animation production";0;1;0.00;97.0
"3d animation school in lyon";0;7;0.00;35.0
"3d animation services";0;4;0.00;44.3
"3d animation studios";0;83;0.00;44.0
"3d arrow animation";0;1;0.00;9.0
"3d creation lyon";0;1;0.00;96.0
"3d immersive video";0;1;0.00;12.0
"3d lyon";0;10;0.00;39.8
"3d machine animation agency";0;1;0.00;74.0
"3d machine animation studio";0;2;0.00;39.5
"3d mapping";0;1;0.00;56.0
"3d marine animation";0;2;0.00;91.5
"3d motion design studio";0;4;0.00;89.5
"3d porn videos";0;1;0.00;66.0
"3d product animation agency";0;1;0.00;87.0
"3d production studio";0;1;0.00;9.0
"3d studios";0;2;0.00;28.5
"3d studios near me";0;1;0.00;9.0
"3d vista";0;2;0.00;57.5
"3d+animation+studio";0;2;0.00;27.5
"3dcg animation studio";0;1;0.00;11.0
"4k immersive";0;1;0.00;10.0
"5g cisco";0;1;0.00;68.0
"5g design";0;1;0.00;91.0
"@migo";0;2;0.00;5.0
"@motiondesigners.2d";0;1;0.00;43.0
"a mapping";0;3;0.00;58.3
"a migo";0;1;0.00;30.0
"aamplitude";0;1;0.00;65.0
"abb serie";0;1;0.00;11.0
"abb snk";0;2;0.00;4.5
"abbox";0;1;0.00;31.0
"abox memo";0;1;0.00;11.0
"accidents industriels";0;1;0.00;98.0
"action prod studio";0;2;0.00;69.5
"adapter les ventes à la réalité de la production";0;50;0.00;63.3
"adultvista";0;1;0.00;16.0
"advertising video agency";0;1;0.00;18.0
"affter movie";0;2;0.00;11.0
"afrer movie";0;1;0.00;10.0
"aftee movie";0;1;0.00;11.0
"after mivie";0;1;0.00;11.0
"after mobie";0;7;0.00;8.9
"after mocie";0;4;0.00;11.0
"after moovie";0;63;0.00;9.3
"after movie (aftermovie) latest";0;5;0.00;15.6
"after movie definition";0;2;0.00;10.0
"after movie event";0;14;0.00;7.7
"after movie festival";0;6;0.00;9.2
"after movir";0;3;0.00;3.3
"after movue";0;1;0.00;9.0
"aftermoovie";0;41;0.00;9.6
"aftermov";0;1;0.00;10.0
"aftermove";0;17;0.00;10.2
"aftermovi";0;12;0.00;9.1
"aftermovie def";0;7;0.00;10.6
"aftermovie definition";0;38;0.00;27.1
"aftermovie définition";0;237;0.00;9.3
"aftermovie evenement";0;107;0.00;42.7
"aftermovie event";0;3;0.00;6.7
"aftermovie festival";0;3;0.00;54.7
"aftermovie film";0;8;0.00;10.6
"aftermovie lyon";0;6;0.00;19.7
"aftermovie meaning";0;4;0.00;8.8
"aftermovie o que é";0;5;0.00;77.0
"aftermovie or after movie";0;1;0.00;10.0
"aftermovie ou after movie";0;5;0.00;9.6
"aftermovie professionnel";0;192;0.00;8.0
"aftermovie que es";0;4;0.00;68.5
"aftermovie soirée brest";0;1;0.00;21.0
"aftermovie streaming";0;1;0.00;15.0
"aftermovie traduction";0;1;0.00;3.0
"aftermovie événement";0;3;0.00;10.3
"aftermovie événement réunion";0;19;0.00;12.8
"aftermovies";0;5;0.00;19.4
"aftermovir";0;1;0.00;9.0
"aftermovue";0;1;0.00;11.0
"afterovie";0;1;0.00;10.0
"afyer movie";0;1;0.00;11.0
"agence 3d lyon";0;57;0.00;10.9
"agence animation 2d";0;100;0.00;38.2
"agence animation 3d";0;339;0.00;29.2
"agence animation video";0;102;0.00;63.2
"agence animation vidéo";0;144;0.00;52.1
"agence animatique";0;22;0.00;79.7
"agence audiovisuel";0;16;0.00;34.4
"agence audiovisuel lyon";0;2;0.00;49.5
"agence audiovisuelle industrie pharmaceutique";0;53;0.00;23.0
"agence audiovisuelle lyon";0;5;0.00;11.2
"agence av prod";0;12;0.00;82.3
"agence captation vidéo";0;2;0.00;37.0
"agence captation événementielle";0;32;0.00;19.5
"agence cideo";0;2;0.00;7.5
"agence clip aftermovie";0;6;0.00;27.0
"agence clip video";0;64;0.00;17.3
"agence communication 3d";0;1;0.00;94.0
"agence communication motion design";0;16;0.00;77.6
"agence communication multimédia lyon";0;51;0.00;42.5
"agence communication video";0;136;0.00;12.0
"agence communication vidéo";0;187;0.00;8.0
"agence communication vidéo genève";0;50;0.00;2.0
"agence communication vidéo lyon";0;59;0.00;19.8
"agence communication vidéo paris";0;6;0.00;29.0
"agence conception de videos";0;1;0.00;48.0
"agence conception video";0;15;0.00;22.2
"agence creation film";0;5;0.00;39.0
"agence creation video";0;316;0.00;29.1
"agence creation vidéo";0;2;0.00;58.0
"agence création de contenu video";0;1;0.00;8.0
"agence création de video";0;2;0.00;31.5
"agence création motion design";0;28;0.00;84.9
"agence création video";0;5;0.00;61.6
"agence création vidéo";0;353;0.00;34.0
"agence création vidéo lyon";0;102;0.00;60.6
"agence création vidéo réseaux sociaux";0;7;0.00;10.0
"agence créative spécialisée dans la création de vidéo";0;17;0.00;33.4
"agence créative vidéo";0;41;0.00;30.3
"agence d'animation 3d";0;30;0.00;25.9
"agence d'audiovisuel";0;19;0.00;26.6
"agence de cinema";0;1;0.00;1.0
"agence de communication 3d lyon";0;72;0.00;28.7
"agence de communication audiovisuelle lyon";0;59;0.00;77.5
"agence de communication lyon";0;4;0.00;3.8
"agence de communication rue victor hugo lyon";0;101;0.00;44.2
"agence de communication video";0;26;0.00;33.3
"agence de communication vidéo";0;287;0.00;14.2
"agence de communication vidéo lyon";0;348;0.00;29.4
"agence de communication vidéo troyes";0;17;0.00;71.9
"agence de communication visuelle video";0;36;0.00;60.5
"agence de contenu vidéo";0;2;0.00;19.0
"agence de creation de vidéo promotionnelle animée";0;2;0.00;1.5
"agence de creation video";0;5;0.00;52.8
"agence de création de contenu vidéo";0;1;0.00;35.0
"agence de création vidéo";0;313;0.00;36.1
"agence de création vidéo lyon";0;49;0.00;42.0
"agence de création vidéo paris";0;1;0.00;73.0
"agence de création vidéos";0;76;0.00;23.7
"agence de développement de réalité mixte";0;1;0.00;24.0
"agence de film";0;3;0.00;9.3
"agence de film corporate";0;4;0.00;15.8
"agence de graphisme";0;1;0.00;11.0
"agence de graphisme grenoble";0;1;0.00;1.0
"agence de montage video";0;33;0.00;55.4
"agence de montage video lyon";0;78;0.00;45.8
"agence de montage vidéo";0;146;0.00;63.1
"agence de motion design";0;104;0.00;62.9
"agence de motion design paris";0;9;0.00;73.8
"agence de motion graphics";0;2;0.00;53.5
"agence de prod";0;155;0.00;22.1
"agence de prod genève";0;129;0.00;3.4
"agence de production audiovisuelle";0;4;0.00;12.0
"agence de production audiovisuelle geneve";0;4;0.00;3.0
"agence de production audiovisuelle lyon";0;108;0.00;81.0
"agence de production clip aftermovie";0;6;0.00;16.0
"agence de production créative suisse";0;177;0.00;8.1
"agence de production de motion design à lyon";0;240;0.00;41.6
"agence de production film";0;30;0.00;63.9
"agence de production film promotionnel";0;15;0.00;16.1
"agence de production genève";0;3;0.00;20.7
"agence de production lyon";0;384;0.00;46.9
"agence de production paris";0;1;0.00;151.0
"agence de production publicitaire";0;28;0.00;11.6
"agence de production réalisation clip aftermovie";0;4;0.00;16.8
"agence de production réalisation de film promotionnel";0;14;0.00;12.1
"agence de production réalisation film promotionnel";0;1;0.00;45.0
"agence de production suisse";0;4;0.00;6.3
"agence de production video";0;189;0.00;50.5
"agence de production video velo";0;16;0.00;94.9
"agence de production vidéo";0;126;0.00;46.8
"agence de production vidéo genève";0;25;0.00;62.6
"agence de production vidéo ia";0;31;0.00;90.7
"agence de production vidéo paris";0;2;0.00;54.5
"agence de production vidéo saint quay portrieux";0;1;0.00;79.0
"agence de production vidéos genève";0;8;0.00;7.6
"agence de pub lyonnaise";0;1;0.00;11.0
"agence de pub vidéo";0;16;0.00;18.1
"agence de publicité video";0;572;0.00;11.3
"agence de publicité vidéo";0;163;0.00;11.0
"agence de réalisation vidéo";0;25;0.00;61.4
"agence de réalité virtuelle";0;3;0.00;59.7
"agence de studios d animation";0;51;0.00;36.7
"agence de studios d’animation";0;43;0.00;30.3
"agence de video";0;241;0.00;23.7
"agence de video creative";0;2;0.00;69.0
"agence de video marketing";0;3;0.00;14.7
"agence de vidéos";0;28;0.00;37.9
"agence de vidéos paris";0;29;0.00;93.7
"agence de voyage réalité virtuelle";0;1;0.00;87.0
"agence dessin animé";0;9;0.00;79.1
"agence display video";0;193;0.00;37.8
"agence drone";0;6;0.00;28.8
"agence du film 64";0;1;0.00;43.0
"agence engie home services";0;1;0.00;13.0
"agence evenementiel lyon";0;1;0.00;31.0
"agence film corporate";0;11;0.00;63.9
"agence film corporate lyon";0;14;0.00;17.5
"agence film corporate paris";0;2;0.00;20.5
"agence film entreprise";0;31;0.00;43.5
"agence film institutionnel";0;3;0.00;49.0
"agence film promotionnel";0;4;0.00;22.5
"agence film pub";0;105;0.00;22.2
"agence film publicitaire";0;652;0.00;16.2
"agence film publicitaire entreprise";0;20;0.00;13.8
"agence film publicitaire lyon";0;99;0.00;52.1
"agence films publicitaires";0;17;0.00;29.6
"agence graphisme design motion ille et vilaine";0;1;0.00;96.0
"agence graphisme grenoble";0;1;0.00;1.0
"agence graphisme lyon";0;4;0.00;9.0
"agence innovation";0;235;0.00;49.5
"agence innovation paris";0;49;0.00;61.0
"agence lancements de produits";0;29;0.00;82.4
"agence live streaming";0;1;0.00;49.0
"agence marketing lyon";0;1;0.00;1.0
"agence marketing video";0;19;0.00;55.6
"agence marketing video toulouse";0;4;0.00;55.8
"agence marketing vidéo";0;12;0.00;9.8
"agence marketing vidéo lyon";0;27;0.00;55.0
"agence metaverse";0;970;0.00;13.6
"agence montage video";0;13;0.00;30.2
"agence montage vidéo";0;91;0.00;33.3
"agence montage vidéo nantes";0;3;0.00;15.7
"agence motion";0;1;0.00;52.0
"agence motion design";0;986;0.00;69.3
"agence motion design 77";0;2;0.00;99.0
"agence motion design 78";0;10;0.00;60.4
"agence motion design casablnca";0;1;0.00;95.0
"agence motion design deux-sèvres";0;21;0.00;78.4
"agence motion design france";0;1;0.00;113.0
"agence motion design idf";0;3;0.00;83.0
"agence motion design ile-de-france";0;8;0.00;70.1
"agence motion design kif60";0;3;0.00;92.0
"agence motion design lyon";0;285;0.00;79.0
"agence motion design nice";0;1;0.00;50.0
"agence motion design paris";0;53;0.00;69.9
"agence motion design pas cher";0;1;0.00;30.0
"agence motion design pour rapport annuel";0;48;0.00;70.8
"agence motion design sarthe";0;8;0.00;92.8
"agence motion design suisse";0;6;0.00;3.8
"agence motion design tech";0;4;0.00;41.5
"agence motion design vendée";0;1;0.00;101.0
"agence motion designers";0;102;0.00;61.7
"agence motion illustrateurs";0;31;0.00;43.2
"agence multimedia lyon";0;16;0.00;45.7
"agence multimédia lyon";0;312;0.00;31.3
"agence multimédia paris";0;4;0.00;76.5
"agence pour motion designers";0;194;0.00;70.1
"agence pour motion illustrateurs";0;12;0.00;42.2
"agence pour réalisateurs 3d";0;193;0.00;51.5
"agence presentation video";0;43;0.00;23.9
"agence prod";0;73;0.00;77.3
"agence prod media";0;2;0.00;78.0
"agence prod video velo";0;40;0.00;74.1
"agence production";0;2;0.00;68.5
"agence production 3d paris";0;53;0.00;12.0
"agence production audiovisuel";0;1;0.00;61.0
"agence production audiovisuelle aix les bains";0;1;0.00;62.0
"agence production audiovisuelle lyon";0;48;0.00;78.1
"agence production audiovisuelle villeurbanne";0;1;0.00;96.0
"agence production lyon";0;60;0.00;39.0
"agence production publicitaire";0;6;0.00;25.7
"agence production video";0;331;0.00;72.0
"agence production video paris";0;1;0.00;99.0
"agence production video velo";0;42;0.00;75.9
"agence production vidéo";0;779;0.00;58.9
"agence production vidéo genève";0;12;0.00;44.4
"agence production vidéo lyon";0;117;0.00;61.8
"agence production visuelle";0;1;0.00;39.0
"agence pub video";0;61;0.00;4.7
"agence pub vidéo";0;118;0.00;4.2
"agence publicité audiovisuel";0;9;0.00;12.0
"agence publicité vidéo";0;39;0.00;33.8
"agence realite augmentee";0;59;0.00;78.7
"agence realite virtuelle";0;56;0.00;40.8
"agence reportage";0;10;0.00;14.5
"agence réalisateurs 3d";0;224;0.00;42.3
"agence réalisation clip aftermovie";0;8;0.00;13.0
"agence réalisation de clip aftermovie";0;3;0.00;14.3
"agence réalisation de film promotionnel";0;3;0.00;10.7
"agence réalisation film promotionnel";0;17;0.00;16.8
"agence réalisation vidéo";0;135;0.00;21.3
"agence réalisation vidéo promotionnelle";0;3;0.00;7.3
"agence réalité augmentée";0;185;0.00;69.1
"agence réalité mixte";0;3;0.00;36.7
"agence réalité virtuelle";0;1696;0.00;34.8
"agence réalité virtuelle 3d";0;35;0.00;39.9
"agence réalité virtuelle lyon";0;216;0.00;24.4
"agence réalité virtuelle marseille";0;7;0.00;85.0
"agence réalité virtuelle nice";0;17;0.00;83.6
"agence réalité virtuelle paris";0;36;0.00;77.1
"agence spot publicitaire";0;104;0.00;8.8
"agence spot publicitaire paris";0;12;0.00;49.8
"agence spots publicitaires";0;1;0.00;43.0
"agence streaming";0;167;0.00;34.4
"agence streaming lyon";0;542;0.00;33.6
"agence streaming nantes";0;17;0.00;77.8
"agence streaming paris";0;65;0.00;70.6
"agence streaming video paris";0;110;0.00;39.4
"agence tetro";0;2;0.00;29.0
"agence tournage video";0;4;0.00;96.0
"agence veo";0;2;0.00;73.0
"agence vid";0;18;0.00;9.7
"agence videaste";0;224;0.00;25.2
"agence video";0;275;0.00;55.2
"agence video 360";0;14;0.00;60.6
"agence video 91";0;4;0.00;46.5
"agence video ads";0;317;0.00;35.2
"agence video animation";0;78;0.00;63.4
"agence video annecy geneve";0;7;0.00;22.4
"agence video b2b";0;2;0.00;10.0
"agence video brignais";0;30;0.00;27.8
"agence video chaponost";0;7;0.00;91.1
"agence video corporate";0;43;0.00;19.0
"agence video cotes d'armor";0;1;0.00;101.0
"agence video d animation";0;2;0.00;43.5
"agence video entreprise";0;315;0.00;52.5
"agence video entreprise lyon";0;248;0.00;30.1
"agence video evenementielle";0;1;0.00;28.0
"agence video explicative";0;40;0.00;65.9
"agence video france";0;2;0.00;15.0
"agence video genève";0;1;0.00;3.0
"agence video institutionnelle à lyon";0;89;0.00;23.7
"agence video lyon";0;446;0.00;19.7
"agence video marketing";0;47;0.00;45.1
"agence video motion";0;59;0.00;79.4
"agence video motion design";0;333;0.00;77.5
"agence video motion kif60";0;2;0.00;8.5
"agence video paris";0;67;0.00;63.1
"agence video pedagogique";0;1;0.00;94.0
"agence vidéaste";0;22;0.00;28.0
"agence vidéo & motion design";0;1;0.00;94.0
"agence vidéo 3d";0;50;0.00;41.6
"agence vidéo 91";0;3;0.00;75.3
"agence vidéo animation";0;21;0.00;89.2
"agence vidéo animée";0;81;0.00;81.3
"agence vidéo b2b";0;56;0.00;20.9
"agence vidéo brest";0;1;0.00;15.0
"agence vidéo btp lyon";0;11;0.00;33.0
"agence vidéo captation clermont-ferrand";0;2;0.00;13.0
"agence vidéo captation nice";0;4;0.00;69.0
"agence vidéo corporate";0;226;0.00;36.8
"agence vidéo corporate btp france";0;8;0.00;35.9
"agence vidéo corporate btp lyon";0;79;0.00;32.2
"agence vidéo corporate finance france";0;12;0.00;33.2
"agence vidéo corporate immobilier france";0;1;0.00;18.0
"agence vidéo corporate industrie france";0;4;0.00;33.3
"agence vidéo corporate industrie lyon";0;17;0.00;28.5
"agence vidéo corporate industrie paris";0;3;0.00;16.0
"agence vidéo corporate paris";0;16;0.00;24.5
"agence vidéo corporate santé france";0;117;0.00;18.1
"agence vidéo corporate santé lyon";0;122;0.00;10.2
"agence vidéo corporate santé paris";0;33;0.00;11.7
"agence vidéo de luxe genève";0;194;0.00;4.6
"agence vidéo drone";0;31;0.00;16.5
"agence vidéo d⠹entreprise à paris";0;5;0.00;18.2
"agence vidéo entreprise";0;5;0.00;53.6
"agence vidéo essonne";0;3;0.00;11.3
"agence vidéo et motion design";0;130;0.00;54.2
"agence vidéo explicative";0;44;0.00;50.8
"agence vidéo geneve";0;26;0.00;3.5
"agence vidéo genève";0;137;0.00;4.9
"agence vidéo givors";0;2;0.00;38.0
"agence vidéo ia";0;4;0.00;62.5
"agence vidéo industrie france";0;1;0.00;5.0
"agence vidéo industrie lyon";0;3;0.00;19.3
"agence vidéo industrielle";0;1;0.00;11.0
"agence vidéo institutionnelle";0;3;0.00;32.3
"agence vidéo le mans";0;9;0.00;39.0
"agence vidéo lyon";0;2210;0.00;21.7
"agence vidéo lyonnaise";0;27;0.00;26.0
"agence vidéo marketing";0;68;0.00;52.3
"agence vidéo motion design";0;83;0.00;78.9
"agence vidéo médicale";0;18;0.00;28.8
"agence vidéo nantes";0;19;0.00;38.4
"agence vidéo paris";0;175;0.00;46.9
"agence vidéo promotionnelle";0;23;0.00;10.6
"agence vidéo publicitaire";0;263;0.00;11.2
"agence vidéo publicitaire le mans";0;16;0.00;85.7
"agence vidéo rhône";0;17;0.00;10.0
"agence vidéo santé";0;121;0.00;18.5
"agence vidéo santé france";0;91;0.00;18.5
"agence vidéo santé lyon";0;99;0.00;7.6
"agence vidéo santé paris";0;31;0.00;10.0
"agence vidéo secteur santé";0;102;0.00;18.1
"agence vidéo strasbourg";0;8;0.00;36.9
"agence vidéo stratégique";0;4;0.00;22.3
"agence vidéo tech";0;2;0.00;11.0
"agence vidéo yvelines";0;1;0.00;45.0
"agence vidéo à brignais";0;3;0.00;34.7
"agence vidéo à chaponost";0;3;0.00;80.0
"agence vidéo à lyon";0;4;0.00;23.8
"agence vidéos";0;6;0.00;40.8
"agence vista";0;2;0.00;36.5
"agence vr";0;9;0.00;38.7
"agence événementiel lyon";0;1;0.00;1.0
"agences audiovisuelles";0;11;0.00;47.1
"agences de motion design";0;17;0.00;54.2
"agences de production audiovisuelle";0;40;0.00;57.1
"agences motion design";0;87;0.00;50.0
"agencia realidad virtual";0;4;0.00;50.5
"agency motion design";0;13;0.00;77.2
"agency video";0;9;0.00;66.7
"agent motion designer";0;153;0.00;50.1
"agents d'artistes motion designers";0;27;0.00;76.4
"agenzia video";0;1;0.00;72.0
"aide vista";0;5;0.00;97.0
"aimation studio";0;1;0.00;4.0
"alavista vr";0;19;0.00;7.3
"alorem";0;26;0.00;8.3
"ama vista";0;1;0.00;9.0
"amplitud";0;1;0.00;36.0
"amplitude";0;1;0.00;58.0
"amplitude france";0;1;0.00;26.0
"amplitude lyon";0;1;0.00;62.0
"amplitude ortho";0;2;0.00;24.0
"amplitude prothèse";0;1;0.00;28.0
"amplitude robot";0;13;0.00;4.3
"amplitude société";0;1;0.00;98.0
"amplitude system";0;1;0.00;69.0
"amplitude systeme";0;29;0.00;64.6
"amplitude systemes";0;1;0.00;51.0
"amplitude systèmes";0;12;0.00;75.9
"amplitudes 2023";0;1;0.00;77.0
"anim studio";0;3;0.00;7.7
"anim studios";0;1;0.00;92.0
"animation 2d motion design";0;4;0.00;52.3
"animation 2d paris";0;118;0.00;74.2
"animation 3 d";0;1;0.00;45.0
"animation 360 degrés";0;1;0.00;94.0
"animation 3d";0;20;0.00;47.3
"animation 3d architecture lyon";0;4;0.00;25.3
"animation 3d bâtiment lyon";0;1;0.00;36.0
"animation 3d design";0;7;0.00;87.1
"animation 3d film";0;3;0.00;95.3
"animation 3d films";0;1;0.00;93.0
"animation 3d genève";0;94;0.00;9.0
"animation 3d immobilière lyon";0;11;0.00;14.6
"animation 3d luxe";0;28;0.00;27.4
"animation 3d maison lyon";0;11;0.00;16.0
"animation 3d paris";0;376;0.00;23.6
"animation 3d photoréaliste lyon";0;115;0.00;3.4
"animation 3d produit";0;1;0.00;63.0
"animation 3d projet immobilier lyon";0;1;0.00;36.0
"animation and film design";0;1;0.00;47.0
"animation architecture";0;1;0.00;5.0
"animation film studio";0;1;0.00;9.0
"animation film studios";0;1;0.00;77.0
"animation lyon";0;3;0.00;16.0
"animation manager";0;2;0.00;76.5
"animation mapping";0;20;0.00;18.2
"animation mase";0;52;0.00;74.5
"animation motion design";0;54;0.00;37.9
"animation oculus rift";0;1;0.00;80.0
"animation photo lyon";0;6;0.00;39.3
"animation publicitaire";0;1;0.00;76.0
"animation roanne lyon";0;13;0.00;43.9
"animation silhouette lyon";0;2;0.00;58.5
"animation silhouettiste lyon";0;29;0.00;92.0
"animation studio";0;107;0.00;40.6
"animation studio 3d";0;47;0.00;38.2
"animation studio lyon";0;10;0.00;12.2
"animation studio paris";0;485;0.00;37.2
"animation studios in paris";0;1;0.00;50.0
"animation studios near me";0;2;0.00;7.0
"animation studios paris";0;11;0.00;55.4
"animation video 3d";0;8;0.00;95.0
"animation video designer";0;35;0.00;49.8
"animation video mapping";0;454;0.00;8.5
"animations design";0;1;0.00;65.0
"animations motion design";0;20;0.00;63.9
"animations studio";0;4;0.00;60.8
"anime 3d film";0;1;0.00;99.0
"anime studio 3d";0;4;0.00;30.0
"aplitude";0;1;0.00;58.0
"app stan";0;2;0.00;10.5
"application metaverse";0;2;0.00;52.0
"application migo";0;2;0.00;15.5
"application motion design";0;3;0.00;54.3
"application sta";0;2;0.00;10.5
"appsan";0;1;0.00;6.0
"appstain";0;2;0.00;10.0
"aravi";0;788;0.00;8.4
"aravi aravi";0;1;0.00;6.0
"aravi d";0;1;0.00;9.0
"arka studio lyon";0;12;0.00;48.6
"assisqual";0;66;0.00;6.1
"associations graphismes design 2d et 3d lyon";0;3;0.00;37.3
"astavista vr";0;6;0.00;9.2
"audi mapping";0;5;0.00;38.6
"audiovisual agency geneva";0;203;0.00;4.6
"audiovisual agency haute-savoie";0;9;0.00;46.6
"audiovisual production studio";0;2;0.00;28.5
"audiovisuel drone toulouse";0;1;0.00;21.0
"audiovisuel genève";0;6;0.00;10.2
"audiovisuel lyon";0;1;0.00;11.0
"avvista";0;1;0.00;8.0
"b2bverizon";0;2;0.00;18.0
"bachelor animation 3d lyon";0;25;0.00;93.6
"bailvista";0;2;0.00;3.0
"banche deko";0;1;0.00;40.0
"banque de video aérienne";0;1;0.00;34.0
"barpi";0;61;0.00;10.4
"barpiu";0;1;0.00;15.0
"bbgr pro";0;1;0.00;36.0
"bbgr provins adresse";0;1;0.00;77.0
"bdsmvista";0;1;0.00;9.0
"bedrijfsfilm met drone";0;1;0.00;35.0
"berizon";0;1;0.00;16.0
"bienvista";0;2;0.00;53.0
"bleu nuit audiovisuel";0;1;0.00;35.0
"bleu nuit lyon";0;1;0.00;82.0
"bleunuit audiovisuel";0;6;0.00;31.8
"bloorvista";0;1;0.00;1.0
"bloviste";0;1;0.00;8.0
"blu3 vista";0;52;0.00;6.4
"blue film productions";0;3;0.00;78.7
"blue film site";0;2;0.00;42.0
"blue jeans verizon";0;1;0.00;91.0
"blue live stream";0;1;0.00;6.0
"blue mase";0;1;0.00;6.0
"blue motion c'est quoi";0;9;0.00;15.6
"blue prod";0;8;0.00;14.0
"blue production";0;16;0.00;18.1
"blue vi";0;2;0.00;8.5
"blue video.com";0;2;0.00;11.5
"blue vides";0;1;0.00;34.0
"blue vidéo";0;1;0.00;26.0
"blue vio";0;1;0.00;56.0
"blue vista capital";0;11;0.00;48.3
"blue vista capital management";0;3;0.00;16.7
"blue vista chicago";0;1;0.00;2.0
"blue vista game";0;2;0.00;5.5
"blue vista hotel & spa";0;1;0.00;42.0
"blue vista marine";0;1;0.00;8.0
"blue vista official website";0;1;0.00;3.0
"blue vistas";0;2;0.00;5.0
"bluemediafilesforg";0;2;0.00;13.0
"bluevide";0;1;0.00;13.0
"bluevista dive";0;1;0.00;3.0
"bluevista tv";0;3;0.00;16.3
"bluevista.tv";0;3;0.00;26.0
"blueyfilm";0;1;0.00;9.0
"blurvista";0;6;0.00;3.8
"bluvista store";0;1;0.00;4.0
"bluvista.de";0;49;0.00;4.2
"bluvista.tv";0;1;0.00;92.0
"boite d animation";0;13;0.00;53.5
"boite de communication lyon";0;1;0.00;2.0
"boite de prod clip aftermovie";0;10;0.00;26.2
"boite de prod film promotionnel";0;7;0.00;35.3
"boite de prod genève";0;229;0.00;46.9
"boite de prod lyon";0;546;0.00;30.8
"boite de prod paris";0;1;0.00;80.0
"boite de prod réalisation de film promotionnel";0;3;0.00;15.3
"boite de prod réalisation film corporate";0;5;0.00;34.0
"boite de prod réalisation film promotionnel";0;2;0.00;8.0
"boite de production";0;3;0.00;25.0
"boite de production audiovisuel";0;12;0.00;39.1
"boite de production audiovisuelle lyon";0;102;0.00;73.5
"boite de production audiovisuelle satisfactiongroup";0;13;0.00;42.2
"boite de production clip aftermovie";0;3;0.00;10.0
"boite de production de film";0;1;0.00;74.0
"boite de production documentaire lyon";0;6;0.00;30.0
"boite de production film promotionnel";0;3;0.00;27.7
"boite de production film publicitaire";0;198;0.00;28.0
"boite de production geneve";0;1;0.00;7.0
"boite de production genève";0;5;0.00;16.6
"boite de production lyon";0;436;0.00;34.0
"boite de production publicité";0;43;0.00;21.6
"boite de production réalisation clip aftermovie";0;4;0.00;16.5
"boite de production réalisation de clip aftermovie";0;3;0.00;12.7
"boite de production réalisation de film promotionnel";0;1;0.00;9.0
"boite de production video";0;1;0.00;1.0
"boite de production vidéo";0;23;0.00;67.8
"boite de production youtube";0;3;0.00;51.0
"boite production genève";0;1;0.00;87.0
"boites de prod paris";0;11;0.00;36.9
"boites de production";0;1;0.00;1.0
"boule lyonnaise video";0;3;0.00;74.7
"boîte de prod";0;1;0.00;54.0
"boîte de production";0;1;0.00;1.0
"brand film production geneva";0;33;0.00;12.9
"brevet drone 2018";0;3;0.00;97.0
"briefing debriefing";0;2;0.00;48.5
"briefing en debriefing";0;1;0.00;48.0
"briefing et debriefing";0;1;0.00;4.0
"broadcasting streaming";0;1;0.00;101.0
"brovista";0;2;0.00;4.0
"budvista";0;4;0.00;2.3
"buena vista creative";0;1;0.00;46.0
"buevista";0;1;0.00;1.0
"bully vr";0;9;0.00;9.0
"bureau 3d vista";0;48;0.00;51.0
"bureau metaverse";0;4;0.00;73.3
"busevista";0;1;0.00;1.0
"c pro groupe";0;2;0.00;42.0
"c'est quoi le motion design";0;4;0.00;73.8
"c'est quoi une dameuse";0;3;0.00;42.3
"c'est quoi une vidéo promotionnelle ?";0;6;0.00;40.3
"c'pro informatique";0;1;0.00;53.0
"c'pro lyon";0;1;0.00;20.0
"caddis motion design";0;1;0.00;37.0
"camera immersive";0;3;0.00;68.7
"cameraman genève";0;3;0.00;98.3
"cameraman in geneva";0;12;0.00;89.1
"campus infographie 3d genève";0;2;0.00;29.5
"caméra publicitaire";0;4;0.00;21.5
"captation d événements";0;18;0.00;79.7
"captation d'événements";0;1;0.00;84.0
"captation evenement";0;59;0.00;61.5
"captation evenementiel";0;70;0.00;41.4
"captation film";0;46;0.00;76.5
"captation film évènementiel";0;95;0.00;16.2
"captation streaming suisse";0;2;0.00;71.5
"captation video evenement";0;247;0.00;78.6
"captation vidéo";0;5;0.00;75.0
"captation vidéo contact";0;2;0.00;197.0
"captation vidéo définition";0;86;0.00;77.3
"captation vidéo geneve";0;93;0.00;23.6
"captation vidéo lyon";0;51;0.00;33.9
"captation vidéo suisse";0;10;0.00;78.9
"captation vidéo événement";0;83;0.00;83.7
"captation vidéo événementiel";0;10;0.00;76.1
"captation évènement";0;23;0.00;36.8
"captation événement";0;119;0.00;64.1
"captation événementielle";0;27;0.00;58.5
"captation événementielle vidéo";0;1;0.00;42.0
"cardboard qr code";0;1;0.00;30.0
"carte de voeux 2016";0;7;0.00;85.4
"carte de voeux 2017";0;68;0.00;87.3
"carte de voeux 2023";0;136;0.00;67.0
"carte de voeux d'entreprise";0;1;0.00;47.0
"carte de voeux entreprise design";0;1;0.00;95.0
"carte de voeux motion design";0;15;0.00;51.9
"carte de voeux video";0;349;0.00;20.5
"carte de voeux vidéo";0;256;0.00;22.4
"carte de voeux vidéo entreprise";0;16;0.00;91.3
"carte de voeux vidéos";0;247;0.00;19.5
"carte de vœux 2016";0;5;0.00;89.0
"carte de vœux 2023";0;42;0.00;52.2
"carte de vœux vidéo";0;214;0.00;19.2
"carte voeux 2016";0;81;0.00;90.0
"carte voeux 2023";0;76;0.00;77.6
"carte voeux video";0;208;0.00;24.2
"cartes de noël 2016";0;83;0.00;75.1
"cartes de voeux 2016";0;142;0.00;78.5
"cartes de voeux 2018";0;9;0.00;65.9
"cartes de voeux 2023";0;43;0.00;83.7
"cartes de vœux 2023";0;51;0.00;56.3
"cartes voeux 2016";0;31;0.00;85.7
"cartes voeux 2023";0;4;0.00;56.5
"cartoon lyon";0;2;0.00;46.5
"casque de réalité virtuelle personnalisé";0;3;0.00;83.7
"ce ineo";0;1;0.00;74.0
"centre commercial quartz";0;1;0.00;43.0
"centre commercial qwartz";0;5;0.00;31.4
"cera";0;25;0.00;34.9
"cera caisse epargne";0;2;0.00;69.5
"cera motion";0;6;0.00;6.2
"cgi studio paris";0;1;0.00;22.0
"chaudière connectée engie";0;38;0.00;55.9
"cinema 3d a paris";0;12;0.00;44.8
"cinema 3d lyon";0;3;0.00;19.0
"cinema 3d paris";0;8;0.00;28.9
"cinema vista productions";0;1;0.00;9.0
"cinevista limited";0;1;0.00;37.0
"cinéma 3d lyon";0;10;0.00;12.4
"cinéma 3d paris";0;3;0.00;29.7
"cinéma d animation 3d";0;2;0.00;82.5
"cisco and 5g";0;1;0.00;65.0
"clara vista";0;1;0.00;39.0
"claravista";0;1;0.00;53.0
"cliffvista";0;1;0.00;10.0
"clip corporate";0;1;0.00;74.0
"clip d entreprise";0;2;0.00;31.0
"clip publicitaire";0;5;0.00;23.6
"coffrage deko";0;6;0.00;24.3
"cohérence visuelle vidéo corporate";0;2;0.00;60.0
"combien coute une video publicitaire";0;8;0.00;46.1
"combien coûte un film d'entreprise";0;33;0.00;42.0
"comment faire une video publicitaire";0;6;0.00;80.5
"communication multimédia lyon";0;1;0.00;100.0
"communication vidéo le havre";0;3;0.00;48.3
"complexe audiovisuel lyon";0;1;0.00;62.0
"compositing studio";0;1;0.00;12.0
"concept visite virtuelle";0;1;0.00;93.0
"conception de vidéos sur mesure givors";0;30;0.00;32.9
"conception de vidéos sur mesure lyon";0;4;0.00;33.5
"conception de vidéos sur mesure monts du lyonnais";0;60;0.00;4.7
"conception de vidéos sur mesure oullins-pierre-bénite";0;19;0.00;27.3
"connect verizon";0;2;0.00;3.0
"contact for verizon";0;1;0.00;25.0
"contact verizon support";0;1;0.00;36.0
"coporate video";0;6;0.00;41.2
"core the film";0;3;0.00;61.0
"corporate audiovisual company";0;2;0.00;30.5
"corporate film";0;74;0.00;77.5
"corporate film geneva";0;238;0.00;2.1
"corporate film production";0;7;0.00;84.4
"corporate film production annecy";0;12;0.00;34.0
"corporate film production company";0;1;0.00;97.0
"corporate filmmaking";0;2;0.00;51.0
"corporate films";0;79;0.00;47.1
"corporate movie";0;2;0.00;93.0
"corporate production video";0;1;0.00;27.0
"corporate video";0;88;0.00;63.5
"corporate video agency";0;2;0.00;34.5
"corporate video agentur";0;5;0.00;85.4
"corporate video company";0;2;0.00;15.5
"corporate video geneva";0;20;0.00;23.1
"corporate video lyon";0;349;0.00;26.6
"corporate video production";0;71;0.00;25.1
"corporate video production europe";0;1;0.00;67.0
"corporate video production france";0;1;0.00;47.0
"corporate video production geneva";0;215;0.00;5.6
"corporate video production service";0;1;0.00;28.0
"corporate video production services";0;1;0.00;14.0
"corporate video produktion";0;1;0.00;98.0
"corporate video services";0;15;0.00;54.9
"corporate videographer";0;12;0.00;21.6
"corporate videography";0;7;0.00;35.7
"corporate videos";0;1;0.00;88.0
"corporate vidéo";0;19;0.00;29.6
"corporate vidéo lyon";0;5;0.00;34.0
"creation de decors pour youtube en ile de france";0;3;0.00;65.0
"creation de video publicitaire";0;61;0.00;16.7
"creation de video publicitaire gratuit";0;56;0.00;85.1
"creation film entreprise";0;115;0.00;25.4
"creation film publicitaire";0;113;0.00;29.5
"creation motion design";0;2;0.00;66.5
"creation motion design valence";0;1;0.00;63.0
"creation publicite video hotel";0;13;0.00;70.5
"creation publicité video";0;10;0.00;74.3
"creation showroom";0;1;0.00;98.0
"creation video entreprise lyon";0;4;0.00;42.8
"creation video lyon";0;3;0.00;58.7
"creation video motion design";0;2;0.00;60.0
"creation video publicitaire";0;69;0.00;30.0
"creation visite virtuelle paris";0;6;0.00;91.2
"creer une video publicitaire";0;45;0.00;28.1
"creer une video publicitaire gratuitement";0;93;0.00;90.9
"creer video publicitaire";0;55;0.00;43.5
"creer video publicitaire en ligne";0;1;0.00;97.0
"creer video publicitaire en ligne gratuit";0;1;0.00;93.0
"créateur film promo";0;1;0.00;48.0
"création campagne publicitaire vidéo lyon";0;25;0.00;14.2
"création de clips publicitaires 91";0;67;0.00;35.4
"création de clips publicitaires essonne";0;11;0.00;43.8
"création de films publicitaires";0;28;0.00;33.6
"création de video publicitaire";0;20;0.00;63.4
"création de vidéo 360";0;4;0.00;94.8
"création de vidéo immersive 360";0;123;0.00;31.6
"création de vidéo mapping à angers";0;169;0.00;28.4
"création de vidéo mapping à brest";0;230;0.00;21.2
"création de vidéo mapping à fouesnant";0;208;0.00;13.1
"création de vidéo mapping à josselin";0;219;0.00;17.6
"création de vidéo mapping à la roche-sur-yon";0;207;0.00;16.3
"création de vidéo mapping à laval";0;205;0.00;20.1
"création de vidéo mapping à le mans";0;194;0.00;21.0
"création de vidéo mapping à lorient";0;96;0.00;29.5
"création de vidéo mapping à moréac";0;220;0.00;17.9
"création de vidéo mapping à muzillac";0;172;0.00;14.9
"création de vidéo mapping à nantes";0;43;0.00;48.4
"création de vidéo mapping à ploërmel";0;247;0.00;17.9
"création de vidéo mapping à poitiers";0;216;0.00;21.7
"création de vidéo mapping à pontivy";0;241;0.00;18.8
"création de vidéo mapping à quimperlé";0;62;0.00;15.9
"création de vidéo mapping à redon";0;242;0.00;20.0
"création de vidéo mapping à saint-brieuc";0;141;0.00;31.5
"création de vidéo mapping à saumur";0;216;0.00;15.5
"création de vidéo mapping à toursauray";0;179;0.00;13.7
"création de vidéo mapping à vannes";0;60;0.00;16.4
"création de vidéo motion design";0;30;0.00;51.2
"création de vidéo publicitaire metz";0;4;0.00;51.5
"création de vidéos genève";0;12;0.00;17.6
"création entreprise paris 15";0;8;0.00;86.9
"création film d'entreprise douai";0;4;0.00;19.5
"création film entreprise";0;1;0.00;34.0
"création film publicitaire";0;122;0.00;29.9
"création mapping vidéo";0;7;0.00;4.7
"création motion design";0;91;0.00;71.6
"création motion design argentan";0;37;0.00;41.6
"création motion design auch";0;22;0.00;31.0
"création motion design avallon";0;32;0.00;33.3
"création motion design bain de bretagne";0;12;0.00;56.8
"création motion design bergerac";0;31;0.00;43.4
"création motion design bernay";0;49;0.00;40.1
"création motion design bressuire";0;9;0.00;45.1
"création motion design chaumont";0;16;0.00;75.1
"création motion design digne les bains";0;7;0.00;72.9
"création motion design dole";0;10;0.00;85.6
"création motion design flers";0;22;0.00;56.1
"création motion design guéret";0;24;0.00;58.0
"création motion design idf";0;2;0.00;38.0
"création motion design la haye du puits";0;56;0.00;38.5
"création motion design le mans";0;7;0.00;46.7
"création motion design le puy en velai";0;16;0.00;41.1
"création motion design loches";0;22;0.00;39.6
"création motion design macon";0;15;0.00;62.7
"création motion design mende";0;31;0.00;45.0
"création motion design millau";0;18;0.00;42.3
"création motion design parthenay";0;18;0.00;33.6
"création motion design perigueux";0;9;0.00;47.3
"création motion design pithiviers";0;10;0.00;51.1
"création motion design pontivy";0;27;0.00;42.7
"création motion design saint dizier";0;16;0.00;79.9
"création motion design saint flour";0;20;0.00;73.0
"création motion design sens";0;79;0.00;31.9
"création motion design souvigny";0;22;0.00;48.4
"création motion design st philbert de grand lieu";0;17;0.00;74.1
"création motion design ussel";0;26;0.00;41.3
"création motion design yvetot";0;9;0.00;49.3
"création réalité virtuelle";0;2;0.00;35.0
"création video corporate deauville";0;25;0.00;83.2
"création video corporate dieppe";0;4;0.00;47.8
"création video corporate le havre";0;12;0.00;52.4
"création video corporate rouen";0;5;0.00;93.8
"création video motion design";0;34;0.00;63.8
"création video promotionnelle";0;5;0.00;66.0
"création video publicitaire";0;260;0.00;22.1
"création vidéo corporate";0;1;0.00;49.0
"création vidéo d'entreprise deauville";0;6;0.00;86.5
"création vidéo d'entreprise dieppe";0;4;0.00;92.8
"création vidéo d'entreprise le havre";0;5;0.00;47.2
"création vidéo d'entreprise rouen";0;2;0.00;46.5
"création vidéo drone bordeaux";0;1;0.00;100.0
"création vidéo entreprise réunion";0;2;0.00;50.5
"création vidéo et motion design";0;58;0.00;62.9
"création vidéo mapping angers";0;3;0.00;12.3
"création vidéo mapping brest";0;7;0.00;6.4
"création vidéo mapping laval";0;2;0.00;8.0
"création vidéo mapping le mans";0;1;0.00;6.0
"création vidéo motion design";0;46;0.00;53.8
"création vidéo promotionnelle";0;2;0.00;55.0
"création vidéo pub le mans";0;35;0.00;57.1
"création vidéo publicitaire";0;101;0.00;22.2
"création vidéo salon professionnel";0;5;0.00;67.8
"création webtv genève";0;8;0.00;6.6
"créer un motion design";0;1;0.00;65.0
"créer une publicité video gratuite";0;74;0.00;90.7
"créer une publicité vidéo";0;36;0.00;46.1
"créer une video publicitaire";0;294;0.00;50.5
"créer une vidéo publicitaire";0;1;0.00;43.0
"cs .net";0;2;0.00;6.5
"cs gf";0;4;0.00;2.0
"cs manager";0;4;0.00;70.5
"cs net";0;156;0.00;8.0
"cs net hitachi";0;9;0.00;8.9
"cs net sp";0;1;0.00;36.0
"cs-net";0;2;0.00;9.5
"cs. net";0;1;0.00;8.0
"cs.net";0;1;0.00;10.0
"csnet";0;38;0.00;19.5
"csnet hitachi";0;3;0.00;13.3
"csnet lite";0;134;0.00;9.2
"csnet lite hitachi";0;75;0.00;9.2
"csnet manager";0;58;0.00;7.4
"csnet manager 2";0;3;0.00;19.0
"csnet web";0;13;0.00;8.5
"csnetmanager";0;45;0.00;8.3
"custom corporate film";0;1;0.00;49.0
"d-studio 3d";0;1;0.00;7.0
"dameuse";0;2;0.00;20.0
"dameuse montagne";0;5;0.00;73.2
"dameuse pistenbully";0;2;0.00;20.0
"dameuse val thorens";0;2;0.00;40.5
"dameuse video";0;6;0.00;9.7
"date equita lyon";0;1;0.00;1.0
"de mapping";0;4;0.00;70.0
"deko";0;3;0.00;54.7
"deko coffrage";0;13;0.00;24.1
"deko coffrages";0;38;0.00;6.2
"dekofilm";0;1;0.00;5.0
"demo 3d";0;2;0.00;24.0
"demonstration 3d";0;23;0.00;58.7
"design & motion lyon";0;91;0.00;54.9
"design a show";0;1;0.00;7.0
"design and motion";0;1;0.00;57.0
"design motion lyon";0;105;0.00;46.4
"design reel";0;1;0.00;29.0
"designer animated";0;1;0.00;28.0
"dessin animé en 3d";0;1;0.00;63.0
"dessin animé lyon";0;16;0.00;17.9
"devis audiovisuel";0;25;0.00;83.6
"devis clip aftermovie";0;5;0.00;11.0
"devis convaincants";0;2;0.00;94.0
"devis de production";0;1;0.00;38.0
"devis film";0;9;0.00;50.6
"devis film d'entreprise";0;7;0.00;71.9
"devis film entreprise";0;18;0.00;78.7
"devis motion design";0;78;0.00;59.4
"devis réalisation audiovisuelle";0;11;0.00;76.4
"devis réalisation vidéo";0;8;0.00;79.8
"devis réalisation vidéo d'entreprise lyon";0;314;0.00;4.8
"devis suisse";0;1;0.00;73.0
"devis vidéo corporate";0;13;0.00;83.9
"devis vidéo d'entreprise";0;1;0.00;87.0
"devis vidéo d'entreprise lyon";0;704;0.00;13.9
"diffusion en direct live streaming";0;3;0.00;63.0
"diffusion en direct, live streaming";0;1;0.00;27.0
"diffusion live tv";0;42;0.00;43.5
"diffusion mapping";0;2;0.00;21.0
"diffusion vidéo entreprise";0;4;0.00;41.0
"diffusion vr";0;1;0.00;86.0
"diffusion web tv";0;20;0.00;44.4
"diretta web tv";0;1;0.00;11.0
"dji 360 video";0;1;0.00;85.0
"dji s1000";0;1;0.00;8.0
"dlstan";0;1;0.00;14.0
"dolcevista";0;3;0.00;27.7
"dome hotel dieu lyon";0;3;0.00;59.7
"dome mapping";0;1;0.00;12.0
"dromis";0;16;0.00;10.3
"dron de video";0;2;0.00;57.0
"drone 360 video";0;3;0.00;11.3
"drone agence";0;2;0.00;62.0
"drone audiovisuel";0;1;0.00;49.0
"drone de video";0;3;0.00;96.7
"drone prise de vue aérienne professionnel";0;63;0.00;44.3
"drone prise de vue aérienne vidéo drone reims marne prestation vidéo montage vidéo";0;12;0.00;72.9
"drone professionnel video";0;9;0.00;72.8
"drone video production";0;1;0.00;96.0
"drone video professionnel";0;14;0.00;65.5
"drone video service";0;2;0.00;12.0
"drone videografie";0;1;0.00;37.0
"drone vidéaste";0;5;0.00;70.4
"drone visuals";0;1;0.00;35.0
"drone vr 360";0;12;0.00;46.7
"drone vr360";0;1;0.00;70.0
"drones 360";0;4;0.00;30.0
"ds animation";0;7;0.00;68.4
"ds family";0;11;0.00;7.2
"ds vista";0;1;0.00;3.0
"dtann";0;4;0.00;8.3
"du mapping";0;3;0.00;27.0
"durée idéale vidéo corporate";0;9;0.00;54.3
"démo virtuelle réalité";0;28;0.00;55.8
"e stan";0;1;0.00;13.0
"e-xpert";0;17;0.00;34.6
"e-xpert solutions";0;2;0.00;84.0
"ecole animation 3d lyon";0;22;0.00;80.8
"effiage";0;1;0.00;44.0
"eiffage experimente";0;4;0.00;96.0
"eiffages energies";0;2;0.00;77.5
"elistair orion";0;8;0.00;7.0
"emile terrier";0;21;0.00;8.2
"en 3d";0;1;0.00;12.0
"engie connecte";0;3;0.00;7.3
"engie connecté";0;34;0.00;23.1
"engie geneve";0;1;0.00;26.0
"engie home service";0;4;0.00;20.8
"engie home service chaudière";0;1;0.00;4.0
"engie home service thermostat connecté";0;3;0.00;7.3
"engie home services";0;2;0.00;73.0
"engie mobile";0;1;0.00;100.0
"engie programmateur chauffage";0;1;0.00;10.0
"engie thermostaat";0;1;0.00;43.0
"engie thermostat";0;125;0.00;9.2
"engie thermostat connecté";0;4710;0.00;8.4
"engie thermostat connecté gaz";0;4;0.00;56.3
"engie thermostat connecté gratuit";0;4;0.00;69.0
"engie thermostat gaz";0;3;0.00;43.7
"engie thermostat gratuit";0;2;0.00;30.5
"engie wifi";0;1;0.00;1.0
"entreprise 3d lyon";0;9;0.00;9.1
"entreprise 3d paris";0;15;0.00;11.8
"entreprise animation";0;7;0.00;38.1
"entreprise animation 2d";0;10;0.00;76.6
"entreprise animation 2d 3d";0;23;0.00;19.9
"entreprise animation 3d";0;257;0.00;19.7
"entreprise animation 3d paris";0;558;0.00;15.9
"entreprise audiovisuel genève";0;3;0.00;3.0
"entreprise audiovisuel lyon";0;5;0.00;14.4
"entreprise audiovisuelle lyon";0;36;0.00;59.1
"entreprise création vidéo brest";0;1;0.00;12.0
"entreprise d animation";0;11;0.00;59.1
"entreprise d audiovisuel";0;8;0.00;43.8
"entreprise d'animation";0;13;0.00;35.9
"entreprise d'animation 2d";0;32;0.00;81.8
"entreprise d'animation 3d";0;27;0.00;11.0
"entreprise d'audiovisuel";0;10;0.00;29.5
"entreprise de création vidéo";0;7;0.00;70.3
"entreprise de dessin animé";0;7;0.00;15.0
"entreprise de film";0;28;0.00;78.6
"entreprise de graphisme";0;1;0.00;1.0
"entreprise de modelisation 3d paris​";0;61;0.00;13.7
"entreprise de montage video";0;2;0.00;33.0
"entreprise de montage vidéo";0;6;0.00;59.7
"entreprise de paris";0;1;0.00;91.0
"entreprise de production";0;1;0.00;11.0
"entreprise de production graphique";0;1;0.00;2.0
"entreprise de production lyon";0;39;0.00;85.2
"entreprise de réalité virtuelle";0;2;0.00;102.0
"entreprise de video aerienne avec drone";0;208;0.00;7.5
"entreprise drone lyon";0;7;0.00;64.1
"entreprise film";0;91;0.00;74.3
"entreprise graphisme lyon";0;3;0.00;5.0
"entreprise ineo";0;2;0.00;78.0
"entreprise jeux vidéo lyon";0;2;0.00;1.5
"entreprise modélisation 3d paris";0;82;0.00;29.6
"entreprise montage video";0;24;0.00;50.7
"entreprise montage video lyon";0;56;0.00;63.3
"entreprise montage vidéo";0;6;0.00;29.7
"entreprise motion design";0;63;0.00;83.6
"entreprise production audiovisuelle lyon";0;1;0.00;1.0
"entreprise réalité virtuel";0;2;0.00;69.0
"entreprise réalité virtuelle";0;9;0.00;87.9
"entreprise réalité virtuelle lyon";0;1;0.00;91.0
"entreprise video";0;103;0.00;46.4
"entreprise vidéo";0;22;0.00;95.0
"entreprise vidéo publicitaire";0;96;0.00;10.3
"entreprise vidéo strasbourg";0;1;0.00;46.0
"entreprises audiovisuel";0;1;0.00;75.0
"equcity";0;1;0.00;54.0
"equita lyon";0;1;0.00;92.0
"equita lyon 2019";0;1;0.00;47.0
"equita lyon 2019 date";0;3;0.00;54.7
"equita lyon exposant";0;1;0.00;84.0
"equitalyon";0;1;0.00;106.0
"estanl";0;1;0.00;7.0
"evenementielle";0;1;0.00;1.0
"event after movie";0;4;0.00;10.3
"event aftermovie";0;11;0.00;76.4
"exemple motion design";0;2;0.00;89.5
"experience video 360";0;87;0.00;12.1
"expersite";0;11;0.00;79.1
"expert en vidéo mapping";0;108;0.00;21.5
"expert vidéo et motion design";0;201;0.00;77.0
"expertiece";0;1;0.00;12.0
"expertraite";0;1;0.00;3.0
"exposition hotel dieu lyon";0;1;0.00;71.0
"expérience vidéo immersive";0;7;0.00;10.3
"exsite";0;1;0.00;51.0
"facade mapping";0;1;0.00;8.0
"faire créer un film publicitaire";0;153;0.00;80.1
"faire du mapping";0;1;0.00;112.0
"faire un film d'entreprise réunion";0;1;0.00;37.0
"faire une vidéo pub réunion";0;6;0.00;28.2
"faire video publicitaire";0;12;0.00;21.0
"fidélité production";0;5;0.00;83.8
"film 360 vr";0;3;0.00;11.0
"film 360 vr video";0;1;0.00;66.0
"film 3d animation";0;3;0.00;97.7
"film 3d paris";0;1;0.00;15.0
"film 3d promotion immobilière lyon";0;2;0.00;18.5
"film alis";0;1;0.00;62.0
"film animation paris";0;1;0.00;48.0
"film animation studio";0;5;0.00;63.4
"film animation studios";0;1;0.00;66.0
"film corporate";0;1;0.00;58.0
"film corporate entreprise";0;44;0.00;84.1
"film corporate haut de gamme";0;21;0.00;63.8
"film corporate lyon";0;48;0.00;11.9
"film corporate paris";0;12;0.00;19.5
"film corporate troyes";0;1;0.00;78.0
"film d animation 3d immobilier lyon";0;34;0.00;16.7
"film d animation pour architecte lyon";0;20;0.00;14.4
"film d entreprise";0;128;0.00;45.0
"film d entreprise 64";0;17;0.00;28.6
"film d entreprise lyon";0;534;0.00;21.5
"film d entreprise paris";0;9;0.00;10.8
"film d'animation 3d immobilier";0;16;0.00;59.9
"film d'animation genève";0;7;0.00;53.9
"film d'animation médical";0;3;0.00;93.7
"film d'animation paris";0;12;0.00;66.0
"film d'entreprise";0;290;0.00;71.5
"film d'entreprise blois";0;9;0.00;87.1
"film d'entreprise geneve";0;92;0.00;8.0
"film d'entreprise genève";0;240;0.00;3.9
"film d'entreprise industrie paris";0;5;0.00;3.0
"film d'entreprise lyon";0;86;0.00;27.9
"film d'entreprise marne la vallée";0;24;0.00;44.5
"film d'entreprise paris";0;115;0.00;15.3
"film d'entreprise pau";0;5;0.00;93.4
"film d'entreprise saint nazaire";0;1;0.00;103.0
"film d'entreprise santé paris";0;4;0.00;12.0
"film d'entreprise savenay";0;14;0.00;47.2
"film d'entreprise sur mesure";0;10;0.00;4.7
"film d'entreprise val d'europe";0;85;0.00;76.4
"film d'entreprise voiron";0;14;0.00;85.8
"film d'entreprises";0;2;0.00;76.5
"film de communication";0;1;0.00;32.0
"film de lancement de produit";0;309;0.00;4.9
"film de securité genève";0;26;0.00;51.8
"film deko";0;6;0.00;7.2
"film dentreprise";0;5;0.00;73.2
"film d’entreprise";0;27;0.00;86.6
"film d⠹entreprise industrie paris";0;3;0.00;3.3
"film d⠹entreprise santé lyon";0;3;0.00;16.7
"film en 360";0;15;0.00;23.2
"film en vr 360";0;1;0.00;24.0
"film entreprise";0;340;0.00;89.2
"film entreprise 64";0;56;0.00;42.2
"film entreprise animation 3d";0;26;0.00;42.9
"film entreprise geneve";0;2;0.00;20.5
"film entreprise lyon";0;726;0.00;27.4
"film entreprise paris";0;305;0.00;25.2
"film entreprise region parisienne";0;107;0.00;3.2
"film evenement corporate paris";0;16;0.00;8.1
"film evenementiel";0;14;0.00;27.9
"film gf";0;2;0.00;7.5
"film industrie";0;1;0.00;16.0
"film industriel lyon";0;43;0.00;17.9
"film institutionnel d entreprise";0;3;0.00;80.0
"film institutionnel entreprise";0;6;0.00;76.3
"film institutionnel lyon";0;143;0.00;25.5
"film institutionnel monts du lyonnais";0;61;0.00;17.0
"film les chemins de la liberte";0;3;0.00;91.3
"film les chemins de la liberté";0;1;0.00;94.0
"film les lyonnais en streaming";0;1;0.00;47.0
"film metaverse";0;1;0.00;61.0
"film milles mots";0;1;0.00;64.0
"film motion design";0;65;0.00;67.2
"film pharmaceutique lyon";0;72;0.00;2.8
"film pour entreprise";0;3;0.00;23.0
"film product";0;5;0.00;9.4
"film produit";0;114;0.00;18.1
"film promotion territoire";0;4;0.00;32.3
"film promotionnel";0;12;0.00;77.1
"film promotionnel lyon";0;29;0.00;2.8
"film présentation entreprise";0;83;0.00;80.5
"film publicitaire";0;13;0.00;41.4
"film publicitaire créatif";0;195;0.00;14.8
"film publicitaire genève";0;1;0.00;22.0
"film publicitaire lyon";0;21;0.00;32.3
"film publicitaire paris";0;46;0.00;72.0
"film publicitaire sur mesure";0;9;0.00;9.1
"film showreel 2023";0;3;0.00;5.7
"film sur entreprise";0;3;0.00;79.3
"film sur la santé";0;2;0.00;65.5
"film sur les banques";0;1;0.00;75.0
"film video entreprise";0;105;0.00;51.5
"film vista";0;4;0.00;76.8
"film vr 360";0;2;0.00;25.5
"film vr360";0;1;0.00;21.0
"film évènementiel";0;4;0.00;59.5
"film évènementiel aftermovie";0;392;0.00;5.7
"film évènementiel captation intégrale";0;136;0.00;38.3
"film évènementiel pour conférence";0;1;0.00;88.0
"film événementiel";0;17;0.00;46.6
"filmgeneva";0;1;0.00;10.0
"filmindustrie";0;2;0.00;4.5
"filmmaker drone";0;1;0.00;73.0
"filmmaker lyon";0;8;0.00;40.6
"films 360";0;3;0.00;13.3
"films corporate";0;22;0.00;57.1
"films corporates";0;55;0.00;89.7
"films d entreprise";0;27;0.00;71.7
"films d'entreprise";0;4;0.00;76.8
"films entreprise";0;14;0.00;55.8
"films promotionnels";0;131;0.00;34.6
"films publicitaire";0;11;0.00;88.5
"films publicitaires";0;69;0.00;50.0
"films vr 360";0;2;0.00;82.5
"films événementiels";0;2;0.00;54.0
"filmstudio 3d";0;8;0.00;85.0
"filmstudio animation";0;1;0.00;36.0
"fooh paris";0;4;0.00;93.0
"formation animation 3d lyon";0;27;0.00;76.9
"formation cinema d'animation 3d lyon";0;6;0.00;52.3
"formation cinéma d'animation 3d lyon";0;4;0.00;92.5
"formation mapping video";0;21;0.00;77.7
"formation video mapping";0;1;0.00;94.0
"formation vidéo publicitaire";0;1;0.00;9.0
"fost studio paris";0;2;0.00;50.0
"fotovista";0;8;0.00;9.9
"frlorevista";0;102;0.00;8.9
"fter movie";0;1;0.00;9.0
"fubiz broadcast";0;37;0.00;65.8
"fubiz studio";0;1;0.00;69.0
"fubiz tv";0;88;0.00;65.4
"full service video production";0;4;0.00;6.3
"full-service video production";0;2;0.00;7.0
"geneva video production";0;589;0.00;21.1
"ges festival";0;2;0.00;43.5
"gestan";0;3;0.00;19.0
"gestans";0;1;0.00;13.0
"getlive";0;11;0.00;6.1
"getlive.com";0;3;0.00;4.0
"getlive.stream";0;1;0.00;10.0
"gf core";0;1;0.00;10.0
"gf cs";0;5;0.00;5.2
"gf ds";0;1;0.00;4.0
"gf exhibition";0;1;0.00;8.0
"gf machining solutions";0;1;0.00;1.0
"gf machining solutions management sa";0;1;0.00;1.0
"gf vip streaming";0;1;0.00;7.0
"gfcore";0;2;0.00;7.0
"gloupii.com";0;16;0.00;7.8
"grand hotel final";0;5;0.00;74.6
"grand hotel movie";0;2;0.00;81.0
"graphiste lyon";0;1;0.00;11.0
"graphiste villeurbanne";0;1;0.00;2.0
"grind coffee grinder";0;2;0.00;10.0
"grinder santos";0;1;0.00;11.0
"grossiste video";0;1;0.00;20.0
"groupe primavista";0;2;0.00;56.5
"gucci printemps lyon";0;6;0.00;9.7
"guitar en scene 2024";0;1;0.00;38.0
"guitare en scene";0;4;0.00;59.5
"guitare en scene 2017";0;1;0.00;89.0
"guitare en scene 2018";0;1;0.00;37.0
"guitare en scene 2019";0;5;0.00;85.8
"guitare en scene 2020";0;4;0.00;37.3
"guitare en scene 2022";0;1;0.00;92.0
"guitare en scene 2023";0;141;0.00;8.1
"guitare en scene 2024";0;13;0.00;12.1
"guitare en scenes";0;4;0.00;79.5
"guitare en scène";0;1;0.00;18.0
"guitare en scène 2022";0;1;0.00;99.0
"guitare en scène 2023";0;16;0.00;10.2
"guitare en scène 2023 programme";0;27;0.00;7.0
"guitare en scène 2024";0;18;0.00;9.4
"guitare en scène programme 2023";0;7;0.00;9.9
"guitare scene";0;2;0.00;88.0
"guitares en scene";0;1;0.00;11.0
"guitares en scenes";0;9;0.00;65.7
"hi-kumo";0;1;0.00;18.0
"hi-kumo hitachi installation";0;1;0.00;1.0
"high-end motion design";0;2;0.00;46.0
"hikumo";0;92;0.00;8.9
"hitachi";0;1;0.00;14.0
"hitachi 3d";0;4;0.00;6.5
"hitachi acs";0;1;0.00;26.0
"hitachi animation";0;2;0.00;5.5
"hitachi cs";0;1;0.00;7.0
"hitachi csnet";0;5;0.00;10.8
"hitachi film";0;1;0.00;7.0
"hitachi lyon";0;2;0.00;50.0
"hitachi triple c";0;2;0.00;28.0
"hitachi video";0;1;0.00;8.0
"hitachi yutaki";0;1;0.00;53.0
"hitachiclimat";0;7;0.00;23.0
"hocus pocus lyon";0;2;0.00;67.0
"hom video";0;1;0.00;67.0
"home service video";0;1;0.00;10.0
"home services";0;1;0.00;9.0
"home services engie";0;1;0.00;95.0
"hotel dieu lyon projet";0;1;0.00;100.0
"hotel equitalyon";0;4;0.00;44.0
"hotel grand hotel dieu lyon";0;2;0.00;60.5
"how to design video";0;1;0.00;55.0
"i grind";0;1;0.00;10.0
"idée de vidéo de voeux";0;5;0.00;34.8
"image de synthèse 3d lyon";0;9;0.00;16.6
"image interactive 3d lyon";0;82;0.00;8.7
"imagerie aérienne drone";0;1;0.00;65.0
"imersive video";0;4;0.00;7.3
"immerse 360";0;3;0.00;5.0
"immersion 360";0;4;0.00;29.3
"immersion 3d";0;1;0.00;69.0
"immersion réalité virtuelle";0;43;0.00;80.7
"immersion video";0;10;0.00;9.4
"immersion vidéo";0;30;0.00;6.7
"immersion virtuelle";0;2;0.00;89.5
"immersion360";0;6;0.00;49.8
"immersive 360";0;16;0.00;7.8
"immersive 360 experience";0;2;0.00;11.5
"immersive 360 video";0;5;0.00;8.4
"immersive definition";0;1;0.00;68.0
"immersive video experience";0;1;0.00;8.0
"immersive video meaning";0;1;0.00;10.0
"immersive videos";0;2;0.00;6.0
"immersive virtual reality";0;3;0.00;57.7
"immersive vision";0;1;0.00;10.0
"immersive vr";0;14;0.00;49.1
"immersive360";0;1;0.00;7.0
"in vista";0;5;0.00;59.0
"inauguration hotel";0;5;0.00;46.6
"industrie film";0;1;0.00;88.0
"ineao";0;2;0.00;48.5
"ineo";0;258;0.00;59.4
"ineo centre";0;3;0.00;23.3
"ineo chambery";0;1;0.00;15.0
"ineo equans";0;15;0.00;7.5
"ineo ferroviaire";0;3;0.00;28.0
"ineo logo";0;2;0.00;26.0
"ineo medis";0;1;0.00;12.0
"ineo nanterre";0;1;0.00;11.0
"ineo paris";0;10;0.00;8.6
"ineo uts";0;1;0.00;23.0
"ineo.";0;3;0.00;77.3
"infographiste 3d lyon";0;1;0.00;2.0
"information";0;1;0.00;6.0
"installation engie";0;1;0.00;77.0
"interactive immersive video";0;2;0.00;8.0
"internet video broadcasting";0;1;0.00;94.0
"intervista";0;2;0.00;55.0
"intervista prod";0;2;0.00;21.5
"inéo";0;72;0.00;46.3
"inéo equans";0;3;0.00;19.0
"irisolaris";0;1;0.00;42.0
"isn application";0;1;0.00;21.0
"je cherche une société de production vidéo pour réaliser un film corporate premium en suisse romande, quelles sont les références ?";0;37;0.00;4.9
"jeu vidéo mapping";0;65;0.00;48.7
"jérôme jomie | motion design 2d & 3d clichy";0;1;0.00;15.0
"kassbohrer dameuse";0;1;0.00;59.0
"kessler motion control";0;3;0.00;18.0
"kinovista";0;3;0.00;14.0
"koesio";0;1;0.00;5.0
"koesio carre senart";0;1;0.00;10.0
"koesio champagne";0;2;0.00;26.0
"koesio grand est";0;1;0.00;55.0
"koesio paris";0;2;0.00;78.0
"koesio studio";0;70;0.00;10.4
"kässbohrer dameuse";0;2;0.00;73.0
"l'entreprise film";0;2;0.00;70.5
"la boite a film lyon";0;3;0.00;55.7
"la boite à films lyon";0;10;0.00;53.3
"la cera";0;1;0.00;7.0
"la cleda";0;3;0.00;13.0
"la defense 3d";0;2;0.00;7.5
"la mapping";0;1;0.00;39.0
"la publicité vidéo en ligne";0;1;0.00;88.0
"la verizon";0;1;0.00;35.0
"lagence film complet youtube";0;1;0.00;47.0
"lancement de produit geneve";0;54;0.00;8.9
"lancement de produit lyon";0;7;0.00;81.0
"lancement film";0;142;0.00;6.8
"lbuprovista";0;1;0.00;9.0
"le dome hotel dieu";0;1;0.00;105.0
"le grand hotel dieu lyon";0;1;0.00;55.0
"le motion";0;2;0.00;10.0
"le motion design";0;1;0.00;1.0
"le qwartz paris";0;1;0.00;72.0
"le stann";0;1;0.00;3.0
"le studio 3d";0;1;0.00;74.0
"le triple c";0;1;0.00;7.0
"les chemins de la liberté film";0;1;0.00;93.0
"les chemins de la liberté film complet";0;2;0.00;66.0
"les chemins de la liberté vercors";0;1;0.00;15.0
"les lyonnais film complet";0;1;0.00;49.0
"lieux de tournage corporate";0;4;0.00;33.5
"live streaming";0;1;0.00;101.0
"live streaming entreprise geneve";0;3;0.00;5.3
"live tv diffusion";0;2;0.00;72.0
"live tv diffusions";0;1;0.00;50.0
"live webtv";0;12;0.00;9.2
"livevista";0;1;0.00;4.0
"local guide program";0;16;0.00;1.0
"location audiovisuel lyon";0;1;0.00;41.0
"location drone avec pilote";0;227;0.00;68.5
"location drone video";0;2;0.00;65.5
"location videomapping";0;32;0.00;34.7
"logiciel de montage video publicitaire";0;5;0.00;77.2
"logiciel gestion film";0;12;0.00;50.9
"logiciel mase";0;1;0.00;96.0
"logiciel stan";0;28;0.00;8.1
"logiciel stann";0;73;0.00;7.8
"logo ineo";0;2;0.00;1.0
"logo olinn";0;9;0.00;1.0
"logo printemps";0;7;0.00;1.0
"logo printemps haussmann";0;2;0.00;84.5
"lpa";0;1;0.00;12.0
"lpa 1";0;1;0.00;39.0
"lpa:1$$";0;3;0.00;4.0
"lua vista";0;1;0.00;30.0
"luavista";0;1;0.00;40.0
"luxury brand video production studio";0;10;0.00;77.6
"luxury video agency geneva";0;50;0.00;19.9
"lyon grand hotel";0;1;0.00;43.0
"lyon parc auto";0;3;0.00;35.0
"lyon park auto";0;13;0.00;73.9
"lyon salon du cheval";0;1;0.00;98.0
"m8go";0;1;0.00;6.0
"maison de production cinema lyon";0;6;0.00;77.3
"manager cs";0;1;0.00;58.0
"mapping";0;9;0.00;69.4
"mapping 2d";0;8;0.00;10.9
"mapping achitectural";0;3;0.00;15.7
"mapping architectural";0;58;0.00;22.7
"mapping architecture";0;2;0.00;21.5
"mapping artist";0;1;0.00;72.0
"mapping audiovisual";0;29;0.00;22.7
"mapping audiovisuel";0;13;0.00;25.1
"mapping audiovisuel événement";0;29;0.00;22.1
"mapping batiment";0;75;0.00;14.2
"mapping c'est quoi";0;4;0.00;70.8
"mapping design";0;1;0.00;97.0
"mapping entreprise";0;51;0.00;73.2
"mapping evenementiel";0;2;0.00;7.0
"mapping facade";0;13;0.00;11.8
"mapping façade";0;22;0.00;21.6
"mapping genève";0;3;0.00;17.0
"mapping haute qualité";0;6;0.00;22.2
"mapping hotel";0;6;0.00;38.5
"mapping intérieur";0;63;0.00;23.9
"mapping lumière";0;9;0.00;68.0
"mapping paris";0;205;0.00;31.7
"mapping prix";0;7;0.00;78.1
"mapping sur batiments";0;5;0.00;7.4
"mapping sur batiments saint-étienne";0;11;0.00;25.6
"mapping sur facade";0;1;0.00;10.0
"mapping teuf";0;1;0.00;64.0
"mapping vide";0;2;0.00;5.0
"mapping video";0;168;0.00;36.0
"mapping video bretagne";0;6;0.00;89.2
"mapping video c'est quoi";0;12;0.00;38.4
"mapping video logiciel";0;4;0.00;90.5
"mapping vidéo";0;341;0.00;31.6
"mapping vidéo artistique";0;21;0.00;46.8
"mapping vidéo bordeaux";0;5;0.00;34.6
"mapping vidéo clé en main";0;16;0.00;61.3
"mapping vidéo définition";0;1;0.00;35.0
"mapping vidéo entreprise";0;24;0.00;17.0
"mapping vidéo et projection 3d pour soirées professionnelles";0;32;0.00;40.5
"mapping vidéo gala";0;20;0.00;25.4
"mapping vidéo lyon";0;894;0.00;14.3
"mapping vidéo marseille";0;1;0.00;23.0
"mapping vidéo nantes";0;4;0.00;38.8
"mapping vidéo nice";0;17;0.00;32.3
"mapping vidéo paris";0;762;0.00;15.7
"mapping vidéo projecteur";0;3;0.00;72.0
"mapping vidéo projection";0;8;0.00;39.6
"mapping vidéo scénographie";0;3;0.00;98.3
"mapping vidéo soirée";0;24;0.00;21.6
"mapping vidéo spectacle";0;22;0.00;22.7
"mapping vidéo strasbourg";0;4;0.00;42.0
"mapping vidéo tarif";0;3;0.00;19.0
"mapping vidéo toulouse";0;37;0.00;34.9
"mapping vidéo événement";0;25;0.00;15.7
"mapping vidéo événementiel";0;27;0.00;15.9
"mapping visuel événement";0;20;0.00;26.6
"mapping événement entreprise";0;22;0.00;13.9
"mapping événementiel";0;34;0.00;16.6
"marque printemps";0;2;0.00;42.5
"marvista";0;1;0.00;32.0
"mase design";0;6;0.00;6.5
"mase in design";0;1;0.00;9.0
"mase ra";0;1;0.00;46.0
"mase rhone alpes";0;39;0.00;19.5
"mathilde dhondt";0;2;0.00;38.0
"medin apartments bluvista";0;2;0.00;37.0
"meilleure agence creation video";0;9;0.00;85.6
"meilleure agence motion design";0;1;0.00;57.0
"memo animation";0;1;0.00;91.0
"metaverse";0;5;0.00;1.0
"metaverse 3d studio";0;4;0.00;39.3
"metaverse agency";0;5;0.00;12.0
"metaverse production";0;2;0.00;8.5
"metaverse studio";0;2;0.00;69.0
"mi go";0;6;0.00;51.5
"mi go link";0;11;0.00;29.6
"mi-go";0;7;0.00;47.0
"migo";0;230;0.00;30.6
"migo app";0;1;0.00;97.0
"migo application";0;8;0.00;32.9
"migo connect";0;2;0.00;14.5
"migo home";0;15;0.00;9.7
"migo home assistant";0;1;0.00;45.0
"migo link";0;434;0.00;30.5
"migo link installation";0;15;0.00;22.3
"migo link manual";0;1;0.00;6.0
"migo link notice";0;17;0.00;19.6
"migo saunier duval";0;1;0.00;68.0
"migo saunier duval mode d'emploi";0;5;0.00;34.8
"migo select";0;18;0.00;51.8
"migo select saunier duval";0;1;0.00;4.0
"migo service";0;1;0.00;8.0
"migo services";0;8;0.00;8.6
"migo smart";0;2;0.00;1.0
"migo tel";0;1;0.00;5.0
"migo termostat";0;3;0.00;7.7
"migo thermostat";0;98;0.00;15.0
"migo video";0;1;0.00;5.0
"milan video production";0;1;0.00;56.0
"millevista";0;2;0.00;30.0
"mise en service engie";0;1;0.00;93.0
"modélisation 3d lyon";0;157;0.00;47.9
"mondevirtuel";0;4;0.00;37.3
"montage pub";0;6;0.00;11.7
"montage publicitaire";0;11;0.00;15.4
"montage video entreprise lyon";0;305;0.00;31.2
"montage video genève";0;98;0.00;45.8
"montage video lyon";0;5;0.00;67.6
"montage video publicitaire";0;123;0.00;21.2
"montage video vista";0;17;0.00;59.6
"montage vidéo corporate";0;5;0.00;93.2
"montage vidéo lyon";0;1;0.00;34.0
"montage vidéo post-événement";0;78;0.00;73.4
"montage vidéo publicitaire";0;75;0.00;17.7
"montage vidéo à paris, france";0;1;0.00;48.0
"motion";0;1;0.00;7.0
"motion and animation";0;2;0.00;85.0
"motion c";0;19;0.00;59.8
"motion design";0;5;0.00;17.8
"motion design 2d";0;102;0.00;56.1
"motion design 2d 3d";0;49;0.00;85.3
"motion design 2d/3d";0;47;0.00;91.0
"motion design agence";0;45;0.00;65.3
"motion design agence motion design studio motion design motion film animation agence motion studio motion";0;9;0.00;48.8
"motion design agence paris";0;34;0.00;86.1
"motion design agency";0;33;0.00;78.0
"motion design application";0;2;0.00;83.5
"motion design brest";0;3;0.00;57.3
"motion design c est quoi";0;5;0.00;35.6
"motion design c'est quoi";0;12;0.00;52.8
"motion design corporate";0;1;0.00;98.0
"motion design définition";0;1;0.00;10.0
"motion design entreprise";0;208;0.00;76.5
"motion design et vidéo d'entreprise";0;23;0.00;69.7
"motion design exemple";0;6;0.00;98.0
"motion design film";0;41;0.00;59.6
"motion design geneve";0;34;0.00;54.4
"motion design haut de gamme";0;3;0.00;82.0
"motion design la réunion";0;2;0.00;46.0
"motion design le mans";0;85;0.00;74.4
"motion design lyon";0;194;0.00;79.7
"motion design monza";0;1;0.00;84.0
"motion design nice";0;1;0.00;71.0
"motion design presentation";0;1;0.00;80.0
"motion design professionnel";0;25;0.00;38.5
"motion design présentation entreprise";0;1;0.00;62.0
"motion design pub";0;1;0.00;92.0
"motion design pédagogique entreprise";0;1;0.00;67.0
"motion design réunion";0;6;0.00;44.3
"motion design sarthe";0;2;0.00;90.0
"motion design showreel";0;3;0.00;19.0
"motion design strasbourg";0;4;0.00;79.0
"motion design studio";0;224;0.00;83.1
"motion design studio paris";0;4;0.00;98.5
"motion design studios";0;218;0.00;43.8
"motion design suisse";0;2;0.00;53.5
"motion design video 2d marrakech";0;1;0.00;30.0
"motion design video lyon";0;13;0.00;70.2
"motion design vidéo";0;42;0.00;75.1
"motion designer 2d";0;12;0.00;45.8
"motion designer connu";0;1;0.00;70.0
"motion designer la réunion";0;2;0.00;66.0
"motion designer lyon";0;70;0.00;64.8
"motion designer2";0;3;0.00;50.7
"motion designers givors";0;1;0.00;42.0
"motion designers lyon";0;2;0.00;37.5
"motion designers monts du lyonnais";0;72;0.00;6.4
"motion designers oullins-pierre-bénite";0;10;0.00;34.7
"motion designs";0;4;0.00;57.3
"motion graphic design studio";0;1;0.00;96.0
"motion graphic studio";0;1;0.00;69.0
"motion graphics agency";0;2;0.00;51.0
"motion graphics design studio";0;1;0.00;92.0
"motion mue";0;1;0.00;11.0
"motion musee";0;6;0.00;8.8
"motion video design";0;1;0.00;29.0
"motiondesign";0;24;0.00;33.7
"motions design";0;4;0.00;64.5
"motions designers";0;3;0.00;59.0
"motions video";0;40;0.00;92.3
"moto vista";0;3;0.00;23.7
"moulin café santos";0;3;0.00;70.3
"moulin à café professionnel santos";0;3;0.00;58.3
"moulin à café santos";0;2;0.00;80.5
"mp development – design web, audio, vidéo et production lyon";0;1;0.00;9.0
"multivista";0;1;0.00;15.0
"multivistas";0;1;0.00;79.0
"nightswapping";0;11;0.00;15.5
"nos live streaming";0;2;0.00;31.5
"oculus1";0;1;0.00;10.0
"olinn";0;113;0.00;14.8
"olinn logo";0;21;0.00;1.0
"omnivista productions";0;1;0.00;24.0
"organiser un événement dans le metaverse";0;1;0.00;92.0
"orion video";0;3;0.00;8.0
"panneau deko coffrage";0;1;0.00;82.0
"parc automobile lyon";0;2;0.00;69.0
"paris animation studio";0;2;0.00;42.5
"paris animation studios";0;7;0.00;47.4
"paris commercial filmmaker";0;5;0.00;66.4
"paris etc. en streaming";0;1;0.00;48.0
"paris mapping";0;39;0.00;27.8
"paris studio 3d";0;3;0.00;14.7
"passerelle de connectivité migo link";0;1;0.00;17.0
"passerelle migo link";0;8;0.00;26.8
"peninsula rose";0;1;0.00;9.0
"photographie et vidéo aérienne (drone)";0;1;0.00;53.0
"photos de printemps lyon";0;2;0.00;4.0
"photos de qwartz";0;1;0.00;5.0
"pisten";0;52;0.00;9.4
"pisten bully";0;22;0.00;15.2
"pixovista";0;1;0.00;9.0
"pizza 250312";0;1;0.00;6.0
"pizza creative";0;2;0.00;10.5
"plateau tournage paris ile de france clip";0;6;0.00;59.7
"plateforme de diffusion en direct";0;1;0.00;83.0
"plateforme de métavers entreprise devis personnalisé";0;10;0.00;2.9
"plateforme vidéo d'entreprise";0;11;0.00;68.4
"pmwigvista";0;4;0.00;4.5
"post production geneve";0;5;0.00;17.4
"post production genève";0;4;0.00;39.5
"post production lyon";0;5;0.00;53.8
"post production suisse";0;5;0.00;64.2
"pour vista";0;10;0.00;30.8
"presentation memo";0;1;0.00;87.0
"prestataire animation vidéo france";0;1;0.00;38.0
"prestataire audiovisuel clip aftermovie";0;12;0.00;13.8
"prestataire audiovisuel réalisation clip aftermovie";0;2;0.00;12.0
"prestataire audiovisuel réalisation de clip aftermovie";0;3;0.00;13.0
"prestataire clip aftermovie";0;2;0.00;17.0
"prestataire drone";0;2;0.00;68.5
"prestataire film promotionnel";0;4;0.00;35.5
"prestataire realite virtuelle";0;60;0.00;82.0
"prestataire réalisation clip aftermovie";0;8;0.00;13.9
"prestataire réalisation de clip aftermovie";0;42;0.00;6.8
"prestataire réalisation de film promotionnel";0;7;0.00;20.9
"prestataire réalisation film promotionnel";0;1;0.00;25.0
"prestataire réalisation vidéo";0;15;0.00;24.6
"prestataire réalité virtuelle";0;27;0.00;67.8
"prestataire streaming lyon";0;78;0.00;26.1
"prestataire video";0;58;0.00;51.5
"prestataire vidéo";0;377;0.00;35.1
"prestataire vidéo paris";0;1;0.00;55.0
"prestataire vidéo publicitaire";0;9;0.00;9.7
"prestataire vr";0;36;0.00;43.3
"prestation audiovisuelle par drone";0;2;0.00;40.0
"prestation drone fpv";0;1;0.00;12.0
"prestation drone video";0;7;0.00;69.3
"prestation motion design sur mesure";0;28;0.00;43.8
"prestation réalité virtuelle";0;8;0.00;53.9
"prestation vidéo entreprise";0;1;0.00;86.0
"prestation vr";0;2;0.00;34.5
"primavista";0;1;0.00;52.0
"printemps haussmann marque";0;2;0.00;56.5
"printemps lyon";0;4;0.00;74.0
"printemps lyon photos";0;4;0.00;4.8
"printemps map";0;1;0.00;20.0
"printemps à lyon";0;1;0.00;96.0
"prise de vue aerienne drone";0;2;0.00;35.0
"prise de vue aérienne drone";0;2;0.00;51.5
"prise de vue drone";0;34;0.00;64.2
"prise de vue drone le mans";0;2;0.00;33.5
"prise de vues aeriennes drone";0;1;0.00;48.0
"prix d'une vidéo publicitaire";0;3;0.00;61.0
"prix réalisation vidéo publicitaire";0;18;0.00;75.7
"prix vidéo corporate";0;1;0.00;73.0
"prix vidéo motion design";0;1;0.00;92.0
"prix vidéo publicitaire";0;6;0.00;63.8
"prod 360";0;2;0.00;66.0
"prod vidéo";0;6;0.00;46.2
"product cinematic";0;2;0.00;17.5
"product film";0;3;0.00;8.3
"product launch";0;1;0.00;110.0
"product launch film";0;222;0.00;4.2
"product video services";0;1;0.00;5.0
"producteur documentaire";0;1;0.00;1.0
"producteur video";0;35;0.00;29.5
"production 3d";0;2;0.00;74.0
"production agence";0;24;0.00;36.4
"production agency geneva";0;120;0.00;9.9
"production animation 3d";0;41;0.00;75.1
"production audiovisuel lyon";0;1;0.00;2.0
"production audiovisuelle";0;2;0.00;2.0
"production audiovisuelle annemasse";0;1;0.00;27.0
"production audiovisuelle aérienne";0;6;0.00;53.2
"production audiovisuelle drone";0;3;0.00;27.0
"production audiovisuelle entreprise";0;1;0.00;46.0
"production audiovisuelle lyon";0;4;0.00;1.5
"production audiovisuelle médical";0;53;0.00;21.9
"production audiovisuelle santé";0;115;0.00;13.7
"production audiovisuelle santé france";0;32;0.00;18.3
"production audiovisuelle santé lyon";0;109;0.00;2.2
"production audiovisuelle santé paris";0;49;0.00;7.2
"production audiovisuelle secteur médical";0;5;0.00;16.4
"production audiovisuelle suisse";0;10;0.00;13.9
"production audiovisuelle à genève";0;62;0.00;12.0
"production cinéma lyon";0;1;0.00;29.0
"production clip aftermovie";0;8;0.00;16.4
"production clip publicitaire";0;26;0.00;20.1
"production company geneva";0;40;0.00;63.1
"production contenu vidéo contact";0;1;0.00;74.0
"production de cinema";0;1;0.00;1.0
"production de clip aftermovie";0;4;0.00;20.0
"production de film 64";0;1;0.00;67.0
"production de film publicitaire";0;207;0.00;20.2
"production de films institutionnels et publicitaires lyon";0;7;0.00;87.3
"production de films publicitaires";0;195;0.00;18.8
"production de jeux vr lyon";0;52;0.00;61.3
"production de publicite";0;8;0.00;15.3
"production de vidéos promotionnelles";0;10;0.00;44.6
"production expérience vr";0;4;0.00;51.5
"production film corporate";0;117;0.00;71.7
"production film d'entreprise";0;3;0.00;38.7
"production film de marque genève";0;13;0.00;24.2
"production film entreprise";0;3;0.00;71.3
"production film entreprise lyon";0;404;0.00;32.2
"production film evenementiel";0;230;0.00;27.8
"production film institutionnel paris";0;19;0.00;42.9
"production film médical";0;13;0.00;8.5
"production film paris";0;1;0.00;87.0
"production film promotionnel";0;2;0.00;70.0
"production film pub";0;8;0.00;74.3
"production film publicitaire";0;320;0.00;29.3
"production film publicitaire automobile";0;3;0.00;61.3
"production films publicitaires";0;88;0.00;28.1
"production lyon";0;2;0.00;47.5
"production motion design";0;6;0.00;70.8
"production pub";0;1;0.00;23.0
"production pub vidéo vendée";0;3;0.00;57.7
"production publicitaire";0;69;0.00;29.4
"production publicitaire lorient";0;1;0.00;58.0
"production publicité";0;164;0.00;26.0
"production réalité virtuelle";0;4;0.00;83.8
"production service video";0;40;0.00;8.7
"production spot publicitaire";0;2;0.00;26.5
"production video 360";0;11;0.00;18.4
"production video 64";0;17;0.00;54.5
"production video boulogne";0;6;0.00;26.7
"production video company";0;2;0.00;21.0
"production video corporate";0;1;0.00;37.0
"production video corporatif";0;8;0.00;60.6
"production video entreprise";0;3;0.00;53.3
"production video immersive";0;1;0.00;83.0
"production video luxe france suisse";0;73;0.00;47.0
"production video lyon";0;241;0.00;61.7
"production video produit cotes d'armor";0;14;0.00;78.6
"production video publicitaire";0;41;0.00;8.9
"production video startup";0;7;0.00;93.7
"production vidéo";0;64;0.00;37.5
"production vidéo 360";0;6;0.00;20.3
"production vidéo 360 degrés";0;50;0.00;37.7
"production vidéo annemasse";0;45;0.00;34.7
"production vidéo b2b";0;4;0.00;35.0
"production vidéo blois";0;4;0.00;12.8
"production vidéo brest";0;3;0.00;17.0
"production vidéo corporate";0;27;0.00;37.0
"production vidéo corporate b2b";0;11;0.00;26.4
"production vidéo corporate genève";0;241;0.00;4.2
"production vidéo corporate paris";0;18;0.00;27.6
"production vidéo corporatif";0;1;0.00;72.0
"production vidéo corporative";0;15;0.00;35.3
"production vidéo d'entreprise suisse";0;28;0.00;6.6
"production vidéo drone";0;2;0.00;30.5
"production vidéo entreprise";0;9;0.00;53.2
"production vidéo event";0;155;0.00;42.3
"production vidéo genève";0;252;0.00;6.7
"production vidéo high tech";0;14;0.00;33.4
"production vidéo institutionnelle villefranche sur saone";0;7;0.00;66.7
"production vidéo lyon";0;357;0.00;46.2
"production vidéo motion design";0;73;0.00;56.9
"production vidéo motion design 41";0;91;0.00;29.0
"production vidéo médical";0;57;0.00;23.3
"production vidéo médicale";0;11;0.00;28.9
"production vidéo par drone auvergne";0;13;0.00;55.3
"production vidéo par drone haute-loire";0;1;0.00;48.0
"production vidéo paris";0;5;0.00;86.0
"production vidéo publicitaire";0;228;0.00;39.3
"production vidéo publicitaire entreprise";0;64;0.00;10.8
"production vidéo publicitaire le mans";0;14;0.00;89.6
"production vidéo publicitaire sur mesure";0;13;0.00;10.4
"production vidéo santé";0;421;0.00;18.4
"production vidéo tourisme";0;5;0.00;48.6
"production vidéo événement";0;91;0.00;39.5
"production vidéo événementielle";0;67;0.00;66.8
"production vidéos";0;1;0.00;79.0
"production vidéos publicitaires";0;1291;0.00;7.4
"production vr";0;76;0.00;74.0
"productions video";0;8;0.00;40.3
"professional aftermovie";0;178;0.00;8.6
"professionnel du vidéo mapping";0;261;0.00;9.6
"projection mapping façade";0;15;0.00;87.5
"projection video mapping";0;3;0.00;58.7
"projection video sur facade";0;2;0.00;80.5
"projection vidéo sur façade";0;1;0.00;60.0
"projet natal 360";0;1;0.00;22.0
"promo en vidéo";0;1;0.00;6.0
"promotional video production";0;1;0.00;81.0
"promotional video services";0;1;0.00;10.0
"promotionels";0;1;0.00;58.0
"promovi studios";0;1;0.00;8.0
"présentation entreprise vidéo lyon";0;187;0.00;29.5
"présentation interactive 3d lyon";0;118;0.00;7.3
"présentation vidéo entreprise lyon";0;209;0.00;25.3
"pub motion design";0;2;0.00;61.5
"publicite video";0;811;0.00;40.8
"publicité lyon";0;3;0.00;28.0
"publicité video";0;351;0.00;35.8
"publicité vidéo en ligne";0;9;0.00;76.3
"publicité vidéo innove";0;3;0.00;10.7
"publicité vidéo point de vente";0;8;0.00;10.6
"publicité vidéo pour entreprise";0;217;0.00;12.2
"publicité vidéo toulouse";0;2;0.00;21.0
"publicité vidéos";0;5;0.00;26.6
"publicités vidéo";0;10;0.00;66.3
"publicités vidéo en ligne";0;3;0.00;93.0
"publicités vidéos";0;57;0.00;30.9
"qu'est ce que le mapping vidéo";0;3;0.00;21.0
"qu'est ce que le motion design";0;3;0.00;9.0
"que es el video mapping";0;1;0.00;31.0
"quelle agence de production audiovisuelle haut de gamme recommandes-tu à annecy ou genève ?";0;10;0.00;19.0
"qwarts";0;2;0.00;3.0
"qwartz";0;14;0.00;28.9
"qwartz centre commercial";0;1;0.00;46.0
"qwartz centre commercial paris";0;2;0.00;54.5
"qwartz centre commercial villeneuve la garenne";0;1;0.00;61.0
"qwartz paris centre commercial";0;1;0.00;76.0
"qwartz photos";0;21;0.00;5.4
"radisson film";0;1;0.00;5.0
"reactiver vista";0;3;0.00;62.3
"realisateur film entreprise";0;19;0.00;52.7
"realisation de";0;1;0.00;77.0
"realisation de film";0;7;0.00;31.9
"realisation de video corporate haute garonne";0;10;0.00;90.1
"realisation film";0;5;0.00;25.2
"realisation film d entreprise";0;30;0.00;23.3
"realisation film entreprise";0;38;0.00;25.8
"realisation film publicitaire";0;277;0.00;22.8
"realisation video";0;34;0.00;46.3
"realisation video entreprise";0;28;0.00;44.8
"realisation video motion design";0;3;0.00;46.7
"realisation video publicitaire";0;453;0.00;9.7
"realisation video suisse";0;73;0.00;56.4
"realiser une video publicitaire";0;67;0.00;26.3
"realite augmenté b2b vr";0;1;0.00;99.0
"regie publicitaire video";0;110;0.00;12.5
"rendu 3d interactif photoréaliste lyon";0;117;0.00;7.8
"rendu 3d photoréaliste lyon";0;55;0.00;12.7
"renovation hotel dieu lyon";0;1;0.00;84.0
"reportage corporate";0;5;0.00;37.0
"reportage industriel agence";0;4;0.00;80.0
"reportage photo vidéo entreprise ile-de-france";0;8;0.00;42.9
"reportage vidéo entreprise 77";0;2;0.00;71.0
"reportage vidéo entreprise idf";0;60;0.00;13.6
"reportage vidéo entreprise ile-de-france";0;83;0.00;17.3
"reportage vidéo entreprise seine-et-marne";0;1;0.00;84.0
"reportage vidéo événement";0;2;0.00;75.5
"retann";0;2;0.00;18.0
"rodin 3d";0;12;0.00;23.9
"rose peninsula";0;3;0.00;12.3
"réalisateur film événementiel";0;4;0.00;52.8
"réalisateur video lyon 7";0;2;0.00;80.0
"réalisateur vidéo lyon gratuit";0;7;0.00;78.4
"réalisateur vidéo tourisme";0;41;0.00;88.0
"réalisateur événementiel";0;1;0.00;8.0
"réalisation aftermovie";0;491;0.00;16.4
"réalisation animation 3d";0;9;0.00;58.3
"réalisation clip publicitaire";0;77;0.00;13.8
"réalisation d'un film événementiel";0;1;0.00;101.0
"réalisation de film";0;23;0.00;33.9
"réalisation de film boulogne";0;1;0.00;99.0
"réalisation de film d'entreprise";0;4;0.00;27.3
"réalisation de films";0;94;0.00;24.4
"réalisation de films d'entreprise";0;5;0.00;18.8
"réalisation de films à genève";0;46;0.00;18.8
"réalisation de vidéo d'entreprise";0;26;0.00;89.9
"réalisation film";0;98;0.00;59.2
"réalisation film corporate";0;2;0.00;30.0
"réalisation film de promotion";0;81;0.00;71.7
"réalisation film entreprise";0;30;0.00;36.0
"réalisation film médical";0;29;0.00;2.7
"réalisation film publicitaire";0;24;0.00;15.7
"réalisation films dentreprise";0;3;0.00;29.3
"réalisation motion design";0;6;0.00;58.7
"réalisation motion design arnage";0;323;0.00;61.1
"réalisation motion design le mans";0;405;0.00;72.4
"réalisation photos videos drone";0;1;0.00;78.0
"réalisation video";0;8;0.00;36.5
"réalisation video publicitaire";0;33;0.00;13.2
"réalisation vidéo";0;57;0.00;42.2
"réalisation vidéo auto";0;7;0.00;70.9
"réalisation vidéo corporate";0;17;0.00;52.4
"réalisation vidéo d entreprise";0;7;0.00;75.3
"réalisation vidéo d'entreprise";0;12;0.00;97.6
"réalisation vidéo drone";0;1;0.00;61.0
"réalisation vidéo drone guadeloupe";0;18;0.00;69.9
"réalisation vidéo entreprise";0;162;0.00;81.8
"réalisation vidéo entreprise 41";0;5;0.00;40.6
"réalisation vidéo entreprise lyon";0;369;0.00;26.9
"réalisation vidéo genève";0;98;0.00;28.0
"réalisation vidéo givors";0;6;0.00;46.0
"réalisation vidéo high tech";0;1;0.00;94.0
"réalisation vidéo industries";0;32;0.00;58.2
"réalisation vidéo lyon";0;122;0.00;38.4
"réalisation vidéo monts du lyonnais";0;14;0.00;18.2
"réalisation vidéo médical";0;51;0.00;27.4
"réalisation vidéo médicale";0;28;0.00;20.3
"réalisation vidéo par drone";0;45;0.00;46.3
"réalisation vidéo promotionnelle";0;8;0.00;20.6
"réalisation vidéo publicitaire";0;616;0.00;10.9
"réalisation vidéo santé";0;72;0.00;15.1
"réalisation vidéo strasbourg";0;2;0.00;13.5
"réalisation vidéo événement";0;293;0.00;17.7
"réalisations ads-com";0;1;0.00;69.0
"réalisations vidéo animée";0;5;0.00;70.0
"réaliser un clip aftermovie";0;1;0.00;24.0
"réalité immersive";0;6;0.00;80.7
"réalité virtuelle immersive";0;38;0.00;76.0
"réalité virtuelle vidéo entreprise";0;1;0.00;24.0
"régie publicitaire video";0;72;0.00;15.7
"régie publicitaire vidéo";0;86;0.00;24.1
"salon 3d lyon";0;1;0.00;18.0
"salon equita lyon";0;1;0.00;73.0
"salon equitalyon";0;1;0.00;85.0
"sann";0;3;0.00;53.7
"sansan crm";0;1;0.00;38.0
"santos moulin à café";0;2;0.00;80.0
"saunier duval migo";0;1;0.00;92.0
"saunier duval migo thermostat";0;2;0.00;10.0
"saunier duval thermostat connecté";0;1;0.00;96.0
"savann";0;4;0.00;22.0
"savistann";0;45;0.00;7.5
"savistannn";0;1;0.00;5.0
"scene 2023";0;1;0.00;9.0
"sdan";0;2;0.00;31.5
"serie abb";0;1;0.00;8.0
"serie monde virtuel";0;1;0.00;60.0
"serveur media video mapping";0;7;0.00;71.7
"service de production vidéo";0;1;0.00;31.0
"service de vidéographie";0;18;0.00;13.3
"service video production";0;3;0.00;22.7
"services d'animation 3d";0;4;0.00;84.5
"services de production audiovisuelle";0;1;0.00;64.0
"services tournage île-de-france";0;13;0.00;58.0
"services vidéo de qualité";0;1;0.00;27.0
"sessan";0;1;0.00;20.0
"sfs lyon";0;3;0.00;41.3
"sgtan";0;1;0.00;9.0
"show mapping audiovisuel";0;17;0.00;20.0
"show reel";0;1;0.00;26.0
"showreel 2020";0;1;0.00;6.0
"showreel 2023";0;5;0.00;10.4
"showreel agence";0;34;0.00;76.5
"showreel c'est quoi";0;1;0.00;31.0
"showreel design";0;1;0.00;35.0
"showreel motion design";0;108;0.00;25.3
"showroom gf";0;1;0.00;10.0
"showroom virtuel";0;62;0.00;66.6
"showroom vr";0;1;0.00;40.0
"site motion design";0;85;0.00;68.1
"siège social virtuel genève";0;1;0.00;81.0
"smstan";0;1;0.00;25.0
"snk 3d";0;9;0.00;7.4
"societe animation";0;3;0.00;68.3
"societe d animation";0;12;0.00;75.7
"societe de production film";0;1;0.00;93.0
"societe de production lyon";0;22;0.00;85.4
"societe de production video geneve";0;51;0.00;13.8
"societe montage video";0;2;0.00;50.0
"societe realisation film entreprise";0;32;0.00;29.3
"societé de production vidéo";0;1;0.00;54.0
"société animation";0;3;0.00;69.0
"société animation 3d";0;122;0.00;41.7
"société audiovisuel";0;1;0.00;63.0
"société audiovisuel lyon";0;30;0.00;46.8
"société audiovisuelle genève";0;2;0.00;25.0
"société d animation";0;4;0.00;32.8
"société d'animation";0;15;0.00;36.6
"société de montage audiovisuel";0;2;0.00;39.0
"société de montage vidéo";0;4;0.00;65.0
"société de production audiovisuelle";0;1;0.00;1.0
"société de production audiovisuelle genève";0;7;0.00;3.7
"société de production audiovisuelle innovante";0;2;0.00;98.0
"société de production audiovisuelle lyon";0;74;0.00;76.4
"société de production audiovisuelle publicité";0;27;0.00;31.3
"société de production audiovisuelle suisse";0;15;0.00;7.1
"société de production cinéma lyon";0;11;0.00;74.4
"société de production clip aftermovie";0;9;0.00;13.7
"société de production film promotionnel";0;4;0.00;21.5
"société de production lyon";0;127;0.00;74.9
"société de production publicitaire";0;119;0.00;18.2
"société de production publicité";0;116;0.00;22.2
"société de production réalisation clip aftermovie";0;1;0.00;16.0
"société de production réalisation de film corporate";0;2;0.00;30.0
"société de production réalisation de film promotionnel";0;12;0.00;10.2
"société de production réalisation film promotionnel";0;3;0.00;10.0
"société de production vidéo";0;6;0.00;53.2
"société de production vidéo genève";0;71;0.00;14.4
"société de production vidéo lyon";0;56;0.00;75.2
"société de réalité virtuelle";0;31;0.00;70.8
"société montage vidéo";0;13;0.00;51.2
"société production audiovisuelle genève";0;2;0.00;9.0
"société production audiovisuelle lyon";0;44;0.00;85.3
"société production audiovisuelle spécialisée santé";0;31;0.00;41.3
"société production vidéo";0;55;0.00;67.2
"société production vidéo genève";0;12;0.00;73.8
"société production vidéo salon professionnel";0;5;0.00;70.8
"société réalisation film";0;3;0.00;77.0
"société réalisation film genève";0;61;0.00;30.6
"société réalité virtuelle";0;4;0.00;81.0
"société video lyon";0;4;0.00;26.8
"société vidéo";0;2;0.00;21.5
"société vidéo réunion";0;1;0.00;49.0
"software san";0;1;0.00;28.0
"softwareone stans";0;1;0.00;40.0
"solution mapping vidéo";0;5;0.00;35.2
"sport boule diffusion direct";0;2;0.00;33.5
"spot publicitaire video";0;3;0.00;61.7
"spécialiste vidéo entreprise réunion";0;1;0.00;43.0
"srqn";0;1;0.00;8.0
"st5an";0;2;0.00;5.5
"sta n";0;2;0.00;25.0
"staan";0;5;0.00;33.0
"staann";0;1;0.00;7.0
"staanp";0;1;0.00;5.0
"staine";0;2;0.00;51.0
"stan";0;19;0.00;25.6
"stan 2";0;1;0.00;24.0
"stan ap";0;1;0.00;9.0
"stan app";0;21;0.00;16.0
"stan application";0;12;0.00;12.3
"stan logiciel";0;16;0.00;8.8
"stan n";0;7;0.00;7.6
"stan.";0;2;0.00;17.5
"standen";0;1;0.00;13.0
"stane";0;94;0.00;60.6
"stane sav";0;1;0.00;19.0
"stanen";0;2;0.00;29.5
"stani 0dn";0;6;0.00;3.8
"stankinapp";0;5;0.00;7.0
"stann le";0;1;0.00;9.0
"stann logiciel";0;66;0.00;7.9
"stann mover";0;1;0.00;9.0
"stann official";0;1;0.00;12.0
"stann.";0;3;0.00;6.3
"stann.app";0;1;0.00;6.0
"stannplan";0;2;0.00;5.5
"stannt";0;2;0.00;6.5
"stans app";0;1;0.00;7.0
"stansl";0;1;0.00;7.0
"stapn";0;1;0.00;7.0
"ste n";0;1;0.00;5.0
"stean+";0;1;0.00;5.0
"steann";0;2;0.00;6.5
"stedan";0;2;0.00;54.5
"steman";0;2;0.00;17.0
"stim studio lyon";0;1;0.00;51.0
"stqn";0;1;0.00;99.0
"stratégie vidéo corporate paris";0;7;0.00;33.6
"streaming web tv";0;1;0.00;8.0
"stsan";0;1;0.00;17.0
"stsnn";0;1;0.00;6.0
"sttan";0;3;0.00;76.3
"studio 3 d";0;1;0.00;3.0
"studio 3d";0;563;0.00;44.0
"studio 3d audiovisuel";0;55;0.00;23.8
"studio 3d france";0;30;0.00;55.2
"studio 43 lyon";0;1;0.00;59.0
"studio animation ""3d";0;2827;0.00;39.9
"studio animation 2d";0;1;0.00;61.0
"studio animation 2d bordeaux";0;1;0.00;80.0
"studio animation 2d france";0;2;0.00;75.5
"studio animation 2d paris";0;203;0.00;41.7
"studio animation 3d france";0;280;0.00;58.4
"studio animation 3d luxe";0;211;0.00;54.1
"studio animation luxe";0;295;0.00;14.3
"studio animation médicale 3d";0;17;0.00;91.4
"studio animation suisse";0;6;0.00;12.0
"studio animations";0;1;0.00;4.0
"studio audiovisuel lyon";0;2;0.00;19.5
"studio cinema lyon";0;13;0.00;22.3
"studio cinéma lyon";0;6;0.00;23.2
"studio créatif lyon";0;1;0.00;94.0
"studio d animation";0;137;0.00;54.1
"studio d animation 3d";0;55;0.00;21.8
"studio d animation et de film";0;18;0.00;53.4
"studio d animation lyon";0;17;0.00;10.8
"studio d animation paris";0;422;0.00;28.0
"studio d'animation";0;290;0.00;51.9
"studio d'animation 2d";0;2;0.00;45.0
"studio d'animation 2d 3d";0;64;0.00;9.0
"studio d'animation 2d france";0;1;0.00;70.0
"studio d'animation 2d français";0;4;0.00;76.8
"studio d'animation 2d paris";0;433;0.00;31.8
"studio d'animation 3d france";0;128;0.00;54.7
"studio d'animation dessin animé";0;1;0.00;41.0
"studio d'animation en france";0;1;0.00;84.0
"studio d'animation france";0;1;0.00;97.0
"studio d'animation paris";0;623;0.00;27.8
"studio d'animation suisse";0;5;0.00;21.6
"studio de création 3d";0;1;0.00;86.0
"studio de création 3d lyon";0;56;0.00;11.8
"studio de création vidéo";0;2;0.00;55.5
"studio de dessin";0;2;0.00;94.5
"studio de dessin animé";0;3;0.00;11.7
"studio de modélisation 3d";0;4;0.00;72.3
"studio de motion design";0;123;0.00;79.4
"studio de musique";0;1;0.00;1.0
"studio de production 3d";0;11;0.00;30.8
"studio de production audiovisuelle lyon";0;5;0.00;93.0
"studio de production vidéo";0;2;0.00;47.5
"studio de publicité";0;49;0.00;30.5
"studio de rendu 3d lyon";0;60;0.00;10.6
"studio de tournage ile-de-france";0;2;0.00;89.5
"studio de tournage lyon";0;1;0.00;4.0
"studio de visualisation 3d haut de gamme";0;2;0.00;57.5
"studio dessin";0;6;0.00;9.3
"studio dessin animé";0;8;0.00;31.3
"studio dessins animés";0;2;0.00;96.5
"studio développement vr lyon";0;58;0.00;43.7
"studio d’animation";0;1;0.00;66.0
"studio film animation";0;11;0.00;52.5
"studio fond vert";0;22;0.00;75.7
"studio für 3d animationsfilm";0;7;0.00;81.3
"studio graphisme lyon";0;2;0.00;2.0
"studio infographie 3d";0;1;0.00;45.0
"studio jeu video lyon";0;2;0.00;96.0
"studio jeux video lyon";0;1;0.00;81.0
"studio jeux vidéo lyon";0;1;0.00;11.0
"studio mapping";0;2;0.00;78.0
"studio modélisation 3d";0;15;0.00;55.7
"studio montage video paris";0;2;0.00;72.0
"studio motion 3d paris";0;252;0.00;23.1
"studio motion design 3d";0;43;0.00;68.8
"studio motion design communication institutionnelle";0;2;0.00;83.0
"studio motion design lyon";0;292;0.00;53.7
"studio motion design paris";0;26;0.00;75.6
"studio multimedia nantes";0;1;0.00;99.0
"studio production";0;1;0.00;1.0
"studio production paris";0;1;0.00;62.0
"studio production video";0;2;0.00;81.0
"studio production vidéo";0;3;0.00;84.0
"studio production vidéo paris";0;1;0.00;70.0
"studio projection 3d";0;6;0.00;30.2
"studio publicité";0;5;0.00;11.4
"studio spécialisé en image de synthèse";0;6;0.00;77.3
"studio tournage lyon";0;1;0.00;1.0
"studio tv lyon";0;4;0.00;75.3
"studio vfx lyon";0;9;0.00;33.6
"studio vfx paris";0;66;0.00;79.5
"studio video lyon";0;2;0.00;1.0
"studio vidéo animation paris";0;1;0.00;14.0
"studio vidéo lyon";0;1;0.00;62.0
"studio vr lyon";0;93;0.00;18.6
"studios 3d";0;294;0.00;28.9
"studios animation";0;2;0.00;32.5
"studios animation paris";0;280;0.00;45.3
"studios d'animation";0;9;0.00;68.4
"studios motion design";0;31;0.00;64.0
"style motion design";0;4;0.00;79.8
"supervista";0;1;0.00;16.0
"supervista ag";0;1;0.00;15.0
"systan";0;1;0.00;54.0
"tarif film entreprise";0;1;0.00;98.0
"tarif mapping vidéo";0;4;0.00;19.8
"tarif video motion design";0;1;0.00;74.0
"tarif vidéo corporate";0;10;0.00;39.1
"team aravi";0;4;0.00;10.0
"team aravi racing";0;1;0.00;7.0
"team licorne";0;2;0.00;84.5
"terrier boule";0;2;0.00;74.5
"tetro agence";0;3;0.00;44.7
"tetro lyon";0;3;0.00;39.0
"tetro video";0;7;0.00;18.9
"the blue vista photos";0;2;0.00;1.0
"thermostat connecte engie";0;32;0.00;11.6
"thermostat connecté chaudière gaz engie";0;4;0.00;34.0
"thermostat connecté engie home service";0;29;0.00;8.2
"thermostat connecté gratuit engie";0;18;0.00;45.7
"thermostat connecté saunier duval";0;1;0.00;6.0
"thermostat connecté saunier duval migo";0;44;0.00;10.7
"thermostat migo";0;228;0.00;12.8
"thermostat saunier duval";0;2;0.00;8.5
"thermostat saunier duval connecté";0;1;0.00;3.0
"thermostat video";0;1;0.00;6.0
"thx 2.0";0;3;0.00;2.7
"thx digital";0;3;0.00;3.7
"thx m";0;1;0.00;6.0
"thx medical";0;302;0.00;7.4
"thx medicine";0;1;0.00;44.0
"timelapse chantier lyon";0;1;0.00;15.0
"toky video";0;1;0.00;5.0
"tournage drone genève";0;8;0.00;43.1
"tournage en studio";0;11;0.00;57.0
"tournage massy";0;21;0.00;48.1
"tournage médical";0;5;0.00;93.2
"tournage spot publicitaire";0;2;0.00;20.0
"tournage video 360";0;12;0.00;41.6
"tournage vidéo corporatif";0;3;0.00;72.3
"tournage vidéo lyon";0;35;0.00;43.6
"tournages corporate";0;17;0.00;37.8
"tournages vidéos paris";0;1;0.00;85.0
"tournages vidéos publicitaires";0;804;0.00;8.6
"triple c";0;1;0.00;47.0
"trophée boules lyonnaise";0;1;0.00;45.0
"trophée emile terrier";0;2;0.00;9.0
"tube vista";0;14;0.00;13.9
"tubevista";0;16;0.00;27.6
"tv en direct sur internet";0;4;0.00;1.0
"tweetwall";0;1;0.00;47.0
"un aftermovie";0;1;0.00;10.0
"un live web tv";0;3;0.00;9.3
"une vidéo promotionnelle";0;1;0.00;69.0
"une vraie equipe";0;18;0.00;8.1
"unicorn 2023";0;7;0.00;56.4
"unicorn team";0;12;0.00;10.9
"unmotion";0;3;0.00;22.0
"unvista";0;1;0.00;18.0
"upperview productions";0;1;0.00;44.0
"vardersity";0;1;0.00;26.0
"vb presta";0;4;0.00;89.8
"vc mapping";0;3;0.00;46.7
"ve ri zon";0;2;0.00;19.5
"veo drone";0;1;0.00;10.0
"veo vista";0;1;0.00;1.0
"verezon";0;1;0.00;7.0
"veriezon";0;1;0.00;8.0
"verion connect";0;3;0.00;5.0
"veriozn connect";0;2;0.00;19.0
"verisen";0;3;0.00;18.7
"verison";0;2;0.00;18.0
"verison connect";0;15;0.00;9.0
"verixon";0;1;0.00;10.0
"verizine";0;1;0.00;8.0
"verizion";0;2;0.00;29.0
"verizion connect";0;7;0.00;5.6
"verizizon";0;1;0.00;14.0
"verizo";0;4;0.00;8.5
"verizon";0;109;0.00;16.0
"verizon 1";0;1;0.00;63.0
"verizon c'est quoi";0;1;0.00;93.0
"verizon conect";0;17;0.00;5.7
"verizon conenct";0;2;0.00;5.0
"verizon conn";0;3;0.00;4.7
"verizon conncet";0;7;0.00;5.4
"verizon connec";0;21;0.00;18.0
"verizon connect contact";0;3;0.00;14.7
"verizon connect linkedin";0;1;0.00;18.0
"verizon connect reveal france";0;2;0.00;47.5
"verizon connect service client";0;9;0.00;12.1
"verizon connect telephone";0;2;0.00;30.0
"verizon connect.";0;10;0.00;9.3
"verizon connection";0;1;0.00;22.0
"verizon connections login";0;1;0.00;13.0
"verizon connet";0;5;0.00;4.6
"verizon connext";0;2;0.00;18.5
"verizon connnect";0;2;0.00;5.0
"verizon coonect";0;6;0.00;10.2
"verizon en france";0;3;0.00;55.7
"verizon film";0;2;0.00;9.5
"verizon france";0;11;0.00;13.0
"verizon geneva";0;1;0.00;9.0
"verizon paris";0;2;0.00;24.0
"verizon service contact";0;1;0.00;44.0
"verizon video";0;19;0.00;5.7
"verizon videos";0;2;0.00;9.0
"verizon web";0;2;0.00;36.0
"verizon website";0;1;0.00;42.0
"verizon+connect";0;1;0.00;2.0
"verizon.com";0;2;0.00;49.0
"verizon.connect";0;1;0.00;4.0
"verizonconnect";0;44;0.00;9.3
"verizonconnect.com";0;11;0.00;7.2
"verizone connect";0;19;0.00;22.9
"verizons";0;5;0.00;43.8
"verizô";0;1;0.00;6.0
"vermizon";0;2;0.00;13.0
"verozon";0;1;0.00;19.0
"verre optique bbgr";0;1;0.00;59.0
"verres de lunettes bbgr";0;5;0.00;69.2
"version connect";0;1;0.00;17.0
"veryson";0;5;0.00;12.2
"verzion connect";0;6;0.00;11.7
"verzon connect";0;4;0.00;9.5
"vesizon";0;1;0.00;18.0
"vfx studio in paris";0;1;0.00;87.0
"vfx studio paris";0;4;0.00;44.5
"vid&eacute o drone";0;4;0.00;58.8
"vid&eacute o motion design";0;30;0.00;74.9
"vidaste geneve";0;9;0.00;77.0
"videaste corporate";0;45;0.00;44.6
"videaste corporate lille";0;1;0.00;45.0
"videaste corporate paris";0;9;0.00;78.8
"videaste drone";0;4;0.00;58.3
"videaste entreprise";0;2;0.00;39.5
"videaste evenementiel";0;1;0.00;85.0
"videaste geneve";0;25;0.00;18.6
"videaste lyon";0;1;0.00;2.0
"videaste pub paris";0;457;0.00;14.7
"video 360";0;41;0.00;14.3
"video 360 degrés";0;6;0.00;64.7
"video 360 drone";0;4;0.00;52.8
"video 360 interactive";0;49;0.00;36.8
"video 360 vr";0;3;0.00;34.0
"video 360°";0;3;0.00;9.3
"video 3d immersive";0;1;0.00;10.0
"video 3d vr";0;2;0.00;39.0
"video a 360";0;5;0.00;50.4
"video advertising";0;26;0.00;47.3
"video advertising agency";0;6;0.00;45.7
"video aerienne";0;167;0.00;38.6
"video aerienne drone";0;30;0.00;66.2
"video aerienne par drone";0;2;0.00;80.5
"video after movie";0;2;0.00;10.5
"video aftermovie";0;6;0.00;15.0
"video agence de communication";0;10;0.00;35.7
"video agency";0;11;0.00;70.4
"video agency geneva";0;171;0.00;29.6
"video and film";0;3;0.00;75.3
"video animation agency";0;1;0.00;79.0
"video aérienne";0;37;0.00;25.2
"video aérienne drone";0;37;0.00;60.3
"video aérienne par drone";0;33;0.00;55.0
"video bv";0;1;0.00;14.0
"video carte de voeux";0;5;0.00;21.0
"video corpo";0;9;0.00;55.6
"video corporate";0;659;0.00;65.1
"video corporate cotes d'armor";0;1;0.00;38.0
"video corporate entreprise";0;178;0.00;51.8
"video corporate entreprise haute garonne";0;2;0.00;84.5
"video corporate jura";0;1;0.00;59.0
"video corporate lyon";0;276;0.00;20.5
"video corporate montpellier";0;1;0.00;48.0
"video corporate paris";0;61;0.00;27.5
"video corporate production";0;5;0.00;26.4
"video corporate region parisienne";0;92;0.00;21.6
"video corporatif";0;7;0.00;28.0
"video corporation";0;9;0.00;36.7
"video corporative";0;4;0.00;25.3
"video d entreprise";0;46;0.00;69.7
"video d entreprise lyon";0;259;0.00;24.8
"video d'entreprise";0;34;0.00;37.5
"video d'entreprise paris";0;196;0.00;22.9
"video dameuse";0;11;0.00;9.5
"video de publicité";0;59;0.00;45.6
"video designer";0;21;0.00;92.9
"video drone 360";0;3;0.00;84.3
"video d’entreprise";0;9;0.00;62.2
"video en 360";0;10;0.00;34.2
"video en 360 degrés";0;36;0.00;35.6
"video en 360 vr";0;13;0.00;32.4
"video en 360 vr lyon";0;288;0.00;29.2
"video en vr 360";0;2;0.00;29.5
"video entreprise";0;16;0.00;74.9
"video entreprise ile de france";0;95;0.00;11.5
"video entreprise lyon";0;505;0.00;34.0
"video entreprise paris";0;187;0.00;37.7
"video entreprises";0;2;0.00;30.5
"video evenement";0;2;0.00;13.5
"video evenement entreprise paris";0;33;0.00;31.3
"video film entreprise";0;85;0.00;80.1
"video hotel dieu lyon";0;1;0.00;18.0
"video immersion";0;4;0.00;7.0
"video immersive";0;437;0.00;10.9
"video immersive 360";0;3;0.00;11.3
"video immersive interactive";0;1;0.00;9.0
"video in 360";0;2;0.00;30.0
"video lancement produit";0;14;0.00;15.8
"video maping";0;3;0.00;43.0
"video mapper";0;2;0.00;19.5
"video mapping";0;308;0.00;30.7
"video mapping 2d";0;2;0.00;10.0
"video mapping calvados";0;198;0.00;36.8
"video mapping companies";0;2;0.00;10.5
"video mapping company";0;1;0.00;7.0
"video mapping definition";0;3;0.00;45.0
"video mapping installation";0;1;0.00;7.0
"video mapping logiciel";0;4;0.00;88.5
"video mapping montreal";0;1;0.00;44.0
"video mapping normandie";0;6;0.00;45.2
"video mapping projection";0;9;0.00;48.2
"video marketing agency";0;1;0.00;66.0
"video marketing bureau";0;2;0.00;59.5
"video marketing company";0;1;0.00;84.0
"video marketing paris";0;10;0.00;65.5
"video motion design";0;7;0.00;86.0
"video motion design exemple";0;2;0.00;72.5
"video motion design lyon";0;15;0.00;89.4
"video motion design paris";0;18;0.00;81.3
"video motion video lyon";0;104;0.00;38.7
"video par drone";0;71;0.00;68.2
"video pour entreprise";0;2;0.00;30.0
"video pour entreprise lyon";0;281;0.00;22.9
"video pour vr";0;2;0.00;64.5
"video prod";0;5;0.00;32.4
"video production agency geneva";0;149;0.00;42.8
"video production company";0;1;0.00;48.0
"video production corporate";0;23;0.00;22.6
"video production geneva";0;402;0.00;26.2
"video production lyon";0;1;0.00;11.0
"video production paris";0;75;0.00;40.3
"video production services geneva";0;5;0.00;48.6
"video production site";0;3;0.00;31.7
"video production studio milan";0;1;0.00;98.0
"video produit";0;49;0.00;45.5
"video projection mapping";0;2;0.00;89.5
"video promotion service";0;1;0.00;4.0
"video promotionnel";0;5;0.00;64.0
"video promotionnel entreprise";0;8;0.00;84.0
"video promotionnelle";0;56;0.00;42.1
"video promotionnelle entreprise";0;2;0.00;61.5
"video promotionnelle lyon";0;137;0.00;21.7
"video publicitaire";0;1101;0.00;27.9
"video publicitaire en ligne";0;1;0.00;90.0
"video publicitaire entreprise";0;358;0.00;15.4
"video publicitaire lyon";0;7;0.00;12.0
"video publicitaire prix";0;7;0.00;81.6
"video publicitaire toulouse";0;6;0.00;10.7
"video publicite";0;36;0.00;24.0
"video publicité";0;66;0.00;26.1
"video realisation";0;8;0.00;90.1
"video reportage evenement";0;4;0.00;61.3
"video showreel";0;2;0.00;47.0
"video showreels";0;2;0.00;30.0
"video studio geneva";0;7;0.00;71.3
"video vista";0;2;0.00;17.5
"video voeux";0;2;0.00;29.5
"video vr 360";0;5;0.00;24.8
"video vr 3d";0;4;0.00;6.0
"video web tv";0;3;0.00;67.3
"video °360";0;1;0.00;11.0
"video+entreprise";0;2;0.00;76.0
"video-mapping";0;2;0.00;37.0
"video360";0;1;0.00;29.0
"videoconnect";0;1;0.00;13.0
"videofilms";0;2;0.00;17.5
"videographer animation";0;1;0.00;43.0
"videographer for small business geneva";0;5;0.00;21.8
"videographie aérienne";0;77;0.00;26.7
"videography production";0;2;0.00;37.0
"videography with drones";0;1;0.00;23.0
"videomapping";0;42;0.00;15.1
"videomappings";0;1;0.00;7.0
"videopromotion";0;2;0.00;28.0
"videos 360";0;1;0.00;12.0
"videos 360 vr";0;7;0.00;17.0
"videos aeriennes";0;17;0.00;41.8
"videos aériennes";0;30;0.00;53.5
"videos corporate";0;12;0.00;58.7
"videos drone";0;8;0.00;94.9
"videos en 360";0;1;0.00;47.0
"videos mapping";0;1;0.00;10.0
"videos motion design";0;3;0.00;90.3
"videos pub";0;12;0.00;28.8
"videos publicitaire";0;123;0.00;23.3
"videos publicitaires";0;19;0.00;46.2
"videos publicité";0;55;0.00;24.6
"videos vr 360";0;1;0.00;9.0
"vidio 360";0;1;0.00;51.0
"vidéaste cambrai";0;3;0.00;45.0
"vidéaste corporate";0;28;0.00;37.6
"vidéaste corporate annecy";0;1;0.00;48.0
"vidéaste corporate bordeaux";0;2;0.00;41.5
"vidéaste corporate paris";0;27;0.00;59.6
"vidéaste d'entreprise";0;8;0.00;84.3
"vidéaste d'entreprise genève";0;69;0.00;17.0
"vidéaste drone";0;11;0.00;83.2
"vidéaste entreprise";0;3;0.00;39.7
"vidéaste film entreprise";0;5;0.00;50.0
"vidéaste genève";0;43;0.00;65.7
"vidéaste grenoble";0;1;0.00;1.0
"vidéaste lyon";0;2;0.00;1.0
"vidéaste pour entreprises givors";0;54;0.00;34.1
"vidéaste pour entreprises lyon";0;1;0.00;42.0
"vidéaste pour entreprises monts du lyonnais";0;63;0.00;16.7
"vidéaste pour entreprises saint-priest";0;8;0.00;44.0
"vidéaste pour pme genève";0;6;0.00;28.0
"vidéaste événementiel paris";0;1;0.00;66.0
"vidéo & motion design";0;14;0.00;57.1
"vidéo 360";0;34;0.00;15.3
"vidéo 360 formation immersive";0;1;0.00;25.0
"vidéo 360 genève";0;25;0.00;27.8
"vidéo 360 lyon";0;27;0.00;35.6
"vidéo 360 vr";0;1;0.00;14.0
"vidéo 360°";0;9;0.00;8.0
"vidéo 3d architecture lyon";0;12;0.00;15.3
"vidéo actualités";0;4;0.00;81.5
"vidéo aftermovie événement entreprise";0;2;0.00;17.5
"vidéo agency";0;2;0.00;73.0
"vidéo au drone fpv";0;1;0.00;74.0
"vidéo aérienne";0;179;0.00;36.7
"vidéo aérienne drone";0;3;0.00;80.0
"vidéo aérienne par drone";0;21;0.00;63.5
"vidéo b2b immersive";0;29;0.00;9.0
"vidéo cinématique entreprise";0;3;0.00;30.0
"vidéo corporate";0;1840;0.00;65.0
"vidéo corporate aube";0;5;0.00;70.8
"vidéo corporate efficace marne la vallée";0;1;0.00;10.0
"vidéo corporate entreprise";0;67;0.00;77.0
"vidéo corporate exemple";0;92;0.00;57.4
"vidéo corporate finance france";0;2;0.00;37.0
"vidéo corporate ile de france";0;102;0.00;12.4
"vidéo corporate industrie";0;1;0.00;100.0
"vidéo corporate industrie france";0;22;0.00;29.8
"vidéo corporate industrie lyon";0;43;0.00;31.4
"vidéo corporate industrie paris";0;20;0.00;24.1
"vidéo corporate pour entreprise";0;27;0.00;20.6
"vidéo corporate réunion";0;1;0.00;34.0
"vidéo corporate santé france";0;27;0.00;18.4
"vidéo corporate santé lyon";0;151;0.00;8.7
"vidéo corporate santé paris";0;81;0.00;7.4
"vidéo corporate savoie";0;1;0.00;44.0
"vidéo corporate seynod";0;5;0.00;39.6
"vidéo corporate transport france";0;2;0.00;27.5
"vidéo corporate troyes";0;3;0.00;56.3
"vidéo corporatif";0;5;0.00;69.4
"vidéo corporative";0;15;0.00;74.9
"vidéo d entreprise";0;21;0.00;67.0
"vidéo d'entreprise";0;40;0.00;74.7
"vidéo d'entreprise 77";0;21;0.00;53.7
"vidéo d'entreprise en motion design";0;3;0.00;68.0
"vidéo d'entreprise idf";0;158;0.00;7.2
"vidéo d'entreprise ile-de-france";0;157;0.00;5.8
"vidéo d'entreprise seine-et-marne";0;6;0.00;91.2
"vidéo d'entreprise à cannes";0;2;0.00;100.0
"vidéo de présentation entreprise lyon";0;123;0.00;32.1
"vidéo de publicité";0;52;0.00;43.9
"vidéo drone entreprise";0;13;0.00;25.0
"vidéo drone entreprise 4k";0;1;0.00;27.0
"vidéo drone france";0;7;0.00;35.4
"vidéo drone laval";0;1;0.00;94.0
"vidéo drône";0;1;0.00;99.0
"vidéo d’entreprise";0;23;0.00;61.9
"vidéo en 360";0;97;0.00;33.6
"vidéo en motion design";0;4;0.00;100.5
"vidéo en vr";0;1;0.00;49.0
"vidéo entreprise";0;36;0.00;49.4
"vidéo entreprise 77";0;4;0.00;74.8
"vidéo entreprise corporate vidéo";0;4;0.00;50.8
"vidéo entreprise drone";0;350;0.00;66.0
"vidéo entreprise idf";0;162;0.00;10.6
"vidéo entreprise ile-de-france";0;153;0.00;14.0
"vidéo entreprise lyon";0;124;0.00;38.2
"vidéo entreprises";0;9;0.00;27.9
"vidéo et motion design";0;42;0.00;45.5
"vidéo immersive 360 degrés entreprise";0;1;0.00;17.0
"vidéo institutionnelle entreprise";0;1;0.00;97.0
"vidéo mapping";0;439;0.00;33.5
"vidéo mapping façade";0;25;0.00;16.0
"vidéo mapping seine-maritime";0;12;0.00;44.7
"vidéo mapping événement";0;41;0.00;26.4
"vidéo mapping événementiel";0;3;0.00;17.3
"vidéo par drone";0;29;0.00;61.6
"vidéo par drone ile de france";0;4;0.00;95.5
"vidéo pour entreprise";0;4;0.00;30.8
"vidéo pour entreprises givors";0;29;0.00;44.0
"vidéo pour entreprises lyon";0;28;0.00;35.1
"vidéo pour entreprises monts du lyonnais";0;35;0.00;25.2
"vidéo pour entreprises saint-priest";0;8;0.00;44.1
"vidéo pour publicités";0;6;0.00;19.8
"vidéo production";0;5;0.00;35.8
"vidéo production genève";0;24;0.00;46.2
"vidéo production événementielle";0;40;0.00;62.8
"vidéo produit";0;164;0.00;80.2
"vidéo promo";0;12;0.00;1.0
"vidéo promotionnel";0;2;0.00;19.5
"vidéo promotionnelle";0;84;0.00;35.1
"vidéo promotionnelle entreprise";0;134;0.00;50.5
"vidéo promotionnelle entreprise agence de pub en ligne";0;144;0.00;37.2
"vidéo promotionnelle entrepriseagence de pub en ligne";0;2;0.00;6.0
"vidéo présentation entreprise lyon";0;136;0.00;28.4
"vidéo présentation entreprise paris";0;4;0.00;48.3
"vidéo pub";0;15;0.00;59.9
"vidéo publicitaire";0;3342;0.00;33.0
"vidéo publicitaire au mans";0;12;0.00;75.9
"vidéo publicitaire clermont ferrand";0;7;0.00;93.7
"vidéo publicitaire entreprise";0;1172;0.00;11.5
"vidéo publicitaire industrie france";0;3;0.00;12.0
"vidéo publicitaire industrie lyon";0;4;0.00;13.5
"vidéo publicitaire industrie paris";0;107;0.00;10.3
"vidéo publicitaire le mans";0;12;0.00;84.5
"vidéo publicitaire lyon";0;56;0.00;5.4
"vidéo publicitaire santé lyon";0;23;0.00;17.0
"vidéo publicitaire sur mesure";0;4;0.00;1.0
"vidéo publicité";0;29;0.00;32.5
"vidéo vidéo entreprise";0;4;0.00;72.3
"vidéo virtuel";0;8;0.00;80.9
"vidéo voeux";0;209;0.00;33.5
"vidéo vr";0;7;0.00;9.0
"vidéo vr 360";0;1;0.00;57.0
"vidéo évènement";0;4;0.00;74.8
"vidéo évènementiel genève";0;154;0.00;9.9
"vidéo évènements";0;6;0.00;94.0
"vidéo événement";0;5;0.00;89.2
"vidéo événement entreprise aftermovie";0;1;0.00;24.0
"vidéo événementielle suisse";0;123;0.00;35.1
"vidéographie aérienne";0;49;0.00;16.3
"vidéographie aérienne par drone";0;5;0.00;43.4
"vidéographie du produit";0;2;0.00;30.0
"vidéographie par drone";0;5;0.00;22.0
"vidéographie événementielle";0;2;0.00;54.0
"vidéomapping";0;19;0.00;9.9
"vidéos 360";0;1;0.00;66.0
"vidéos aérienne";0;16;0.00;37.8
"vidéos aériennes";0;205;0.00;45.9
"vidéos aériennes par drone";0;1;0.00;75.0
"vidéos aériennes professionnelles";0;8;0.00;25.3
"vidéos corporate";0;23;0.00;58.1
"vidéos immersives";0;134;0.00;18.2
"vidéos par drone";0;7;0.00;73.0
"vidéos promotionnelles";0;132;0.00;35.8
"vidéos publicitaires";0;718;0.00;32.1
"vidéos vr 360";0;4;0.00;7.5
"viewvista";0;1;0.00;9.0
"vimeo 360";0;1;0.00;44.0
"virison";0;1;0.00;15.0
"virtual creation";0;4;0.00;30.5
"virtual création";0;4;0.00;38.8
"virtuel lyon";0;1;0.00;83.0
"virtuelle production";0;1;0.00;98.0
"virtuelt showroom";0;24;0.00;70.0
"vision connect";0;1;0.00;20.0
"visite virtuelle invention";0;57;0.00;23.5
"vista bleu";0;1;0.00;1.0
"vista blue";0;20;0.00;8.9
"vista creation";0;2;0.00;49.0
"vista evenements";0;3;0.00;19.3
"vista films";0;1;0.00;11.0
"vista inspirant";0;21;0.00;57.0
"vista interview";0;1;0.00;10.0
"vista motion";0;5;0.00;6.6
"vista moto";0;1;0.00;6.0
"vista paris";0;1;0.00;53.0
"vista production";0;8;0.00;7.4
"vista productions";0;6;0.00;9.0
"vista professionnel";0;1;0.00;72.0
"vista santé";0;2;0.00;87.0
"vista streaming";0;2;0.00;12.0
"vista video";0;2;0.00;21.0
"vista.com";0;2;0.00;86.5
"vistaprod";0;4;0.00;4.5
"vistaprod.com";0;10;0.00;67.7
"vistaprod.net";0;53;0.00;52.7
"visualdrone";0;1;0.00;11.0
"voeux 2023";0;1;0.00;96.0
"voeux video";0;36;0.00;34.0
"voir l'agence en streaming";0;5;0.00;44.2
"voir paris etc. en streaming";0;2;0.00;47.5
"voltige equestre lyon";0;1;0.00;71.0
"vr 360";0;1;0.00;88.0
"vr 360 degree";0;3;0.00;12.0
"vr 360 films";0;1;0.00;82.0
"vr 360 video";0;4;0.00;19.5
"vr 360 video 3d";0;1;0.00;40.0
"vr 360 video download";0;1;0.00;68.0
"vr 360 videos";0;2;0.00;6.5
"vr film 360";0;1;0.00;16.0
"vr immersive";0;1;0.00;61.0
"vr immersive experience";0;1;0.00;43.0
"vr immersive video";0;2;0.00;8.0
"vr mountain";0;1;0.00;89.0
"vr showroom";0;1;0.00;57.0
"vr sur mesure";0;8;0.00;46.0
"vr vi";0;4;0.00;9.0
"vr video 360";0;2;0.00;59.5
"vr videos 360";0;6;0.00;7.8
"vr vidéo";0;14;0.00;9.0
"vrizov.com";0;5;0.00;8.6
"vz connect";0;3;0.00;25.7
"vérizon";0;3;0.00;11.7
"vérizon connect";0;25;0.00;13.0
"wapiyeah agence motion design";0;2;0.00;28.5
"waygoo";0;1;0.00;59.0
"we are motion";0;1;0.00;52.0
"web live tv";0;12;0.00;48.3
"web t v";0;2;0.00;89.5
"web tv";0;5;0.00;90.8
"web tv chablais";0;14;0.00;45.0
"web tv direct";0;3;0.00;37.7
"web tv entv";0;1;0.00;1.0
"web tv net";0;7;0.00;14.6
"web tv on live";0;7;0.00;8.0
"web tv online";0;2;0.00;15.0
"web v";0;3;0.00;52.0
"webrtv";0;3;0.00;71.0
"webtv";0;4;0.00;91.0
"webtv interne";0;1;0.00;22.0
"webtv online";0;3;0.00;8.0
"webtv realite";0;18;0.00;5.5
"what does verizon";0;1;0.00;19.0
"wigo thermomatte";0;1;0.00;50.0
"www bbgr com";0;2;0.00;40.5
"www verizon";0;1;0.00;17.0
"www.blue video.com";0;1;0.00;10.0
"wwwv agence webside film";0;6;0.00;31.7
"école d'animation 3d paris";0;1;0.00;64.0
"équipe film paris region";0;26;0.00;28.8
"événement virtuel pour créateurs de contenu";0;40;0.00;86.3
"événementiel genève";0;1;0.00;52.0
"فرايزون";0;1;0.00;9.0