query,clics,impressions,ctr,position
bluevista,459,6302,7.28,5
bluevista production,188,465,40.43,2
blue vista,137,1293,10.6,9.1
webtv streaming,42,2603,1.61,7.3
studio animation lyon,28,1136,2.46,10.3
bluvista,24,508,4.72,21
web tv live,17,809,2.1,8.6
studio 3d lyon,16,1879,0.85,14.4
studio animation 3d lyon,13,413,3.15,11.3
expercité,10,1726,0.58,5.3
webtv live,10,484,2.07,10.1
verizon connect,8,6389,0.13,5.6
boite de production lyon,8,500,1.6,30.7
web tv streaming,8,196,4.08,17.7
studio 3d paris,7,1966,0.36,16.4
blu vista,6,15,40,2.7
agence vidéo,5,11965,0.04,39.6
expercite,5,671,0.75,6
studio d'animation lyon,5,539,0.93,10.1
dosamat,5,277,1.81,4.9
studio animation 3d,4,3259,0.12,32.7
studio animation 3d paris,4,2154,0.19,19.2
vidéo immersive,4,1563,0.26,10.1
thermostat engie home service,4,309,1.29,8.8
plateforme web tv,4,208,1.92,8.5
mapping lyon,4,184,2.17,10.7
live web tv,4,173,2.31,7.9
production audiovisuelle geneve,4,63,6.35,4.8
barpi,3,4940,0.06,6.9
3d animation studio,3,1103,0.27,29
verizon connect france,3,522,0.57,10.4
amplivision,3,443,0.68,6.1
streaming webtv,3,32,9.38,8
blueverse,3,26,11.54,6.5
bluevista lyon,3,5,60,1
stann,2,12576,0.02,6.9
studio animation paris,2,1975,0.1,33.4
agence 3d paris,2,1087,0.18,19
animation 3d lyon,2,673,0.3,18.3
studio d'animation 3d paris,2,455,0.44,12.5
stann app,2,366,0.55,5.2
production audiovisuelle genève,2,330,0.61,6.2
verizone,2,295,0.68,7.1
agence production audiovisuelle geneve,2,244,0.82,3.3
hitachi animation,2,229,0.87,7.8
agence production lyon,2,162,1.23,32.2
video mapping lyon,2,142,1.41,4.8
agence audiovisuelle lyon,2,105,1.9,76.4
production video geneve,2,86,2.33,38.2
emile terrier,2,80,2.5,7.1
agence de vidéo,2,63,3.17,45.5
audiovisuel geneve,2,47,4.26,11.6
web tv live streaming,2,33,6.06,5.4
deko film,2,14,14.29,9.3
société de production,2,5,40,3.2
aftermovie,1,2843,0.04,12.7
publicité vidéo,1,1787,0.06,44.5
verizon,1,1217,0.08,34.6
studio motion design,1,959,0.1,72.7
studio d'animation paris,1,869,0.12,30.3
studio fond vert lyon,1,767,0.13,24.3
studio 3d animation,1,765,0.13,19.3
video mapping paris,1,728,0.14,13.6
studio animation,1,714,0.14,53.2
agence video lyon,1,633,0.16,17.1
thermostat engie,1,565,0.18,9.9
studio d'animation 3d,1,520,0.19,22.2
expercité eiffage,1,461,0.22,7
thermostat connecté engie,1,409,0.24,15.6
fond vert lyon,1,356,0.28,15.1
studios d'animation paris,1,336,0.3,28.8
agence communication video lyon,1,314,0.32,15.3
agence film d'entreprise,1,301,0.33,56.8
creation video immersive,1,295,0.34,10.7
agence audiovisuelle suisse,1,235,0.43,4.4
agence audiovisuelle genève,1,222,0.45,4.1
agence animation 2d,1,191,0.52,30.6
guitare en scene 2023,1,190,0.53,8.4
video mapping geneve,1,168,0.6,13.4
prod video,1,161,0.62,33.3
thermostat migo saunier duval,1,147,0.68,10
boite de production audiovisuelle lyon,1,138,0.72,63.9
film 3d lyon,1,138,0.72,9.8
agence de production audiovisuelle lyon,1,133,0.75,74.2
motion design genève,1,122,0.82,23.3
animation 3d entreprise,1,108,0.93,32.6
société de production audiovisuelle lyon,1,102,0.98,70.6
webtv direct,1,87,1.15,17.7
film d'animation lyon,1,76,1.32,13.7
aftermovie video,1,74,1.35,20.3
vidéaste lyon,1,71,1.41,78.2
motion design geneve,1,69,1.45,45.6
agence production audiovisuelle lyon,1,66,1.52,69.5
société de production cinéma lyon,1,57,1.75,30.6
bluevista.tv,1,48,2.08,8.9
web tv en direct,1,48,2.08,27.5
thermostat saunier duval migo,1,46,2.17,11
entreprise 3d lyon,1,42,2.38,10.6
animation mapping,1,41,2.44,28.4
bluvista tv,1,41,2.44,19.3
immersive video,1,38,2.63,8.5
studio animation 2d lyon,1,36,2.78,21.6
boite de prod,1,35,2.86,34.2
réinitialiser thermostat migo,1,34,2.94,3.4
web tv stream,1,23,4.35,6.4
bluevista tv,1,18,5.56,9.5
animation 3d studio,1,15,6.67,29.7
production audiovisuelle lyon,1,15,6.67,11.6
société de production audiovisuelle genève,1,12,8.33,4.5
studio tournage lyon,1,12,8.33,65.8
entreprise dessin animé,1,10,10,5.4
hitachi csnet lite,1,10,10,10
saunier duval migo installation,1,9,11.11,11
audiovisuel lyon,1,8,12.5,3.9
spc film,1,8,12.5,32.3
application stan,1,5,20,9.6
opiiec,1,3,33.33,3.3
web tv live stream,1,3,33.33,6
photographe paris 12,1,2,50,1
production documentaire lyon,1,2,50,11.5
360 immersion,1,1,100,10
agence de graphisme lyon,1,1,100,2
boite de production cinéma,1,1,100,21
location matériel vidéo lyon,1,1,100,2
société production audiovisuelle suisse,1,1,100,3
web.tv online,1,1,100,89
vidéo publicitaire,0,4849,0,43
engie thermostat connecté,0,4744,0,8.5
agence motion design,0,4529,0,84.3
agence vidéo lyon,0,2833,0,20.3
"studio animation ""3d",0,2829,0,39.9
agence réalité virtuelle,0,2368,0,33.3
geneva video production,0,2346,0,24.8
vidéo corporate,0,2263,0,64.2
film d'entreprise,0,1569,0,73.2
production vidéos publicitaires,0,1496,0,8.1
agence production vidéo,0,1491,0,69.3
video publicitaire,0,1474,0,30.3
video corporate,0,1470,0,59.9
agence metaverse,0,1445,0,13
video production geneva,0,1413,0,30.9
agence video paris,0,1315,0,43.5
vidéo publicitaire entreprise,0,1223,0,11.7
agence motion design paris,0,1069,0,71.5
publicite video,0,1066,0,46.3
tournages vidéos publicitaires,0,992,0,10.8
film entreprise lyon,0,915,0,25.8
agence vidéo paris,0,907,0,41.3
mapping vidéo lyon,0,899,0,14.2
vidéos publicitaires,0,873,0,31.8
agence création vidéo,0,856,0,52.5
agence video motion design,0,838,0,81.7
mapping vidéo paris,0,838,0,15.8
aravi,0,834,0,8.6
agence film publicitaire,0,801,0,19.8
film entreprise paris,0,799,0,19.5
agence de publicité video,0,795,0,15.3
réalisation vidéo publicitaire,0,758,0,14.7
film entreprise,0,745,0,84.2
agence de motion design,0,737,0,78.8
vidéo aérienne,0,721,0,33.9
devis vidéo d'entreprise lyon,0,704,0,13.9
production video lyon,0,704,0,41.5
studio 3d,0,704,0,46.1
animation video mapping,0,702,0,10.1
ineo,0,695,0,75.7
agence animation 3d,0,689,0,29.1
agence streaming lyon,0,673,0,30.3
prestataire vidéo,0,670,0,38.8
video entreprise lyon,0,668,0,31.1
film évènementiel aftermovie,0,652,0,6.5
agence creation video,0,630,0,31.5
production vidéo lyon,0,622,0,42.6
motion design agence,0,621,0,86.1
animation studio paris,0,606,0,37.9
agence de production lyon,0,605,0,43.7
video publicitaire entreprise,0,602,0,22.3
agence de communication vidéo,0,590,0,21
realisation video publicitaire,0,589,0,15.9
agence de création vidéo,0,574,0,56.3
agence vidéo animée,0,571,0,74.1
animation 3d paris,0,571,0,24.4
video corporate entreprise,0,568,0,59.8
vidéo entreprise drone,0,567,0,64.8
studio animation 3d france,0,564,0,58.9
boite de prod lyon,0,558,0,30.7
entreprise animation 3d paris,0,558,0,15.9
video production agency geneva,0,557,0,28
carte de voeux video,0,552,0,23.9
agence multimédia lyon,0,549,0,31.1
film d entreprise,0,546,0,60
migo link,0,541,0,33.1
studio d'animation 2d paris,0,538,0,34
film d entreprise lyon,0,536,0,21.5
réalisation aftermovie,0,518,0,17.4
agence innovation,0,501,0,42.4
video corporate lyon,0,482,0,19
agence de production video,0,480,0,66.9
video immersive,0,479,0,11.2
vidéo mapping,0,462,0,33.4
videaste pub paris,0,457,0,14.7
studio d animation paris,0,454,0,28.3
video entreprise paris,0,451,0,34.4
production vidéo santé,0,450,0,18.7
agence production video,0,446,0,69.8
création video publicitaire,0,445,0,41
carte voeux video,0,436,0,29.7
agence réalisation vidéo,0,431,0,43.8
publicité video,0,421,0,39
carte de voeux 2023,0,419,0,47.6
entreprise animation 3d,0,418,0,20.2
agence video entreprise,0,409,0,56.1
professionnel du vidéo mapping,0,409,0,11.2
film évènementiel captation intégrale,0,405,0,29
réalisation motion design le mans,0,405,0,72.4
production film entreprise lyon,0,404,0,32.2
thx medical,0,402,0,8.6
mapping vidéo,0,401,0,31.9
agence vidéo corporate,0,399,0,42.8
production film publicitaire,0,399,0,30.6
agence vr,0,398,0,27
studio animation 2d paris,0,397,0,44.4
aftermovie définition,0,394,0,9.4
carte de voeux vidéos,0,380,0,21.4
agence motion design lyon,0,379,0,74
casque de réalité virtuelle personnalisé,0,373,0,74.3
créer une video publicitaire,0,373,0,52.7
réalisation vidéo entreprise lyon,0,371,0,26.9
agence video 360,0,370,0,40.2
agence réalisateurs 3d,0,367,0,32.2
tournages corporate,0,367,0,59
réalisation motion design arnage,0,366,0,57.8
video film entreprise,0,362,0,69.9
agence de video,0,361,0,34.5
creation film entreprise,0,358,0,36.4
corporate video lyon,0,354,0,26.7
video mapping,0,354,0,30.1
agence prod,0,353,0,76.3
réalisation vidéo entreprise,0,351,0,81.1
web tv,0,351,0,74
agence de communication vidéo lyon,0,348,0,29.4
film corporate entreprise,0,347,0,75.5
studio d'animation,0,346,0,50.9
vidéo produit,0,342,0,81.7
agence pour réalisateurs 3d,0,338,0,34.9
carte de vœux vidéo,0,337,0,22.3
carte de voeux vidéo,0,336,0,24.1
agence réalité virtuelle lyon,0,333,0,22.7
studio motion design lyon,0,333,0,51.9
agence videaste,0,332,0,28.1
film entreprise region parisienne,0,330,0,3.3
corporate film,0,328,0,70.7
realisation film publicitaire,0,327,0,24.7
studios 3d,0,323,0,30.1
vidéo corporate ile de france,0,323,0,9
agence video ads,0,321,0,35.6
video agency geneva,0,321,0,29.3
video entreprise ile de france,0,319,0,8
vidéo voeux,0,318,0,33.9
devis réalisation vidéo d'entreprise lyon,0,317,0,5
video aerienne,0,317,0,32.4
video corporate region parisienne,0,314,0,13
video en 360 vr lyon,0,313,0,28.5
video d'entreprise paris,0,312,0,17.9
film de lancement de produit,0,310,0,4.9
agence video,0,309,0,55.1
montage video entreprise lyon,0,305,0,31.2
migo,0,303,0,38
réalisation vidéo événement,0,299,0,18.3
devis vidéo corporate,0,298,0,74
vidéos aériennes,0,297,0,42.8
studio animation luxe,0,295,0,14.3
studios animation paris,0,294,0,45.8
thermostat migo,0,291,0,15.4
agence pour motion designers,0,286,0,74.2
agence montage video,0,283,0,67.8
video pour entreprise lyon,0,283,0,23
agence vidéo publicitaire,0,280,0,11.7
360 the snowcat,0,274,0,6.2
captation video evenement,0,271,0,79.1
publicité vidéo pour entreprise,0,270,0,13.9
mapping paris,0,263,0,35.3
agence de communication audiovisuelle lyon,0,262,0,46.9
production vidéo publicitaire,0,261,0,38.8
video d entreprise lyon,0,260,0,24.9
agence 3d,0,259,0,81.7
agence animation vidéo,0,258,0,61.5
société de production lyon,0,258,0,63.1
studio motion 3d paris,0,258,0,24.2
création de vidéo mapping à ploërmel,0,257,0,17.4
corporate film geneva,0,256,0,2.3
films corporate,0,256,0,63.8
création de vidéo mapping à redon,0,255,0,19.6
boite de prod genève,0,254,0,45.5
production vidéo genève,0,254,0,6.8
création de vidéo mapping à pontivy,0,251,0,18.6
adapter les ventes à la réalité de la production,0,249,0,56.4
agence video entreprise lyon,0,248,0,30.1
vidéos corporate,0,247,0,64
corporate video production geneva,0,246,0,5.8
création de vidéo mapping à brest,0,245,0,20.5
agence communication vidéo,0,244,0,11.1
agence display video,0,244,0,38.3
production vidéo corporate genève,0,243,0,4.3
agence de production de motion design à lyon,0,242,0,41.8
film d'entreprise genève,0,240,0,3.9
entreprise de video aerienne avec drone,0,239,0,8.6
motion design studio,0,238,0,81.7
agence de montage vidéo,0,236,0,64.2
agence production vidéo lyon,0,236,0,49.8
film video entreprise,0,236,0,60.5
virtuelt showroom,0,233,0,62.5
création de vidéo mapping à moréac,0,232,0,17.8
vistaprod.net,0,232,0,36.4
agence de publicité vidéo,0,231,0,12.2
carte voeux 2023,0,231,0,53.2
lancement film,0,231,0,6.3
plateforme de diffusion live,0,231,0,77.4
création de vidéo mapping à josselin,0,230,0,18.5
motion design entreprise,0,230,0,76.5
production film evenementiel,0,230,0,27.8
vidéo corporate entreprise,0,230,0,71.5
films promotionnels,0,228,0,30.6
motion design agence paris,0,228,0,76
création de vidéo mapping à poitiers,0,227,0,23.3
film corporate lyon,0,227,0,7.5
location drone avec pilote,0,227,0,68.5
création de vidéo mapping à saumur,0,223,0,15.9
film publicitaire créatif,0,223,0,15.8
product launch film,0,222,0,4.2
audiovisual agency geneva,0,220,0,6.1
motion design studios,0,220,0,43.9
création de vidéo mapping à la roche-sur-yon,0,217,0,15.9
création de vidéo mapping à fouesnant,0,216,0,13.5
création de vidéo mapping à laval,0,216,0,20.3
production de film publicitaire,0,216,0,20.8
boite de production film publicitaire,0,215,0,28
expert vidéo et motion design,0,211,0,76.8
studio animation 3d luxe,0,211,0,54.1
devis motion design,0,210,0,77.4
présentation vidéo entreprise lyon,0,210,0,25.4
showreel motion design,0,210,0,33.8
faire créer un film publicitaire,0,209,0,81.7
motion design lyon,0,209,0,78.9
video produit,0,209,0,66.1
agence film publicitaire lyon,0,207,0,44.8
agence vidéo motion design,0,206,0,84.3
création de vidéo mapping à le mans,0,205,0,20.7
agence montage vidéo,0,202,0,65.5
agence streaming video paris,0,202,0,41.1
corporate films,0,202,0,39
olinn,0,202,0,19.6
agence de montage video,0,199,0,79.6
video mapping calvados,0,198,0,36.8
société de production vidéo lyon,0,197,0,51.8
videos publicitaire,0,197,0,29.5
agence vidéo de luxe genève,0,196,0,4.8
vidéo entreprise lyon,0,196,0,34.1
films corporates,0,195,0,65.7
production de films publicitaires,0,195,0,18.8
production publicité,0,195,0,25.5
agence communication vidéo paris,0,194,0,42
agence marketing vidéo lyon,0,194,0,38.8
agent motion designer,0,194,0,49.7
aftermovie professionnel,0,193,0,8.2
drone prise de vue aérienne professionnel,0,193,0,37
inéo,0,193,0,63.9
agence animation video,0,192,0,61.9
agence de prod,0,191,0,31.2
agence communication video,0,188,0,21.1
film événementiel,0,188,0,28.6
présentation entreprise vidéo lyon,0,188,0,29.5
agence realite virtuelle,0,187,0,32
création de vidéo mapping à toursauray,0,187,0,13.4
cs net,0,187,0,8.6
agence réalité augmentée,0,186,0,69
vidéo évènementiel genève,0,186,0,9.1
agence vidéo genève,0,185,0,7.8
création de vidéo mapping à muzillac,0,185,0,15.1
mapping video,0,184,0,35.4
vidéo d'entreprise idf,0,184,0,7
captation vidéo lyon,0,183,0,60.5
entreprise audiovisuel lyon,0,183,0,82.9
entreprise modélisation 3d paris,0,183,0,37.7
luxury video agency geneva,0,183,0,14.5
vidéo d'entreprise ile-de-france,0,183,0,5.6
création motion design sens,0,182,0,32.7
studio d'animation 3d france,0,182,0,55.5
agence 3d lyon,0,181,0,12
captation vidéo geneve,0,181,0,44.2
vidéo entreprise ile-de-france,0,179,0,13.2
corporate video geneva,0,178,0,21
création de vidéo immersive 360,0,178,0,30.3
professional aftermovie,0,178,0,8.6
agence de production créative suisse,0,177,0,8.1
création de vidéo mapping à angers,0,177,0,28.9
réalisation films corporate,0,175,0,82.4
cartes de vœux 2023,0,171,0,44.9
entreprise de modelisation 3d paris​,0,171,0,20.4
3d animation studios,0,170,0,35.3
agence pub vidéo,0,170,0,6.4
prestataire video,0,170,0,44.5
vidéo entreprise idf,0,170,0,10.6
production audiovisuelle à genève,0,169,0,14.3
prise de vue drone,0,168,0,82.5
studio d animation 3d,0,168,0,20.3
video par drone,0,168,0,63.3
agence streaming,0,167,0,34.4
carte de vœux 2023,0,167,0,43
société production audiovisuelle lyon,0,167,0,76
film présentation entreprise,0,166,0,77.4
modélisation 3d lyon,0,166,0,47.6
films entreprise,0,165,0,61
agence innovation paris,0,164,0,51.4
entreprise de production lyon,0,164,0,69.1
motion design paris,0,163,0,92.7
production vidéo event,0,162,0,42
studio de motion design,0,162,0,78.7
vidéo corporate santé lyon,0,160,0,10.3
vidéos immersives,0,160,0,19.9
entreprise vidéo publicitaire,0,159,0,10.3
drone professionnel video,0,158,0,60.7
migo thermostat,0,156,0,19.4
agence de création vidéo lyon,0,155,0,26.6
qwartz,0,154,0,40.3
vidéo promotionnelle entreprise agence de pub en ligne,0,154,0,37.7
studio d animation,0,153,0,53.2
production film institutionnel paris,0,152,0,65.8
video aérienne par drone,0,151,0,55
animation studio 3d,0,150,0,31.1
création de vidéo mapping à saint-brieuc,0,150,0,33.4
mase rhone alpes,0,150,0,11.4
video aérienne,0,150,0,24.4
agence réalité virtuelle paris,0,149,0,72.9
csnet lite,0,148,0,9.3
production vr,0,148,0,74.1
agence film entreprise,0,147,0,59.4
agence realite augmentee,0,147,0,75.1
cartes de voeux 2023,0,147,0,53.3
vidéo par drone,0,147,0,61.3
société audiovisuel lyon,0,145,0,60.8
animation 2d paris,0,144,0,74.7
captation événement,0,144,0,68.5
film institutionnel lyon,0,144,0,25.6
prestataire streaming lyon,0,144,0,46.5
cartes de voeux 2016,0,143,0,78.6
societe realisation film entreprise,0,143,0,47.2
image voeux 2023,0,142,0,54.7
showreel agence,0,142,0,73.9
video aérienne drone,0,142,0,47.1
agence video corporate,0,141,0,31.8
société production audiovisuelle spécialisée santé,0,140,0,36.8
videaste corporate,0,140,0,59.2
vidéo promotionnelle entreprise,0,140,0,50.4
vidéos promotionnelles,0,140,0,38.4
agence vidéo et motion design,0,139,0,54
agence de communication 3d lyon,0,138,0,31
agence de vidéos paris,0,137,0,62.7
captation événementielle,0,137,0,52.5
design motion lyon,0,137,0,44.9
video promotionnelle lyon,0,137,0,21.7
aftermovie evenement,0,136,0,46.7
vidéo présentation entreprise lyon,0,136,0,28.4
agence motion designers,0,135,0,62.6
engie thermostat,0,134,0,9
réalisation vidéo genève,0,133,0,29.9
videaste drone,0,133,0,46.5
agence vidéo santé,0,132,0,19.8
lancement de produit geneve,0,132,0,9.5
mapping batiment,0,132,0,15.9
réalisation vidéo lyon,0,132,0,37.4
agence de production vidéo,0,130,0,46.4
animation 3d genève,0,130,0,15.1
création film publicitaire,0,130,0,30.9
création motion design,0,130,0,73.9
agence de prod genève,0,129,0,3.4
film d'animation 3d immobilier,0,129,0,56.7
production agency geneva,0,129,0,9.9
3d animation company,0,128,0,32.9
animation mase,0,128,0,72.2
animation studio,0,128,0,43.9
diffusion web tv,0,128,0,47
film produit,0,128,0,19.8
agence film corporate,0,127,0,53.2
agence vidéo corporate santé lyon,0,127,0,11.1
film d entreprise 64,0,127,0,35.9
production film corporate,0,127,0,72.1
agence d'animation 3d,0,126,0,24.4
agence streaming paris,0,126,0,77.5
agence vidéo corporate paris,0,126,0,23
agence vidéo corporate santé france,0,125,0,18.4
agences motion design,0,125,0,51.1
cinema 3d paris,0,125,0,25.5
entreprise film,0,124,0,75.8
realisation film entreprise,0,124,0,34.1
réalisation film,0,124,0,64.1
société animation 3d,0,124,0,42
société réalisation film genève,0,124,0,33.4
montage video publicitaire,0,123,0,21.2
vidéo de présentation entreprise lyon,0,123,0,32.1
vidéo événementielle suisse,0,123,0,35.1
creation film publicitaire,0,122,0,30.5
film d'entreprise geneve,0,122,0,7.1
video production paris,0,122,0,44.2
agence création motion design,0,121,0,75.8
devis film entreprise,0,121,0,73.9
hikumo,0,121,0,8.8
video studio geneva,0,121,0,36.1
bluvista.de,0,119,0,6.2
expert en vidéo mapping,0,119,0,23.4
société de production publicitaire,0,119,0,18.2
société de production publicité,0,119,0,23.1
agence de communication video,0,118,0,65.3
présentation interactive 3d lyon,0,118,0,7.3
regie publicitaire video,0,118,0,12.6
videos corporate,0,118,0,66.6
production audiovisuelle santé,0,117,0,13.6
rendu 3d interactif photoréaliste lyon,0,117,0,7.8
captation vidéo événement,0,116,0,85.5
cartes de noël 2016,0,116,0,80.3
corporate videographer geneva,0,116,0,8.3
réalisation vidéo par drone,0,116,0,67.7
agence spot publicitaire,0,115,0,8.8
animation 3d photoréaliste lyon,0,115,0,3.4
carte de voeux motion design,0,115,0,71.1
entreprise video,0,115,0,46.7
film d'entreprise paris,0,115,0,15.3
maison de production cinema lyon,0,115,0,66.1
réalisation de films d'entreprise,0,115,0,39
montage vidéo post-événement,0,114,0,76.3
design & motion lyon,0,113,0,56.6
réalisation films dentreprise,0,113,0,27.6
stane,0,113,0,63.8
vidéo publicitaire industrie paris,0,113,0,10.8
vidéos aériennes professionnelles,0,113,0,31.7
agence film pub,0,112,0,21.3
agence vidéo secteur santé,0,112,0,19.6
frlorevista,0,112,0,9
showroom virtuel,0,112,0,56.6
production audiovisuelle santé lyon,0,111,0,2.2
production vidéo motion design,0,110,0,67
video production services geneva,0,109,0,31.9
3d animation agency,0,108,0,85.5
création vidéo publicitaire,0,108,0,22
réalisation de films,0,108,0,25.5
vidéo présentation entreprise paris,0,108,0,51.3
idée de vidéo de voeux,0,107,0,76.7
agence de réalisation vidéo,0,106,0,67.1
motion designer lyon,0,106,0,65.6
vidéaste corporate,0,106,0,62.3
agence lancements de produits,0,105,0,87
bureau metaverse,0,105,0,71.7
video publicitaire lyon,0,105,0,11.9
vidéo en 360,0,105,0,33.9
vista,0,105,0,6.4
vista blue,0,105,0,15.9
captation vidéo définition,0,104,0,76.6
motion design 2d,0,104,0,55.7
studio production audiovisuelle lyonnais,0,104,0,49.9
video motion video lyon,0,104,0,38.7
visite virtuelle invention,0,104,0,25.1
réalité virtuelle immersive,0,103,0,76.1
video de publicité,0,103,0,56.4
agence création vidéo lyon,0,102,0,60.6
corporate vidéo,0,102,0,45.4
montage video genève,0,102,0,45
production company geneva,0,102,0,44.3
réalisation vidéo d'entreprise,0,102,0,62.3
agence de communication rue victor hugo lyon,0,101,0,44.2
agence vidéo santé lyon,0,101,0,7.9
drone vidéaste,0,101,0,60.6
entreprise de film,0,101,0,82.2
événement virtuel pour créateurs de contenu,0,101,0,86.5
ineo paris,0,100,0,6.6
société video lyon,0,100,0,24.4
agence vidéo santé france,0,99,0,19.2
production vidéo événement,0,99,0,39.1
realiser une video publicitaire,0,99,0,41.4
réalisation vidéo industries,0,99,0,48.5
reportage vidéo entreprise ile-de-france,0,98,0,16.2
régie publicitaire vidéo,0,98,0,23.1
videos publicitaires,0,98,0,43.5
création de vidéo mapping à lorient,0,97,0,29.5
realisation video entreprise,0,97,0,49.9
captation film,0,96,0,80.9
film animation et vidéo 3d pour l'immobilier,0,96,0,48.6
agence audiovisuel lyon,0,95,0,43.3
campus infographie 3d genève,0,95,0,15.1
captation film évènementiel,0,95,0,16.2
film d'entreprise lyon,0,95,0,27.6
montage vidéo publicitaire,0,95,0,28.6
animation 3d,0,94,0,68.3
carte de voeux informatique,0,94,0,69.9
creer une video publicitaire gratuitement,0,94,0,90.9
entreprise motion design,0,94,0,86.2
event aftermovie,0,94,0,59.1
réalisation de film d'entreprise,0,94,0,40.1
site motion design,0,94,0,67.8
studio vr lyon,0,94,0,19
complexe audiovisuel lyon,0,93,0,63.6
experience video 360,0,93,0,12.1
motion design agence motion design studio motion design motion film animation agence motion studio motion,0,92,0,70.2
réalisation de vidéo d'entreprise,0,92,0,65.6
société de production vidéo genève,0,92,0,14
vidéo corporate exemple,0,92,0,57.4
agence video institutionnelle à lyon,0,91,0,23.9
production vidéo motion design 41,0,91,0,29
réalisation film entreprise,0,91,0,46.8
videographie aérienne,0,91,0,27.6
réalisation film de promotion,0,90,0,69.8
corporate video,0,89,0,63.3
agence de production vidéo ia,0,88,0,63.9
fubiz tv,0,88,0,65.4
post-production à lyon,0,88,0,63.1
production films publicitaires,0,88,0,28.1
studio audiovisuelle lyonnais,0,88,0,56.7
video corporate paris,0,88,0,27.8
video production agency in geneva,0,88,0,17.3
vistaprod.com,0,87,0,51.8
agence infographie 3d,0,86,0,86
motion design 2d 3d,0,86,0,85.1
motion design le mans,0,86,0,74.1
réalisation vidéo,0,86,0,49.2
vidéo corporate santé paris,0,86,0,8.2
film d'entreprise val d'europe,0,85,0,76.4
jeu vidéo mapping,0,85,0,53.2
réalisation vidéo santé,0,85,0,14.7
animation silhouette lyon,0,84,0,64.5
csnet manager,0,84,0,8.2
film motion design,0,84,0,67
mapping entreprise,0,84,0,76.3
régie publicitaire video,0,84,0,16
tournage video 360,0,84,0,44.9
video photo agence production paris,0,84,0,43.7
vidéo de publicité,0,84,0,50.5
vidéo promotionnelle,0,84,0,35.1
mapping architectural,0,83,0,31.9
production audiovisuelle drone,0,83,0,39.2
production video luxe france suisse,0,83,0,45.2
image interactive 3d lyon,0,82,0,8.7
production vidéo médical,0,82,0,22.1
video motion design paris,0,82,0,86.3
carte voeux 2016,0,81,0,90
csnet lite hitachi,0,81,0,9.4
film d’entreprise,0,81,0,75.4
film évènementiel,0,81,0,30.9
agence video genève,0,80,0,66.7
stann logiciel,0,80,0,8
web tv direct,0,80,0,30.8
agence vidéo corporate btp lyon,0,79,0,32.2
carte de voeux 2017,0,79,0,88.8
video aerienne drone,0,79,0,52.1
agence de montage video lyon,0,78,0,45.8
agence video animation,0,78,0,63.4
captation evenement,0,78,0,68.7
devis création motion design,0,78,0,76.4
logiciel stann,0,78,0,7.6
video production company in geneva,0,78,0,22.8
agence de création vidéos,0,77,0,23.9
créer une publicité video gratuite,0,77,0,90.6
motion design 2d/3d,0,77,0,91.4
production publicitaire,0,77,0,31.8
réalisation clip publicitaire,0,77,0,13.8
réalisation vidéo médical,0,77,0,24.7
vidéaste film entreprise,0,77,0,47.9
captation evenementiel,0,76,0,44.2
creation de video publicitaire,0,76,0,24.9
création de vidéo mapping à quimperlé,0,76,0,15.6
film pharmaceutique lyon,0,76,0,2.8
agence youtube lyon,0,75,0,30.7
corporate video production,0,75,0,26.7
production animation 3d,0,75,0,71.8
agence vidéo ia,0,74,0,24
production vidéo publicitaire entreprise,0,74,0,12.6
agence vidéo animation,0,73,0,91.5
realisation video suisse,0,73,0,56.4
agence vidéo 3d,0,72,0,45.4
motion designers monts du lyonnais,0,72,0,6.4
société de réalité virtuelle,0,72,0,77.6
agence pub video,0,71,0,7.7
cinema 3d a paris,0,71,0,35.7
koesio studio,0,71,0,10.5
video publicité,0,71,0,29.4
vidéaste d'entreprise genève,0,71,0,18
motion designer 2d,0,70,0,76.1
realisation video,0,70,0,62.6
aftermovie event,0,69,0,64.5
agence de réalité virtuelle,0,69,0,42.3
agence video motion,0,69,0,75.2
animation motion design,0,69,0,37
assisqual,0,69,0,6.2
creation video publicitaire,0,69,0,30
creer une video publicitaire,0,69,0,42.7
films publicitaires,0,69,0,50
reportage vidéo entreprise idf,0,69,0,14.1
studio vfx paris,0,69,0,79.2
vidéo aérienne par drone,0,69,0,55.3
360 immersive video,0,68,0,47.3
agence production,0,68,0,82.3
agence vidéo marketing,0,68,0,52.3
creer video publicitaire,0,68,0,48.3
agence vidéo suisse romande,0,67,0,3
animations motion design,0,67,0,71.6
création de clips publicitaires 91,0,67,0,35.4
production vidéo événementielle,0,67,0,66.8
vidéo publicitaire lyon,0,67,0,5.4
mapping intérieur,0,66,0,24.1
production agence,0,66,0,37.2
studio d'animation 2d 3d,0,66,0,10.5
réalisation vidéo médicale,0,65,0,20.1
agence clip video,0,64,0,17.3
csnet,0,64,0,20
event aftermovies,0,64,0,87.6
film pour entreprise,0,64,0,70.8
prestataire realite virtuelle,0,64,0,82.6
production vidéo,0,64,0,37.5
studio tv lyon,0,64,0,65.7
after moovie,0,63,0,9.3
agence motion design pour rapport annuel,0,63,0,69.4
video en 360 vr,0,63,0,59.6
vidéaste pour entreprises monts du lyonnais,0,63,0,16.7
création de vidéo mapping à vannes,0,62,0,17.2
film entreprise 64,0,62,0,42.7
videos publicité,0,62,0,24.5
communication audiovisuelle lyon,0,61,0,77.6
film institutionnel monts du lyonnais,0,61,0,17
pisten,0,61,0,9.6
production vidéo 360 degrés,0,61,0,35.9
vidéos aériennes haute qualité,0,61,0,77.1
aftermoovie,0,60,0,9.5
agence audiovisuelle industrie pharmaceutique,0,60,0,23.4
amplitude systeme,0,60,0,67.9
bachelor animation 3d lyon,0,60,0,97.8
conception de vidéos sur mesure monts du lyonnais,0,60,0,4.7
création vidéo et motion design,0,60,0,62.3
création vidéo motion design,0,60,0,56.8
immersion réalité virtuelle,0,60,0,72.9
quartz centre commercial,0,60,0,34.2
studio de rendu 3d lyon,0,60,0,10.6
verizonconnect,0,60,0,9.2
videos aériennes,0,60,0,42.3
agence communication vidéo lyon,0,59,0,19.8
video promotionnelle,0,59,0,41.7
publicités vidéos,0,58,0,30.9
studio développement vr lyon,0,58,0,43.7
verizon france,0,58,0,37
agence de production vidéos genève,0,57,0,75.8
animation silhouette genève,0,57,0,9
bureau 3d vista,0,57,0,50.2
création motion design la haye du puits,0,57,0,38.2
entreprise montage video lyon,0,57,0,62.2
hitachiclimat.fr,0,57,0,52.8
mapping vidéo et projection 3d pour soirées professionnelles,0,57,0,42
services d'animation 3d,0,57,0,67.8
agence production 3d paris,0,56,0,12.4
agence vidéo b2b,0,56,0,20.9
bos direct,0,56,0,9.9
creation de video publicitaire gratuit,0,56,0,85.1
devis réalisation audiovisuelle,0,56,0,91.9
motion c,0,56,0,55.7
plateforme vidéo d'entreprise,0,56,0,86.3
societe de production video geneve,0,56,0,13.9
studio de création 3d lyon,0,56,0,11.8
video production services in geneva,0,56,0,24.1
rendu 3d photoréaliste lyon,0,55,0,12.7
réalisateur vidéo tourisme,0,55,0,86.7
société production vidéo,0,55,0,67.2
studio 3d audiovisuel,0,55,0,23.8
video d entreprise,0,55,0,67.6
vidéographie aérienne,0,55,0,17.2
voeux video,0,55,0,35.3
agence de studios d animation,0,54,0,35.8
agence de vidéos,0,54,0,36.9
photographie et vidéo aérienne (drône),0,54,0,61.6
vidéaste pour entreprises givors,0,54,0,34.1
blu3 vista,0,53,0,6.4
corporate video production switzerland,0,53,0,6.5
film 3d animation,0,53,0,92.5
guitare en scène 2023,0,53,0,12
motion design film,0,53,0,61.9
production audiovisuelle médical,0,53,0,21.9
studio de publicité,0,53,0,33.3
vidéaste genève,0,53,0,65.3
vidéos corporate efficaces,0,53,0,83.3
agence communication multimédia lyon,0,52,0,43.4
fubiz broadcast,0,52,0,66.2
production de jeux vr lyon,0,52,0,61.3
studio motion design paris,0,52,0,70.3
videomapping,0,52,0,15.4
agence de création vidéo paris,0,51,0,91.9
agences audiovisuelles,0,51,0,83
boite de production publicité,0,51,0,22.1
création motion design bernay,0,51,0,40
nightswapping,0,51,0,28.8
studio fond vert,0,51,0,66
agence communication vidéo genève,0,50,0,2
création de video publicitaire,0,50,0,69.2
film evenementiel,0,50,0,25.8
production audiovisuelle santé paris,0,50,0,7.3
société d'animation,0,50,0,49.6
société de montage vidéo,0,50,0,83.8
video 360 interactive,0,50,0,36.2
deko coffrages,0,49,0,6.8
film industriel lyon,0,49,0,16.3
montage video lyon,0,49,0,80.1
production vidéo annemasse,0,49,0,36.1
vidéo d'entreprise,0,49,0,72.6
vidéos par drone,0,49,0,62.2
études infographie 3d genève,0,49,0,52.2
dromis,0,48,0,12
entreprise audiovisuelle lyon,0,48,0,61
faire un film d'entreprise,0,48,0,43.6
films événementiels,0,48,0,86.8
production multimedia,0,48,0,9.6
studio 3d france,0,48,0,50.2
vidéo publicité,0,48,0,49.3
agence drone,0,47,0,39.7
agence video marketing,0,47,0,45.1
film publicitaire paris,0,47,0,72.2
motion design agency,0,47,0,72.6
réalisation de films à genève,0,47,0,18.7
vidéo mapping animation,0,47,0,14.2
création de vidéo mapping à nantes,0,46,0,47
agence créative vidéo,0,45,0,30.9
agence réalité virtuelle 3d,0,45,0,39.5
brand film production geneva,0,45,0,11.8
csnetmanager,0,45,0,8.3
films d entreprise,0,45,0,64.9
savistann,0,45,0,7.5
video film company,0,45,0,39.8
vidéo et motion design,0,45,0,45.2
vidéo production,0,45,0,43.8
web live tv,0,45,0,36
2d 3d animation studio,0,44,0,66.2
agence production video velo,0,44,0,75.4
agence vidéo explicative,0,44,0,50.8
corporate video agencies,0,44,0,83.7
entreprise d'animation 3d,0,44,0,10.3
société production spot publicitaire,0,44,0,34.7
thermostat connecté saunier duval migo,0,44,0,10.7
vidéo 360 genève,0,44,0,30
aftermovie definition,0,43,0,30.2
agence de studios d’animation,0,43,0,30.3
agence presentation video,0,43,0,23.9
blue production,0,43,0,21.7
devis audiovisuel,0,43,0,83.5
mapping audiovisual,0,43,0,32.2
studio motion design 3d,0,43,0,68.8
videographer for small business geneva,0,43,0,21.3
videographer geneva,0,43,0,51.5
vidéo corporate industrie lyon,0,43,0,31.4
agence motion illustrateurs,0,42,0,41.4
agence prod video velo,0,42,0,72.1
agence production photo video,0,42,0,90.3
casque réalité virtuelle personnalisé,0,42,0,83.5
chaudière connectée engie,0,42,0,59
création motion design mende,0,42,0,46
diffusion live tv,0,42,0,43.5
gloupii.com,0,42,0,3.7
motion design vidéo,0,42,0,75.1
prestataire réalisation de clip aftermovie,0,42,0,6.8
studios motion design,0,42,0,62.7
video en 360 degrés,0,42,0,33.9
agence créative 3d,0,41,0,91.9
agence publicité vidéo,0,41,0,32.6
agences de production audiovisuelle,0,41,0,55.7
création de vidéo motion design,0,41,0,53.4
création video motion design,0,41,0,66.4
local guide program,0,41,0,1
motions video,0,41,0,92.6
production service video,0,41,0,9
production video publicitaire,0,41,0,8.9
trophée emile terrier,0,41,0,6
video 360,0,41,0,14.3
vidéo mapping événement,0,41,0,26.4
agence video explicative,0,40,0,65.9
engie connecté,0,40,0,26.1
vidéo production événementielle,0,40,0,62.8
agence pub lyon,0,39,0,94.5
création motion design argentan,0,39,0,41.9
formation animation 3d lyon,0,39,0,67.6
logiciel stan,0,39,0,8.4
paris mapping,0,39,0,27.8
agence vidéo santé paris,0,38,0,11.8
animation 3d film,0,38,0,78.3
créer une publicité vidéo,0,38,0,47
guitare en scène 2023 programme,0,38,0,8.1
video d'entreprise,0,38,0,39.3
video en drone,0,38,0,64.4
vérizon connect,0,38,0,16.3
animation studios paris,0,37,0,43.4
création motion design avallon,0,37,0,33.9
"je cherche une société de production vidéo pour réaliser un film corporate premium en suisse romande, quelles sont les références ?",0,37,0,4.9
mapping vidéo toulouse,0,37,0,34.9
prestataire vr,0,37,0,44.5
studio audiovisuel lyon,0,37,0,67.2
studio modélisation 3d,0,37,0,69.4
video corporation,0,37,0,60.5
agence creation film,0,36,0,79.6
agence de communication visuelle video,0,36,0,60.5
casque vr personnalisé,0,36,0,90.3
démo virtuelle réalité,0,36,0,56.8
guitares en scenes,0,36,0,85.1
lancement de produit lyon,0,36,0,72.7
producteur video,0,36,0,28.8
video publicite,0,36,0,24
vidéo 360,0,36,0,14.8
vidéo entreprise,0,36,0,49.4
agence animatique,0,35,0,76.3
agence de production publicitaire,0,35,0,15.1
agents d'artistes motion designers,0,35,0,74.4
animation 3d immobilier,0,35,0,78.8
animation video designer,0,35,0,49.8
création vidéo pub le mans,0,35,0,57.1
entreprise d'animation 2d,0,35,0,82.2
tournage vidéo lyon,0,35,0,43.6
vidéo pour entreprises monts du lyonnais,0,35,0,25.2
équipe film paris region,0,35,0,28.9
3d animation school in lyon,0,34,0,63.5
agence design rhone alpes,0,34,0,84.5
agence vidéo corporate santé paris,0,34,0,12.1
bos equipement hotelier,0,34,0,67.3
cameraman in geneva,0,34,0,74.4
film d animation 3d immobilier lyon,0,34,0,16.7
immersion vidéo,0,34,0,6.8
location videomapping,0,34,0,35.1
mapping événementiel,0,34,0,16.6
pisten bully,0,34,0,20.3
vidéaste drone,0,34,0,68.7
combien coûte un film d'entreprise,0,33,0,42
formation cinema d'animation 3d lyon,0,33,0,74.8
prestataire réalité virtuelle,0,33,0,66.7
prix réalisation vidéo publicitaire,0,33,0,74.6
rodin 3d,0,33,0,25.4
réalisation video publicitaire,0,33,0,13.2
snk 3d,0,33,0,7
video evenement entreprise paris,0,33,0,31.3
agence captation événementielle,0,32,0,19.5
cartes voeux 2016,0,32,0,85.9
entreprise 3d paris,0,32,0,14.3
montage vidéo lyon,0,32,0,80.8
production audiovisuelle santé france,0,32,0,18.3
thermostat connecte engie,0,32,0,11.6
tubevista,0,32,0,19.1
agence vidéo drone,0,31,0,16.5
alorem,0,31,0,9.5
conception de vidéos sur mesure givors,0,31,0,32
création motion design bergerac,0,31,0,43.4
direct et streaming,0,31,0,90.6
entreprise vidéo,0,31,0,95.5
production multimédia,0,31,0,16.9
production vidéo corporate,0,31,0,40.5
réalisation d'un film événementiel,0,31,0,23.6
réalisation de vidéos corporate,0,31,0,93.5
2d motion design,0,30,0,39
agence de production film,0,30,0,63.9
agence motion design deux-sèvres,0,30,0,79.6
agence motion design ile-de-france,0,30,0,61.8
agence video brignais,0,30,0,27.8
agence vidéo institutionnelle,0,30,0,82.3
av production for pharma,0,30,0,88.2
film promotionnel lyon,0,30,0,2.9
realisation film d entreprise,0,30,0,23.3
unicorn team,0,30,0,9.3
verizo,0,30,0,32.7
vid&eacute o motion design,0,30,0,74.9
vidéo b2b immersive,0,30,0,9
aftermove,0,29,0,9.6
animation silhouettiste lyon,0,29,0,92
guitare en scène programme 2023,0,29,0,10.3
mapping audiovisuel événement,0,29,0,22.1
motion design c'est quoi,0,29,0,72
réalisation film médical,0,29,0,2.7
thermostat connecté engie home service,0,29,0,8.2
videaste geneve,0,29,0,20.9
vidéo pour entreprises givors,0,29,0,44
vidéomapping,0,29,0,10.7
animation 3d luxe,0,28,0,27.4
blue vista latest,0,28,0,13.7
création de films publicitaires,0,28,0,33.6
création motion design pontivy,0,28,0,42.8
deko coffrage,0,28,0,20.5
film corporate definition,0,28,0,91.3
prestation motion design sur mesure,0,28,0,43.8
prod vidéo,0,28,0,52
production vidéo d'entreprise suisse,0,28,0,6.6
réalisateur film événementiel,0,28,0,40.6
vidéo pour entreprises lyon,0,28,0,35.1
agence création photo vidéo paris,0,27,0,97.6
agence vidéo lyonnaise,0,27,0,26
agences de motion design,0,27,0,53.1
mapping vidéo événementiel,0,27,0,15.9
qwartz photos,0,27,0,5.2
société de production audiovisuelle publicité,0,27,0,31.3
une vraie equipe,0,27,0,8.4
verizon connec,0,27,0,15.7
vidéaste corporate paris,0,27,0,59.6
vidéo 360 lyon,0,27,0,35.6
vidéo corporate pour entreprise,0,27,0,20.6
vidéo corporate santé france,0,27,0,18.4
agence audiovisuel,0,26,0,47.2
agence video vr360,0,26,0,65.5
agence vidéo geneve,0,26,0,3.5
création motion design ussel,0,26,0,41.3
dessin animé lyon,0,26,0,15.3
entreprise animation 2d 3d,0,26,0,20.5
entreprise d'animation,0,26,0,45.4
film de securité genève,0,26,0,51.8
film entreprise animation 3d,0,26,0,42.9
formation mapping video,0,26,0,76.8
mapping vidéo événement,0,26,0,16.9
motion design professionnel,0,26,0,38.8
plateforme de diffusion en direct,0,26,0,45.3
production clip publicitaire,0,26,0,20.1
réalisation de film,0,26,0,41.2
société montage vidéo,0,26,0,64.3
tournage drone genève,0,26,0,34.8
video advertising,0,26,0,47.3
agence de production vidéo genève,0,25,0,62.6
boite de production vidéo,0,25,0,69.4
centre commercial qwartz,0,25,0,31.6
cera,0,25,0,34.9
création campagne publicitaire vidéo lyon,0,25,0,14.2
création motion design guéret,0,25,0,57.4
création video corporate deauville,0,25,0,83.2
création webtv genève,0,25,0,12
entreprise montage video,0,25,0,50.2
film d'animation paris,0,25,0,70.4
montage video vista,0,25,0,59.8
motion design et vidéo d'entreprise,0,25,0,69.4
realisation de film d entreprise,0,25,0,45.6
stan app,0,25,0,15.2
vidéo d entreprise,0,25,0,69.7
vidéo mapping façade,0,25,0,16
virtuelle production,0,25,0,74.1
captation évènement,0,24,0,39.5
création de vidéo 360,0,24,0,91.1
film d'entreprise marne la vallée,0,24,0,44.5
luxury brand video production studio,0,24,0,76.3
mapping vidéo entreprise,0,24,0,17
mapping vidéo soirée,0,24,0,21.6
motiondesign,0,24,0,33.7
olinn logo,0,24,0,1
réalisation film publicitaire,0,24,0,15.7
réalisation vidéo corporate,0,24,0,62.4
societe d animation,0,24,0,80.8
stan,0,24,0,25.5
verizone connect,0,24,0,22.9
video agence de communication,0,24,0,61.2
vidéo production genève,0,24,0,46.2
agence production video paris,0,23,0,87.9
agence vidéo promotionnelle,0,23,0,10.6
agency motion design,0,23,0,76.2
amplitude robotics,0,23,0,8.6
amplitude systèmes,0,23,0,83.4
animation 3d design,0,23,0,80.2
blue vista photos,0,23,0,3
captation vidéo événementiel,0,23,0,75.7
création motion design souvigny,0,23,0,49.2
demonstration 3d,0,23,0,58.7
devis film d'entreprise,0,23,0,53.1
ecole animation 3d lyon,0,23,0,80.1
films d'entreprise,0,23,0,40.4
monteur vidéo lyon,0,23,0,89
production vidéo et 3d,0,23,0,88
services tournage île-de-france,0,23,0,74
siège social virtuel genève,0,23,0,88.2
video production corporate,0,23,0,22.6
vidéo corporate industrie france,0,23,0,31.9
vidéo d’entreprise,0,23,0,61.9
vidéo publicitaire santé lyon,0,23,0,17
virtual reality showroom,0,23,0,85.9
3d and animation,0,22,0,78.7
aftermovie événement réunion,0,22,0,11.9
agence vidéaste,0,22,0,28
agence vr360,0,22,0,54.5
blue vista capital,0,22,0,46.5
captation d événements,0,22,0,81.4
création motion design auch,0,22,0,31
création motion design flers,0,22,0,56.1
création motion design loches,0,22,0,39.6
film publicitaire lyon,0,22,0,34.4
mapping façade,0,22,0,21.6
mapping vidéo spectacle,0,22,0,22.7
mapping événement entreprise,0,22,0,13.9
societe de production lyon,0,22,0,85.4
verizon video,0,22,0,5.7
agence film publicitaire entreprise,0,21,0,14.1
agence pour motion illustrateurs,0,21,0,40.3
captation vidéo suisse,0,21,0,84.5
centre quartz,0,21,0,94.1
création motion design saint flour,0,21,0,74
csnet web,0,21,0,11.2
film corporate haut de gamme,0,21,0,63.8
formation cinéma d'animation 3d lyon,0,21,0,81.4
hotel radisson lyon tour part dieu,0,21,0,41
mapping vidéo artistique,0,21,0,46.8
tournage massy,0,21,0,48.1
video designer,0,21,0,92.9
videos drone,0,21,0,78.9
vidéo d'entreprise 77,0,21,0,53.7
vidéo pub,0,21,0,59.6
vista inspirant,0,21,0,57
web tv online,0,21,0,18
agence communication motion design,0,20,0,75.6
creation publicité video,0,20,0,75
film d animation pour architecte lyon,0,20,0,14.4
ineo equans,0,20,0,11.2
mapping vidéo gala,0,20,0,25.5
mapping visuel événement,0,20,0,26.6
regarder web tv,0,20,0,71.5
studio de modélisation 3d,0,20,0,79.4
verison,0,20,0,55.7
verizon conect,0,20,0,6.5
vidéo corporate industrie paris,0,20,0,24.2
vr sur mesure,0,20,0,41.3
agence d'audiovisuel,0,19,0,26.6
agence marketing video,0,19,0,55.6
agence vidéo nantes,0,19,0,38.4
alavista vr,0,19,0,7.3
amplitude robot,0,19,0,5.4
animation 3d films,0,19,0,91.3
cinéma 3d paris,0,19,0,24.6
conception de vidéos sur mesure oullins-pierre-bénite,0,19,0,27.3
dosmatix,0,19,0,57.3
film entreprise geneve,0,19,0,5.4
guitare en scène 2024,0,19,0,11.1
hitachi csnet,0,19,0,10.7
migo link installation,0,19,0,21.4
paris video production,0,19,0,43.5
post production lyon,0,19,0,56.3
prestataire audiovisuel lyon,0,19,0,90.9
radisson 360,0,19,0,8.4
realisateur film entreprise,0,19,0,52.7
réalisations vidéo animée,0,19,0,79.9
studio montage video paris,0,19,0,76.5
verizonconnect.com,0,19,0,19.1
vidéo corporative,0,19,0,76.3
3d paris,0,18,0,87.9
agence de publicité,0,18,0,88.6
agence réalité virtuelle nice,0,18,0,82.8
agence vid,0,18,0,9.7
agence vidéo médicale,0,18,0,28.8
carte de voeux vidéo entreprise,0,18,0,89.2
conception d’expérience immersive,0,18,0,84.6
création motion design millau,0,18,0,42.3
création motion design parthenay,0,18,0,33.6
création motion design st philbert de grand lieu,0,18,0,71.9
création visite vr,0,18,0,70.5
dameuse pistenbully,0,18,0,38.3
diffusion en direct live streaming,0,18,0,87.6
drone vr 360,0,18,0,43.5
immersive 360,0,18,0,8.8
mapping video c'est quoi,0,18,0,51.1
migo application,0,18,0,39.1
migo select,0,18,0,51.8
paris animation studios,0,18,0,52.1
production vidéo corporate paris,0,18,0,27.6
radisson blue part dieu,0,18,0,30.6
réalisation vidéo auto,0,18,0,67.9
réalisation vidéo drone guadeloupe,0,18,0,69.9
service de vidéographie,0,18,0,13.3
société de production audiovisuelle suisse,0,18,0,8.2
société réalité virtuelle,0,18,0,92.1
studio animation médicale 3d,0,18,0,89.4
studio animation suisse,0,18,0,14.5
studio d animation et de film,0,18,0,53.4
thermostat connecté gratuit engie,0,18,0,45.7
verison connect,0,18,0,8.8
webtv realite,0,18,0,5.5
"""publicité video",0,17,0,36.2
agence créative spécialisée dans la création de vidéo,0,17,0,33.4
agence de communication vidéo troyes,0,17,0,71.9
agence films publicitaires,0,17,0,29.6
agence réalisation film promotionnel,0,17,0,16.8
agence streaming nantes,0,17,0,77.8
agence vidéo corporate industrie lyon,0,17,0,28.5
agence vidéo rhône,0,17,0,10
audiovisual agency paris,0,17,0,32
briefing debriefing,0,17,0,29.9
e-xpert,0,17,0,34.6
entreprise de montage vidéo,0,17,0,72.7
film promotionnel,0,17,0,80.2
filmmaker drone,0,17,0,40.3
mapping vidéo nice,0,17,0,32.3
migo home,0,17,0,11.6
migo link notice,0,17,0,19.6
paris commercial filmmaker,0,17,0,31.4
production video 64,0,17,0,54.5
production video produit cotes d'armor,0,17,0,78.7
production vidéo corporative,0,17,0,40.4
réalisation film d'entreprise,0,17,0,52
show mapping audiovisuel,0,17,0,20
stan logiciel,0,17,0,8.7
studio d animation lyon,0,17,0,10.8
tube vista,0,17,0,16.1
video by drone,0,17,0,58
video motion design lyon,0,17,0,88.6
videos aeriennes,0,17,0,41.8
webtv,0,17,0,42.2
3d animation services,0,16,0,71.1
3d lyon,0,16,0,43.1
after movie event,0,16,0,7.9
agence de production video velo,0,16,0,94.9
agence de pub vidéo,0,16,0,18.1
agence multimedia lyon,0,16,0,45.7
agence vidéo publicitaire le mans,0,16,0,85.7
animation lyon,0,16,0,23.6
animation silhouette entreprise paris,0,16,0,96
bleu nuit audiovisuel,0,16,0,43.5
blue motion c'est quoi,0,16,0,30.5
cinema 3d lyon,0,16,0,15.3
création animation 3d,0,16,0,98.9
création motion design chaumont,0,16,0,75.1
création motion design le puy en velai,0,16,0,41.1
création motion design saint dizier,0,16,0,79.9
cs net hitachi,0,16,0,8.7
drone prise de vue aérienne vidéo drone reims marne prestation vidéo montage vidéo,0,16,0,74.5
film en 360,0,16,0,22.6
film evenement corporate paris,0,16,0,8.1
formation réalisation 3d genève,0,16,0,49.3
lpa,0,16,0,5.8
mapping vidéo clé en main,0,16,0,61.3
studio cinema lyon,0,16,0,24.1
video entreprise,0,16,0,74.9
vidéos aérienne,0,16,0,37.8
360 vidéo,0,15,0,59.3
agence av prod,0,15,0,81.5
agence conception video,0,15,0,22.2
agence de production film promotionnel,0,15,0,16.1
agence publicité lyon,0,15,0,76.7
audiovisuel,0,15,0,5.9
boite de production genève,0,15,0,13.9
corporate lyon,0,15,0,21.1
corporate video services,0,15,0,54.9
création motion design digne les bains,0,15,0,44.9
création motion design macon,0,15,0,62.7
csnet hitachi,0,15,0,13
filmstudio 3d,0,15,0,81.8
guitare en scene 2024,0,15,0,16.4
immersive vr,0,15,0,49.2
les meilleurs lancement de produits,0,15,0,86.1
live webtv,0,15,0,9.7
mapping facade,0,15,0,13.5
mapping lumière,0,15,0,74
metaverse 3d studio,0,15,0,24.7
photographie et vidéo aérienne (drone),0,15,0,17
prestataire réalisation vidéo,0,15,0,24.6
production audiovisuel lyon,0,15,0,45
production film de marque genève,0,15,0,30.6
production motion design,0,15,0,72.6
projection mapping façade,0,15,0,87.5
trophee emile terrier,0,15,0,5.3
verizon connection,0,15,0,36.2
video 360 drone,0,15,0,37.5
video production event,0,15,0,11.4
videos pub,0,15,0,26.5
vidéo virtuel,0,15,0,85.2
vista production,0,15,0,5.7
360 drone,0,14,0,26.6
3d technical animation company,0,14,0,22.9
agence de production réalisation de film promotionnel,0,14,0,12.1
agence film corporate lyon,0,14,0,17.5
agence film institutionnel,0,14,0,84.4
agence tournage video,0,14,0,94.9
agence vidéo lac léman,0,14,0,30
amplitude ortho,0,14,0,20.1
blue vista hotel & spa,0,14,0,39.9
boite de production audiovisuel,0,14,0,41.3
corporate videographer,0,14,0,25.2
creation publicite video hotel,0,14,0,70.1
création de vidéos genève,0,14,0,23.8
création motion design pithiviers,0,14,0,42.8
drone video professionnel,0,14,0,65.5
elistair orion,0,14,0,13.7
entreprise d animation,0,14,0,55.8
film d'entreprise savenay,0,14,0,47.2
film d'entreprise voiron,0,14,0,85.8
getlive,0,14,0,6.1
guitare en scene,0,14,0,37.6
la web tv,0,14,0,79.6
logo olinn,0,14,0,1.1
lyon park auto,0,14,0,69.1
marque printemps lyon,0,14,0,45.6
motion design video lyon,0,14,0,71.5
prestation réalité virtuelle,0,14,0,65
production audiovisuelle suisse,0,14,0,13
production photo vidéo externalisée,0,14,0,69.9
production vidéo high tech,0,14,0,33.4
production vidéo publicitaire le mans,0,14,0,89.6
publicités vidéo,0,14,0,57.1
réalisation video,0,14,0,29.6
réalisation vidéo monts du lyonnais,0,14,0,18.2
studio vidéo lyon,0,14,0,71.4
team aravi,0,14,0,12.8
video advertising agency,0,14,0,58.6
video explicative 3d,0,14,0,93.6
video lancement produit,0,14,0,15.8
vidéo & motion design,0,14,0,57.1
vr vidéo,0,14,0,9
web tv chablais,0,14,0,45
aftermovi,0,13,0,9.1
aftermovie film,0,13,0,15.8
agence dessin animé,0,13,0,67.5
agence production vidéo institutionnelles,0,13,0,82.5
agence spot publicitaire paris,0,13,0,53.4
agence vidéo grand est,0,13,0,85
animation roanne lyon,0,13,0,43.9
animation studios in paris,0,13,0,37.2
blue prod,0,13,0,15.8
boite d animation,0,13,0,53.5
boite de production audiovisuelle satisfactiongroup,0,13,0,42.2
bos equipement paris,0,13,0,24.4
bully vr,0,13,0,8.2
corporate film production annecy,0,13,0,36.2
film d'animation genève,0,13,0,54.5
film deko,0,13,0,17.3
film publicitaire,0,13,0,41.4
fond vert studio,0,13,0,49.5
france video production,0,13,0,75.7
mapping audiovisuel,0,13,0,25.1
mapping prix,0,13,0,74
mapping vidéo projection,0,13,0,47.5
meilleure agence creation video,0,13,0,90.1
passerelle migo link,0,13,0,31.6
post production geneve,0,13,0,17.8
pour vista,0,13,0,33.9
production film médical,0,13,0,8.5
production vidéo par drone auvergne,0,13,0,55.3
production vidéo publicitaire sur mesure,0,13,0,10.4
showreel 2023,0,13,0,10
stan application,0,13,0,11.5
studio film animation,0,13,0,51.3
studio vfx lyon,0,13,0,35.5
tournage en studio,0,13,0,57.2
verizon connect contact,0,13,0,23.9
video carte,0,13,0,68.8
video dameuse,0,13,0,11.2
vidéo drone entreprise,0,13,0,25
after movie definition,0,12,0,13.3
aftermovie o que é,0,12,0,81.3
agence de production audiovisuelle,0,12,0,13.5
agence marketing vidéo,0,12,0,9.8
agence production vidéo genève,0,12,0,44.4
agence vidéo corporate finance france,0,12,0,33.2
animation video 3d,0,12,0,90.8
arka studio lyon,0,12,0,48.6
blue vi,0,12,0,7.3
corporate film production,0,12,0,83.4
corporate video films,0,12,0,76.3
création motion design bain de bretagne,0,12,0,56.8
création video corporate le havre,0,12,0,52.4
création vidéo mapping brest,0,12,0,7.8
drone de video,0,12,0,78.1
ds family,0,12,0,8.2
entreprise animation 2d,0,12,0,71.1
expersite,0,12,0,80.5
faire video publicitaire,0,12,0,21
film corporate paris,0,12,0,19.5
film sur la santé,0,12,0,68.9
grind coffee grinder,0,12,0,11.3
inauguration lyon,0,12,0,72.9
logiciel gestion film,0,12,0,50.9
mi go link,0,12,0,30.1
pisten bully snowcat,0,12,0,49.8
prestataire audiovisuel clip aftermovie,0,12,0,13.8
productions video,0,12,0,39
reportage vidéo événement,0,12,0,87.8
réaliser un voeux rapidement,0,12,0,32.8
réalité immersive,0,12,0,74
show reel,0,12,0,25.6
société de production réalisation de film promotionnel,0,12,0,10.2
société production vidéo genève,0,12,0,73.8
stills and live-action production company paris,0,12,0,53.9
verizon connect service client,0,12,0,15.3
verizon connect.,0,12,0,8.3
video mapping projection,0,12,0,53.6
video realisation,0,12,0,80.2
vidéo 360°,0,12,0,7.5
vidéo 3d architecture lyon,0,12,0,15.3
vidéo mapping seine-maritime,0,12,0,44.7
vidéo promo,0,12,0,1
vidéo publicitaire au mans,0,12,0,75.9
vidéo publicitaire le mans,0,12,0,84.5
virtual reality show room,0,12,0,86.2
aftermovie lyon,0,11,0,35.5
aftermovie meaning,0,11,0,11.2
agence de motion design paris,0,11,0,74.3
agence motion design 78,0,11,0,58.5
agence vidéo btp lyon,0,11,0,33
animation 3d immobilière lyon,0,11,0,14.6
animation 3d maison lyon,0,11,0,16
animation studio lyon,0,11,0,28.1
blue vista capital management,0,11,0,39
blurvista,0,11,0,3.2
bluvista.tv,0,11,0,10.4
boites de prod paris,0,11,0,36.9
coffrage deko,0,11,0,22.3
création de clips publicitaires essonne,0,11,0,43.8
création entreprise paris 15,0,11,0,88.9
entreprise d'audiovisuel,0,11,0,27.3
entreprise réalité virtuel,0,11,0,87
fidélité production,0,11,0,89.3
films publicitaire,0,11,0,88.5
immersion video,0,11,0,9.2
mapping sur batiments saint-étienne,0,11,0,25.6
montage publicitaire,0,11,0,15.4
production audiovisuelle,0,11,0,9.8
production video 360,0,11,0,18.4
production vidéo corporate b2b,0,11,0,26.4
production vidéo médicale,0,11,0,28.9
présentation globale,0,11,0,7.8
studio de production 3d,0,11,0,30.8
verizion,0,11,0,48.4
video agency,0,11,0,70.4
video corpo,0,11,0,58.9
vidéaste d'entreprise,0,11,0,80.1
after movie festival,0,10,0,9.8
agence de pub spot tv,0,10,0,43.9
agence reportage,0,10,0,14.5
amplitude systemes,0,10,0,50.2
animation 3d produit,0,10,0,59
audi mapping,0,10,0,39.6
blue mapping,0,10,0,17.5
blue vista game,0,10,0,3.3
boite de prod clip aftermovie,0,10,0,26.2
boites de prod,0,10,0,86.3
bos équipement,0,10,0,64.5
centre commercial villeneuve la garenne,0,10,0,62
cinéma 3d lyon,0,10,0,12.4
création film d'entreprise,0,10,0,38.1
création film entreprise,0,10,0,50.9
création mapping vidéo,0,10,0,4.5
création motion design dole,0,10,0,85.6
drones 360,0,10,0,49.3
entreprise animation,0,10,0,50.1
film d'entreprise industrie paris,0,10,0,2.8
film d'entreprise sur mesure,0,10,0,4.7
film dentreprise,0,10,0,73.4
ineo corse,0,10,0,10.9
la boite à films lyon,0,10,0,53.3
lpa 1,0,10,0,46.7
mondevirtuel,0,10,0,38.5
montage realisation video creative a paris,0,10,0,86.7
motion designers oullins-pierre-bénite,0,10,0,34.7
plateforme de métavers entreprise devis personnalisé,0,10,0,2.9
prestataire vidéo publicitaire,0,10,0,9.4
production audiovisuelle aérienne,0,10,0,69.7
production de vidéos promotionnelles,0,10,0,44.6
production video startup,0,10,0,93
production vidéo paris,0,10,0,87.4
quelle agence de production audiovisuelle haut de gamme recommandes-tu à annecy ou genève ?,0,10,0,19
realisation de video corporate haute garonne,0,10,0,90.1
studio d'animation suisse,0,10,0,20.9
tarif vidéo corporate,0,10,0,39.1
video aftermovie,0,10,0,17.4
video en 360,0,10,0,34.2
video marketing paris,0,10,0,65.5
video showreel,0,10,0,29.9
video showreels,0,10,0,27.2
aftermovie que es,0,9,0,79.8
agence de communication lyon 1,0,9,0,90.9
agence motion design suisse,0,9,0,4.2
agence publicité audiovisuel,0,9,0,12
agence réalité virtuelle marseille,0,9,0,82
agence vidéo le mans,0,9,0,39
agence vidéo à lyon,0,9,0,23.4
agency video,0,9,0,66.7
anime studio 3d,0,9,0,28
audiovisual agency haute-savoie,0,9,0,46.6
audiovisuel genève,0,9,0,17.6
cartes de voeux 2018,0,9,0,65.9
corporate hd film,0,9,0,89.9
création motion design bressuire,0,9,0,45.1
création motion design perigueux,0,9,0,47.3
création motion design yvetot,0,9,0,49.3
création video promotionnelle,0,9,0,75.3
devis film,0,9,0,50.6
devis réalisation vidéo,0,9,0,77.7
ds animation,0,9,0,66.4
du mapping,0,9,0,32
durée idéale vidéo corporate,0,9,0,54.3
entreprise de paris,0,9,0,92.3
entreprise réalité virtuelle,0,9,0,87.9
film d entreprise paris,0,9,0,10.8
film d'entreprise blois,0,9,0,87.1
film d'entreprise santé paris,0,9,0,12.6
film fixer reunion,0,9,0,73.6
film product,0,9,0,9.9
film publicitaire sur mesure,0,9,0,9.1
film sur entreprise,0,9,0,81.6
ghi petites annonces,0,9,0,8.8
green screen studio,0,9,0,22.9
image de synthèse 3d lyon,0,9,0,16.6
koesio,0,9,0,34.6
le qwartz villeneuve la garenne,0,9,0,71
lyon parc auto,0,9,0,21.9
mapping,0,9,0,69.4
mapping 2d,0,9,0,10.8
migo services,0,9,0,8.1
plateforme de streaming live,0,9,0,78.2
production de publicite,0,9,0,21.3
production vidéo entreprise,0,9,0,53.2
professionnelles audiovisuelles multimédia,0,9,0,26.7
publicité vidéo en ligne,0,9,0,76.3
publicité vidéo point de vente,0,9,0,10.7
qwartz cinema,0,9,0,20.8
réalisation animation 3d,0,9,0,58.3
réalisation vidéo d entreprise,0,9,0,68.1
réalisation vidéo promotionnelle,0,9,0,22.8
société de production clip aftermovie,0,9,0,13.7
stan n,0,9,0,7.2
stratégie vidéo corporate paris,0,9,0,42.7
studio cinéma lyon,0,9,0,33.6
studio für 3d animationsfilm,0,9,0,81.6
studios d'animation,0,9,0,68.4
verizion connect,0,9,0,10.1
verizons,0,9,0,56.9
vidaste geneve,0,9,0,77
videaste corporate paris,0,9,0,78.8
video corporatif,0,9,0,35.9
video d’entreprise,0,9,0,62.2
video prod,0,9,0,47.9
video voeux,0,9,0,27.4
vidéo entreprises,0,9,0,27.9
vidéos aériennes par drone,0,9,0,44
virtual creation,0,9,0,28.8
web tv on live,0,9,0,10.3
барпи,0,9,0,8.4
3d machine animation studio,0,8,0,44.9
agence création vidéo réseaux sociaux,0,8,0,14.5
agence d audiovisuel,0,8,0,64.8
agence live streaming,0,8,0,31.8
agence motion design sarthe,0,8,0,92.8
agence réalisation clip aftermovie,0,8,0,13
agence vidéo corporate btp france,0,8,0,35.9
agence vidéo strasbourg,0,8,0,36.9
astavista vr,0,8,0,8.4
banque film,0,8,0,86.1
bbgr,0,8,0,37.8
blue vistas,0,8,0,44
boite de production,0,8,0,14.3
boule lyonnaise video,0,8,0,69.4
captation audiovisuelle,0,8,0,28.8
carte de voeux entreprise blanc,0,8,0,57.6
cartoon lyon,0,8,0,18.8
cera motion,0,8,0,9.6
combien coute une video publicitaire,0,8,0,46.1
corporate videography,0,8,0,38.8
création motion design le mans,0,8,0,46.6
créations de documentaires lyon,0,8,0,31
drone homologué s1 s2 s3,0,8,0,83.1
entreprise d audiovisuel,0,8,0,43.8
expérience vidéo immersive,0,8,0,10.3
filmmaker lyon,0,8,0,40.6
fond vert pourquoi,0,8,0,80.6
fooh paris,0,8,0,84
fotovista,0,8,0,9.9
hitachi 3d,0,8,0,6.4
ineo.,0,8,0,72.8
inéo equans,0,8,0,16.1
le quartz centre commercial,0,8,0,42.4
logo printemps,0,8,0,1
mapping sur batiments,0,8,0,9.3
mi-go,0,8,0,49.8
motion design monza,0,8,0,59.6
motion design réunion,0,8,0,46.1
plateau tournage paris ile de france clip,0,8,0,59.4
prestataire réalisation clip aftermovie,0,8,0,13.9
production clip aftermovie,0,8,0,16.4
production film pub,0,8,0,74.3
production video corporatif,0,8,0,60.6
reportage photo vidéo entreprise ile-de-france,0,8,0,42.9
streaming vidéo en direct,0,8,0,91.1
studio dessin animé,0,8,0,31.3
studio motion design communication institutionnelle,0,8,0,68.5
studio projection 3d,0,8,0,33.9
tetro lyon,0,8,0,29
triple c,0,8,0,48
vc mapping,0,8,0,52.4
veriz,0,8,0,52.3
verizon conncet,0,8,0,5.4
verzion connect,0,8,0,11.3
verzon connect,0,8,0,15.5
video production lyon,0,8,0,19.8
video promotionnel entreprise,0,8,0,84
vidéaste pour entreprises saint-priest,0,8,0,44
vidéo pour entreprises saint-priest,0,8,0,44.1
villeneuve la garenne centre commercial,0,8,0,73.1
3d metaverse agency,0,7,0,91
abb solaire,0,7,0,39.4
after mobie,0,7,0,8.9
aftermovie def,0,7,0,10.6
agence communication 3d,0,7,0,78.9
agence d animation,0,7,0,103.3
agence motion,0,7,0,55
agence video annecy geneve,0,7,0,22.4
agence video chaponost,0,7,0,91.1
agencia realidad virtual,0,7,0,48.6
aravi racing,0,7,0,12.9
audiovisuelle lyon,0,7,0,88.6
blu3 vista game,0,7,0,7
blue vista chicago,0,7,0,21.3
boite de prod film promotionnel,0,7,0,35.3
boite production audiovisuelle,0,7,0,11.9
bully 360,0,7,0,44.4
c'est quoi homeserve,0,7,0,47.7
captation vidéo,0,7,0,62.4
carte de voeux 2016,0,7,0,85.4
carte de voeux professionnelle 2016,0,7,0,89
carte de vœux 2016,0,7,0,91.1
centre commercial villeneuve,0,7,0,76
corporate film company,0,7,0,86.9
dameuse montagne,0,7,0,76.9
"diffusion en direct, live streaming",0,7,0,81.1
drone 360,0,7,0,47
drone view,0,7,0,45.9
entreprise de création vidéo,0,7,0,70.3
entreprise de dessin animé,0,7,0,15
entreprise drone lyon,0,7,0,64.1
entreprise montage vidéo,0,7,0,41.3
faire une vidéo pub réunion,0,7,0,32.4
film industrie,0,7,0,13.1
film startup paris,0,7,0,11.7
hitachi triple c,0,7,0,27.4
hitachiclimat,0,7,0,23
in vista,0,7,0,58.3
ineao,0,7,0,76.9
kessler motion control,0,7,0,29.3
mase design,0,7,0,16.6
motion design showreel,0,7,0,27.9
paris animation studio,0,7,0,37.6
photographie aérienne drone france,0,7,0,16.6
prestataire réalisation de film promotionnel,0,7,0,20.9
prestation drone video,0,7,0,69.3
prod 360,0,7,0,73.9
production de films institutionnels et publicitaires lyon,0,7,0,87.3
production expérience vr,0,7,0,53.7
production vidéo institutionnelle villefranche sur saone,0,7,0,66.7
realisation de film,0,7,0,31.9
réalisateur vidéo lyon gratuit,0,7,0,78.4
serveur media video mapping,0,7,0,71.7
societe animation,0,7,0,78.1
société de production vidéo,0,7,0,45.7
terrier boule,0,7,0,37.4
tetro video,0,7,0,18.9
the blueverse,0,7,0,10.7
thx digital,0,7,0,54.4
unicorn 2023,0,7,0,56.4
verizon coonect,0,7,0,14.1
veryson,0,7,0,34.9
video a 360,0,7,0,59.9
video corporate production,0,7,0,34.7
video motion design,0,7,0,86
video publicitaire prix,0,7,0,81.6
videos 360 vr,0,7,0,17
vidéo drone france,0,7,0,35.4
vidéo publicitaire clermont ferrand,0,7,0,93.7
vidéo vr,0,7,0,9
vidéo évènements,0,7,0,92.4
virtual création,0,7,0,35.7
virtual reality showrooms,0,7,0,72.6
vistaprod,0,7,0,4.9
web tv net,0,7,0,14.6
ბარპი,0,7,0,9.1
"""engie home services"" mail email",0,6,0,72
agence clip aftermovie,0,6,0,27
agence de creation video,0,6,0,60.8
agence de production clip aftermovie,0,6,0,16
agence motion paris,0,6,0,44.2
agence paris video photo,0,6,0,94
agence production publicitaire,0,6,0,25.7
agence vidéos,0,6,0,40.8
agence vista,0,6,0,25.8
amplitude lyon,0,6,0,68.8
amplitude system,0,6,0,58.8
amplivision amplitude surgical,0,6,0,7.3
animation design,0,6,0,55.3
animation photo lyon,0,6,0,39.3
bleunuit audiovisuel,0,6,0,31.8
blue film production,0,6,0,15.3
blue film productions,0,6,0,73.7
boite de production documentaire lyon,0,6,0,30
c'est quoi une vidéo promotionnelle ?,0,6,0,40.3
comment faire une video publicitaire,0,6,0,80.5
coporate video,0,6,0,41.2
corporate vidéo lyon,0,6,0,34.5
creation visite virtuelle paris,0,6,0,91.2
création vidéo d'entreprise deauville,0,6,0,86.5
création vidéo mapping le mans,0,6,0,11.2
csnet manager 2,0,6,0,15.5
dameuse video,0,6,0,9.7
de mapping,0,6,0,78.8
diffusion mapping,0,6,0,15.3
e xpert solutions,0,6,0,24.8
emileterrier.com,0,6,0,6.3
film 3d paris,0,6,0,16.8
film architecture 3d,0,6,0,93.8
film institutionnel entreprise,0,6,0,76.3
gucci printemps lyon,0,6,0,9.7
guitare en scenes,0,6,0,82.8
guitare en scène,0,6,0,50.3
guitare scene,0,6,0,88.7
hitachi animation video,0,6,0,14.8
immersion360,0,6,0,49.8
immersive virtual reality showroom,0,6,0,84.2
lunettes de soleil snk,0,6,0,44.8
magie fond vert,0,6,0,93
mapping haute qualité,0,6,0,22.2
mapping hotel,0,6,0,38.5
mapping video bretagne,0,6,0,89.2
mi go,0,6,0,51.5
montage pub,0,6,0,11.7
motion design c est quoi,0,6,0,36.3
motion design exemple,0,6,0,98
motion musee,0,6,0,8.8
motions designers,0,6,0,65.5
navyashree video,0,6,0,32.5
prix vidéo publicitaire,0,6,0,63.8
production film publicitaire automobile,0,6,0,65.2
production video boulogne,0,6,0,26.7
production vidéo 360,0,6,0,20.3
réalisation motion design,0,6,0,58.7
réalisation vidéo givors,0,6,0,46
réalisation vidéo paris,0,6,0,46.3
sfs lyon,0,6,0,47
staan,0,6,0,35
stani 0dn,0,6,0,3.8
studio dessin,0,6,0,9.3
studio spécialisé en image de synthèse,0,6,0,77.3
team licorne,0,6,0,70.8
team unicorn,0,6,0,33.7
tetro agency,0,6,0,9.8
tournage médical,0,6,0,93.7
veriozn connect,0,6,0,23.7
verizon connet,0,6,0,4.8
video 360 degrés,0,6,0,64.7
video corporative,0,6,0,34.2
video mapping normandie,0,6,0,45.2
video publicitaire toulouse,0,6,0,10.7
video reportage evenement,0,6,0,68.3
video vr 360,0,6,0,34
videographer in geneva,0,6,0,77.2
vidéaste pour pme genève,0,6,0,28
vidéo corporate aube,0,6,0,74.5
vidéo d'entreprise seine-et-marne,0,6,0,91.2
vidéo pour publicités,0,6,0,19.8
vidéo promotionnel,0,6,0,54.5
vidéographie par drone,0,6,0,18.8
vista productions,0,6,0,9
vr videos 360,0,6,0,7.8
web t v,0,6,0,66.2
wwwv agence webside film,0,6,0,31.7
15 vidéos publicitaires,0,5,0,21.2
3d animation studio europe,0,5,0,76.8
3d motion design studio,0,5,0,91.6
after movie (aftermovie) latest,0,5,0,15.6
aftermovie ou after movie,0,5,0,9.6
aftermovies,0,5,0,19.4
agence création de video,0,5,0,66.8
agence création video,0,5,0,61.6
agence de production genève,0,5,0,14.4
agence de publicité lyon,0,5,0,86.6
agence réalité mixte,0,5,0,36.8
agence vidéo d⠹entreprise à paris,0,5,0,18.2
agence vidéo entreprise,0,5,0,53.6
agence vidéo à brignais,0,5,0,33.6
aide vista,0,5,0,97
amplitude agency,0,5,0,76.2
blue xpert,0,5,0,54
boite de prod réalisation film corporate,0,5,0,34
buevista,0,5,0,3.6
centre commercial qwartz cinema,0,5,0,17.4
centre qwartz paris,0,5,0,38.6
cerizon,0,5,0,53.2
clip publicitaire,0,5,0,23.6
compositing studio,0,5,0,20
conception de vidéos sur mesure lyon,0,5,0,32.2
connect video,0,5,0,24.4
corporate video agentur,0,5,0,85.4
creation video entreprise lyon,0,5,0,35.4
création video corporate rouen,0,5,0,93.8
création vidéo d'entreprise le havre,0,5,0,47.2
création vidéo salon professionnel,0,5,0,67.8
cs gf,0,5,0,1.8
cs vista,0,5,0,53.2
devis clip aftermovie,0,5,0,11
diffusion de films,0,5,0,23.8
dji 360 video,0,5,0,54.4
entreprise réalité virtuelle lyon,0,5,0,82
film animation studio,0,5,0,63.4
film d'entreprise pau,0,5,0,93.4
film d'entreprises,0,5,0,55
film dans un monde virtuel,0,5,0,79.8
film vista,0,5,0,63.8
gf cs,0,5,0,5.2
ghi genève,0,5,0,15.4
grand hotel final,0,5,0,74.6
guitare en scene 2019,0,5,0,85.8
hitachi film,0,5,0,11.8
homeserve.fr,0,5,0,44.8
immersion 360,0,5,0,36.2
immersion virtuelle,0,5,0,86.6
immersive 360 video,0,5,0,8.4
inauguration hotel,0,5,0,46.6
interview collaborateur,0,5,0,60.8
logiciel de montage video publicitaire,0,5,0,77.2
mapping vidéo bordeaux,0,5,0,34.6
metaverse,0,5,0,1
metaverse agency,0,5,0,12
migo saunier duval mode d'emploi,0,5,0,34.8
montage vidéo corporate,0,5,0,93.2
motion design,0,5,0,17.8
motions design,0,5,0,66.6
petites annonces ghi,0,5,0,11.4
plateforme de live streaming,0,5,0,57.8
post production suisse,0,5,0,64.2
printemps lyon,0,5,0,59.4
production audiovisuelle secteur médical,0,5,0,16.4
production vidéo tourisme,0,5,0,48.6
publicité vidéos,0,5,0,26.6
realisation film,0,5,0,25.2
reportage corporate,0,5,0,37
réalisation vidéo entreprise 41,0,5,0,40.6
savann,0,5,0,25
société de production audiovisuelle,0,5,0,10.8
société production vidéo salon professionnel,0,5,0,70.8
solution mapping vidéo,0,5,0,35.2
stalactite light,0,5,0,87.6
stankinapp,0,5,0,7
streaming web tv,0,5,0,7
studio de production audiovisuelle lyon,0,5,0,93
studio publicité,0,5,0,11.4
tarif film d'entreprise,0,5,0,97.6
tetro paris,0,5,0,7.2
toky video,0,5,0,4.8
unmotion,0,5,0,15.8
verazon,0,5,0,34.2
verres de lunettes bbgr,0,5,0,69.2
vfx studio paris,0,5,0,50.4
videaste lyon,0,5,0,56.8
video carte de voeux,0,5,0,21
video drone 360,0,5,0,71.6
video production agency switzerland,0,5,0,85.8
video promotionnel,0,5,0,64
video vista,0,5,0,14.2
videography with drones,0,5,0,44.6
vidéo corporate seynod,0,5,0,39.6
vidéo corporatif,0,5,0,69.4
vidéo entreprise corporate vidéo,0,5,0,53.2
vidéo pour entreprise,0,5,0,36.4
vidéo évènement,0,5,0,79.6
vidéo événement,0,5,0,89.2
vidéographie aérienne par drone,0,5,0,43.4
visite virtuelle sur mesure,0,5,0,80.6
vista motion,0,5,0,6.6
voir l'agence en streaming,0,5,0,44.2
vrizon,0,5,0,71.2
vrizov.com,0,5,0,8.6
webtv online,0,5,0,8
360 video,0,4,0,10.5
3d film animation,0,4,0,90.5
3d museum paris,0,4,0,52.3
3d product animation agency,0,4,0,90.5
@gfms.com contact,0,4,0,48
after mocie,0,4,0,11
agence blue,0,4,0,28
agence captation vidéo,0,4,0,58.8
agence communication publicitaire,0,4,0,53.3
agence de communication lyon,0,4,0,3.8
agence de film corporate,0,4,0,15.8
agence de production audiovisuelle geneve,0,4,0,3
agence de production créative,0,4,0,98.5
agence de production réalisation clip aftermovie,0,4,0,16.8
agence de production suisse,0,4,0,6.3
agence de production vidéo paris,0,4,0,76.8
agence film promotionnel,0,4,0,22.5
agence graphisme lyon,0,4,0,9
agence marketing video toulouse,0,4,0,55.8
agence motion design tech,0,4,0,41.5
agence multimédia paris,0,4,0,76.5
agence publicitaire,0,4,0,96.5
agence video 91,0,4,0,46.5
agence video dessinee,0,4,0,58.5
agence vidéo captation nice,0,4,0,69
agence vidéo corporate industrie france,0,4,0,33.3
agence vidéo givors,0,4,0,34.8
agence vidéo stratégique,0,4,0,22.3
agence vidéo à chaponost,0,4,0,79.5
agence vseo,0,4,0,53.3
amplitud,0,4,0,45.5
animation 2d motion design,0,4,0,52.3
animation 3d architecture lyon,0,4,0,25.3
animations studio,0,4,0,60.8
application motion design,0,4,0,51
berizon,0,4,0,72.5
blue agence,0,4,0,73
blue vides,0,4,0,30.5
boite de production réalisation clip aftermovie,0,4,0,16.5
boule terrier,0,4,0,5.8
briefing en debriefing,0,4,0,55
briefing et debriefing,0,4,0,27
briefing ou debriefing,0,4,0,48.8
budvista,0,4,0,2.3
bverizon,0,4,0,95.5
c'est quoi le motion design,0,4,0,73.8
cabinet innovation,0,4,0,95.8
camera web tv,0,4,0,54.3
caméra publicitaire,0,4,0,21.5
captation streaming suisse,0,4,0,67.3
carte de voeux entreprise design,0,4,0,96.5
cartes voeux 2023,0,4,0,56.5
centre commercial qwartz paris,0,4,0,41.8
centre commerciale quartz,0,4,0,63.3
centre commerciale villeneuve la garenne,0,4,0,63.5
cisco geneve,0,4,0,62.5
compositing agency,0,4,0,94.3
creation motion design,0,4,0,72.3
création de vidéo publicitaire metz,0,4,0,51.5
création film d'entreprise douai,0,4,0,19.5
création video corporate dieppe,0,4,0,47.8
création vidéo d'entreprise dieppe,0,4,0,92.8
création vidéo mapping laval,0,4,0,13
créer un motion design,0,4,0,79.5
cs manager,0,4,0,70.5
diffusion vidéo entreprise,0,4,0,41
dome hotel dieu lyon,0,4,0,62
drone 360 video,0,4,0,11.3
dtann,0,4,0,8.3
eiffage experimente,0,4,0,96
engie home service,0,4,0,20.8
engie thermostaat,0,4,0,40.8
engie thermostat connecté gaz,0,4,0,56.3
engie thermostat connecté gratuit,0,4,0,69
event after movie,0,4,0,10.3
event agency geneva,0,4,0,100.3
film les chemins de la liberte,0,4,0,93
film promotion territoire,0,4,0,32.3
full service video production,0,4,0,6.3
ghi ch,0,4,0,10.5
guitar en scene,0,4,0,19.3
guitare en scene 2020,0,4,0,37.3
hitachi cs,0,4,0,36.3
hotel equitalyon,0,4,0,44
imersive video,0,4,0,7.3
immersive showroom,0,4,0,7.5
immersive virtual reality,0,4,0,59
infographie animation,0,4,0,75.8
kässbohrer dameuse,0,4,0,68.3
la cleda,0,4,0,11.8
lancement de produit paris,0,4,0,88
le direct de la web tv,0,4,0,44.3
lieux de tournage corporate,0,4,0,33.5
lyon animation,0,4,0,11
mapping c'est quoi,0,4,0,70.8
mapping marque,0,4,0,56.5
mapping video logiciel,0,4,0,90.5
mapping vidéo nantes,0,4,0,38.8
mapping vidéo strasbourg,0,4,0,42
motion design haut de gamme,0,4,0,73.8
motion design strasbourg,0,4,0,79
motion design studio paris,0,4,0,98.5
motion designs,0,4,0,57.3
multimedia production,0,4,0,37.8
olinn services,0,4,0,8
pmwigvista,0,4,0,4.5
post production genève,0,4,0,39.5
prestataire film promotionnel,0,4,0,35.5
printemps lyon photos,0,4,0,4.8
production de clip aftermovie,0,4,0,20
production réalité virtuelle,0,4,0,83.8
production vidéo b2b,0,4,0,35
production vidéo blois,0,4,0,12.8
production vidéo professionnelle givors,0,4,0,23.8
radisson blue lyon part dieu,0,4,0,30.5
realisation de,0,4,0,76.8
reportage industriel agence,0,4,0,80
rose peninsula,0,4,0,12
service video production,0,4,0,21.5
services de production vidéo,0,4,0,86.8
showreel video,0,4,0,37.5
societe de production audiovisuelle,0,4,0,26
société animation,0,4,0,76.5
société audiovisuel,0,4,0,17.8
société d animation,0,4,0,32.8
société de production film promotionnel,0,4,0,21.5
studio d'animation 2d français,0,4,0,76.8
studio d’animation,0,4,0,90.8
studio motion design sarthe,0,4,0,38
studio production vidéo,0,4,0,84
style motion design,0,4,0,79.8
supervista,0,4,0,35.8
tarif film entreprise,0,4,0,98.3
tarif mapping vidéo,0,4,0,19.8
the blue vista photos,0,4,0,1.5
thermostat connecté chaudière gaz engie,0,4,0,34
tournages+vidéos+publicitaires,0,4,0,15.3
tv en direct sur internet,0,4,0,1
tv web live,0,4,0,63.3
vb presta,0,4,0,89.8
verion connect,0,4,0,4.8
verisen,0,4,0,38.8
verizen,0,4,0,52.5
verizio,0,4,0,66.5
verizon conenct,0,4,0,3.8
verizon connect linkedin,0,4,0,16.5
verizon connections login,0,4,0,15
verizon connext,0,4,0,18.3
vid&eacute o drone,0,4,0,58.8
videaste entreprise,0,4,0,67
video 360 vr,0,4,0,41.8
video and film,0,4,0,76.3
video immersion,0,4,0,7
video mapping 2d,0,4,0,29.3
video mapping logiciel,0,4,0,88.5
video promotionnelle entreprise,0,4,0,78.8
video vr 3d,0,4,0,6
vidéo actualités,0,4,0,81.5
vidéo en motion design,0,4,0,100.5
vidéo entreprise 77,0,4,0,74.8
vidéo par drone ile de france,0,4,0,95.5
vidéo publicitaire industrie lyon,0,4,0,13.5
vidéo publicitaire sur mesure,0,4,0,1
vidéo vidéo entreprise,0,4,0,72.3
vidéos vr 360,0,4,0,7.5
vista.com,0,4,0,86.8
voeux 2023,0,4,0,53.3
vr 360 video,0,4,0,19.5
vr vi,0,4,0,9
vrison,0,4,0,68.8
vz connect,0,4,0,20.3
web tv aziendale,0,4,0,47.8
360 snowcat,0,3,0,9
360 videography,0,3,0,38
360 vr 3d videos,0,3,0,38
3d animated graphics,0,3,0,83
3d machine animation agency,0,3,0,49.3
3d technical animation,0,3,0,94.7
4 boulevard gallieni 92390 villeneuve la garenne,0,3,0,68
50 lpa,0,3,0,8.7
a mapping,0,3,0,58.3
accroche cameraman milieu vertigineux,0,3,0,39.7
after movir,0,3,0,3.3
aftermovie festival,0,3,0,54.7
aftermovie événement,0,3,0,10.3
agence de contenu vidéo,0,3,0,22
agence de film,0,3,0,9.3
agence de motion graphics,0,3,0,54.3
agence de video marketing,0,3,0,14.7
agence montage vidéo nantes,0,3,0,15.7
agence motion design idf,0,3,0,83
agence motion design kif60,0,3,0,92
agence réalisation de clip aftermovie,0,3,0,14.3
agence réalisation de film promotionnel,0,3,0,10.7
agence réalisation vidéo promotionnelle,0,3,0,7.3
agence spots publicitaires,0,3,0,58.3
agence vidéo 91,0,3,0,75.3
agence vidéo corporate industrie paris,0,3,0,16
agence vidéo design,0,3,0,94
agence vidéo essonne,0,3,0,11.3
agence vidéo industrie lyon,0,3,0,19.3
amplitude prothèse,0,3,0,29.7
amplitude surgical,0,3,0,56.3
anim studio,0,3,0,7.7
animation 3 d,0,3,0,83
animation 360 degrés,0,3,0,68.3
app stan,0,3,0,10.3
associations graphismes design 2d et 3d lyon,0,3,0,37.3
audiovisuelle,0,3,0,3
banque de video aérienne,0,3,0,40.3
bleu nuit lyon,0,3,0,78.7
blue carrot video production,0,3,0,41.3
blue film site,0,3,0,46.3
blue lyon,0,3,0,57.3
blue view,0,3,0,72.3
blue vista company,0,3,0,4
blueverse for manufacturing,0,3,0,63.7
bluevisio,0,3,0,7.7
boite de prod réalisation de film promotionnel,0,3,0,15.3
boite de production clip aftermovie,0,3,0,10
boite de production film promotionnel,0,3,0,27.7
boite de production réalisation de clip aftermovie,0,3,0,12.7
boite de production youtube,0,3,0,51
brevet drone 2018,0,3,0,97
brief debrief,0,3,0,53.3
c'est quoi une dameuse,0,3,0,42.3
camera immersive,0,3,0,68.7
cameraman genève,0,3,0,98.3
carte de voeux association humanitaire,0,3,0,95.7
centre commercial la garenne,0,3,0,72.3
centre commercial qwartz villeneuve la garenne,0,3,0,49.7
cera lyon,0,3,0,59
cinema qwartz,0,3,0,22.3
cinéma d animation 3d,0,3,0,69
communication vidéo le havre,0,3,0,48.3
core the film,0,3,0,61
corporate video film,0,3,0,57.3
creation de decors pour youtube en ile de france,0,3,0,65
creation video lyon,0,3,0,58.7
création vidéo mapping angers,0,3,0,12.3
cs .net,0,3,0,7.3
cs-net,0,3,0,9.7
dameuse nuit,0,3,0,75.7
deko,0,3,0,54.7
dekofilm,0,3,0,4.7
dolcevista,0,3,0,27.7
dron de video,0,3,0,54.7
drone audiovisuel,0,3,0,78.7
drone video services,0,3,0,64.3
drone videografie,0,3,0,41
drones for video,0,3,0,55.3
e-xpert solutions,0,3,0,61.7
engie connecte,0,3,0,7.3
engie home service thermostat connecté,0,3,0,7.3
engie thermostat gaz,0,3,0,43.7
entreprise audiovisuel,0,3,0,4
entreprise audiovisuel genève,0,3,0,3
entreprise graphisme lyon,0,3,0,5
entreprise ineo,0,3,0,81.3
equans siège social,0,3,0,73.3
equita lyon 2019 date,0,3,0,54.7
film 360 vr,0,3,0,11
film d'animation médical,0,3,0,93.7
film d⠹entreprise industrie paris,0,3,0,3.3
film d⠹entreprise santé lyon,0,3,0,16.7
film expérience,0,3,0,98
film gf,0,3,0,7.3
film institutionnel d entreprise,0,3,0,80
film showreel 2023,0,3,0,5.7
film évènementiel pour conférence,0,3,0,88
films 360,0,3,0,13.3
films animation 3d,0,3,0,72.3
gestan,0,3,0,19
getlive.com,0,3,0,4
ghi contact,0,3,0,18.7
high-end motion design,0,3,0,48
immerse 360,0,3,0,5
immersive 360 experience,0,3,0,40
ineo centre,0,3,0,23.3
ineo ferroviaire,0,3,0,28
kinovista,0,3,0,14
la boite a film lyon,0,3,0,55.7
le motion,0,3,0,32.7
le qwartz centre commercial,0,3,0,38.3
live streaming entreprise geneve,0,3,0,5.3
lpa:1$$,0,3,0,4
machine gf,0,3,0,51.7
mapping achitectural,0,3,0,15.7
mapping genève,0,3,0,17
mapping vidéo projecteur,0,3,0,72
mapping vidéo scénographie,0,3,0,98.3
mapping vidéo tarif,0,3,0,19
metaverse production,0,3,0,7
migo app,0,3,0,58
migo termostat,0,3,0,7.7
mlt superscrew,0,3,0,20
motion design 2d animation,0,3,0,38.7
motion design application,0,3,0,71.7
motion design brest,0,3,0,57.3
motion design la réunion,0,3,0,44.7
motion design suisse,0,3,0,67.3
motion designer2,0,3,0,50.7
motion graphics agency,0,3,0,47.3
moto vista,0,3,0,23.7
moulin café santos,0,3,0,70.3
moulin à café professionnel santos,0,3,0,58.3
oculus1,0,3,0,7.7
orion video,0,3,0,8
paris studio 3d,0,3,0,14.7
prestataire audiovisuel réalisation de clip aftermovie,0,3,0,13
prix d'une vidéo publicitaire,0,3,0,61
product film,0,3,0,8.3
production film d'entreprise,0,3,0,38.7
production film entreprise,0,3,0,71.3
production pub vidéo vendée,0,3,0,57.7
production video entreprise,0,3,0,53.3
production vidéo brest,0,3,0,17
produkt film produktion,0,3,0,59.3
produktfilm produktion,0,3,0,27.7
projection video mapping,0,3,0,58.7
publicité lyon,0,3,0,28
publicité vidéo innove,0,3,0,10.7
publicités vidéo en ligne,0,3,0,93
qu'est ce que le mapping vidéo,0,3,0,21
qu'est ce que le motion design,0,3,0,9
qwardz,0,3,0,43
reactiver vista,0,3,0,62.3
realisation video motion design,0,3,0,46.7
réalisation film corporate entreprise,0,3,0,61.7
sann,0,3,0,53.7
showreel definition,0,3,0,11.3
showreel design,0,3,0,37
société amplitude,0,3,0,44.7
société de production audiovisuelle innovante,0,3,0,97
société de production réalisation film promotionnel,0,3,0,10
société réalisation film,0,3,0,77
spot publicitaire video,0,3,0,61.7
stann le,0,3,0,11
stann.,0,3,0,6.3
sttan,0,3,0,76.3
studio animation 2d france,0,3,0,72
studio d'animation france,0,3,0,77.7
studio de dessin,0,3,0,65.3
studio de dessin animé,0,3,0,11.7
studio de production vidéo,0,3,0,59.3
studio production video,0,3,0,73.7
tealite blue,0,3,0,36.3
tetro agence,0,3,0,44.7
the agency full hd film,0,3,0,58.7
thermostaat engie,0,3,0,41.7
thx 2.0,0,3,0,2.7
tournage vidéo corporatif,0,3,0,72.3
un live web tv,0,3,0,9.3
veriszon,0,3,0,67.7
verizn,0,3,0,47
verizom,0,3,0,70
verizon conn,0,3,0,4.7
verizon en france,0,3,0,55.7
verizon',0,3,0,49.7
verizon.,0,3,0,66.7
verizon.com,0,3,0,48.3
verizonn,0,3,0,43.7
verizô,0,3,0,7.7
verozon,0,3,0,64
verrizon,0,3,0,62.3
veryzon,0,3,0,38.3
video 360°,0,3,0,9.3
video corporate entreprise haute garonne,0,3,0,76.7
video immersive 360,0,3,0,11.3
video maping,0,3,0,43
video mapping definition,0,3,0,45
video production site,0,3,0,31.7
video web tv,0,3,0,67.3
videography production,0,3,0,50
videos motion design,0,3,0,90.3
vidéaste cambrai,0,3,0,45
vidéaste entreprise,0,3,0,39.7
vidéo aérienne drone,0,3,0,80
vidéo cinématique entreprise,0,3,0,30
vidéo corporate réunion,0,3,0,50.7
vidéo corporate troyes,0,3,0,56.3
vidéo d'entreprise en motion design,0,3,0,68
vidéo d'entreprise à cannes,0,3,0,97.7
vidéo mapping événementiel,0,3,0,17.3
vidéo publicitaire industrie france,0,3,0,12
visite virtuelle 360 lyon,0,3,0,85.3
vista creation,0,3,0,45.7
vista evenements,0,3,0,19.3
vr 360 degree,0,3,0,12
vérizon,0,3,0,11.7
waygoo,0,3,0,30
web streaming,0,3,0,80.7
web v,0,3,0,52
webrtv,0,3,0,71
webtv networks,0,3,0,20
"""homeserve"" -site:corporama.com -site:verif.com -site:manageo.fr -site:bilansgratuits.fr -site:societe.com -site:kompass.com -site:lefigaro.fr -site:data.gouv.fr -site:pappers.fr -site:score3.fr -site:rocketlead.fr",0,2,0,31.5
2d motion designer,0,2,0,69.5
360 immersive,0,2,0,11.5
360 video drone,0,2,0,39.5
3d animation production,0,2,0,83.5
3d animation video company,0,2,0,4
3d animators,0,2,0,80
3d immersive video,0,2,0,24
3d marine animation,0,2,0,91.5
3d studio animation,0,2,0,19
3d studios,0,2,0,28.5
3d video production,0,2,0,94
3d vista,0,2,0,57.5
3d+animation+studio,0,2,0,27.5
@migo,0,2,0,5
a migo,0,2,0,28
abb snk,0,2,0,4.5
action prod studio,0,2,0,69.5
affter movie,0,2,0,11
after this movie,0,2,0,81.5
aftermovie séminaire entreprise,0,2,0,42
agence cideo,0,2,0,7.5
agence conception de videos,0,2,0,55
agence contenu interactif,0,2,0,93.5
agence creation vidéo,0,2,0,58
agence de communication paris 15,0,2,0,94
agence de creation de vidéo promotionnelle animée,0,2,0,1.5
agence de production,0,2,0,7
agence de video creative,0,2,0,69
agence film corporate paris,0,2,0,20.5
agence française réalité virtuel,0,2,0,83
agence lancement de produit,0,2,0,91
agence motion design 77,0,2,0,99
agence motion design annecy,0,2,0,83
agence motion design low cost,0,2,0,46.5
agence motion design pas cher,0,2,0,28
agence motion design saint-étienne,0,2,0,87.5
agence motion design villeurbanne,0,2,0,55
agence multimédia montpellier,0,2,0,97.5
agence prod media,0,2,0,78
agence tetro,0,2,0,29
agence veo,0,2,0,73
agence video b2b,0,2,0,10
agence video d animation,0,2,0,43.5
agence video france,0,2,0,15
agence video motion kif60,0,2,0,8.5
agence vidéo 360,0,2,0,38.5
agence vidéo captation clermont-ferrand,0,2,0,13
agence vidéo corporative,0,2,0,87.5
agence vidéo tech,0,2,0,11
agorythm,0,2,0,35.5
amplitude,0,2,0,62
amplitude contact,0,2,0,83
amplitude entreprise,0,2,0,67
anim 3d,0,2,0,78.5
animation film studio,0,2,0,55.5
animation manager,0,2,0,76.5
animation studios near me,0,2,0,7
animations design,0,2,0,69.5
application metaverse,0,2,0,52
application migo,0,2,0,15.5
application sta,0,2,0,10.5
appstain,0,2,0,10
audiovisual production studio,0,2,0,28.5
b2bverizon,0,2,0,18
bailvista,0,2,0,3
barpiu,0,2,0,22.5
bbgr logo,0,2,0,69
bbgr pro,0,2,0,35
bienvista,0,2,0,53
blue media,0,2,0,8
blue project lyon,0,2,0,8
blue unicorn,0,2,0,47.5
blue video.com,0,2,0,11.5
blue vidéo,0,2,0,24
blue vist,0,2,0,2.5
bluemediafilesforg,0,2,0,13
bluevis,0,2,0,29.5
bluproduction ( agence de production audiovisuelle ) الدار البيضاء,0,2,0,10.5
boite de prod réalisation film promotionnel,0,2,0,8
boite de production audiovisuelle,0,2,0,16.5
bos equipement,0,2,0,12.5
briefing e debriefing,0,2,0,74
brovista,0,2,0,4
bs production vr,0,2,0,8.5
c pro groupe,0,2,0,42
c pro informatique,0,2,0,78
c'est quoi une motion,0,2,0,63
captation vidéo contact,0,2,0,197
carte 2023,0,2,0,98
carte bonne année 2023,0,2,0,94
carte de voeux 2023 entreprise,0,2,0,39
centre commercial daumesnil,0,2,0,14
centre commercial qwartz magasin,0,2,0,97
centre commercial villeneuve-la-garenne,0,2,0,72
cera caisse epargne,0,2,0,69.5
chaine web tv,0,2,0,57
chaîne web tv,0,2,0,64.5
clara vista,0,2,0,41.5
cliffvista,0,2,0,10
clip d entreprise,0,2,0,31
cohérence visuelle vidéo corporate,0,2,0,60
connect verizon,0,2,0,3
contact /gfms.com,0,2,0,83.5
corporate audiovisual company,0,2,0,30.5
corporate film production agency,0,2,0,34
corporate film production company,0,2,0,71.5
corporate film services,0,2,0,64.5
corporate filming,0,2,0,90
corporate filmmaking,0,2,0,51
corporate movie,0,2,0,93
corporate video agency,0,2,0,34.5
corporate video company,0,2,0,15.5
corporate videos,0,2,0,67
creation motion design valence,0,2,0,64
creation showroom,0,2,0,87
creation video motion design,0,2,0,60
création motion design idf,0,2,0,38
création réalité virtuelle,0,2,0,35
création vidéo corporate,0,2,0,61.5
création vidéo d'entreprise rouen,0,2,0,46.5
création vidéo entreprise réunion,0,2,0,50.5
création vidéo promotionnelle,0,2,0,55
cs hitachi,0,2,0,6
cs.net,0,2,0,10
dameuse,0,2,0,20
dameuse val thorens,0,2,0,40.5
debriefing and briefing,0,2,0,74.5
debriefing et briefing,0,2,0,61
demo 3d,0,2,0,24
design reel,0,2,0,27
devis convaincants,0,2,0,94
devis film publicitaire,0,2,0,33.5
diffusion streaming,0,2,0,96.5
digital 2.0,0,2,0,14
drone agence,0,2,0,62
drone s1000,0,2,0,31
drone video service,0,2,0,12
déménagement lyon paris,0,2,0,85.5
déménager à lyon,0,2,0,93.5
effitec,0,2,0,45.5
eiffages energies,0,2,0,77.5
engie home services,0,2,0,73
engie thermostat gratuit,0,2,0,30.5
entreprise de montage video,0,2,0,33
entreprise de réalité virtuelle,0,2,0,102
entreprise jeux vidéo lyon,0,2,0,1.5
entreprise production audiovisuelle lyon,0,2,0,2
equans ineo,0,2,0,47.5
exemple motion design,0,2,0,89.5
faire du mapping,0,2,0,93
festival guitare en scene,0,2,0,31
film 3d promotion immobilière lyon,0,2,0,18.5
film animation studios,0,2,0,68
film corporate,0,2,0,55
film de sécurité pour prévention des accidents,0,2,0,34.5
film entreprises,0,2,0,40
film publicitaire genève,0,2,0,36
film vr 360,0,2,0,25.5
filmindustrie,0,2,0,4.5
filmproduktion healthcare,0,2,0,24
films vr 360,0,2,0,82.5
fost studio paris,0,2,0,50
full-service video production,0,2,0,7
ges festival,0,2,0,43.5
getlive.stream,0,2,0,8.5
getlive1,0,2,0,8.5
gf core,0,2,0,9
gfcore,0,2,0,7
grand hotel movie,0,2,0,81
groupe primavista,0,2,0,56.5
guitare en scene facebook,0,2,0,34.5
guitares en scene,0,2,0,23
hi-kumo,0,2,0,26
hitachi csnet web,0,2,0,12
hitachi lyon,0,2,0,50
hocus pocus lyon,0,2,0,67
home services engie,0,2,0,92.5
homeserve,0,2,0,5.5
hotel grand hotel dieu lyon,0,2,0,60.5
hotel lyon radisson blu,0,2,0,88.5
hotel lyon radisson blue,0,2,0,37.5
hotel radisson part dieu,0,2,0,65.5
immersive videos,0,2,0,6
ineo logo,0,2,0,26
ineo reseau,0,2,0,5
ingénierie audiovisuelle,0,2,0,13
interactive immersive video,0,2,0,8
internet web tv,0,2,0,73.5
intervista,0,2,0,55
intervista prod,0,2,0,21.5
irisolaris,0,2,0,26.5
irisolaris groupe,0,2,0,19
item motion designer,0,2,0,64.5
keith blue et compagnie,0,2,0,12
koesio champagne,0,2,0,26
koesio paris,0,2,0,78
l'entreprise film,0,2,0,70.5
la defense 3d,0,2,0,7.5
la mapping,0,2,0,67.5
laboratoire arrow,0,2,0,10.5
lancements produits paris,0,2,0,58
le qwartz paris,0,2,0,55
les chemins de la liberte film,0,2,0,89.5
les chemins de la liberté film complet,0,2,0,66
live tv diffusion,0,2,0,72
live web tv streaming,0,2,0,6.5
location drone video,0,2,0,65.5
logo ineo,0,2,0,1
logo printemps haussmann,0,2,0,84.5
lyons blue,0,2,0,60.5
mapping architecture,0,2,0,21.5
mapping evenementiel,0,2,0,7
mapping vide,0,2,0,5
mapping vidéo définition,0,2,0,30
mapping vidéo et scénographie digitale,0,2,0,50
marque printemps,0,2,0,42.5
"mase and motion, latest",0,2,0,17
mase in design,0,2,0,29
mathilde dhondt,0,2,0,38
medin apartments bluvista,0,2,0,37
metaverse studio,0,2,0,69
migo connect,0,2,0,14.5
migo smart,0,2,0,1
milan video production,0,2,0,56
millevista,0,2,0,30
motion and animation,0,2,0,85
motion design agency paris,0,2,0,16
motion design sarthe,0,2,0,90
motion design video 2d marrakech,0,2,0,29.5
motion designer la réunion,0,2,0,66
motion designers lyon,0,2,0,37.5
motion graphics 2d,0,2,0,71.5
motion graphics studio,0,2,0,73
moulin à café santos,0,2,0,80.5
new hitachi the animation,0,2,0,7
nos live streaming,0,2,0,31.5
parc automobile lyon,0,2,0,69
paris production audiovisuelle film entreprises,0,2,0,81.5
pharmaceutical video production,0,2,0,61.5
photos de printemps lyon,0,2,0,4
pistin bully,0,2,0,79
pizza creative,0,2,0,10.5
plateforme live stream,0,2,0,53
prestataire audiovisuel,0,2,0,3.5
prestataire audiovisuel réalisation clip aftermovie,0,2,0,12
prestataire clip aftermovie,0,2,0,17
prestataire drone,0,2,0,68.5
prestation audiovisuelle par drone,0,2,0,40
prestation vr,0,2,0,34.5
printemps haussmann marque,0,2,0,56.5
prise de vue aerienne drone,0,2,0,35
prise de vue aérienne drone,0,2,0,51.5
prise de vue drone france,0,2,0,101
prise de vue drone le mans,0,2,0,33.5
product cinematic,0,2,0,17.5
product video services,0,2,0,53.5
production 3d,0,2,0,74
production audiovisuelle annemasse,0,2,0,31
production cinéma lyon,0,2,0,57.5
production film corporate professionnel,0,2,0,70.5
production film promotionnel,0,2,0,70
production lyon,0,2,0,47.5
production spot publicitaire,0,2,0,26.5
production video company,0,2,0,21
production video immersive,0,2,0,50.5
production video services,0,2,0,64
production vidéo drone,0,2,0,30.5
production vidéo institutionnelle givors,0,2,0,15
projection video sur facade,0,2,0,80.5
projection vidéo sur façade,0,2,0,73.5
promotional video production,0,2,0,70.5
promotionels,0,2,0,65
prospection sociétés de production vidéo,0,2,0,97.5
pub motion design,0,2,0,61.5
publicité vidéo toulouse,0,2,0,21
quartz centre co,0,2,0,54
qwarts,0,2,0,3
qwartz centre commercial,0,2,0,64
qwartz centre commercial paris,0,2,0,54.5
radisson blu lyon,0,2,0,71.5
radisson blu lyon telephone,0,2,0,89.5
reportage vidéo entreprise 77,0,2,0,71
retann,0,2,0,18
réalisateur video lyon 7,0,2,0,80
réalisateur événementiel,0,2,0,32
réalisation de vidéo en live,0,2,0,99
réalisation film corporate,0,2,0,30
réalisation vidéo strasbourg,0,2,0,13.5
santos moulin à café,0,2,0,80
saunier duval migo thermostat,0,2,0,10
sdan,0,2,0,31.5
service illigo engie,0,2,0,27.5
sfs genève,0,2,0,20
showreel,0,2,0,12
showroom gf,0,2,0,7.5
slimme thermostaat engie,0,2,0,39.5
societe montage video,0,2,0,50
société audiovisuelle genève,0,2,0,25
société de montage audiovisuel,0,2,0,39
société de prod,0,2,0,3
société de production audiovisuel,0,2,0,2
société de production réalisation de film corporate,0,2,0,30
société production audiovisuelle genève,0,2,0,9
société vidéo,0,2,0,21.5
sport boule diffusion direct,0,2,0,33.5
st5an,0,2,0,5.5
sta n,0,2,0,25
stage animation 3d paris,0,2,0,29.5
staine,0,2,0,51
stan.,0,2,0,17.5
stanen,0,2,0,29.5
stannplan,0,2,0,5.5
stannt,0,2,0,6.5
steann,0,2,0,6.5
stedan,0,2,0,54.5
steman,0,2,0,17
stream web tv,0,2,0,5
studio animation france,0,2,0,84.5
studio d'animation 2d,0,2,0,45
studio d'animation en france,0,2,0,91
studio de création vidéo,0,2,0,55.5
studio de production video,0,2,0,82
studio de tournage ile-de-france,0,2,0,89.5
studio de visualisation 3d haut de gamme,0,2,0,57.5
studio dessins animés,0,2,0,96.5
studio graphisme lyon,0,2,0,2
studio infographie 3d,0,2,0,46.5
studio jeu video lyon,0,2,0,96
studio mapping,0,2,0,78
studio video lyon,0,2,0,1
studios animation,0,2,0,32.5
superscrew,0,2,0,9.5
the blue vista,0,2,0,1
thermostat connecté saunier duval,0,2,0,4.5
thermostat saunier duval,0,2,0,8.5
top agence motion design,0,2,0,34.5
tour crayon lyon hotel,0,2,0,82
tournage spot publicitaire,0,2,0,20
trophée boules lyonnaise,0,2,0,48.5
uav services vista,0,2,0,66
varizon,0,2,0,93
ve ri zon,0,2,0,19.5
veizon,0,2,0,54
verezon,0,2,0,9.5
verizon connect offices,0,2,0,85.5
verizon connect reveal france,0,2,0,47.5
verizon connect telephone,0,2,0,30
verizon connect video,0,2,0,38.5
verizon connnect,0,2,0,5
verizon film,0,2,0,9.5
verizon paris,0,2,0,24
verizon videos,0,2,0,9
verizon web,0,2,0,36
vermizon,0,2,0,13
video 3d vr,0,2,0,39
video aerienne par drone,0,2,0,80.5
video after movie,0,2,0,10.5
video bv,0,2,0,20.5
video en vr 360,0,2,0,29.5
video entreprises,0,2,0,30.5
video evenement,0,2,0,13.5
video in 360,0,2,0,30
video mapper,0,2,0,19.5
video mapping companies,0,2,0,10.5
video mapping company,0,2,0,11.5
video mapping video,0,2,0,30.5
video marketing bureau,0,2,0,59.5
video motion design exemple,0,2,0,72.5
video pour entreprise,0,2,0,30
video pour vr,0,2,0,64.5
video production companies for product launches,0,2,0,5.5
video projection mapping,0,2,0,89.5
video présentation entreprise lyon,0,2,0,41.5
video+entreprise,0,2,0,76
video-mapping,0,2,0,37
video360,0,2,0,28.5
videofilms,0,2,0,17.5
videopromotion,0,2,0,28
vidéaste corporate bordeaux,0,2,0,41.5
vidéo aftermovie événement entreprise,0,2,0,17.5
vidéo agency,0,2,0,73
vidéo corporate finance france,0,2,0,37
vidéo corporate transport france,0,2,0,27.5
vidéo fooh,0,2,0,87
vidéo mapping 3d,0,2,0,47.5
vidéo promotionnelle entrepriseagence de pub en ligne,0,2,0,6
vidéographie du produit,0,2,0,30
vidéographie événementielle,0,2,0,54
vidéos d'entreprises. videoproduktion in luxemburg: dokumentarfilme,0,2,0,62
vidéos drone,0,2,0,77
villeneuve centre commercial,0,2,0,96.5
virtual reality agency,0,2,0,83
vista 360 camera,0,2,0,17.5
vista animations,0,2,0,56.5
vista blu,0,2,0,1
vista santé,0,2,0,87
vista streaming,0,2,0,12
vista video,0,2,0,21
vistz,0,2,0,8
voir paris etc. en streaming,0,2,0,47.5
vr 360 videos,0,2,0,6.5
vr immersive video,0,2,0,8
vr video 360,0,2,0,59.5
wapiyeah agence motion design,0,2,0,28.5
we are motion,0,2,0,55
web tv broadcast,0,2,0,25.5
web tv channel,0,2,0,26
web+tv,0,2,0,79
website videos production,0,2,0,88.5
webtv interne,0,2,0,21
what is web tv,0,2,0,33
www bbgr com,0,2,0,40.5
www.bbgr.com,0,2,0,6.5
クリストファー ファボン,0,2,0,26.5
"""engie home services"" -site:corporama.com -site:verif.com -site:manageo.fr -site:bilansgratuits.fr -site:societe.com -site:kompass.com -site:lefigaro.fr -site:data.gouv.fr -site:pappers.fr -site:score3.fr -site:rocketlead.fr",0,1,0,87
"""neurones it"" mail email",0,1,0,67
"(france or français or francaise or paris or lyon) (""architectural visualization"" or ""architectural visualisation"" or archviz or cgi or ""3d rendering"") (studio or agency or ""agence"") (contact or ""nous contacter"") -jobs -careers -emploi -recrutement",0,1,0,66
15 prod,0,1,0,80
15 vidéos corporate,0,1,0,35
2d studio,0,1,0,8
360 cam videos,0,1,0,95
360 drone video,0,1,0,9
360 film vr,0,1,0,54
360 immersive experience,0,1,0,10
360 video presentation,0,1,0,12
360 videos,0,1,0,83
360 vr,0,1,0,6
360 vr hot,0,1,0,17
360 vr video,0,1,0,50
360drone,0,1,0,10
360vr,0,1,0,35
360vr video,0,1,0,10
3d agency paris,0,1,0,16
3d animasjon studio,0,1,0,80
3d animatie studio,0,1,0,57
3d animation studios in switzerland,0,1,0,51
3d animations video,0,1,0,100
3d architectural mapping,0,1,0,44
3d arrow animation,0,1,0,9
3d creation lyon,0,1,0,96
3d family production,0,1,0,27
3d film production,0,1,0,29
3d gf,0,1,0,44
3d girlfriends,0,1,0,64
3d mapping,0,1,0,56
3d porn videos,0,1,0,66
3d production studio,0,1,0,9
3d studios near me,0,1,0,9
3d video company,0,1,0,97
3dcg animation studio,0,1,0,11
4k immersive,0,1,0,10
5g cisco,0,1,0,68
5g design,0,1,0,91
8 rue abb,0,1,0,10
@motiondesigners.2d,0,1,0,43
aamplitude,0,1,0,65
abb serie,0,1,0,11
abbox,0,1,0,31
ablue movie,0,1,0,12
abox 2025,0,1,0,5
abox agency,0,1,0,35
abox memo,0,1,0,11
accidents industriels,0,1,0,98
action qwartz,0,1,0,15
adultvista,0,1,0,16
advertising agency video,0,1,0,71
advertising video agency,0,1,0,18
aerial camera drone,0,1,0,49
aerial video production,0,1,0,8
afrer movie,0,1,0,10
aftee movie,0,1,0,11
aftemovie,0,1,0,9
after mivie,0,1,0,11
after movue,0,1,0,9
aftermov,0,1,0,10
aftermovie or after movie,0,1,0,10
aftermovie soirée brest,0,1,0,21
aftermovie streaming,0,1,0,15
aftermovie traduction,0,1,0,3
aftermovir,0,1,0,9
aftermovue,0,1,0,11
afterovie,0,1,0,10
afyer movie,0,1,0,11
agence création de contenu video,0,1,0,8
agence création vidéo bruxelles,0,1,0,102
agence création vidéo orléans,0,1,0,94
agence créative genève,0,1,0,96
agence d'animation,0,1,0,90
agence de cinema,0,1,0,1
agence de communication 3d,0,1,0,73
agence de création audiovisuelle,0,1,0,77
agence de création de contenu vidéo,0,1,0,35
agence de développement de réalité mixte,0,1,0,24
agence de graphisme,0,1,0,11
agence de graphisme grenoble,0,1,0,1
agence de production paris,0,1,0,151
agence de production photos et vidéos,0,1,0,102
agence de production réalisation film promotionnel,0,1,0,45
agence de production vidéo saint quay portrieux,0,1,0,79
agence de pub lyon,0,1,0,102
agence de pub lyonnaise,0,1,0,11
agence de publicités,0,1,0,76
agence de voyage réalité virtuelle,0,1,0,87
agence du film 64,0,1,0,43
agence engie home services,0,1,0,13
agence evenementiel lyon,0,1,0,31
agence graphisme design motion ille et vilaine,0,1,0,96
agence graphisme grenoble,0,1,0,1
agence ineo,0,1,0,41
agence innova,0,1,0,42
agence lancement de produits,0,1,0,93
agence location lieux de tournage,0,1,0,14
agence marketing lyon,0,1,0,1
agence motion design casablnca,0,1,0,95
agence motion design france,0,1,0,113
agence motion design givors,0,1,0,63
agence motion design montreal,0,1,0,56
agence motion design nice,0,1,0,50
agence motion design saint etienne,0,1,0,46
agence motion design vendée,0,1,0,101
agence production audiovisuel,0,1,0,61
agence production audiovisuelle,0,1,0,13
agence production audiovisuelle aix les bains,0,1,0,62
agence production audiovisuelle clermont ferrand,0,1,0,66
agence production audiovisuelle villeurbanne,0,1,0,96
agence production paris,0,1,0,90
agence production video entreprise,0,1,0,44
agence production visuelle,0,1,0,39
agence publicitaire lyon,0,1,0,93
agence publicite industrie,0,1,0,88
agence tournage film événementiel,0,1,0,67
agence video cotes d'armor,0,1,0,101
agence video evenementielle,0,1,0,28
agence video pedagogique,0,1,0,94
agence vidéo & motion design,0,1,0,94
agence vidéo aix en provence,0,1,0,100
agence vidéo brest,0,1,0,15
agence vidéo corporate immobilier france,0,1,0,18
agence vidéo industrie france,0,1,0,5
agence vidéo industrielle,0,1,0,11
agence vidéo motion design orléans,0,1,0,94
agence vidéo yvelines,0,1,0,45
agence événementiel lyon,0,1,0,1
agences audiovisuelles ile de france,0,1,0,71
agences genève,0,1,0,101
agenzia video,0,1,0,72
aimation studio,0,1,0,4
ama vista,0,1,0,9
ambelvist,0,1,0,1
ambrosia films,0,1,0,83
amplitude france,0,1,0,26
amplitude pc,0,1,0,48
amplitude société,0,1,0,98
amplitudes 2023,0,1,0,77
anim studios,0,1,0,92
animacion 3d studio,0,1,0,17
animated background vista,0,1,0,93
animated video design,0,1,0,84
animation 2d 3d,0,1,0,4
animation 3d bâtiment lyon,0,1,0,36
animation 3d projet immobilier lyon,0,1,0,36
animation and 3d,0,1,0,98
animation and design,0,1,0,71
animation and film design,0,1,0,47
animation architecture,0,1,0,5
animation designer,0,1,0,71
animation designers,0,1,0,90
animation film studios,0,1,0,77
animation interne lyon,0,1,0,95
animation motion design entreprise,0,1,0,56
animation oculus rift,0,1,0,80
animation paris,0,1,0,69
animation publicitaire,0,1,0,76
animation studios in switzerland,0,1,0,98
animation video agency,0,1,0,80
animations lyon,0,1,0,11
anime 3d film,0,1,0,99
aplitude,0,1,0,58
application carte de voeux,0,1,0,94
application de déménagement,0,1,0,74
appsan,0,1,0,6
aravi aravi,0,1,0,6
aravi d,0,1,0,9
architecte hotel dieu lyon,0,1,0,102
arret minute,0,1,0,84
arrow contact,0,1,0,45
arrow lyon,0,1,0,75
arrows 3d,0,1,0,84
assurance film,0,1,0,102
audio-visuel,0,1,0,1
audiovisuel drone toulouse,0,1,0,21
audiovisuel et multimédia,0,1,0,13
autovisuel,0,1,0,9
aventurier féminin,0,1,0,26
avvista,0,1,0,8
banche deko,0,1,0,40
bar pi,0,1,0,16
bbgr contact,0,1,0,11
bbgr lenses,0,1,0,76
bbgr provins,0,1,0,19
bbgr provins adresse,0,1,0,77
bd viewer vr,0,1,0,35
bdsmvista,0,1,0,9
bedrijfsfilm met drone,0,1,0,35
bertrand bluet,0,1,0,13
bleu studio,0,1,0,51
bli,0,1,0,3
bloorvista,0,1,0,1
bloviste,0,1,0,1
blue animation studio,0,1,0,13
blue cinema,0,1,0,7
blue e motion,0,1,0,81
blue film navya,0,1,0,10
blue jeans verizon,0,1,0,91
blue live stream,0,1,0,6
blue mase,0,1,0,6
blue mont,0,1,0,12
blue movie production,0,1,0,9
blue net vista inc,0,1,0,24
blue on,0,1,0,59
blue pizza,0,1,0,38
blue productora,0,1,0,9
blue unicorns,0,1,0,70
blue vio,0,1,0,56
blue vista marine,0,1,0,8
blue vista mortgage,0,1,0,35
blue vista official website,0,1,0,1
blue vita,0,1,0,49
bluebird film,0,1,0,13
bluebush productions,0,1,0,99
bluefield production house,0,1,0,48
bluejeans by verizon,0,1,0,50
bluevide,0,1,0,13
bluevie,0,1,0,7
bluevision plus,0,1,0,100
bluevista dive,0,1,0,3
bluevitta,0,1,0,11
blueyfilm,0,1,0,9
bluvista girl,0,1,0,24
bluvista store,0,1,0,1
boite de communication lyon,0,1,0,2
boite de prod paris,0,1,0,80
boite de production audiovisuelle par satisfactiongroup,0,1,0,20
boite de production audiovisuelle paris,0,1,0,2
boite de production de film,0,1,0,74
boite de production film,0,1,0,3
boite de production geneve,0,1,0,7
boite de production réalisation de film promotionnel,0,1,0,9
boite de production suisse,0,1,0,10
boite de production video,0,1,0,1
boite production genève,0,1,0,87
boites de production,0,1,0,1
boîte de prod,0,1,0,54
boîte de production,0,1,0,1
briefing and debriefing,0,1,0,91
briefings,0,1,0,99
broadcasting streaming,0,1,0,101
bt studio lyon,0,1,0,90
buena vista creative,0,1,0,46
bulex migo,0,1,0,86
busevista,0,1,0,1
c'pro informatique,0,1,0,53
c'pro lyon,0,1,0,20
cabane des carteaux,0,1,0,10
caddis motion design,0,1,0,37
camille de foresta,0,1,0,48
captation d'événements,0,1,0,84
captation événementielle vidéo,0,1,0,42
cardboard qr code,0,1,0,30
carte de voeux 2024 entreprise,0,1,0,101
carte de voeux d'entreprise,0,1,0,47
carte de voeux suisse,0,1,0,99
carte de voeux vide,0,1,0,35
cartoon hitachi,0,1,0,8
cc qwartz,0,1,0,82
ce ineo,0,1,0,74
cemoi.fr,0,1,0,32
cemoia,0,1,0,10
centre commercial quartz,0,1,0,43
centre commercial qwartz 93,0,1,0,81
centre de ressources verizon,0,1,0,92
centre qwartz,0,1,0,82
centre villeneuve la garenne,0,1,0,90
cetizon,0,1,0,8
cgi studio paris,0,1,0,22
cindy levy production,0,1,0,13
cine champagne,0,1,0,11
cinema vista productions,0,1,0,9
cinevista limited,0,1,0,37
cisco and 5g,0,1,0,65
cisco movi,0,1,0,41
claravista,0,1,0,53
clip corporate,0,1,0,74
clip vista movies,0,1,0,11
comment créer une vidéo professionnelle pour mon entreprise à l'aide d'un logiciel de création vidéo ?,0,1,0,23
commercial drone videography,0,1,0,93
commercial qwartz,0,1,0,34
communication multimédia lyon,0,1,0,100
concept visite virtuelle,0,1,0,93
conference aftermovie,0,1,0,7
connecter engie,0,1,0,8
contact for verizon,0,1,0,25
contact verizon support,0,1,0,36
contact/.gfms.com,0,1,0,86
contacteur abb af,0,1,0,19
corporate film examples,0,1,0,56
corporate film production switzerland,0,1,0,78
corporate mp4 movies,0,1,0,66
corporate new films,0,1,0,22
corporate new video,0,1,0,138
corporate production video,0,1,0,27
corporate video making company,0,1,0,86
corporate video production europe,0,1,0,67
corporate video production france,0,1,0,47
corporate video production service,0,1,0,28
corporate video production services,0,1,0,14
corporate video produktion,0,1,0,98
corporate videographers,0,1,0,57
creation web tv,0,1,0,88
creative motion design,0,1,0,44
creer video publicitaire en ligne,0,1,0,97
creer video publicitaire en ligne gratuit,0,1,0,93
créateur film promo,0,1,0,48
création salon virtuel,0,1,0,50
création vidéo drone bordeaux,0,1,0,100
créer une vidéo publicitaire,0,1,0,43
créer une vidéo publicitaire avec ia,0,1,0,88
cs net sp,0,1,0,36
cs. net,0,1,0,8
csnet home,0,1,0,55
custom corporate film,0,1,0,49
cverizon,0,1,0,6
cyclo fond vert,0,1,0,78
d briefing,0,1,0,58
d-studio 3d,0,1,0,7
date equita lyon,0,1,0,1
debriefing ou briefing,0,1,0,50
deko präsentation,0,1,0,3
demenagement 64,0,1,0,36
demenagement engie,0,1,0,80
design a show,0,1,0,7
design and motion,0,1,0,57
designer animated,0,1,0,28
designer animation,0,1,0,77
dessin 3d,0,1,0,7
dessin animé en 3d,0,1,0,63
devi 2.0,0,1,0,67
devi motion,0,1,0,38
devis de production,0,1,0,38
devis réalisation vidéo d'entreprise,0,1,0,95
devis suisse,0,1,0,73
devis vidéo d'entreprise,0,1,0,87
devis vidéo de présentation,0,1,0,97
diffusion live streaming,0,1,0,95
diffusion video en direct,0,1,0,97
diffusion vr,0,1,0,86
direct web tv,0,1,0,61
diretta web tv,0,1,0,11
dji 360 drone,0,1,0,11
dji s1000,0,1,0,8
dlstan,0,1,0,14
dome intercontinental,0,1,0,47
dome mapping,0,1,0,12
dosamatic,0,1,0,42
drone,0,1,0,59
drone action 360,0,1,0,73
drone audiovisual,0,1,0,101
drone bedrijfsfilm,0,1,0,28
drone photographie aérienne,0,1,0,19
drone s1 s2 s3,0,1,0,33
drone video production,0,1,0,96
drone vidéo prix,0,1,0,56
drone visuals,0,1,0,35
drone vr360,0,1,0,70
drones audiovisual,0,1,0,46
ds vista,0,1,0,3
déménagement engie,0,1,0,66
e stan,0,1,0,13
effiage,0,1,0,44
eiffage conscytec,0,1,0,35
eiffage présentation,0,1,0,91
eiffage siège social téléphone,0,1,0,12
eiffage vie,0,1,0,12
elive video,0,1,0,2
em lyon,0,1,0,94
en 3d,0,1,0,12
energir demenagement,0,1,0,43
engie geneve,0,1,0,26
engie home service chaudière,0,1,0,4
engie home services lyon,0,1,0,15
engie mobile,0,1,0,100
engie programmateur chauffage,0,1,0,10
engie wifi,0,1,0,1
engiehomes,0,1,0,47
entreprise création vidéo brest,0,1,0,12
entreprise de cinema,0,1,0,2
entreprise de graphisme,0,1,0,1
entreprise de montage vidéo pour particulier,0,1,0,5
entreprise de production,0,1,0,11
entreprise de production graphique,0,1,0,2
entreprise montage video iste,0,1,0,101
entreprise production audiovisuelle,0,1,0,72
entreprise vidéo strasbourg,0,1,0,46
entreprises audiovisuel,0,1,0,75
equcity,0,1,0,54
equita lyon,0,1,0,92
equita lyon 2019,0,1,0,47
equita lyon exposant,0,1,0,84
equitalyon,0,1,0,106
estanl,0,1,0,7
evenementielle,0,1,0,1
exemple devis motion design,0,1,0,52
expertiece,0,1,0,12
expertraite,0,1,0,3
exposition hotel dieu lyon,0,1,0,71
expérience film,0,1,0,71
expérience immersive en réalité virtuelle,0,1,0,99
exsite,0,1,0,51
facade mapping,0,1,0,8
faire un film d'entreprise réunion,0,1,0,37
family ds,0,1,0,9
faustine bollaert facebook,0,1,0,72
festival guitares en scene,0,1,0,87
fibois 01,0,1,0,58
fibois 38,0,1,0,58
fidélité productions,0,1,0,95
film 360 vr video,0,1,0,66
film alis,0,1,0,62
film animation paris,0,1,0,48
film corporate troyes,0,1,0,78
film d entreprise motion design,0,1,0,65
film d'entreprise saint nazaire,0,1,0,103
film de communication,0,1,0,32
film en vr 360,0,1,0,24
film les chemins de la liberté,0,1,0,94
film les lyonnais en streaming,0,1,0,47
film mapping,0,1,0,32
film metaverse,0,1,0,61
film milles mots,0,1,0,64
film sant,0,1,0,92
film spc,0,1,0,1
film sur les banques,0,1,0,75
film territories,0,1,0,92
film to video,0,1,0,55
film vr360,0,1,0,21
filmgeneva,0,1,0,10
filming corporate videos,0,1,0,98
films d'animation 3d,0,1,0,102
filmstudio animation,0,1,0,36
flim entreprise,0,1,0,13
fond vert streaming,0,1,0,16
fooh ia,0,1,0,101
formation video mapping,0,1,0,94
formation vidéo publicitaire,0,1,0,9
fter movie,0,1,0,9
fubiz studio,0,1,0,69
gestans,0,1,0,13
getlovi,0,1,0,8
gf,0,1,0,73
gf ds,0,1,0,4
gf exhibition,0,1,0,8
gf machining solutions,0,1,0,1
gf machining solutions management sa,0,1,0,1
gf machining solutions suisse,0,1,0,68
gf services,0,1,0,10
gf vip streaming,0,1,0,7
gfmovcs,0,1,0,9
gfms.com,0,1,0,3
gfvp,0,1,0,63
ghi annonces,0,1,0,23
ghi genève adresse,0,1,0,16
ghi.ch,0,1,0,10
graphiste lyon,0,1,0,11
graphiste villeurbanne,0,1,0,2
green screen compositing studio,0,1,0,2
grinder santos,0,1,0,11
grossiste video,0,1,0,20
guitar en scene 2024,0,1,0,38
guitare en scene 2017,0,1,0,89
guitare en scene 2018,0,1,0,37
guitare en scene 2022,0,1,0,92
guitare en scene festival,0,1,0,11
guitare en scène 2022,0,1,0,99
guitarre en scene,0,1,0,9
hi-kumo hitachi installation,0,1,0,1
hitachi,0,1,0,14
hitachi acs,0,1,0,26
hitachi hdi,0,1,0,88
hitachi video,0,1,0,8
hitachi yutaki,0,1,0,53
hom video,0,1,0,67
home service video,0,1,0,10
home services,0,1,0,9
homeserve c'est quoi,0,1,0,39
homeserve chat,0,1,0,32
homeserve france,0,1,0,40
homeserve lyon,0,1,0,48
hotel dieu lyon projet,0,1,0,100
hotel radisson blu lyon part dieu,0,1,0,52
how can virtual reality be used in exhibitions,0,1,0,1
how to design video,0,1,0,55
i grind,0,1,0,10
icu,0,1,0,5
illigo engie,0,1,0,18
image 3d animation,0,1,0,93
image animation 3d,0,1,0,87
imagerie aérienne drone,0,1,0,65
immersion 3d,0,1,0,69
immersive 360 vr,0,1,0,11
immersive 3d video,0,1,0,76
immersive definition,0,1,0,68
immersive video experience,0,1,0,8
immersive video meaning,0,1,0,10
immersive vision,0,1,0,10
immersive360,0,1,0,7
industrie film,0,1,0,88
ineo chambery,0,1,0,15
ineo consult,0,1,0,11
ineo entreprise,0,1,0,90
ineo equans logo,0,1,0,75
ineo medis,0,1,0,12
ineo nanterre,0,1,0,11
ineo uts,0,1,0,23
infographiste 3d lyon,0,1,0,2
infographistes lyon,0,1,0,8
information,0,1,0,6
installation engie,0,1,0,77
integration audiovisuelle,0,1,0,8
internet video broadcasting,0,1,0,94
intégration audiovisuelle,0,1,0,97
isara net,0,1,0,27
isn application,0,1,0,21
jérôme jomie | motion design 2d & 3d clichy,0,1,0,15
kassbohrer dameuse,0,1,0,59
kessler crane second shooter,0,1,0,43
koesio c'est quoi,0,1,0,21
koesio carre senart,0,1,0,10
koesio champagne au mont d'or,0,1,0,34
koesio france,0,1,0,45
koesio grand est,0,1,0,55
koesio linkedin,0,1,0,42
la cera,0,1,0,7
la prod,0,1,0,13
la publicité vidéo en ligne,0,1,0,88
la verizon,0,1,0,35
lagence film complet youtube,0,1,0,47
lavista prod,0,1,0,7
lbuprovista,0,1,0,9
le dome hotel dieu,0,1,0,105
le grand hotel dieu lyon,0,1,0,55
le motion design,0,1,0,1
le stann,0,1,0,3
le studio 3d,0,1,0,74
le triple c,0,1,0,7
les chemins de la liberté film,0,1,0,93
les chemins de la liberté vercors,0,1,0,15
les lyonnais film complet,0,1,0,49
link 2025 engie,0,1,0,1
link engie,0,1,0,7
live event video production company in lake geneva,0,1,0,25
live streaming,0,1,0,101
live tv diffusions,0,1,0,50
livevista,0,1,0,4
location audiovisuel,0,1,0,2
location audiovisuel lyon,0,1,0,41
logiciel mase,0,1,0,96
logo engie home services,0,1,0,62
logo ineo equans,0,1,0,67
louma crane,0,1,0,82
louma grue,0,1,0,83
lpa 50,0,1,0,66
lpa genève,0,1,0,31
lpa lyon,0,1,0,9
lua vista,0,1,0,30
luavista,0,1,0,40
lyon au printemps,0,1,0,99
lyon drone service,0,1,0,20
lyon grand hotel,0,1,0,43
lyon grand hotel dieu,0,1,0,34
lyon lpa,0,1,0,9
lyon salon du cheval,0,1,0,98
lyon vista,0,1,0,9
m8go,0,1,0,6
machining blue,0,1,0,38
manager cs,0,1,0,58
mapping artist,0,1,0,72
mapping design,0,1,0,97
mapping festival genève,0,1,0,80
mapping spectacle,0,1,0,92
mapping sur facade,0,1,0,10
mapping teuf,0,1,0,64
mapping vidéo marseille,0,1,0,23
marvista,0,1,0,32
mase designs,0,1,0,54
mase ra,0,1,0,46
media blue,0,1,0,11
meilleure agence motion design,0,1,0,57
memo animation,0,1,0,91
metaverse studios,0,1,0,16
micro fond vert,0,1,0,101
migo home assistant,0,1,0,45
migo link manual,0,1,0,6
migo saunier duval,0,1,0,68
migo select saunier duval,0,1,0,4
migo service,0,1,0,8
migo tel,0,1,0,5
migo video,0,1,0,5
mise en service engie,0,1,0,93
mobiele greenscreen studio,0,1,0,102
montage video agence,0,1,0,89
montage video entreprise,0,1,0,10
montage video suisse,0,1,0,77
montage vidéo entreprise,0,1,0,1
"montage vidéo à paris, france",0,1,0,48
motion,0,1,0,7
motion design agencies,0,1,0,96
motion design agentur services,0,1,0,83
motion design corporate,0,1,0,98
motion design définition,0,1,0,10
motion design immobilier,0,1,0,46
motion design nice,0,1,0,71
motion design pre-production planning and creating 2d artwork,0,1,0,78
motion design presentation,0,1,0,80
motion design présentation entreprise,0,1,0,62
motion design pub,0,1,0,92
motion design pédagogique entreprise,0,1,0,67
motion design studio milano,0,1,0,52
motion designer connu,0,1,0,70
motion designers givors,0,1,0,42
motion graphic design studio,0,1,0,96
motion graphic studio,0,1,0,69
motion graphics design studio,0,1,0,92
motion mue,0,1,0,11
motion picture c'est quoi,0,1,0,18
motion showreel,0,1,0,33
motion video design,0,1,0,29
motion vista,0,1,0,8
moto creative,0,1,0,10
movie deko,0,1,0,7
"mp development – design web, audio, vidéo et production lyon",0,1,0,9
multivista,0,1,0,15
multivistas,0,1,0,79
naos jeans,0,1,0,40
naos lyon,0,1,0,44
night swapping,0,1,0,8
nikon bbgr,0,1,0,10
nikon verre optique,0,1,0,9
nubevista,0,1,0,5
nuits bleues production,0,1,0,2
ollinn,0,1,0,6
omnivista productions,0,1,0,24
organiser un événement dans le metaverse,0,1,0,92
panneau deko coffrage,0,1,0,82
paris animation,0,1,0,96
paris etc. en streaming,0,1,0,48
passerelle de connectivité migo link,0,1,0,17
peninsula rose,0,1,0,9
photographe drone lyon,0,1,0,53
photos de qwartz,0,1,0,5
pisten heads,0,1,0,47
pixovista,0,1,0,9
pizza 250312,0,1,0,6
pizza hut carre senart,0,1,0,35
plateau tv à lyon,0,1,0,16
plateforme live streaming,0,1,0,46
plus de prod,0,1,0,32
presentation memo,0,1,0,87
prestataire animation vidéo france,0,1,0,38
prestataire réalisation film promotionnel,0,1,0,25
prestataire vidéo paris,0,1,0,55
prestation audiovisuelle,0,1,0,1
prestation drone fpv,0,1,0,12
prestation vidéo entreprise,0,1,0,86
primavista,0,1,0,52
printemps map,0,1,0,20
printemps à lyon,0,1,0,96
prise de vue aérienne par drone,0,1,0,59
prise de vues aeriennes drone,0,1,0,48
prix vidéo corporate,0,1,0,73
prix vidéo motion design,0,1,0,92
product launch,0,1,0,110
product launch video,0,1,0,7
producteur d'effet speciaux,0,1,0,10
producteur documentaire,0,1,0,1
producteur effet spéciaux,0,1,0,4
production,0,1,0,6
production audiovisuel paris,0,1,0,89
production audiovisuelle entreprise,0,1,0,46
production contenu vidéo contact,0,1,0,74
production de cinema,0,1,0,1
production de film 64,0,1,0,67
production de vidéo,0,1,0,94
production design animation,0,1,0,93
production film paris,0,1,0,87
production pub,0,1,0,23
production publicitaire lorient,0,1,0,58
production video corporate,0,1,0,37
production vidéo corporatif,0,1,0,72
production vidéo par drone haute-loire,0,1,0,48
production vidéos,0,1,0,79
productions,0,1,0,3
produzione video mapping,0,1,0,12
projection mapping paris,0,1,0,58
projet natal 360,0,1,0,22
promo en vidéo,0,1,0,6
promotional video services,0,1,0,10
promovi studios,0,1,0,8
pró-corpo,0,1,0,97
public production,0,1,0,79
publicité agence de communication,0,1,0,3
publicité motion design,0,1,0,96
quartz centre,0,1,0,87
quartz centre commercial boutique,0,1,0,88
quartz centre commercial villeneuve la garenne,0,1,0,98
que es el video mapping,0,1,0,31
qwartz centre,0,1,0,38
qwartz centre commercial villeneuve la garenne,0,1,0,61
qwartz centre commerciale,0,1,0,31
qwartz paris,0,1,0,86
qwartz paris centre commercial,0,1,0,76
qwartz villeneuve-la-garenne,0,1,0,54
r-diffusion.org,0,1,0,1
radisson blu hotel lyon part dieu,0,1,0,67
radisson blu hotel part dieu,0,1,0,59
radisson blu lyon hotel,0,1,0,99
radisson blue hotel lyon,0,1,0,76
radisson blue lyon,0,1,0,15
radisson film,0,1,0,5
realisateur video,0,1,0,32
realite augmenté b2b vr,0,1,0,99
realteam3,0,1,0,17
renovation hotel dieu lyon,0,1,0,84
reportage vidéo entreprise seine-et-marne,0,1,0,84
rigolo studio,0,1,0,87
robluv robluv,0,1,0,9
réalisateur lyon,0,1,0,31
réalisation de film boulogne,0,1,0,99
réalisation photos videos drone,0,1,0,78
réalisation video entreprise,0,1,0,95
réalisation vidéo drone,0,1,0,61
réalisation vidéo high tech,0,1,0,94
réalisation vidéo sud france,0,1,0,101
réalisations ads-com,0,1,0,69
réaliser un clip aftermovie,0,1,0,24
réalité virtuelle,0,1,0,1
réalité virtuelle vidéo entreprise,0,1,0,24
s agence geneve,0,1,0,78
salon 3d lyon,0,1,0,18
salon equita,0,1,0,85
salon equita lyon,0,1,0,73
salon equitalyon,0,1,0,85
san application,0,1,0,13
sansan crm,0,1,0,38
santos grinder,0,1,0,10
santos induction,0,1,0,35
santos.fr,0,1,0,48
saunier duval migo,0,1,0,92
saunier duval thermostat connecté,0,1,0,96
savistannn,0,1,0,5
scene 2023,0,1,0,9
serie abb,0,1,0,8
serie monde virtuel,0,1,0,60
service de production vidéo,0,1,0,31
services de production audiovisuelle,0,1,0,64
services vidéo de qualité,0,1,0,27
sessan,0,1,0,20
sgtan,0,1,0,9
share,0,1,0,61
showreel 2020,0,1,0,6
showreel c'est quoi,0,1,0,31
showreel motion,0,1,0,25
showroom vr,0,1,0,40
smstan,0,1,0,25
snk animation,0,1,0,53
snk studio d'animation,0,1,0,43
snowcat pistenbully,0,1,0,13
societe audiovisuel,0,1,0,21
societe de production de film,0,1,0,5
societe de production film,0,1,0,93
societe de publicite audiovisuelle,0,1,0,13
societe production,0,1,0,7
societé de production vidéo,0,1,0,54
société audiovisuelle,0,1,0,1
société de production audiovisuelle paris,0,1,0,10
société de production cinéma,0,1,0,10
société de production documentaire,0,1,0,31
société de production film,0,1,0,1
société de production réalisation clip aftermovie,0,1,0,16
société vidéo réunion,0,1,0,49
software san,0,1,0,28
softwareone stans,0,1,0,40
sport boules tv,0,1,0,56
spécialiste vidéo entreprise réunion,0,1,0,43
srqn,0,1,0,8
staann,0,1,0,7
staanp,0,1,0,5
stan 2,0,1,0,24
stan ap,0,1,0,9
standen,0,1,0,13
stane sav,0,1,0,19
stanet,0,1,0,37
stann mover,0,1,0,9
stann official,0,1,0,12
stann.app,0,1,0,6
stans app,0,1,0,7
stansl,0,1,0,7
stanvalves,0,1,0,34
stapn,0,1,0,7
statean,0,1,0,10
ste n,0,1,0,5
stean+,0,1,0,5
stim studio lyon,0,1,0,51
stqn,0,1,0,99
streaming foot,0,1,0,65
stsan,0,1,0,17
stsn,0,1,0,46
stsnn,0,1,0,6
studio 3 d,0,1,0,3
studio 43 lyon,0,1,0,59
studio animation 2d,0,1,0,61
studio animation 2d bordeaux,0,1,0,80
studio animations,0,1,0,4
studio blou,0,1,0,59
studio creation video,0,1,0,34
studio créatif lyon,0,1,0,94
studio d'animation 2d france,0,1,0,70
studio d'animation dessin animé,0,1,0,41
studio de création 3d,0,1,0,86
studio de musique,0,1,0,1
studio de tournage lyon,0,1,0,4
studio film d'animation,0,1,0,49
studio jeux video lyon,0,1,0,81
studio jeux vidéo lyon,0,1,0,11
studio multimedia nantes,0,1,0,99
studio production,0,1,0,1
studio production paris,0,1,0,62
studio production vidéo paris,0,1,0,70
studio vidéo animation paris,0,1,0,14
studios d animation,0,1,0,45
super screw mlt,0,1,0,8
superscrew mlt,0,1,0,5
supervista ag,0,1,0,15
systan,0,1,0,54
t hx,0,1,0,22
t'as vu production,0,1,0,12
tarif video motion design,0,1,0,74
team aravi racing,0,1,0,7
territoires film,0,1,0,69
thermostat saunier duval connecté,0,1,0,3
thermostat video,0,1,0,6
thx m,0,1,0,6
thx medicine,0,1,0,44
timelapse chantier lyon,0,1,0,15
tokys,0,1,0,25
tournages vidéos paris,0,1,0,85
tv internet online,0,1,0,2
tv live web,0,1,0,55
tweetwall,0,1,0,47
uav company vista,0,1,0,80
udvista,0,1,0,1
un aftermovie,0,1,0,10
un monde virtuel,0,1,0,48
une vidéo promotionnelle,0,1,0,69
unvista,0,1,0,18
upperview productions,0,1,0,44
usine bbgr,0,1,0,22
vardersity,0,1,0,26
vc 360,0,1,0,15
veo drone,0,1,0,10
veo vista,0,1,0,1
veriezon,0,1,0,8
verifzon,0,1,0,11
veriron,0,1,0,8
verixon,0,1,0,10
verixzon,0,1,0,8
verizan,0,1,0,93
verizine,0,1,0,8
verizizon,0,1,0,14
verizon 1,0,1,0,63
verizon c'est quoi,0,1,0,93
verizon cinema,0,1,0,7
verizon connct,0,1,0,20
verizon connect youtube,0,1,0,37
verizon connecy,0,1,0,2
verizon geneva,0,1,0,9
verizon presentation,0,1,0,27
verizon service contact,0,1,0,44
verizon website,0,1,0,42
verizon+connect,0,1,0,2
"verizon,",0,1,0,6
verizon.connect,0,1,0,4
verizonz,0,1,0,98
verizozn,0,1,0,9
verizzon,0,1,0,87
verre bbgr nikon,0,1,0,4
verre optique bbgr,0,1,0,59
verres optiques bbgr,0,1,0,89
version connect,0,1,0,17
vesizon,0,1,0,18
vfx studio in paris,0,1,0,87
vidau gf,0,1,0,2
videaste corporate lille,0,1,0,45
videaste d'entreprise,0,1,0,39
videaste evenementiel,0,1,0,85
video 3d immersive,0,1,0,10
video agency paris,0,1,0,5
video animation agency,0,1,0,79
video avec drone,0,1,0,49
video c,0,1,0,12
video companies orlando,0,1,0,20
video corporate cotes d'armor,0,1,0,38
video corporate jura,0,1,0,59
video corporate montpellier,0,1,0,48
video corporativo,0,1,0,60
video design agence,0,1,0,99
video hotel dieu lyon,0,1,0,18
video images,0,1,0,9
video immersive interactive,0,1,0,9
video mapping eventos,0,1,0,24
video mapping installation,0,1,0,7
video mapping montreal,0,1,0,44
video marketing agency,0,1,0,66
video marketing company,0,1,0,84
video production company,0,1,0,48
video production studio milan,0,1,0,98
video produktionen,0,1,0,26
video promotion service,0,1,0,4
video publicitaire en ligne,0,1,0,90
video service,0,1,0,13
video x 360,0,1,0,7
video °360,0,1,0,11
videoconnect,0,1,0,13
videographer animation,0,1,0,43
videomappings,0,1,0,7
videos 360,0,1,0,12
videos 3d vr 360,0,1,0,49
videos en 360,0,1,0,47
videos mapping,0,1,0,10
videos vr 360,0,1,0,9
vidio 360,0,1,0,51
vidéaste corporate annecy,0,1,0,48
vidéaste grenoble,0,1,0,1
vidéaste lyonnais,0,1,0,102
vidéaste pour entreprises lyon,0,1,0,42
vidéaste événementiel paris,0,1,0,66
vidéo 360 formation immersive,0,1,0,25
vidéo 360 vr,0,1,0,14
vidéo anniversaire entreprise,0,1,0,11
vidéo au drone fpv,0,1,0,74
vidéo corporate efficace marne la vallée,0,1,0,10
vidéo corporate formation professionnelle,0,1,0,88
vidéo corporate industrie,0,1,0,100
vidéo corporate savoie,0,1,0,44
vidéo corporate secteur industriel,0,1,0,58
vidéo de lyon,0,1,0,90
vidéo drone entreprise 4k,0,1,0,27
vidéo drone laval,0,1,0,94
vidéo drône,0,1,0,99
vidéo en vr,0,1,0,49
vidéo immersive 360 degrés entreprise,0,1,0,17
vidéo institutionnelle entreprise,0,1,0,97
vidéo live streaming,0,1,0,92
vidéo vr 360,0,1,0,57
vidéo événement entreprise aftermovie,0,1,0,24
vidéos 360,0,1,0,66
vidéos de drone,0,1,0,73
viewvista,0,1,0,9
villeneuve qwartz,0,1,0,71
villeneuve-la-garenne centre commercial,0,1,0,72
vimeo 360,0,1,0,44
virison,0,1,0,15
virtual 360,0,1,0,53
virtual reality creation,0,1,0,13
virtual services,0,1,0,2
virtuel gf,0,1,0,1
virtuel lyon,0,1,0,83
vision connect,0,1,0,20
vision virtuelle,0,1,0,86
visite virtuelle 360 genève,0,1,0,89
vista agence,0,1,0,18
vista bleu,0,1,0,1
vista blue photos,0,1,0,5
vista films,0,1,0,11
vista interview,0,1,0,10
vista moto,0,1,0,6
vista paris,0,1,0,53
vista professionnel,0,1,0,72
vista studios,0,1,0,38
vista vision films,0,1,0,6
vista vr,0,1,0,74
vistafilm,0,1,0,1
vistavision,0,1,0,8
vistavision the brutalist,0,1,0,10
visualdrone,0,1,0,11
voeux solidaires clients,0,1,0,71
voltige equestre lyon,0,1,0,71
vr 360,0,1,0,88
vr 360 films,0,1,0,82
vr 360 video 3d,0,1,0,40
vr 360 video download,0,1,0,68
vr film 360,0,1,0,16
vr immersive,0,1,0,61
vr immersive experience,0,1,0,43
vr mountain,0,1,0,89
vr porn bully,0,1,0,18
vr showroom,0,1,0,57
web live tv streaming,0,1,0,25
web streaming video,0,1,0,79
web tv entv,0,1,0,1
web tv internet,0,1,0,67
webhtv,0,1,0,10
webtvlive,0,1,0,10
what does verizon,0,1,0,19
what is a web tv,0,1,0,49
what is an aftermovie,0,1,0,15
wigo thermomatte,0,1,0,50
www verizon,0,1,0,17
www.blue video.com,0,1,0,10
www.bluvista.tv,0,1,0,11
xlive video,0,1,0,40
xpert office solutions,0,1,0,86
xvideo bos,0,1,0,14
youtube films produits,0,1,0,68
yves rocher 75012,0,1,0,15
zone commerciale villeneuve-la-garenne,0,1,0,74
école d'animation 3d paris,0,1,0,64
équipe de prooduction vidéo,0,1,0,99
événementiel genève,0,1,0,52
فرايزون,0,1,0,9
商業空間,0,1,0,13
