page,query,clics,impressions,ctr,position
https://www.bluevistaprod.com/,bluevista,341,1123,30.37,2.7
https://www.bluevistaprod.com/,bluevista production,146,431,33.87,1.6
https://www.bluevistaprod.com/,blue vista,105,501,20.96,5.9
https://en.bluevistaprod.com/,bluevista,76,5306,1.43,5.5
https://www.bluevistaprod.com/nos-competences/live-streaming-webtv/,webtv streaming,36,2038,1.77,6.5
https://www.bluevistaprod.com/studio-animation-3d-lyon/,studio animation lyon,27,1128,2.39,10.3
https://www.bluevistaprod.com/,bluvista,24,462,5.19,20.5
http://www.bluevistaprod.com/,bluevista,20,1081,1.85,7.6
https://www.bluevistaprod.com/nos-competences/live-streaming-webtv/,web tv live,17,803,2.12,8.5
https://www.bluevistaprod.com/studio-animation-3d-lyon/,studio 3d lyon,16,1876,0.85,14.5
http://www.bluevistaprod.com/,bluevista production,16,395,4.05,7.3
https://en.bluevistaprod.com/,blue vista,15,809,1.85,11.5
https://www.bluevistaprod.com/agence/,bluevista,13,967,1.34,1.5
https://www.bluevistaprod.com/agence/,bluevista production,12,408,2.94,1
https://www.bluevistaprod.com/studio-animation-3d-lyon/,studio animation 3d lyon,12,389,3.08,11.1
https://www.bluevistaprod.com/nos-realisations/eiffage-energie-expercite/,expercité,10,1722,0.58,5.3
https://www.bluevistaprod.com/nos-realisations/verizon-connect-video-de-presentation/,verizon connect,8,6385,0.13,5.6
http://www.bluevistaprod.com/,blue vista,8,407,1.97,10.9
https://www.bluevistaprod.com/nos-competences/live-streaming-webtv/,web tv streaming,8,189,4.23,17.2
http://www.bluevistaprod.com/,boite de production lyon,8,68,11.76,7.8
https://www.bluevistaprod.com/studio-animation-3d-paris/,studio 3d paris,7,1890,0.37,16.3
https://www.bluevistaprod.com/nos-realisations/,bluevista,6,910,0.66,1.7
https://en.bluevistaprod.com/our-skills/live-streaming-webtv/,webtv streaming,6,572,1.05,10.1
https://www.bluevistaprod.com/contact-devis/,bluevista production,6,383,1.57,1
https://www.bluevistaprod.com/nos-realisations/,blue vista,6,371,1.62,1.4
https://www.bluevistaprod.com/nos-competences/live-streaming-webtv/,webtv live,6,347,1.73,10.8
https://en.bluevistaprod.com/,bluevista production,6,85,7.06,1.3
https://www.bluevistaprod.com/,blu vista,6,13,46.15,3.2
https://www.bluevistaprod.com/,agence vidéo,5,11184,0.04,41.1
https://www.bluevistaprod.com/studio-animation-3d-lyon/,studio d'animation lyon,5,527,0.95,10.1
https://www.bluevistaprod.com/studio-animation-3d-lyon/,studio animation 3d,4,2366,0.17,38.3
https://www.bluevistaprod.com/studio-animation-3d-paris/,studio animation 3d paris,4,2068,0.19,19.4
https://www.bluevistaprod.com/actualites/video-immersive-360/,vidéo immersive,4,1563,0.26,10.1
https://www.bluevistaprod.com/nos-realisations/eiffage-energie-expercite/,expercite,4,634,0.63,6
https://www.bluevistaprod.com/nos-realisations/engie-home-services-video-thermostat-migo/,thermostat engie home service,4,308,1.3,8.8
https://www.bluevistaprod.com/nos-competences/live-streaming-webtv/,plateforme web tv,4,208,1.92,8.5
https://www.bluevistaprod.com/nos-competences/video-mapping/,mapping lyon,4,177,2.26,9.4
https://www.bluevistaprod.com/nos-competences/live-streaming-webtv/,live web tv,4,172,2.33,7.3
https://www.bluevistaprod.com/nos-realisations/thx-medical-dosamat-digital-2-0/,dosamat,4,160,2.5,4.1
https://en.bluevistaprod.com/our-skills/live-streaming-webtv/,webtv live,4,138,2.9,8.4
https://www.bluevistaprod.com/,production audiovisuelle geneve,4,63,6.35,4.8
https://en.bluevistaprod.com/actualites/barpi-industrial-accident-prevention/,barpi,3,4874,0.06,6.8
https://www.bluevistaprod.com/nos-realisations/verizon-connect-video-de-presentation/,verizon connect france,3,522,0.57,10.4
https://www.bluevistaprod.com/agence/,blue vista,3,389,0.77,1.5
https://www.bluevistaprod.com/actualites/blueverse/,blueverse,3,25,12,6.4
https://www.bluevistaprod.com/nos-competences/live-streaming-webtv/,streaming webtv,3,15,20,4.1
https://www.bluevistaprod.com/nos-realisations/stann-lapplication-de-gestion-dentreprise/,stann,2,5612,0.04,7.2
https://www.bluevistaprod.com/studio-animation-3d-paris/,studio animation paris,2,1920,0.1,32.6
https://www.bluevistaprod.com/studio-animation-3d-paris/,agence 3d paris,2,1087,0.18,19
https://www.bluevistaprod.com/actualites/bluevista-video-showreel-2023/,bluevista,2,889,0.22,3.1
https://www.bluevistaprod.com/realisation-film-entreprise-lyon/,bluevista,2,658,0.3,1.1
https://www.bluevistaprod.com/studio-animation-3d-paris/,3d animation studio,2,606,0.33,35.4
https://www.bluevistaprod.com/studio-animation-3d-paris/,studio d'animation 3d paris,2,454,0.44,12.4
https://www.bluevistaprod.com/nos-realisations/stann-lapplication-de-gestion-dentreprise/,stann app,2,357,0.56,5.4
https://www.bluevistaprod.com/,production audiovisuelle genève,2,328,0.61,5.9
https://www.bluevistaprod.com/nos-realisations/verizon-connect-video-de-presentation/,verizone,2,295,0.68,7.1
https://www.bluevistaprod.com/actualites/bluevista-video-showreel-2023/,bluevista production,2,273,0.73,4.2
https://www.bluevistaprod.com/,agence production audiovisuelle geneve,2,237,0.84,2.9
https://en.bluevistaprod.com/nos-realisations/hitachi-cs-net/,hitachi animation,2,227,0.88,7.8
https://www.bluevistaprod.com/nos-realisations/amplitude-amplivision/,amplivision,2,200,1,7.1
https://www.bluevistaprod.com/mentions-legales/,bluevista production,2,151,1.32,1.2
https://www.bluevistaprod.com/nos-competences/video-mapping/,video mapping lyon,2,130,1.54,4.3
https://www.bluevistaprod.com/,agence de vidéo,2,61,3.28,46.7
https://www.bluevistaprod.com/actualites/sport-boules-16eme-trophee-emile-terrier/,emile terrier,2,58,3.45,7.4
https://www.bluevistaprod.com/,audiovisuel geneve,2,47,4.26,11.6
https://www.bluevistaprod.com/nos-competences/live-streaming-webtv/,web tv live streaming,2,32,6.25,5
https://www.bluevistaprod.com/,production video geneve,2,30,6.67,17.4
http://www.bluevistaprod.com/,agence audiovisuelle lyon,2,18,11.11,18.3
http://www.bluevistaprod.com/,société de production,2,5,40,3.2
https://www.bluevistaprod.com/,bluevista lyon,2,5,40,1
http://www.bluevistaprod.com/,agence production lyon,2,2,100,31
https://www.bluevistaprod.com/nos-competences/aftermovie-captation-evenementielle/,aftermovie,1,2843,0.04,12.7
https://www.bluevistaprod.com/video-publicitaire/,publicité vidéo,1,1787,0.06,44.5
https://www.bluevistaprod.com/studio-animation-3d-paris/,studio animation 3d,1,1482,0.07,39.7
https://www.bluevistaprod.com/nos-realisations/verizon-connect-video-de-presentation/,verizon,1,1217,0.08,34.6
https://www.bluevistaprod.com/nos-competences/motion-design/,studio motion design,1,959,0.1,72.7
https://www.bluevistaprod.com/studio-animation-3d-paris/,studio d'animation paris,1,869,0.12,30.3
https://www.bluevistaprod.com/nos-competences/studio-fond-vert-compositing/,studio fond vert lyon,1,765,0.13,24.2
https://www.bluevistaprod.com/nos-competences/video-mapping/,video mapping paris,1,680,0.15,11.8
https://www.bluevistaprod.com/studio-animation-3d-lyon/,animation 3d lyon,1,666,0.15,18.2
https://www.bluevistaprod.com/nos-realisations/engie-home-services-video-thermostat-migo/,thermostat engie,1,558,0.18,9.9
https://www.bluevistaprod.com/studio-animation-3d-lyon/,studio animation,1,499,0.2,46.8
https://www.bluevistaprod.com/nos-realisations/eiffage-energie-expercite/,expercité eiffage,1,461,0.22,7
https://www.bluevistaprod.com/studio-animation-3d-lyon/,studio d'animation 3d,1,429,0.23,19.2
https://www.bluevistaprod.com/nos-realisations/engie-home-services-video-thermostat-migo/,thermostat connecté engie,1,408,0.25,15.5
https://www.bluevistaprod.com/realisation-film-entreprise-lyon/,bluevista production,1,375,0.27,1.9
https://www.bluevistaprod.com/studio-animation-3d-lyon/,studio 3d animation,1,367,0.27,27.3
https://www.bluevistaprod.com/nos-competences/studio-fond-vert-compositing/,fond vert lyon,1,356,0.28,15.1
https://www.bluevistaprod.com/studio-animation-3d-paris/,studios d'animation paris,1,336,0.3,28.8
https://www.bluevistaprod.com/studio-animation-3d-lyon/,3d animation studio,1,301,0.33,20.4
https://www.bluevistaprod.com/,agence communication video lyon,1,299,0.33,13.9
https://www.bluevistaprod.com/nos-competences/creation-immersive-realite-virtuelle/,creation video immersive,1,295,0.34,10.7
https://www.bluevistaprod.com/video-promotionnelle/,bluevista production,1,291,0.34,1
https://en.bluevistaprod.com/nos-realisations/amplitude-amplivision/,amplivision,1,288,0.35,5.7
https://www.bluevistaprod.com/mentions-legales/,bluevista,1,252,0.4,2
https://www.bluevistaprod.com/,agence audiovisuelle genève,1,216,0.46,3.7
https://www.bluevistaprod.com/,agence audiovisuelle suisse,1,211,0.47,3.7
https://www.bluevistaprod.com/nos-realisations/,bluevista production,1,204,0.49,1.2
https://www.bluevistaprod.com/realisation-film-entreprise-lyon/,blue vista,1,198,0.51,1.1
https://www.bluevistaprod.com/nos-competences/motion-design/,agence animation 2d,1,191,0.52,30.6
https://www.bluevistaprod.com/actualites/guitare-en-scene-2023/,guitare en scene 2023,1,175,0.57,8.7
https://www.bluevistaprod.com/nos-competences/video-mapping/,video mapping geneve,1,163,0.61,11.7
https://www.bluevistaprod.com/,prod video,1,159,0.63,32.6
https://www.bluevistaprod.com/nos-realisations/engie-home-services-video-thermostat-migo/,thermostat migo saunier duval,1,147,0.68,10
https://www.bluevistaprod.com/studio-animation-3d-lyon/,film 3d lyon,1,137,0.73,9.6
https://en.bluevistaprod.com/nos-realisations/thx-medical-dosamat-digital-2-0/,dosamat,1,118,0.85,6.1
https://www.bluevistaprod.com/realisation-film-entreprise-lyon/,agence film d'entreprise,1,109,0.92,51.6
https://www.bluevistaprod.com/nos-competences/motion-design/,motion design genève,1,94,1.06,8.7
https://www.bluevistaprod.com/nos-competences/live-streaming-webtv/,webtv direct,1,87,1.15,17.7
https://www.bluevistaprod.com/studio-animation-3d-lyon/,film d'animation lyon,1,76,1.32,13.7
https://www.bluevistaprod.com/nos-competences/aftermovie-captation-evenementielle/,aftermovie video,1,74,1.35,20.3
https://www.bluevistaprod.com/studio-animation-3d-lyon/,animation 3d entreprise,1,64,1.56,25.5
https://en.bluevistaprod.com/,bluevista.tv,1,48,2.08,8.9
https://www.bluevistaprod.com/nos-competences/live-streaming-webtv/,web tv en direct,1,48,2.08,27.5
http://www.bluevistaprod.com/,société de production cinéma lyon,1,47,2.13,21.3
https://www.bluevistaprod.com/nos-realisations/engie-home-services-video-thermostat-migo/,thermostat saunier duval migo,1,46,2.17,11
https://www.bluevistaprod.com/actualites/bluevista-video-showreel-2021/,bluevista,1,43,2.33,1.7
https://www.bluevistaprod.com/studio-animation-3d-lyon/,entreprise 3d lyon,1,42,2.38,10.6
https://www.bluevistaprod.com/nos-competences/animation-3d/,studio d'animation 3d,1,40,2.5,62.1
https://www.bluevistaprod.com/nos-competences/video-mapping/,animation mapping,1,40,2.5,27.9
https://en.bluevistaprod.com/nos-realisations/eiffage-energie-expercite/,expercite,1,38,2.63,4.8
https://www.bluevistaprod.com/actualites/video-immersive-360/,immersive video,1,38,2.63,8.5
https://www.bluevistaprod.com/,boite de prod,1,35,2.86,34.2
https://www.bluevistaprod.com/nos-competences/motion-design/,motion design geneve,1,34,2.94,9.1
https://www.bluevistaprod.com/nos-realisations/engie-home-services-video-thermostat-migo/,réinitialiser thermostat migo,1,34,2.94,3.4
https://www.bluevistaprod.com/studio-animation-3d-lyon/,studio animation 2d lyon,1,32,3.13,23.3
https://www.bluevistaprod.com/nos-competences/live-streaming-webtv/,web tv stream,1,23,4.35,6.4
https://www.bluevistaprod.com/nos-competences/live-streaming-webtv/,bluvista tv,1,15,6.67,30.3
http://www.bluevistaprod.com/,studio animation 3d lyon,1,13,7.69,12.9
https://www.bluevistaprod.com/,société de production audiovisuelle genève,1,12,8.33,4.5
http://www.bluevistaprod.com/,boite de production audiovisuelle lyon,1,11,9.09,13
http://www.bluevistaprod.com/,production audiovisuelle lyon,1,11,9.09,15.3
https://www.bluevistaprod.com/studio-animation-3d-lyon/,animation 3d studio,1,11,9.09,30.8
https://www.bluevistaprod.com/nos-realisations/hitachi-cs-net/,hitachi csnet lite,1,10,10,10
https://www.bluevistaprod.com/studio-animation-3d-lyon/,entreprise dessin animé,1,10,10,5.4
https://www.bluevistaprod.com/nos-realisations/engie-home-services-video-thermostat-migo/,saunier duval migo installation,1,9,11.11,11
http://www.bluevistaprod.com/,agence video lyon,1,8,12.5,18.6
https://www.bluevistaprod.com/realisation-film-evenementiel/,bluevista,1,8,12.5,6
http://www.bluevistaprod.com/,studio animation lyon,1,7,14.29,24
https://en.bluevistaprod.com/actualites/getlive-tv-3-0-wbe-tv-according-to-bluevista/,bluevista tv,1,7,14.29,9.4
https://en.bluevistaprod.com/nos-realisations/deko-presentation-film/,deko film,1,7,14.29,15
https://www.bluevistaprod.com/nos-realisations/deko-film-de-presentation/,deko film,1,7,14.29,3.6
http://www.bluevistaprod.com/,audiovisuel lyon,1,6,16.67,3.2
http://www.bluevistaprod.com/,société de production audiovisuelle lyon,1,6,16.67,29.5
https://www.bluevistaprod.com/contact-devis/,bluevista lyon,1,5,20,1
https://www.bluevistaprod.com/nos-realisations/spc/,spc film,1,5,20,4.6
https://www.bluevistaprod.com/nos-realisations/stann-lapplication-de-gestion-dentreprise/,application stan,1,5,20,9.6
http://www.bluevistaprod.com/,agence de production audiovisuelle lyon,1,3,33.33,8.7
https://en.bluevistaprod.com/nos-realisations/opiiec/,opiiec,1,3,33.33,3.3
https://www.bluevistaprod.com/nos-competences/live-streaming-webtv/,web tv live stream,1,3,33.33,6
http://www.bluevistaprod.com/,production documentaire lyon,1,2,50,11.5
http://www.bluevistaprod.com/,vidéaste lyon,1,2,50,1.5
https://www.bluevistaprod.com/,photographe paris 12,1,2,50,1
https://www.bluevistaprod.com/actualites/bluevista-le-motion-design/,bluevista production,1,2,50,33.5
http://www.bluevistaprod.com/,agence de graphisme lyon,1,1,100,2
http://www.bluevistaprod.com/,agence production audiovisuelle lyon,1,1,100,2
http://www.bluevistaprod.com/,animation 3d lyon,1,1,100,1
http://www.bluevistaprod.com/,boite de production cinéma,1,1,100,21
http://www.bluevistaprod.com/,location matériel vidéo lyon,1,1,100,2
http://www.bluevistaprod.com/,studio tournage lyon,1,1,100,1
https://en.bluevistaprod.com/our-skills/live-streaming-webtv/,web.tv online,1,1,100,89
https://www.bluevistaprod.com/,société production audiovisuelle suisse,1,1,100,3
https://www.bluevistaprod.com/actualites/video-immersive-360/,360 immersion,1,1,100,10
https://www.bluevistaprod.com/actualites/stann/,stann,0,8072,0,7.1
https://www.bluevistaprod.com/video-publicitaire/,vidéo publicitaire,0,4849,0,43
https://www.bluevistaprod.com/nos-realisations/engie-home-services-video-thermostat-migo/,engie thermostat connecté,0,4743,0,8.5
https://www.bluevistaprod.com/nos-competences/motion-design/,agence motion design,0,4529,0,84.3
https://www.bluevistaprod.com/,agence vidéo lyon,0,2535,0,17.4
https://www.bluevistaprod.com/nos-competences/video-corporate-film-dentreprise/,vidéo corporate,0,2263,0,64.2
https://www.bluevistaprod.com/bluevista-agence-metaverse/,agence réalité virtuelle,0,2178,0,32.4
https://www.bluevistaprod.com/studio-animation-3d-lyon/,"studio animation ""3d",0,1760,0,31.7
https://en.bluevistaprod.com/video-production-in-geneva/,geneva video production,0,1688,0,28.3
https://www.bluevistaprod.com/video-publicitaire/,production vidéos publicitaires,0,1496,0,8.1
https://www.bluevistaprod.com/video-publicitaire/,video publicitaire,0,1474,0,30.3
https://www.bluevistaprod.com/realisation-film-entreprise-lyon/,film d'entreprise,0,1473,0,74.3
https://www.bluevistaprod.com/nos-competences/video-corporate-film-dentreprise/,video corporate,0,1470,0,59.9
https://www.bluevistaprod.com/,agence production vidéo,0,1424,0,71.9
https://www.bluevistaprod.com/bluevista-agence-metaverse/,agence metaverse,0,1423,0,13.2
https://www.bluevistaprod.com/film-d-entreprise-paris-15-ans-d-experience/,agence video paris,0,1269,0,43.8
https://www.bluevistaprod.com/video-publicitaire/,vidéo publicitaire entreprise,0,1223,0,11.7
https://www.bluevistaprod.com/video-publicitaire/,agence vidéo,0,1170,0,27.1
https://www.bluevistaprod.com/nos-competences/motion-design/,agence motion design paris,0,1068,0,71.5
https://www.bluevistaprod.com/video-publicitaire/,publicite video,0,1066,0,46.3
https://www.bluevistaprod.com/realisation-film-entreprise-lyon/,agence vidéo lyon,0,1042,0,58.1
https://www.bluevistaprod.com/studio-animation-3d-paris/,"studio animation ""3d",0,1040,0,52.9
https://www.bluevistaprod.com/video-publicitaire/,tournages vidéos publicitaires,0,992,0,10.8
https://en.bluevistaprod.com/video-production-in-geneva/,video production geneva,0,970,0,32.6
https://www.bluevistaprod.com/video-publicitaire/,vidéos publicitaires,0,873,0,31.8
https://en.bluevistaprod.com/geneva-event-video-production/,geneva video production,0,860,0,49.4
https://www.bluevistaprod.com/nos-competences/motion-design/,agence video motion design,0,838,0,81.7
https://www.bluevistaprod.com/actualites/aravi-saison-2022-2023/,aravi,0,812,0,8.7
https://www.bluevistaprod.com/,agence création vidéo,0,807,0,52.9
https://www.bluevistaprod.com/video-publicitaire/,agence film publicitaire,0,801,0,19.8
https://www.bluevistaprod.com/film-d-entreprise-paris-15-ans-d-experience/,film entreprise paris,0,799,0,19.5
https://www.bluevistaprod.com/video-publicitaire/,agence de publicité video,0,785,0,14.7
https://www.bluevistaprod.com/realisation-film-entreprise-lyon/,film entreprise lyon,0,774,0,20.8
https://www.bluevistaprod.com/video-publicitaire/,réalisation vidéo publicitaire,0,758,0,14.7
https://www.bluevistaprod.com/realisation-film-entreprise-lyon/,film entreprise,0,739,0,84.3
https://www.bluevistaprod.com/nos-competences/motion-design/,agence de motion design,0,737,0,78.8
https://www.bluevistaprod.com/film-d-entreprise-paris-15-ans-d-experience/,agence vidéo paris,0,732,0,43.2
https://www.bluevistaprod.com/nos-competences/video-aerienne-drone/,vidéo aérienne,0,721,0,33.9
https://www.bluevistaprod.com/nos-competences/video-mapping/,animation video mapping,0,700,0,9.9
https://www.bluevistaprod.com/nos-realisations/dromis-equans-ineo/,ineo,0,695,0,75.7
https://www.bluevistaprod.com/studio-animation-3d-paris/,studio 3d,0,692,0,46.6
https://www.bluevistaprod.com/bluevista-agence-metaverse/,bluevista,0,685,0,1.1
https://www.bluevistaprod.com/,agence streaming lyon,0,673,0,30.3
https://www.bluevistaprod.com/nos-competences/video-mapping/,mapping vidéo paris,0,656,0,10.1
https://www.bluevistaprod.com/nos-competences/aftermovie-captation-evenementielle/,film évènementiel aftermovie,0,652,0,6.5
https://www.bluevistaprod.com/nos-competences/creation-immersive-realite-virtuelle/,agence réalité virtuelle,0,649,0,55.9
https://www.bluevistaprod.com/studio-animation-3d-paris/,studio 3d animation,0,642,0,27.6
https://www.bluevistaprod.com/realisation-film-entreprise-lyon/,video entreprise lyon,0,636,0,35.5
https://www.bluevistaprod.com/nos-competences/motion-design/,motion design agence,0,621,0,86.1
https://www.bluevistaprod.com/,agence creation video,0,610,0,31.4
https://www.bluevistaprod.com/nos-competences/video-mapping/,mapping vidéo lyon,0,603,0,4.8
https://www.bluevistaprod.com/video-publicitaire/,video publicitaire entreprise,0,602,0,22.3
https://www.bluevistaprod.com/,prestataire vidéo,0,590,0,38.5
https://www.bluevistaprod.com/,agence de production lyon,0,589,0,43.5
https://www.bluevistaprod.com/video-publicitaire/,realisation video publicitaire,0,589,0,15.9
https://www.bluevistaprod.com/,agence video lyon,0,576,0,15.9
https://www.bluevistaprod.com/,agence de création vidéo,0,571,0,56.6
https://www.bluevistaprod.com/nos-competences/motion-design/,agence vidéo animée,0,571,0,74.1
https://www.bluevistaprod.com/nos-competences/video-corporate-film-dentreprise/,video corporate entreprise,0,568,0,59.8
https://www.bluevistaprod.com/nos-competences/video-aerienne-drone/,vidéo entreprise drone,0,567,0,64.8
https://www.bluevistaprod.com/studio-animation-3d-paris/,animation 3d paris,0,565,0,24.4
https://www.bluevistaprod.com/studio-animation-3d-paris/,entreprise animation 3d paris,0,558,0,15.9
https://www.bluevistaprod.com/studio-animation-3d-paris/,animation studio paris,0,556,0,38.1
https://www.bluevistaprod.com/actualites/carte-de-voeux-video/,carte de voeux video,0,552,0,24
https://www.bluevistaprod.com/,agence multimédia lyon,0,548,0,31.1
https://www.bluevistaprod.com/nos-realisations/engie-home-services-video-thermostat-migo/,migo link,0,541,0,33.1
https://www.bluevistaprod.com/studio-animation-3d-paris/,studio d'animation 2d paris,0,538,0,34
https://www.bluevistaprod.com/nos-competences/aftermovie-captation-evenementielle/,réalisation aftermovie,0,518,0,17.4
https://www.bluevistaprod.com/,production video lyon,0,516,0,34.9
https://www.bluevistaprod.com/video-publicitaire/,agence de communication vidéo,0,512,0,19.1
https://www.bluevistaprod.com/nos-realisations/cera-agence-innovation/,agence innovation,0,501,0,42.4
https://www.bluevistaprod.com/realisation-film-entreprise-lyon/,film d entreprise lyon,0,497,0,18.3
https://www.bluevistaprod.com/realisation-film-entreprise-lyon/,production video lyon,0,496,0,71.9
https://en.bluevistaprod.com/video-production-in-geneva/,video production agency geneva,0,487,0,28.3
https://www.bluevistaprod.com/realisation-film-entreprise-lyon/,devis vidéo d'entreprise lyon,0,481,0,4.2
https://www.bluevistaprod.com/actualites/video-immersive-360/,video immersive,0,479,0,11.2
https://www.bluevistaprod.com/,agence de production video,0,476,0,67.3
https://www.bluevistaprod.com/,geneva video production,0,465,0,30.2
https://www.bluevistaprod.com/nos-competences/video-mapping/,vidéo mapping,0,462,0,33.4
https://www.bluevistaprod.com/studio-animation-3d-paris/,studio d animation paris,0,454,0,28.3
https://www.bluevistaprod.com/realisation-film-sante/,production vidéo santé,0,450,0,18.7
https://www.bluevistaprod.com/film-d-entreprise-paris-15-ans-d-experience/,video entreprise paris,0,449,0,34.5
https://www.bluevistaprod.com/video-publicitaire/,videaste pub paris,0,447,0,14.5
https://www.bluevistaprod.com/video-publicitaire/,création video publicitaire,0,445,0,41
https://www.bluevistaprod.com/,boite de production lyon,0,440,0,33.9
https://www.bluevistaprod.com/actualites/carte-de-voeux-video/,carte voeux video,0,436,0,29.7
https://www.bluevistaprod.com/realisation-film-entreprise-lyon/,agence video lyon,0,435,0,54
https://www.bluevistaprod.com/video-publicitaire/,publicité video,0,421,0,39
https://www.bluevistaprod.com/,agence production video,0,419,0,72.1
https://www.bluevistaprod.com/actualites/koesio-carte-de-voeux-2023/,carte de voeux 2023,0,419,0,47.6
https://www.bluevistaprod.com/studio-animation-3d-lyon/,agence animation 3d,0,408,0,34.6
https://www.bluevistaprod.com/nos-competences/animation-3d/,studio animation 3d,0,407,0,59.7
https://www.bluevistaprod.com/nos-competences/aftermovie-captation-evenementielle/,film évènementiel captation intégrale,0,405,0,29
https://www.bluevistaprod.com/nos-competences/motion-design/,réalisation motion design le mans,0,405,0,72.4
https://www.bluevistaprod.com/nos-competences/video-mapping/,mapping vidéo,0,401,0,31.9
https://www.bluevistaprod.com/video-publicitaire/,production film publicitaire,0,399,0,30.6
https://www.bluevistaprod.com/bluevista-agence-metaverse/,agence vr,0,398,0,27
https://www.bluevistaprod.com/nos-competences/video-mapping/,professionnel du vidéo mapping,0,397,0,10.9
https://www.bluevistaprod.com/studio-animation-3d-paris/,studio animation 2d paris,0,397,0,44.4
https://www.bluevistaprod.com/nos-competences/aftermovie-captation-evenementielle/,aftermovie définition,0,394,0,9.4
https://www.bluevistaprod.com/realisation-film-entreprise-lyon/,video corporate lyon,0,393,0,15.8
https://www.bluevistaprod.com/,agence réalisation vidéo,0,389,0,48.3
https://www.bluevistaprod.com/actualites/carte-de-voeux-video/,carte de voeux vidéos,0,380,0,21.4
https://www.bluevistaprod.com/,production vidéo lyon,0,379,0,37.1
https://www.bluevistaprod.com/,boite de prod lyon,0,375,0,27
https://www.bluevistaprod.com/nos-competences/creation-immersive-realite-virtuelle/,casque de réalité virtuelle personnalisé,0,373,0,74.3
https://www.bluevistaprod.com/video-publicitaire/,créer une video publicitaire,0,373,0,52.7
https://www.bluevistaprod.com/realisation-film-entreprise-lyon/,production vidéo lyon,0,372,0,61.5
https://www.bluevistaprod.com/realisation-film-entreprise-lyon/,réalisation vidéo entreprise lyon,0,371,0,26.9
https://www.bluevistaprod.com/nos-competences/animation-3d/,agence animation 3d,0,370,0,30.6
https://www.bluevistaprod.com/nos-competences/motion-design/,réalisation motion design arnage,0,366,0,57.8
https://www.bluevistaprod.com/,video production geneva,0,365,0,24
https://www.bluevistaprod.com/nos-competences/video-corporate-film-dentreprise/,tournages corporate,0,365,0,59
https://www.bluevistaprod.com/actualites/video-immersive-360/,agence video 360,0,360,0,39.5
https://www.bluevistaprod.com/nos-realisations/thx-medical-dosamat-digital-2-0/,thx medical,0,358,0,8.7
https://www.bluevistaprod.com/realisation-film-entreprise-lyon/,film d entreprise,0,356,0,68.3
https://www.bluevistaprod.com/nos-competences/video-corporate-film-dentreprise/,agence vidéo corporate,0,354,0,42.2
https://www.bluevistaprod.com/nos-competences/video-mapping/,video mapping,0,354,0,30.1
https://www.bluevistaprod.com/,agence prod,0,353,0,76.3
https://www.bluevistaprod.com/nos-realisations/bluevista-creative-la-pizza/,bluevista,0,353,0,5
https://www.bluevistaprod.com/realisation-film-entreprise-lyon/,creation film entreprise,0,353,0,36.4
https://www.bluevistaprod.com/nos-competences/live-streaming-webtv/,web tv,0,351,0,74
https://www.bluevistaprod.com/nos-competences/video-corporate-film-dentreprise/,film corporate entreprise,0,345,0,75.6
https://www.bluevistaprod.com/realisation-film-entreprise-lyon/,corporate video lyon,0,342,0,25.6
https://www.bluevistaprod.com/realisation-film-lancement-produit/,vidéo produit,0,342,0,81.7
https://www.bluevistaprod.com/realisation-video-geneve/,geneva video production,0,342,0,11.2
https://www.bluevistaprod.com/studio-animation-3d-paris/,studio d'animation 3d,0,342,0,50.1
https://www.bluevistaprod.com/actualites/video-mapping-lyon-intercontinental-grand-hotel-dieu/,mapping vidéo lyon,0,341,0,32.4
https://www.bluevistaprod.com/actualites/carte-de-voeux-video/,carte de vœux vidéo,0,337,0,22.3
https://www.bluevistaprod.com/actualites/carte-de-voeux-video/,carte de voeux vidéo,0,336,0,24.1
https://www.bluevistaprod.com/realisation-film-entreprise-lyon/,réalisation vidéo entreprise,0,336,0,82.6
https://www.bluevistaprod.com/bluevista-agence-metaverse/,agence réalité virtuelle lyon,0,333,0,22.7
https://www.bluevistaprod.com/studio-animation-3d-lyon/,studio animation 3d france,0,333,0,65.4
https://www.bluevistaprod.com/film-d-entreprise-paris-15-ans-d-experience/,film entreprise region parisienne,0,330,0,3.3
https://www.bluevistaprod.com/nos-competences/video-corporate-film-dentreprise/,video film entreprise,0,330,0,70.9
https://www.bluevistaprod.com/,agence de video,0,327,0,33.2
https://www.bluevistaprod.com/video-publicitaire/,realisation film publicitaire,0,327,0,24.7
https://www.bluevistaprod.com/video-publicitaire/,agence video ads,0,321,0,35.6
https://www.bluevistaprod.com/film-d-entreprise-paris-15-ans-d-experience/,vidéo corporate ile de france,0,320,0,8.8
https://www.bluevistaprod.com/film-d-entreprise-paris-15-ans-d-experience/,video entreprise ile de france,0,319,0,8
https://www.bluevistaprod.com/,agence videaste,0,318,0,27
https://www.bluevistaprod.com/actualites/carte-de-voeux-video/,vidéo voeux,0,318,0,33.9
https://www.bluevistaprod.com/studio-animation-3d-paris/,agence animation 3d,0,318,0,36.2
https://www.bluevistaprod.com/nos-competences/video-aerienne-drone/,video aerienne,0,317,0,32.4
https://www.bluevistaprod.com/realisation-film-entreprise-lyon/,devis réalisation vidéo d'entreprise lyon,0,317,0,5
https://www.bluevistaprod.com/film-d-entreprise-paris-15-ans-d-experience/,video corporate region parisienne,0,314,0,13
https://www.bluevistaprod.com/film-d-entreprise-paris-15-ans-d-experience/,video d'entreprise paris,0,312,0,17.9
https://www.bluevistaprod.com/realisation-film-lancement-produit/,film de lancement de produit,0,310,0,4.9
https://www.bluevistaprod.com/studio-animation-3d-lyon/,studio motion design lyon,0,307,0,51.8
https://www.bluevistaprod.com/nos-realisations/engie-home-services-video-thermostat-migo/,migo,0,303,0,38
https://www.bluevistaprod.com/nos-competences/video-aerienne-drone/,vidéos aériennes,0,297,0,42.8
https://www.bluevistaprod.com/nos-competences/animation-3d/,3d animation studio,0,294,0,63.8
https://www.bluevistaprod.com/nos-realisations/bluevista-creative-unicorn-team/,bluevista,0,292,0,4.4
https://www.bluevistaprod.com/studio-animation-3d-paris/,studio animation luxe,0,292,0,13.9
https://www.bluevistaprod.com/,agence pour réalisateurs 3d,0,291,0,26.1
https://www.bluevistaprod.com/nos-realisations/engie-home-services-video-thermostat-migo/,thermostat migo,0,289,0,15.4
https://www.bluevistaprod.com/realisation-film-entreprise-lyon/,production film entreprise lyon,0,288,0,26.4
https://www.bluevistaprod.com/,agence réalisateurs 3d,0,287,0,18.1
https://www.bluevistaprod.com/actualites/bluevista-video-showreel-2023/,blue vista,0,287,0,5.1
https://www.bluevistaprod.com/nos-competences/motion-design/,agence pour motion designers,0,286,0,74.2
https://www.bluevistaprod.com/studio-animation-3d-paris/,entreprise animation 3d,0,285,0,41.1
https://www.bluevistaprod.com/realisation-film-entreprise-lyon/,video pour entreprise lyon,0,283,0,23
https://www.bluevistaprod.com/studio-animation-3d-lyon/,entreprise animation 3d,0,283,0,18.5
https://www.bluevistaprod.com/studio-animation-3d-paris/,studios animation paris,0,283,0,45.2
https://www.bluevistaprod.com/video-publicitaire/,agence vidéo publicitaire,0,280,0,11.7
https://en.bluevistaprod.com/nos-realisations/pisten-bully-360-vr-snowcat/,360 the snowcat,0,274,0,6.2
https://www.bluevistaprod.com/video-publicitaire/,agence video,0,272,0,56.3
https://www.bluevistaprod.com/nos-competences/aftermovie-captation-evenementielle/,captation video evenement,0,271,0,79.1
https://www.bluevistaprod.com/video-publicitaire/,publicité vidéo pour entreprise,0,270,0,13.9
https://www.bluevistaprod.com/realisation-de-film-evenements/,réalisation vidéo événement,0,268,0,16.5
https://www.bluevistaprod.com/studio-animation-3d-lyon/,agence motion design lyon,0,268,0,79.7
https://www.bluevistaprod.com/studio-animation-3d-paris/,studio animation 3d france,0,267,0,55.9
https://www.bluevistaprod.com/,agence montage video,0,266,0,70.3
https://www.bluevistaprod.com/video-publicitaire/,production vidéo publicitaire,0,261,0,38.8
https://www.bluevistaprod.com/realisation-film-entreprise-lyon/,video d entreprise lyon,0,260,0,24.9
https://www.bluevistaprod.com/,société de production lyon,0,258,0,63.1
https://www.bluevistaprod.com/video-promotionnelle/,bluevista,0,258,0,1.7
https://www.bluevistaprod.com/nos-competences/video-mapping/,création de vidéo mapping à ploërmel,0,257,0,17.4
https://www.bluevistaprod.com/nos-competences/video-corporate-film-dentreprise/,films corporate,0,256,0,63.8
https://www.bluevistaprod.com/studio-animation-3d-paris/,agence 3d,0,256,0,82.1
https://www.bluevistaprod.com/nos-competences/video-mapping/,création de vidéo mapping à redon,0,255,0,19.6
https://en.bluevistaprod.com/,geneva video production,0,252,0,64.4
https://www.bluevistaprod.com/nos-competences/video-mapping/,création de vidéo mapping à pontivy,0,251,0,18.6
https://www.bluevistaprod.com/studio-animation-3d-paris/,studio motion 3d paris,0,251,0,23.2
https://www.bluevistaprod.com/,agence de communication audiovisuelle lyon,0,248,0,47
https://www.bluevistaprod.com/bluevista-agence-metaverse/,adapter les ventes à la réalité de la production,0,248,0,56.4
https://www.bluevistaprod.com/studio-animation-3d-paris/,studios 3d,0,248,0,24.7
https://www.bluevistaprod.com/nos-competences/video-corporate-film-dentreprise/,vidéos corporate,0,247,0,64
https://en.bluevistaprod.com/geneva-event-video-production/,video production geneva,0,246,0,67.9
https://www.bluevistaprod.com/nos-competences/video-mapping/,création de vidéo mapping à brest,0,245,0,20.5
https://www.bluevistaprod.com/film-d-entreprise-paris-15-ans-d-experience/,agence film d'entreprise,0,244,0,62.7
https://www.bluevistaprod.com/video-publicitaire/,agence display video,0,244,0,38.3
https://www.bluevistaprod.com/realisation-film-entreprise-lyon/,agence video entreprise lyon,0,243,0,29.3
https://www.bluevistaprod.com/nos-competences/video-corporate-film-dentreprise/,devis vidéo corporate,0,241,0,69.4
https://www.bluevistaprod.com/nos-competences/video-aerienne-drone/,entreprise de video aerienne avec drone,0,239,0,8.6
https://www.bluevistaprod.com/nos-competences/motion-design/,motion design studio,0,238,0,81.7
https://www.bluevistaprod.com/,production vidéo genève,0,234,0,4.2
https://www.bluevistaprod.com/,agence vidéo paris,0,232,0,40.7
https://www.bluevistaprod.com/nos-competences/video-mapping/,création de vidéo mapping à moréac,0,232,0,17.8
https://www.bluevistaprod.com/actualites/koesio-carte-de-voeux-2023/,carte voeux 2023,0,231,0,53.2
https://www.bluevistaprod.com/actualites/showroom-virtuel-gf-machining-solutions/,virtuelt showroom,0,231,0,62.2
https://www.bluevistaprod.com/nos-competences/live-streaming-webtv/,plateforme de diffusion live,0,231,0,77.4
https://www.bluevistaprod.com/realisation-film-lancement-produit/,lancement film,0,231,0,6.3
https://www.bluevistaprod.com/nos-competences/video-corporate-film-dentreprise/,vidéo corporate entreprise,0,230,0,71.5
https://www.bluevistaprod.com/nos-competences/video-mapping/,création de vidéo mapping à josselin,0,230,0,18.5
https://www.bluevistaprod.com/studio-animation-3d-paris/,studio animation,0,230,0,67.9
https://www.bluevistaprod.com/nos-competences/motion-design/,motion design entreprise,0,229,0,76.7
https://www.bluevistaprod.com/video-promotionnelle/,films promotionnels,0,228,0,30.6
https://www.bluevistaprod.com/nos-competences/motion-design/,motion design agence paris,0,227,0,76.1
https://www.bluevistaprod.com/nos-competences/video-aerienne-drone/,location drone avec pilote,0,227,0,68.5
https://www.bluevistaprod.com/nos-competences/video-corporate-film-dentreprise/,corporate film geneva,0,227,0,1.4
https://www.bluevistaprod.com/nos-competences/video-mapping/,création de vidéo mapping à poitiers,0,227,0,23.3
https://www.bluevistaprod.com/studio-animation-3d-lyon/,studio d'animation,0,226,0,52
https://www.bluevistaprod.com/,agence de publicité video,0,224,0,78.3
https://en.bluevistaprod.com/our-skills/corporate-video-corporate-film/,corporate film,0,223,0,70.3
https://www.bluevistaprod.com/nos-competences/video-mapping/,création de vidéo mapping à saumur,0,223,0,15.9
https://www.bluevistaprod.com/video-publicitaire/,film publicitaire créatif,0,223,0,15.8
https://www.bluevistaprod.com/realisation-film-lancement-produit/,product launch film,0,222,0,4.2
https://www.bluevistaprod.com/,production vidéo corporate genève,0,221,0,2.7
https://www.bluevistaprod.com/nos-competences/motion-design/,motion design studios,0,220,0,43.9
https://www.bluevistaprod.com/realisation-film-entreprise-lyon/,agence video entreprise,0,220,0,74.6
https://www.bluevistaprod.com/video-publicitaire/,devis vidéo d'entreprise lyon,0,220,0,34.3
https://www.bluevistaprod.com/,agence de communication vidéo lyon,0,219,0,24.3
https://www.bluevistaprod.com/nos-competences/motion-design/,agence animation vidéo,0,219,0,66.8
https://en.bluevistaprod.com/3d-animation-studio-in-paris/,3d animation studio,0,218,0,20
https://www.bluevistaprod.com/bluevista-agence-metaverse/,blue vista,0,218,0,1.3
https://www.bluevistaprod.com/nos-competences/video-mapping/,création de vidéo mapping à la roche-sur-yon,0,217,0,15.9
https://www.bluevistaprod.com/nos-competences/video-mapping/,création de vidéo mapping à fouesnant,0,216,0,13.5
https://www.bluevistaprod.com/nos-competences/video-mapping/,création de vidéo mapping à laval,0,216,0,20.3
https://www.bluevistaprod.com/video-publicitaire/,agence de publicité vidéo,0,216,0,7.9
https://www.bluevistaprod.com/video-publicitaire/,production de film publicitaire,0,216,0,20.8
https://www.bluevistaprod.com/video-publicitaire/,boite de production film publicitaire,0,215,0,28
https://www.bluevistaprod.com/realisation-film-entreprise-lyon/,film corporate lyon,0,212,0,4.5
https://www.bluevistaprod.com/nos-competences/motion-design/,expert vidéo et motion design,0,211,0,76.8
https://www.bluevistaprod.com/nos-competences/video-corporate-film-dentreprise/,film d'entreprise genève,0,211,0,1.8
https://www.bluevistaprod.com/actualites/show-reel-motion-design/,showreel motion design,0,210,0,33.8
https://www.bluevistaprod.com/realisation-film-entreprise-lyon/,présentation vidéo entreprise lyon,0,210,0,25.4
https://www.bluevistaprod.com/realisation-film-lancement-produit/,video produit,0,209,0,66.1
https://www.bluevistaprod.com/video-publicitaire/,faire créer un film publicitaire,0,209,0,81.7
https://www.bluevistaprod.com/nos-competences/motion-design/,agence vidéo motion design,0,206,0,84.3
https://www.bluevistaprod.com/realisation-video-geneve/,boite de prod genève,0,206,0,55.8
https://www.bluevistaprod.com/video-promotionnelle/,blue vista,0,206,0,1.1
https://www.bluevistaprod.com/nos-competences/video-mapping/,création de vidéo mapping à le mans,0,205,0,20.7
https://www.bluevistaprod.com/nos-realisations/bluevista-creative-la-pizza/,bluevista production,0,205,0,4.3
https://www.bluevistaprod.com/,agence production vidéo lyon,0,204,0,53
https://www.bluevistaprod.com/,audiovisual agency geneva,0,204,0,4.5
https://www.bluevistaprod.com/,agence de montage vidéo,0,203,0,66.2
https://www.bluevistaprod.com/nos-competences/video-corporate-film-dentreprise/,corporate films,0,202,0,39
https://www.bluevistaprod.com/,agence streaming video paris,0,201,0,40.8
https://www.bluevistaprod.com/nos-competences/video-mapping/,video mapping calvados,0,198,0,36.8
https://www.bluevistaprod.com/nos-realisations/bluevista-showreel-2020/,bluevista,0,198,0,4.4
https://www.bluevistaprod.com/video-publicitaire/,videos publicitaire,0,197,0,29.5
https://www.bluevistaprod.com/nos-competences/video-corporate-film-dentreprise/,films corporates,0,195,0,65.7
https://www.bluevistaprod.com/nos-realisations/olinn-video-publicitaire/,olinn,0,195,0,20.2
https://www.bluevistaprod.com/realisation-film-entreprise-lyon/,vidéo entreprise lyon,0,195,0,34.3
https://www.bluevistaprod.com/video-publicitaire/,production de films publicitaires,0,195,0,18.8
https://www.bluevistaprod.com/video-publicitaire/,production publicité,0,195,0,25.5
https://www.bluevistaprod.com/,video entreprise lyon,0,194,0,30.1
https://www.bluevistaprod.com/nos-competences/motion-design/,agent motion designer,0,194,0,49.7
https://www.bluevistaprod.com/realisation-film-evenementiel/,production film evenementiel,0,194,0,14.5
https://en.bluevistaprod.com/video-production-in-geneva/,video agency geneva,0,193,0,31.8
https://www.bluevistaprod.com/nos-competences/aftermovie-captation-evenementielle/,aftermovie professionnel,0,193,0,8.2
https://www.bluevistaprod.com/nos-competences/video-aerienne-drone/,drone prise de vue aérienne professionnel,0,193,0,37
https://www.bluevistaprod.com/nos-realisations/dromis-equans-ineo/,inéo,0,193,0,63.9
https://www.bluevistaprod.com/realisation-film-entreprise-lyon/,agence de production de motion design à lyon,0,193,0,42.5
https://www.bluevistaprod.com/actualites/motion-design-3d-et-mapping-a-paris-au-musee-rodin/,mapping vidéo paris,0,191,0,36.8
https://www.bluevistaprod.com/realisation-film-entreprise-lyon/,boite de prod lyon,0,189,0,38.2
https://www.bluevistaprod.com/,agence de prod,0,188,0,30.4
https://www.bluevistaprod.com/realisation-film-entreprise-lyon/,présentation entreprise vidéo lyon,0,188,0,29.5
https://www.bluevistaprod.com/bluevista-agence-metaverse/,agence realite virtuelle,0,187,0,32
https://www.bluevistaprod.com/nos-competences/video-mapping/,création de vidéo mapping à toursauray,0,187,0,13.4
https://www.bluevistaprod.com/nos-realisations/hitachi-cs-net/,cs net,0,187,0,8.6
https://www.bluevistaprod.com/realisation-de-film-evenements/,vidéo évènementiel genève,0,186,0,9.1
https://www.bluevistaprod.com/realisation-video-geneve/,corporate video production geneva,0,186,0,4.1
https://www.bluevistaprod.com/nos-competences/video-mapping/,création de vidéo mapping à muzillac,0,185,0,15.1
https://www.bluevistaprod.com/,agence vidéo de luxe genève,0,184,0,3.1
https://www.bluevistaprod.com/film-d-entreprise-paris-15-ans-d-experience/,agence communication vidéo paris,0,184,0,44.7
https://www.bluevistaprod.com/film-d-entreprise-paris-15-ans-d-experience/,vidéo d'entreprise idf,0,184,0,7
https://www.bluevistaprod.com/nos-competences/video-mapping/,mapping video,0,184,0,35.4
https://www.bluevistaprod.com/,video production agency geneva,0,183,0,41.5
https://www.bluevistaprod.com/film-d-entreprise-paris-15-ans-d-experience/,vidéo d'entreprise ile-de-france,0,183,0,5.6
https://www.bluevistaprod.com/realisation-film-entreprise-lyon/,montage video entreprise lyon,0,183,0,29.6
https://www.bluevistaprod.com/studio-animation-3d-paris/,entreprise modélisation 3d paris,0,183,0,37.7
https://www.bluevistaprod.com/nos-competences/motion-design/,création motion design sens,0,182,0,32.7
https://www.bluevistaprod.com/studio-animation-3d-lyon/,agence 3d lyon,0,180,0,11.7
https://www.bluevistaprod.com/actualites/motion-design-3d-et-mapping-a-paris-au-musee-rodin/,mapping paris,0,179,0,48.9
https://www.bluevistaprod.com/film-d-entreprise-paris-15-ans-d-experience/,vidéo entreprise ile-de-france,0,179,0,13.2
https://www.bluevistaprod.com/nos-competences/aftermovie-captation-evenementielle/,professional aftermovie,0,178,0,8.6
https://www.bluevistaprod.com/nos-competences/creation-immersive-realite-virtuelle/,création de vidéo immersive 360,0,178,0,30.7
https://www.bluevistaprod.com/nos-competences/video-mapping/,création de vidéo mapping à angers,0,177,0,28.9
https://www.bluevistaprod.com/nos-competences/motion-design/,agence animation video,0,176,0,65.6
https://www.bluevistaprod.com/realisation-film-evenementiel/,film événementiel,0,175,0,26.7
https://www.bluevistaprod.com/,video agency geneva,0,174,0,29.7
https://www.bluevistaprod.com/actualites/koesio-carte-de-voeux-2023/,cartes de vœux 2023,0,171,0,44.9
https://www.bluevistaprod.com/bluevista-agence-metaverse/,agence réalité augmentée,0,171,0,68.3
https://www.bluevistaprod.com/nos-competences/video-corporate-film-dentreprise/,réalisation films corporate,0,171,0,82.7
https://www.bluevistaprod.com/studio-animation-3d-paris/,entreprise de modelisation 3d paris​,0,171,0,20.4
https://www.bluevistaprod.com/film-d-entreprise-paris-15-ans-d-experience/,vidéo entreprise idf,0,170,0,10.6
https://www.bluevistaprod.com/realisation-film-entreprise-lyon/,entreprise audiovisuel lyon,0,170,0,87.2
https://www.bluevistaprod.com/studio-animation-3d-paris/,studio animation 3d luxe,0,170,0,59.4
https://www.bluevistaprod.com/,production audiovisuelle à genève,0,169,0,14.3
https://www.bluevistaprod.com/video-publicitaire/,agence pub vidéo,0,169,0,6.1
https://www.bluevistaprod.com/,agence de montage video,0,168,0,83.4
https://www.bluevistaprod.com/nos-competences/animation-3d/,animation 3d lyon,0,168,0,48.5
https://www.bluevistaprod.com/nos-competences/video-aerienne-drone/,prise de vue drone,0,168,0,82.5
https://www.bluevistaprod.com/nos-competences/video-aerienne-drone/,video par drone,0,168,0,63.3
https://www.bluevistaprod.com/,agence streaming,0,167,0,34.4
https://www.bluevistaprod.com/,société de production vidéo lyon,0,167,0,55.9
https://www.bluevistaprod.com/,société production audiovisuelle lyon,0,167,0,76
https://www.bluevistaprod.com/actualites/koesio-carte-de-voeux-2023/,carte de vœux 2023,0,167,0,43
https://www.bluevistaprod.com/studio-animation-3d-lyon/,modélisation 3d lyon,0,166,0,47.6
https://www.bluevistaprod.com/nos-realisations/cera-agence-innovation/,agence innovation paris,0,164,0,51.4
https://www.bluevistaprod.com/,prestataire video,0,163,0,43.1
https://www.bluevistaprod.com/nos-competences/motion-design/,motion design paris,0,163,0,92.7
https://www.bluevistaprod.com/,entreprise de production lyon,0,162,0,76.2
https://www.bluevistaprod.com/actualites/video-immersive-360/,vidéos immersives,0,160,0,19.9
https://www.bluevistaprod.com/film-d-entreprise-paris-15-ans-d-experience/,film d entreprise,0,160,0,56.9
https://www.bluevistaprod.com/nos-competences/motion-design/,studio de motion design,0,160,0,78.8
https://www.bluevistaprod.com/realisation-de-film-evenements/,production vidéo event,0,160,0,41.5
https://www.bluevistaprod.com/realisation-film-sante/,vidéo corporate santé lyon,0,159,0,10.1
https://www.bluevistaprod.com/video-publicitaire/,entreprise vidéo publicitaire,0,159,0,10.3
https://www.bluevistaprod.com/nos-competences/video-aerienne-drone/,drone professionnel video,0,158,0,60.7
https://en.bluevistaprod.com/video-production-in-geneva/,corporate video geneva,0,157,0,20.9
https://www.bluevistaprod.com/,agence production lyon,0,157,0,31.8
https://www.bluevistaprod.com/video-publicitaire/,agence film publicitaire lyon,0,157,0,49.2
https://www.bluevistaprod.com/nos-competences/video-corporate-film-dentreprise/,film présentation entreprise,0,156,0,77.6
https://www.bluevistaprod.com/,corporate video production geneva,0,155,0,10.3
https://www.bluevistaprod.com/realisation-film-entreprise-lyon/,agence marketing vidéo lyon,0,154,0,64.5
https://www.bluevistaprod.com/video-publicitaire/,vidéo promotionnelle entreprise agence de pub en ligne,0,154,0,37.7
https://www.bluevistaprod.com/film-d-entreprise-paris-15-ans-d-experience/,production film institutionnel paris,0,152,0,65.8
https://www.bluevistaprod.com/nos-competences/motion-design/,devis motion design,0,152,0,85.5
https://www.bluevistaprod.com/realisation-film-entreprise-lyon/,agence de communication audiovisuelle lyon,0,152,0,63.4
https://www.bluevistaprod.com/video-publicitaire/,film entreprise lyon,0,152,0,52.7
https://www.bluevistaprod.com/,agence vidéo genève,0,151,0,2
https://www.bluevistaprod.com/nos-competences/video-aerienne-drone/,video aérienne par drone,0,151,0,55
https://www.bluevistaprod.com/realisation-film-entreprise-lyon/,agence communication video lyon,0,151,0,47.9
https://www.bluevistaprod.com/studio-animation-3d-paris/,studio d'animation,0,151,0,55.3
https://www.bluevistaprod.com/nos-competences/video-aerienne-drone/,video aérienne,0,150,0,24.4
https://www.bluevistaprod.com/nos-competences/video-mapping/,création de vidéo mapping à saint-brieuc,0,150,0,33.4
https://www.bluevistaprod.com/bluevista-agence-metaverse/,agence réalité virtuelle paris,0,149,0,72.9
https://www.bluevistaprod.com/nos-realisations/engie-home-services-video-thermostat-migo/,migo thermostat,0,149,0,18.9
https://www.bluevistaprod.com/actualites/koesio-carte-de-voeux-2023/,cartes de voeux 2023,0,147,0,53.3
https://www.bluevistaprod.com/bluevista-agence-metaverse/,agence realite augmentee,0,147,0,75.1
https://www.bluevistaprod.com/nos-competences/video-aerienne-drone/,vidéo par drone,0,147,0,61.3
https://www.bluevistaprod.com/nos-realisations/bluevista-creative-la-pizza/,blue vista,0,147,0,5.6
https://www.bluevistaprod.com/realisation-film-entreprise-lyon/,agence production vidéo lyon,0,147,0,65.9
https://www.bluevistaprod.com/nos-realisations/hitachi-cs-net/,csnet lite,0,146,0,9.3
https://www.bluevistaprod.com/video-publicitaire/,production film entreprise lyon,0,146,0,44
https://www.bluevistaprod.com/,société audiovisuel lyon,0,145,0,60.8
https://www.bluevistaprod.com/actualites/mase-4-motions/,mase rhone alpes,0,145,0,11.6
https://www.bluevistaprod.com/nos-competences/animation-3d/,studio 3d animation,0,145,0,54.8
https://www.bluevistaprod.com/studio-animation-3d-lyon/,studio animation luxe,0,145,0,51.1
https://www.bluevistaprod.com/,prestataire streaming lyon,0,144,0,46.5
https://www.bluevistaprod.com/nos-competences/aftermovie-captation-evenementielle/,captation événement,0,144,0,68.5
https://www.bluevistaprod.com/realisation-film-entreprise-lyon/,film institutionnel lyon,0,144,0,25.6
https://www.bluevistaprod.com/actualites/carte-de-voeux-video/,cartes de voeux 2016,0,143,0,78.6
https://www.bluevistaprod.com/nos-realisations/qwartz/,qwartz,0,143,0,41.4
https://www.bluevistaprod.com/studio-animation-3d-lyon/,motion design lyon,0,143,0,86.5
https://www.bluevistaprod.com/actualites/bluevista-video-showreel-2023/,showreel agence,0,142,0,73.9
https://www.bluevistaprod.com/actualites/koesio-carte-de-voeux-2023/,image voeux 2023,0,142,0,54.7
https://www.bluevistaprod.com/nos-competences/video-aerienne-drone/,video aérienne drone,0,142,0,47.1
https://www.bluevistaprod.com/nos-competences/video-corporate-film-dentreprise/,film video entreprise,0,142,0,77.3
https://www.bluevistaprod.com/nos-competences/video-corporate-film-dentreprise/,videaste corporate,0,140,0,59.2
https://www.bluevistaprod.com/realisation-film-sante/,société production audiovisuelle spécialisée santé,0,140,0,36.8
https://www.bluevistaprod.com/studio-animation-3d-paris/,3d animation studios,0,140,0,63.2
https://www.bluevistaprod.com/studio-animation-3d-paris/,animation 2d paris,0,140,0,74.3
https://www.bluevistaprod.com/,captation vidéo geneve,0,139,0,46.1
https://www.bluevistaprod.com/nos-competences/motion-design/,agence vidéo et motion design,0,139,0,54
https://www.bluevistaprod.com/mentions-legales/,blue vista,0,138,0,1.2
https://www.bluevistaprod.com/agence/,agence de production créative suisse,0,137,0,5.9
https://www.bluevistaprod.com/nos-competences/aftermovie-captation-evenementielle/,captation événementielle,0,137,0,52.5
https://www.bluevistaprod.com/nos-competences/video-mapping/,mapping paris,0,137,0,29.6
https://www.bluevistaprod.com/nos-competences/aftermovie-captation-evenementielle/,aftermovie evenement,0,136,0,46.7
https://www.bluevistaprod.com/nos-competences/motion-design/,design motion lyon,0,136,0,44.8
https://www.bluevistaprod.com/nos-competences/video-corporate-film-dentreprise/,agence video corporate,0,136,0,31.5
https://www.bluevistaprod.com/realisation-film-entreprise-lyon/,vidéo présentation entreprise lyon,0,136,0,28.4
https://www.bluevistaprod.com/film-d-entreprise-paris-15-ans-d-experience/,agence de vidéos paris,0,135,0,62.9
https://www.bluevistaprod.com/nos-competences/motion-design/,agence motion designers,0,135,0,62.6
https://www.bluevistaprod.com/realisation-film-entreprise-lyon/,societe realisation film entreprise,0,135,0,47.4
https://www.bluevistaprod.com/nos-competences/video-aerienne-drone/,videaste drone,0,133,0,46.5
https://www.bluevistaprod.com/contact-devis/,bluevista,0,132,0,1.5
https://www.bluevistaprod.com/nos-competences/video-mapping/,mapping batiment,0,132,0,15.9
https://www.bluevistaprod.com/realisation-film-lancement-produit/,lancement de produit geneve,0,132,0,9.5
https://www.bluevistaprod.com/studio-animation-3d-lyon/,studios 3d,0,132,0,56.4
https://www.bluevistaprod.com/,agence de création vidéo lyon,0,131,0,28.7
https://www.bluevistaprod.com/bluevista-agence-metaverse/,bluevista production,0,130,0,1.2
https://www.bluevistaprod.com/nos-competences/motion-design/,création motion design,0,130,0,73.9
https://www.bluevistaprod.com/realisation-film-sante/,agence vidéo santé,0,130,0,19.8
https://www.bluevistaprod.com/studio-animation-3d-lyon/,studio d animation 3d,0,130,0,19.1
https://www.bluevistaprod.com/studio-animation-3d-paris/,studio d animation 3d,0,130,0,43.8
https://www.bluevistaprod.com/video-publicitaire/,création film publicitaire,0,130,0,30.9
https://www.bluevistaprod.com/video-publicitaire/,vidéo promotionnelle entreprise,0,130,0,50.7
https://www.bluevistaprod.com/,agence de production audiovisuelle lyon,0,129,0,75.5
https://www.bluevistaprod.com/,agence film publicitaire lyon,0,129,0,51.5
https://www.bluevistaprod.com/nos-competences/animation-3d/,film d'animation 3d immobilier,0,129,0,56.7
https://www.bluevistaprod.com/,boite de production audiovisuelle lyon,0,128,0,67.8
https://www.bluevistaprod.com/nos-competences/live-streaming-webtv/,diffusion web tv,0,128,0,47
https://www.bluevistaprod.com/nos-realisations/engie-home-services-video-thermostat-migo/,engie thermostat,0,128,0,9.2
https://www.bluevistaprod.com/realisation-film-lancement-produit/,film produit,0,128,0,19.8
https://www.bluevistaprod.com/video-publicitaire/,agence communication vidéo,0,128,0,10.8
https://www.bluevistaprod.com/actualites/mase-4-motions/,animation mase,0,127,0,72.2
https://www.bluevistaprod.com/nos-competences/video-corporate-film-dentreprise/,production film corporate,0,127,0,72.1
https://www.bluevistaprod.com/,agence streaming paris,0,126,0,77.5
https://www.bluevistaprod.com/,agence de prod genève,0,125,0,3.4
https://www.bluevistaprod.com/nos-competences/motion-design/,agences motion design,0,125,0,51.1
https://www.bluevistaprod.com/realisation-film-sante/,agence vidéo corporate santé france,0,125,0,18.4
https://www.bluevistaprod.com/studio-animation-3d-paris/,cinema 3d paris,0,125,0,25.5
https://www.bluevistaprod.com/realisation-film-lancement-produit/,réalisation film,0,124,0,64.1
https://www.bluevistaprod.com/realisation-de-film-evenements/,vidéo événementielle suisse,0,123,0,35.1
https://www.bluevistaprod.com/realisation-film-entreprise-lyon/,agence de création vidéo lyon,0,123,0,37.2
https://www.bluevistaprod.com/realisation-film-entreprise-lyon/,realisation film entreprise,0,123,0,34
https://www.bluevistaprod.com/realisation-film-entreprise-lyon/,vidéo de présentation entreprise lyon,0,123,0,32.1
https://www.bluevistaprod.com/realisation-film-sante/,agence vidéo corporate santé lyon,0,123,0,10.7
https://www.bluevistaprod.com/video-publicitaire/,montage video publicitaire,0,123,0,21.2
https://www.bluevistaprod.com/,video production paris,0,122,0,44.2
https://www.bluevistaprod.com/video-publicitaire/,creation film publicitaire,0,122,0,30.5
https://www.bluevistaprod.com/video-publicitaire/,montage video entreprise lyon,0,122,0,33.6
https://www.bluevistaprod.com/film-d-entreprise-paris-15-ans-d-experience/,agence vidéo corporate paris,0,121,0,22.2
https://www.bluevistaprod.com/nos-competences/motion-design/,agence création motion design,0,121,0,75.8
https://www.bluevistaprod.com/realisation-film-entreprise-lyon/,société de production vidéo lyon,0,121,0,60.7
https://www.bluevistaprod.com/realisation-film-entreprise-lyon/,video promotionnelle lyon,0,121,0,24
https://www.bluevistaprod.com/,agence communication vidéo,0,119,0,9.8
https://www.bluevistaprod.com/film-d-entreprise-paris-15-ans-d-experience/,agence film entreprise,0,119,0,67.6
https://www.bluevistaprod.com/nos-competences/video-corporate-film-dentreprise/,agence film corporate,0,119,0,52.7
https://www.bluevistaprod.com/nos-competences/video-mapping/,expert en vidéo mapping,0,119,0,23.4
https://www.bluevistaprod.com/studio-animation-3d-lyon/,animation studio 3d,0,119,0,29.4
https://www.bluevistaprod.com/studio-animation-3d-paris/,agence d'animation 3d,0,119,0,28.8
https://www.bluevistaprod.com/video-publicitaire/,société de production publicitaire,0,119,0,18.2
https://www.bluevistaprod.com/video-publicitaire/,société de production publicité,0,119,0,23.1
https://www.bluevistaprod.com/nos-competences/video-corporate-film-dentreprise/,videos corporate,0,118,0,66.6
https://www.bluevistaprod.com/studio-animation-3d-lyon/,présentation interactive 3d lyon,0,118,0,7.3
https://www.bluevistaprod.com/video-publicitaire/,regie publicitaire video,0,118,0,12.6
https://www.bluevistaprod.com/video-publicitaire/,vidéos promotionnelles,0,118,0,36.2
https://www.bluevistaprod.com/realisation-film-entreprise-lyon/,devis film entreprise,0,117,0,74.5
https://www.bluevistaprod.com/realisation-film-sante/,production audiovisuelle santé,0,117,0,13.6
https://www.bluevistaprod.com/studio-animation-3d-lyon/,rendu 3d interactif photoréaliste lyon,0,117,0,7.8
https://www.bluevistaprod.com/actualites/carte-de-voeux-video/,cartes de noël 2016,0,116,0,80.3
https://www.bluevistaprod.com/film-d-entreprise-paris-15-ans-d-experience/,entreprise film,0,116,0,76.1
https://www.bluevistaprod.com/nos-competences/aftermovie-captation-evenementielle/,captation vidéo événement,0,116,0,85.5
https://www.bluevistaprod.com/nos-realisations/bluevista-showreel-2025/,bluevista,0,116,0,4.5
https://www.bluevistaprod.com/studio-animation-3d-lyon/,studio d animation,0,116,0,48.1
https://en.bluevistaprod.com/video-production-in-geneva/,corporate videographer geneva,0,115,0,8.2
https://www.bluevistaprod.com/,agence de production vidéo,0,115,0,50
https://www.bluevistaprod.com/,maison de production cinema lyon,0,115,0,66.1
https://www.bluevistaprod.com/actualites/carte-de-voeux-video/,carte de voeux motion design,0,115,0,71.1
https://www.bluevistaprod.com/film-d-entreprise-paris-15-ans-d-experience/,film d'entreprise paris,0,115,0,15.3
https://www.bluevistaprod.com/realisation-film-entreprise-lyon/,réalisation de films d'entreprise,0,115,0,39
https://www.bluevistaprod.com/video-publicitaire/,agence spot publicitaire,0,115,0,8.8
https://www.bluevistaprod.com/nos-competences/aftermovie-captation-evenementielle/,montage vidéo post-événement,0,114,0,76.3
https://www.bluevistaprod.com/nos-realisations/hitachi-hikumo/,hikumo,0,114,0,8.7
https://www.bluevistaprod.com/realisation-film-entreprise-lyon/,film d entreprise 64,0,114,0,38.9
https://www.bluevistaprod.com/studio-animation-3d-lyon/,animation 3d photoréaliste lyon,0,114,0,3.1
https://www.bluevistaprod.com/studio-animation-3d-paris/,3d animation company,0,114,0,33
https://www.bluevistaprod.com/studio-animation-3d-paris/,animation studio,0,114,0,43
https://www.bluevistaprod.com/nos-competences/video-aerienne-drone/,vidéos aériennes professionnelles,0,113,0,31.7
https://www.bluevistaprod.com/nos-realisations/stann-lapplication-de-gestion-dentreprise/,stane,0,113,0,63.8
https://www.bluevistaprod.com/realisation-film-entreprise-lyon/,entreprise video,0,113,0,47.3
https://www.bluevistaprod.com/realisation-film-entreprise-lyon/,réalisation vidéo lyon,0,113,0,40.6
https://www.bluevistaprod.com/video-publicitaire/,vidéo publicitaire industrie paris,0,113,0,10.8
https://www.bluevistaprod.com/nos-competences/motion-design/,design & motion lyon,0,112,0,57
https://www.bluevistaprod.com/video-publicitaire/,agence film pub,0,112,0,21.3
https://www.bluevistaprod.com/realisation-film-sante/,agence vidéo secteur santé,0,111,0,19.7
https://www.bluevistaprod.com/realisation-film-sante/,production audiovisuelle santé lyon,0,111,0,2.2
https://www.bluevistaprod.com/realisation-video-geneve/,film d'entreprise geneve,0,111,0,21.4
https://www.bluevistaprod.com/nos-competences/motion-design/,production vidéo motion design,0,110,0,67
https://www.bluevistaprod.com/realisation-video-geneve/,video production geneva,0,110,0,44.7
https://www.bluevistaprod.com/,agence communication video,0,109,0,11.6
https://www.bluevistaprod.com/realisation-film-entreprise-lyon/,réalisation films dentreprise,0,109,0,27.4
https://www.bluevistaprod.com/studio-animation-3d-paris/,studio d'animation 3d france,0,109,0,51
https://www.bluevistaprod.com/film-d-entreprise-paris-15-ans-d-experience/,vidéo présentation entreprise paris,0,108,0,51.3
https://www.bluevistaprod.com/nos-competences/animation-3d/,animation studio 3d,0,108,0,41.4
https://www.bluevistaprod.com/realisation-film-entreprise-lyon/,agence film publicitaire lyon,0,108,0,71
https://www.bluevistaprod.com/realisation-film-lancement-produit/,réalisation de films,0,108,0,25.5
https://www.bluevistaprod.com/realisation-video-geneve/,agence montage vidéo,0,108,0,91.5
https://www.bluevistaprod.com/video-publicitaire/,création vidéo publicitaire,0,108,0,22
https://en.bluevistaprod.com/video-production-in-geneva/,luxury video agency geneva,0,107,0,14.7
https://www.bluevistaprod.com/,agence de communication 3d lyon,0,107,0,20.8
https://www.bluevistaprod.com/,agence marketing vidéo lyon,0,107,0,25.7
https://www.bluevistaprod.com/actualites/carte-de-voeux-video/,idée de vidéo de voeux,0,107,0,76.7
https://www.bluevistaprod.com/film-d-entreprise-paris-15-ans-d-experience/,creation film entreprise,0,107,0,49.1
https://www.bluevistaprod.com/nos-competences/video-corporate-film-dentreprise/,vidéaste corporate,0,106,0,62.3
http://www.bluevistaprod.com/,vista,0,105,0,6.4
https://www.bluevistaprod.com/actualites/video-immersive-360/,vidéo en 360,0,105,0,33.9
https://www.bluevistaprod.com/bluevista-agence-metaverse/,bureau metaverse,0,105,0,71.7
https://www.bluevistaprod.com/nos-competences/video-corporate-film-dentreprise/,corporate film,0,105,0,71.6
https://www.bluevistaprod.com/realisation-film-lancement-produit/,agence lancements de produits,0,105,0,87
https://www.bluevistaprod.com/video-publicitaire/,video publicitaire lyon,0,105,0,11.9
https://www.bluevistaprod.com/,studio production audiovisuelle lyonnais,0,104,0,50.1
https://www.bluevistaprod.com/film-d-entreprise-paris-15-ans-d-experience/,films entreprise,0,104,0,69.5
https://www.bluevistaprod.com/nos-competences/aftermovie-captation-evenementielle/,captation vidéo définition,0,104,0,76.6
https://www.bluevistaprod.com/nos-competences/animation-3d/,animation 3d genève,0,104,0,3.3
https://www.bluevistaprod.com/nos-competences/creation-immersive-realite-virtuelle/,visite virtuelle invention,0,104,0,25.1
https://www.bluevistaprod.com/nos-competences/motion-design/,motion design 2d,0,104,0,55.7
https://www.bluevistaprod.com/nos-competences/creation-immersive-realite-virtuelle/,réalité virtuelle immersive,0,103,0,76.1
https://www.bluevistaprod.com/video-publicitaire/,video de publicité,0,103,0,56.4
https://en.bluevistaprod.com/video-production-in-geneva/,video production services geneva,0,102,0,30.5
https://www.bluevistaprod.com/nos-competences/motion-design/,agence motion design lyon,0,102,0,59.5
https://www.bluevistaprod.com/nos-competences/video-aerienne-drone/,réalisation vidéo par drone,0,102,0,63.3
https://www.bluevistaprod.com/nos-competences/video-corporate-film-dentreprise/,corporate vidéo,0,102,0,45.4
https://www.bluevistaprod.com/nos-competences/video-corporate-film-dentreprise/,film d'entreprise geneve,0,102,0,3.4
https://www.bluevistaprod.com/realisation-film-entreprise-lyon/,réalisation vidéo d'entreprise,0,102,0,62.3
https://www.bluevistaprod.com/realisation-film-entreprise-lyon/,video motion video lyon,0,102,0,38.3
https://www.bluevistaprod.com/,agence de communication rue victor hugo lyon,0,101,0,44.2
https://www.bluevistaprod.com/,agence video entreprise,0,101,0,36
https://www.bluevistaprod.com/bluevista-agence-metaverse/,événement virtuel pour créateurs de contenu,0,101,0,86.5
https://www.bluevistaprod.com/nos-competences/video-aerienne-drone/,drone vidéaste,0,101,0,60.6
https://www.bluevistaprod.com/realisation-film-sante/,agence vidéo santé lyon,0,101,0,7.9
https://www.bluevistaprod.com/realisation-film-entreprise-lyon/,société video lyon,0,100,0,26.4
https://www.bluevistaprod.com/nos-realisations/dromis-equans-ineo/,ineo paris,0,99,0,6.7
https://www.bluevistaprod.com/realisation-film-sante/,agence vidéo santé france,0,99,0,19.2
https://www.bluevistaprod.com/video-publicitaire/,realiser une video publicitaire,0,99,0,41.4
https://www.bluevistaprod.com/,société de production audiovisuelle lyon,0,98,0,72.2
https://www.bluevistaprod.com/film-d-entreprise-paris-15-ans-d-experience/,reportage vidéo entreprise ile-de-france,0,98,0,16.2
https://www.bluevistaprod.com/realisation-film-entreprise-lyon/,agence de communication vidéo lyon,0,98,0,41.7
https://www.bluevistaprod.com/realisation-video-geneve/,montage video genève,0,98,0,48
https://www.bluevistaprod.com/studio-animation-3d-lyon/,agence d'animation 3d,0,98,0,32.4
https://www.bluevistaprod.com/studio-animation-3d-lyon/,studio d'animation 3d france,0,98,0,67.6
https://www.bluevistaprod.com/video-publicitaire/,régie publicitaire vidéo,0,98,0,23.1
https://www.bluevistaprod.com/video-publicitaire/,videos publicitaires,0,98,0,43.5
https://www.bluevistaprod.com/nos-competences/video-mapping/,création de vidéo mapping à lorient,0,97,0,29.5
https://www.bluevistaprod.com/nos-realisations/radisson-360-vr/,video en 360 vr lyon,0,97,0,15.6
https://www.bluevistaprod.com/realisation-de-film-evenements/,production vidéo événement,0,97,0,38
https://www.bluevistaprod.com/studio-animation-3d-paris/,3d animation agency,0,97,0,86
https://www.bluevistaprod.com/nos-competences/aftermovie-captation-evenementielle/,captation film,0,96,0,80.9
https://www.bluevistaprod.com/nos-competences/animation-3d/,film animation et vidéo 3d pour l'immobilier,0,96,0,48.6
https://www.bluevistaprod.com/nos-realisations/bluevista-creative-unicorn-team/,bluevista production,0,96,0,5.4
https://www.bluevistaprod.com/nos-competences/aftermovie-captation-evenementielle/,captation film évènementiel,0,95,0,16.2
https://www.bluevistaprod.com/nos-competences/animation-3d/,campus infographie 3d genève,0,95,0,15.1
https://www.bluevistaprod.com/nos-competences/motion-design/,motion designer lyon,0,95,0,70.5
https://www.bluevistaprod.com/video-publicitaire/,montage vidéo publicitaire,0,95,0,28.6
https://en.bluevistaprod.com/video-production-in-geneva/,video studio geneva,0,94,0,28.5
https://www.bluevistaprod.com/,frlorevista,0,94,0,8.4
https://www.bluevistaprod.com/actualites/koesio-carte-de-voeux-2023/,carte de voeux informatique,0,94,0,69.9
https://www.bluevistaprod.com/nos-competences/animation-3d/,animation 3d,0,94,0,68.3
https://www.bluevistaprod.com/nos-competences/motion-design/,entreprise motion design,0,94,0,86.2
https://www.bluevistaprod.com/nos-competences/motion-design/,site motion design,0,94,0,67.8
https://www.bluevistaprod.com/realisation-film-entreprise-lyon/,film d'entreprise lyon,0,94,0,27.9
https://www.bluevistaprod.com/studio-animation-3d-lyon/,studio vr lyon,0,94,0,19
https://www.bluevistaprod.com/video-publicitaire/,agence montage vidéo,0,94,0,35.7
https://www.bluevistaprod.com/video-publicitaire/,creer une video publicitaire gratuitement,0,94,0,90.9
https://www.bluevistaprod.com/,agence audiovisuel lyon,0,93,0,43.4
https://www.bluevistaprod.com/,agence de réalisation vidéo,0,93,0,71
https://www.bluevistaprod.com/actualites/video-immersive-360/,experience video 360,0,93,0,12.1
https://www.bluevistaprod.com/realisation-film-entreprise-lyon/,agence production lyon,0,93,0,88.4
https://www.bluevistaprod.com/studio-animation-3d-lyon/,complexe audiovisuel lyon,0,93,0,63.6
https://www.bluevistaprod.com/,captation vidéo lyon,0,92,0,83
https://www.bluevistaprod.com/,production agency geneva,0,92,0,9.5
https://www.bluevistaprod.com/nos-competences/motion-design/,motion design agence motion design studio motion design motion film animation agence motion studio motion,0,92,0,70.2
https://www.bluevistaprod.com/realisation-film-entreprise-lyon/,réalisation de vidéo d'entreprise,0,92,0,65.6
https://www.bluevistaprod.com/,agence video institutionnelle à lyon,0,91,0,23.9
https://www.bluevistaprod.com/film-entreprise-lyon-15-ans-experience/,film entreprise lyon,0,91,0,42
https://www.bluevistaprod.com/nos-competences/motion-design/,production vidéo motion design 41,0,91,0,29
https://www.bluevistaprod.com/nos-competences/video-aerienne-drone/,videographie aérienne,0,91,0,27.6
https://www.bluevistaprod.com/realisation-film-entreprise-lyon/,vidéo corporate exemple,0,90,0,56.8
https://www.bluevistaprod.com/realisation-film-lancement-produit/,réalisation film de promotion,0,90,0,69.8
https://www.bluevistaprod.com/actualites/bluevista-video-showreel-2023/,frlorevista,0,89,0,16.6
https://www.bluevistaprod.com/contact-devis/,blue vista,0,89,0,2.9
https://www.bluevistaprod.com/nos-competences/video-corporate-film-dentreprise/,corporate video,0,89,0,63.3
https://www.bluevistaprod.com/realisation-film-entreprise-lyon/,agence création vidéo lyon,0,89,0,60.5
https://www.bluevistaprod.com/realisation-video-geneve/,agence vidéo genève,0,89,0,18.1
https://www.bluevistaprod.com/studio-animation-3d-lyon/,studio animation 3d luxe,0,89,0,47.8
http://www.bluevistaprod.com/,video corporate lyon,0,88,0,31.1
https://en.bluevistaprod.com/3d-animation-studio-in-paris/,studio animation 3d paris,0,88,0,16
https://en.bluevistaprod.com/video-production-in-geneva/,video production agency in geneva,0,88,0,17.3
https://www.bluevistaprod.com/,studio audiovisuelle lyonnais,0,88,0,56.7
https://www.bluevistaprod.com/actualites/,fubiz tv,0,88,0,65.4
https://www.bluevistaprod.com/video-publicitaire/,production films publicitaires,0,88,0,28.1
https://www.bluevistaprod.com/,agence de production vidéo ia,0,87,0,64.1
https://www.bluevistaprod.com/,post-production à lyon,0,87,0,62.7
https://www.bluevistaprod.com/nos-realisations/bluevista-creative-unicorn-team/,blue vista,0,87,0,4.2
https://www.bluevistaprod.com/realisation-film-entreprise-lyon/,réalisation de film d'entreprise,0,87,0,40.9
https://www.bluevistaprod.com/realisation-film-entreprise-lyon/,réalisation film entreprise,0,87,0,46.3
https://www.bluevistaprod.com/studio-animation-3d-lyon/,animation 3d genève,0,87,0,5.5
https://www.bluevistaprod.com/nos-competences/animation-3d/,agence infographie 3d,0,86,0,86
https://www.bluevistaprod.com/nos-competences/motion-design/,motion design 2d 3d,0,86,0,85.1
https://www.bluevistaprod.com/nos-competences/motion-design/,motion design le mans,0,86,0,74.1
https://www.bluevistaprod.com/nos-competences/video-corporate-film-dentreprise/,film d entreprise,0,86,0,38.9
https://www.bluevistaprod.com/realisation-video-geneve/,société réalisation film genève,0,86,0,35.4
https://www.bluevistaprod.com/actualites/mapping-printemps-lyon/,mapping lyon,0,85,0,32
https://www.bluevistaprod.com/film-d-entreprise-paris-15-ans-d-experience/,film d'entreprise val d'europe,0,85,0,76.4
https://www.bluevistaprod.com/film-d-entreprise-paris-15-ans-d-experience/,video corporate paris,0,85,0,27.4
https://www.bluevistaprod.com/nos-competences/video-mapping/,jeu vidéo mapping,0,85,0,53.2
https://www.bluevistaprod.com/realisation-film-sante/,réalisation vidéo santé,0,85,0,14.7
https://www.bluevistaprod.com/video-publicitaire/,agence de communication video,0,85,0,76.7
https://www.bluevistaprod.com/,video photo agence production paris,0,84,0,43.7
https://www.bluevistaprod.com/actualites/video-immersive-360/,tournage video 360,0,84,0,44.9
https://www.bluevistaprod.com/nos-competences/video-mapping/,mapping entreprise,0,84,0,76.3
https://www.bluevistaprod.com/nos-realisations/serl-video-360-vr/,video en 360 vr lyon,0,84,0,29.6
https://www.bluevistaprod.com/studio-animation-3d-lyon/,animation silhouette lyon,0,84,0,64.5
https://www.bluevistaprod.com/video-publicitaire/,régie publicitaire video,0,84,0,16
https://www.bluevistaprod.com/video-publicitaire/,vidéo de publicité,0,84,0,50.5
https://en.bluevistaprod.com/our-skills/aftermovie-event-capture/,event aftermovie,0,83,0,56.8
https://www.bluevistaprod.com/nos-competences/video-aerienne-drone/,production audiovisuelle drone,0,83,0,39.2
https://www.bluevistaprod.com/nos-competences/video-mapping/,mapping architectural,0,83,0,32.1
https://www.bluevistaprod.com/studio-animation-3d-lyon/,3d animation studios,0,83,0,25.7
https://www.bluevistaprod.com/actualites/showroom-virtuel-gf-machining-solutions/,showroom virtuel,0,82,0,53.8
https://www.bluevistaprod.com/realisation-film-entreprise-lyon/,video publicitaire lyon,0,82,0,74.5
https://www.bluevistaprod.com/realisation-film-sante/,production vidéo médical,0,82,0,22.1
https://www.bluevistaprod.com/studio-animation-3d-lyon/,image interactive 3d lyon,0,82,0,8.7
https://www.bluevistaprod.com/actualites/carte-de-voeux-video/,carte voeux 2016,0,81,0,90
https://www.bluevistaprod.com/,boite de prod genève,0,80,0,20.1
https://www.bluevistaprod.com/,production video luxe france suisse,0,80,0,43.8
https://www.bluevistaprod.com/nos-competences/live-streaming-webtv/,web tv direct,0,80,0,30.8
https://www.bluevistaprod.com/nos-realisations/hitachi-cs-net/,csnet lite hitachi,0,80,0,9.4
https://www.bluevistaprod.com/video-publicitaire/,prestataire vidéo,0,80,0,40.5
https://www.bluevistaprod.com/actualites/,bluevista,0,79,0,1.8
https://www.bluevistaprod.com/actualites/carte-de-voeux-video/,carte de voeux 2017,0,79,0,88.8
https://www.bluevistaprod.com/nos-competences/video-aerienne-drone/,video aerienne drone,0,79,0,52.1
https://www.bluevistaprod.com/studio-animation-3d-paris/,agence réalisateurs 3d,0,79,0,82.7
https://www.bluevistaprod.com/video-publicitaire/,agence communication video lyon,0,79,0,41.8
https://en.bluevistaprod.com/video-production-in-geneva/,video production company in geneva,0,78,0,22.8
https://www.bluevistaprod.com/nos-competences/aftermovie-captation-evenementielle/,captation evenement,0,78,0,68.7
https://www.bluevistaprod.com/nos-competences/motion-design/,devis création motion design,0,78,0,76.4
https://www.bluevistaprod.com/nos-competences/motion-design/,video motion design paris,0,78,0,88
https://www.bluevistaprod.com/nos-realisations/bluevista-creative-la-pizza/,frlorevista,0,78,0,13.8
https://www.bluevistaprod.com/nos-realisations/stann-lapplication-de-gestion-dentreprise/,stann logiciel,0,78,0,7.7
https://www.bluevistaprod.com/realisation-film-entreprise-lyon/,realisation video entreprise,0,78,0,53.7
https://www.bluevistaprod.com/nos-competences/motion-design/,motion design 2d/3d,0,77,0,91.4
https://www.bluevistaprod.com/nos-realisations/stann-lapplication-de-gestion-dentreprise/,logiciel stann,0,77,0,7.6
https://www.bluevistaprod.com/realisation-film-entreprise-lyon/,agence audiovisuelle lyon,0,77,0,96.1
https://www.bluevistaprod.com/realisation-film-entreprise-lyon/,agence vidéo corporate btp lyon,0,77,0,32.4
https://www.bluevistaprod.com/realisation-film-evenementiel/,film évènementiel,0,77,0,29.4
https://www.bluevistaprod.com/realisation-film-sante/,réalisation vidéo médical,0,77,0,24.7
https://www.bluevistaprod.com/video-publicitaire/,créer une publicité video gratuite,0,77,0,90.6
https://www.bluevistaprod.com/video-publicitaire/,production publicitaire,0,77,0,31.8
https://www.bluevistaprod.com/video-publicitaire/,réalisation clip publicitaire,0,77,0,13.8
https://en.bluevistaprod.com/3d-animation-studio-in-paris/,studio 3d paris,0,76,0,19.5
https://www.bluevistaprod.com/,réalisation vidéo industries,0,76,0,48.3
https://www.bluevistaprod.com/,société de production vidéo genève,0,76,0,4.3
https://www.bluevistaprod.com/nos-competences/aftermovie-captation-evenementielle/,captation evenementiel,0,76,0,44.2
https://www.bluevistaprod.com/nos-competences/creation-immersive-realite-virtuelle/,production vr,0,76,0,74
https://www.bluevistaprod.com/nos-competences/video-corporate-film-dentreprise/,film d’entreprise,0,76,0,77.9
https://www.bluevistaprod.com/nos-competences/video-mapping/,création de vidéo mapping à quimperlé,0,76,0,15.6
https://www.bluevistaprod.com/realisation-de-film-evenements/,réalisation vidéo genève,0,76,0,50.4
https://www.bluevistaprod.com/realisation-film-entreprise-lyon/,vidéaste film entreprise,0,76,0,48
https://www.bluevistaprod.com/realisation-film-sante/,vidéo corporate santé paris,0,76,0,6.3
https://www.bluevistaprod.com/video-publicitaire/,creation de video publicitaire,0,76,0,24.9
https://www.bluevistaprod.com/,agence youtube lyon,0,75,0,30.7
https://www.bluevistaprod.com/film-d-entreprise-paris-15-ans-d-experience/,film video entreprise,0,75,0,34.9
https://www.bluevistaprod.com/nos-competences/motion-design/,film motion design,0,75,0,65.1
https://www.bluevistaprod.com/nos-competences/video-corporate-film-dentreprise/,corporate video production,0,75,0,26.7
https://www.bluevistaprod.com/,agence vidéo ia,0,74,0,24
https://www.bluevistaprod.com/actualites/category/video-360-vr/,video en 360 vr lyon,0,74,0,36
https://www.bluevistaprod.com/realisation-film-sante/,film pharmaceutique lyon,0,74,0,2.2
https://www.bluevistaprod.com/video-publicitaire/,production vidéo publicitaire entreprise,0,74,0,12.6
https://www.bluevistaprod.com/agence/,agence production audiovisuelle geneve,0,73,0,34.5
https://www.bluevistaprod.com/bluevista-agence-metaverse/,production vr,0,72,0,74.2
https://www.bluevistaprod.com/actualites/animation-3d-produit-hitachi-csnet-manager/,csnet manager,0,71,0,8.3
https://www.bluevistaprod.com/nos-competences/motion-design/,agence vidéo animation,0,71,0,92
https://www.bluevistaprod.com/nos-competences/video-corporate-film-dentreprise/,film corporate lyon,0,71,0,88.2
https://www.bluevistaprod.com/realisation-video-geneve/,captation vidéo geneve,0,71,0,36.1
https://www.bluevistaprod.com/studio-animation-3d-paris/,cinema 3d a paris,0,71,0,35.7
https://www.bluevistaprod.com/video-publicitaire/,agence pub video,0,71,0,7.7
https://www.bluevistaprod.com/video-publicitaire/,video publicité,0,71,0,29.4
https://www.bluevistaprod.com/nos-competences/motion-design/,motion designer 2d,0,70,0,76.1
https://www.bluevistaprod.com/realisation-film-entreprise-lyon/,entreprise de film,0,70,0,78.9
https://www.bluevistaprod.com/realisation-video-geneve/,realisation video suisse,0,70,0,58.7
https://www.bluevistaprod.com/video-promotionnelle/,vidéo promotionnelle,0,70,0,29.5
https://www.bluevistaprod.com/video-publicitaire/,bluevista,0,70,0,9.4
https://en.bluevistaprod.com/,bluvista.de,0,69,0,8.4
https://www.bluevistaprod.com/bluevista-agence-metaverse/,agence de réalité virtuelle,0,69,0,42.3
https://www.bluevistaprod.com/film-d-entreprise-paris-15-ans-d-experience/,reportage vidéo entreprise idf,0,69,0,14.1
https://www.bluevistaprod.com/nos-competences/motion-design/,agence video motion,0,69,0,75.2
https://www.bluevistaprod.com/nos-competences/motion-design/,animation motion design,0,69,0,37
https://www.bluevistaprod.com/nos-competences/video-aerienne-drone/,vidéo aérienne par drone,0,69,0,55.3
https://www.bluevistaprod.com/studio-animation-3d-paris/,studio vfx paris,0,69,0,79.2
https://www.bluevistaprod.com/video-publicitaire/,agence production vidéo,0,69,0,14.8
https://www.bluevistaprod.com/video-publicitaire/,creation video publicitaire,0,69,0,30
https://www.bluevistaprod.com/video-publicitaire/,creer une video publicitaire,0,69,0,42.7
https://www.bluevistaprod.com/video-publicitaire/,films publicitaires,0,69,0,50
https://www.bluevistaprod.com/actualites/motion-design-3d-et-mapping-a-paris-au-musee-rodin/,video mapping paris,0,68,0,42
https://www.bluevistaprod.com/nos-competences/motion-design/,motion designers monts du lyonnais,0,68,0,6.1
https://www.bluevistaprod.com/nos-competences/video-corporate-film-dentreprise/,film d'entreprise,0,68,0,55.2
https://www.bluevistaprod.com/nos-realisations/assisqual/,assisqual,0,68,0,5.8
https://www.bluevistaprod.com/realisation-film-entreprise-lyon/,vidéaste lyon,0,68,0,81.6
https://www.bluevistaprod.com/video-publicitaire/,agence vidéo marketing,0,68,0,52.3
https://www.bluevistaprod.com/video-publicitaire/,blue vista,0,68,0,19.2
https://www.bluevistaprod.com/video-publicitaire/,creer video publicitaire,0,68,0,48.3
http://www.bluevistaprod.com/,agence vidéo suisse romande,0,67,0,3
https://www.bluevistaprod.com/,agence production,0,67,0,83.4
https://www.bluevistaprod.com/film-d-entreprise-paris-15-ans-d-experience/,film d entreprise 64,0,67,0,39.6
https://www.bluevistaprod.com/nos-competences/motion-design/,animations motion design,0,67,0,71.6
https://www.bluevistaprod.com/realisation-video-geneve/,réalisation vidéo,0,67,0,42.7
https://www.bluevistaprod.com/studio-animation-3d-paris/,studio d'animation lyon,0,67,0,80
https://www.bluevistaprod.com/video-publicitaire/,création de clips publicitaires 91,0,67,0,35.4
https://en.bluevistaprod.com/our-skills/aftermovie-event-capture/,aftermovie event,0,66,0,67.2
https://www.bluevistaprod.com/,agence production audiovisuelle lyon,0,66,0,69.5
https://www.bluevistaprod.com/,production agence,0,66,0,37.2
https://www.bluevistaprod.com/actualites/barpi-prevention-accidents/,barpi,0,66,0,11.9
https://www.bluevistaprod.com/nos-competences/motion-design/,motion design lyon,0,66,0,62.2
https://www.bluevistaprod.com/nos-competences/video-mapping/,mapping intérieur,0,66,0,24.1
https://www.bluevistaprod.com/realisation-video-geneve/,vidéaste d'entreprise genève,0,66,0,14.9
https://en.bluevistaprod.com/actualites/360-immersive-video/,360 immersive video,0,65,0,48.9
https://www.bluevistaprod.com/agence/,agence video genève,0,65,0,74.4
https://www.bluevistaprod.com/nos-competences/animation-3d/,motion design genève,0,65,0,44.7
https://www.bluevistaprod.com/nos-realisations/bluevista-showreel-2025/,bluevista production,0,65,0,4.4
https://www.bluevistaprod.com/realisation-film-entreprise-lyon/,films entreprise,0,65,0,50.2
https://www.bluevistaprod.com/realisation-film-sante/,réalisation vidéo médicale,0,65,0,20.1
https://www.bluevistaprod.com/video-publicitaire/,agence de création vidéo lyon,0,65,0,39.9
https://www.bluevistaprod.com/video-publicitaire/,vidéo publicitaire lyon,0,65,0,4.5
https://en.bluevistaprod.com/our-skills/aftermovie-event-capture/,event aftermovies,0,64,0,87.6
https://www.bluevistaprod.com/,agence de communication vidéo,0,64,0,25.6
https://www.bluevistaprod.com/,production vidéo,0,64,0,37.5
https://www.bluevistaprod.com/actualites/koesio-carte-de-voeux-2023/,koesio studio,0,64,0,10.1
https://www.bluevistaprod.com/nos-competences/animation-3d/,agence 3d lyon,0,64,0,67.7
https://www.bluevistaprod.com/nos-competences/creation-immersive-realite-virtuelle/,prestataire realite virtuelle,0,64,0,84.9
https://www.bluevistaprod.com/studio-animation-3d-paris/,production animation 3d,0,64,0,75.7
https://www.bluevistaprod.com/studio-animation-3d-paris/,société animation 3d,0,64,0,42.8
https://www.bluevistaprod.com/video-publicitaire/,agence clip video,0,64,0,17.3
https://www.bluevistaprod.com/,agence de publicité vidéo,0,63,0,79
https://www.bluevistaprod.com/actualites/category/video-360-vr/,video en 360 vr,0,63,0,59.6
https://www.bluevistaprod.com/nos-competences/aftermovie-captation-evenementielle/,after moovie,0,63,0,9.3
https://www.bluevistaprod.com/nos-competences/motion-design/,agence motion design pour rapport annuel,0,63,0,69.4
https://www.bluevistaprod.com/realisation-film-entreprise-lyon/,vidéaste pour entreprises monts du lyonnais,0,63,0,16.7
https://www.bluevistaprod.com/studio-animation-3d-paris/,agence vidéo 3d,0,63,0,46.4
https://www.bluevistaprod.com/nos-competences/video-mapping/,création de vidéo mapping à vannes,0,62,0,17.2
https://www.bluevistaprod.com/realisation-video-geneve/,réalisation vidéo genève,0,62,0,21.1
https://www.bluevistaprod.com/studio-animation-3d-lyon/,studio tv lyon,0,62,0,65.9
https://www.bluevistaprod.com/video-publicitaire/,videos publicité,0,62,0,24.5
https://www.bluevistaprod.com/,communication audiovisuelle lyon,0,61,0,77.6
https://www.bluevistaprod.com/film-d-entreprise-paris-15-ans-d-experience/,film entreprise 64,0,61,0,41.9
https://www.bluevistaprod.com/nos-competences/video-aerienne-drone/,vidéos aériennes haute qualité,0,61,0,77.1
https://www.bluevistaprod.com/realisation-film-entreprise-lyon/,film institutionnel monts du lyonnais,0,61,0,17
https://www.bluevistaprod.com/,société réalisation film genève,0,60,0,27.1
https://www.bluevistaprod.com/nos-competences/aftermovie-captation-evenementielle/,aftermoovie,0,60,0,9.5
https://www.bluevistaprod.com/nos-competences/creation-immersive-realite-virtuelle/,immersion réalité virtuelle,0,60,0,72.9
https://www.bluevistaprod.com/nos-competences/motion-design/,création vidéo et motion design,0,60,0,62.3
https://www.bluevistaprod.com/nos-competences/motion-design/,création vidéo motion design,0,60,0,56.8
https://www.bluevistaprod.com/nos-competences/video-aerienne-drone/,videos aériennes,0,60,0,42.3
https://www.bluevistaprod.com/nos-realisations/amplitude-amplivision/,amplitude systeme,0,60,0,67.9
https://www.bluevistaprod.com/nos-realisations/bluevista-showreel-2025/,blue vista,0,60,0,3.6
https://www.bluevistaprod.com/nos-realisations/qwartz/,quartz centre commercial,0,60,0,34.2
https://www.bluevistaprod.com/nos-realisations/verizon-connect-video-de-presentation/,verizonconnect,0,60,0,9.2
https://www.bluevistaprod.com/studio-animation-3d-lyon/,bachelor animation 3d lyon,0,60,0,97.8
https://www.bluevistaprod.com/studio-animation-3d-lyon/,studio de rendu 3d lyon,0,60,0,10.6
https://www.bluevistaprod.com/video-publicitaire/,agence création vidéo,0,60,0,46
https://www.bluevistaprod.com/,agence communication vidéo lyon,0,59,0,19.8
https://www.bluevistaprod.com/studio-animation-3d-lyon/,studio d'animation 2d 3d,0,59,0,7.5
https://www.bluevistaprod.com/studio-animation-3d-paris/,animation 3d entreprise,0,59,0,44.9
https://en.bluevistaprod.com/the-agency/,bluevista,0,58,0,3.3
https://www.bluevistaprod.com/,production company geneva,0,58,0,61.8
https://www.bluevistaprod.com/nos-realisations/verizon-connect-video-de-presentation/,verizon france,0,58,0,37
https://www.bluevistaprod.com/video-publicitaire/,agence communication video,0,58,0,28.5
https://www.bluevistaprod.com/video-publicitaire/,publicités vidéos,0,58,0,30.9
https://www.bluevistaprod.com/nos-competences/animation-3d/,animation silhouette genève,0,57,0,9
https://www.bluevistaprod.com/nos-competences/motion-design/,création motion design la haye du puits,0,57,0,38.2
https://www.bluevistaprod.com/nos-competences/video-mapping/,mapping vidéo et projection 3d pour soirées professionnelles,0,57,0,42
https://www.bluevistaprod.com/nos-realisations/hitachi-yutaki/,hitachiclimat.fr,0,57,0,67.2
https://www.bluevistaprod.com/realisation-film-entreprise-lyon/,agence film entreprise,0,57,0,51.1
https://www.bluevistaprod.com/realisation-film-lancement-produit/,realisation video,0,57,0,88.9
https://www.bluevistaprod.com/realisation-video-geneve/,production video geneve,0,57,0,48.8
https://en.bluevistaprod.com/3d-animation-studio-in-paris/,studio animation paris,0,56,0,61.6
https://en.bluevistaprod.com/video-production-in-geneva/,video production services in geneva,0,56,0,24.1
https://www.bluevistaprod.com/,agence de création vidéos,0,56,0,26.1
https://www.bluevistaprod.com/,bluvista.de,0,56,0,4.3
https://www.bluevistaprod.com/,devis réalisation audiovisuelle,0,56,0,91.9
https://www.bluevistaprod.com/actualites/bluevista-le-motion-design/,motion c,0,56,0,55.7
https://www.bluevistaprod.com/nos-realisations/artcurial-mapping/,mapping batiment,0,56,0,68.4
https://www.bluevistaprod.com/realisation-film-entreprise-lyon/,conception de vidéos sur mesure monts du lyonnais,0,56,0,8.4
https://www.bluevistaprod.com/realisation-film-entreprise-lyon/,entreprise de production lyon,0,56,0,71.6
https://www.bluevistaprod.com/studio-animation-3d-lyon/,studio de création 3d lyon,0,56,0,11.8
https://www.bluevistaprod.com/studio-animation-3d-paris/,agence production 3d paris,0,56,0,12.4
https://www.bluevistaprod.com/video-publicitaire/,agence vidéo b2b,0,56,0,20.9
https://www.bluevistaprod.com/video-publicitaire/,creation de video publicitaire gratuit,0,56,0,85.1
http://www.bluevistaprod.com/,vista blue,0,55,0,2.1
https://www.bluevistaprod.com/,réalisateur vidéo tourisme,0,55,0,86.7
https://www.bluevistaprod.com/,société video lyon,0,55,0,41.5
https://www.bluevistaprod.com/actualites/carte-de-voeux-video/,voeux video,0,55,0,35.3
https://www.bluevistaprod.com/nos-competences/video-aerienne-drone/,vidéographie aérienne,0,55,0,17.2
https://www.bluevistaprod.com/nos-competences/video-corporate-film-dentreprise/,video d entreprise,0,55,0,67.6
https://www.bluevistaprod.com/studio-animation-3d-lyon/,rendu 3d photoréaliste lyon,0,55,0,12.7
https://en.bluevistaprod.com/3d-animation-studio-in-paris/,animation studio paris,0,54,0,39.6
https://www.bluevistaprod.com/actualites/video-immersive-360/,production vidéo 360 degrés,0,54,0,41
https://www.bluevistaprod.com/actualites/video-mapping-lyon-intercontinental-grand-hotel-dieu/,video mapping lyon,0,54,0,39.3
https://www.bluevistaprod.com/nos-competences/video-aerienne-drone/,photographie et vidéo aérienne (drône),0,54,0,61.6
https://www.bluevistaprod.com/realisation-film-entreprise-lyon/,vidéaste pour entreprises givors,0,54,0,34.1
https://www.bluevistaprod.com/realisation-video-geneve/,société de production vidéo genève,0,54,0,42.6
https://en.bluevistaprod.com/nos-realisations/hitachi-cs-net/,hitachiclimat.fr,0,53,0,59.3
https://en.bluevistaprod.com/video-production-in-geneva/,corporate video production switzerland,0,53,0,6.5
https://www.bluevistaprod.com/actualites/,blue vista,0,53,0,1.8
https://www.bluevistaprod.com/nos-competences/aftermovie-captation-evenementielle/,captation vidéo geneve,0,53,0,16.9
https://www.bluevistaprod.com/nos-competences/animation-3d/,services d'animation 3d,0,53,0,68.1
https://www.bluevistaprod.com/nos-competences/video-corporate-film-dentreprise/,film d entreprise 64,0,53,0,64.6
https://www.bluevistaprod.com/nos-competences/video-corporate-film-dentreprise/,vidéos corporate efficaces,0,53,0,83.3
https://www.bluevistaprod.com/realisation-film-sante/,production audiovisuelle médical,0,53,0,21.9
https://www.bluevistaprod.com/studio-animation-3d-paris/,studio 3d audiovisuel,0,53,0,24.8
https://www.bluevistaprod.com/video-publicitaire/,studio de publicité,0,53,0,33.3
https://en.bluevistaprod.com/video-production-in-geneva/,production company geneva,0,52,0,30.3
https://www.bluevistaprod.com/,agence audiovisuelle industrie pharmaceutique,0,52,0,25.4
https://www.bluevistaprod.com/,agence communication multimédia lyon,0,52,0,43.4
https://www.bluevistaprod.com/actualites/,fubiz broadcast,0,52,0,66.2
https://www.bluevistaprod.com/actualites/guitare-en-scene-2023/,guitare en scène 2023,0,52,0,12
https://www.bluevistaprod.com/bluevista-agence-metaverse/,production de jeux vr lyon,0,52,0,61.3
https://www.bluevistaprod.com/nos-competences/video-mapping/,videomapping,0,52,0,15.4
https://www.bluevistaprod.com/nos-realisations/hitachi-hikumo/,hitachiclimat.fr,0,52,0,80.4
https://www.bluevistaprod.com/realisation-film-evenementiel/,réalisation vidéo événement,0,52,0,28.2
https://www.bluevistaprod.com/,agences audiovisuelles,0,51,0,83
https://www.bluevistaprod.com/actualites/stann/,stann app,0,51,0,7.2
https://www.bluevistaprod.com/nos-competences/motion-design/,création motion design bernay,0,51,0,40
https://www.bluevistaprod.com/nos-competences/studio-fond-vert-compositing/,studio fond vert,0,51,0,66
https://www.bluevistaprod.com/nos-realisations/nightswapping/,nightswapping,0,51,0,28.8
https://www.bluevistaprod.com/realisation-film-entreprise-lyon/,plateforme vidéo d'entreprise,0,51,0,91.6
https://www.bluevistaprod.com/video-publicitaire/,boite de production publicité,0,51,0,22.1
https://www.bluevistaprod.com/,agence communication vidéo genève,0,50,0,2
https://www.bluevistaprod.com/nos-competences/aftermovie-captation-evenementielle/,réalisation vidéo événement,0,50,0,92.7
https://www.bluevistaprod.com/nos-competences/motion-design/,motion design film,0,50,0,61.3
https://www.bluevistaprod.com/realisation-film-sante/,production audiovisuelle santé paris,0,50,0,7.3
https://www.bluevistaprod.com/realisation-video-geneve/,vidéaste genève,0,50,0,68
https://www.bluevistaprod.com/video-publicitaire/,captation vidéo lyon,0,50,0,28.6
https://www.bluevistaprod.com/video-publicitaire/,création de video publicitaire,0,50,0,69.2
https://www.bluevistaprod.com/,production vidéo annemasse,0,49,0,36.1
https://www.bluevistaprod.com/nos-competences/animation-3d/,études infographie 3d genève,0,49,0,52.2
https://www.bluevistaprod.com/nos-competences/video-aerienne-drone/,vidéos par drone,0,49,0,62.2
https://www.bluevistaprod.com/nos-realisations/deko-film-de-presentation/,deko coffrages,0,49,0,6.8
https://www.bluevistaprod.com/realisation-film-entreprise-lyon/,agence de montage video lyon,0,49,0,43.6
https://www.bluevistaprod.com/realisation-film-entreprise-lyon/,film industriel lyon,0,49,0,16.3
https://www.bluevistaprod.com/realisation-video-geneve/,société de montage vidéo,0,49,0,85.3
https://www.bluevistaprod.com/video-publicitaire/,agence réalisation vidéo,0,49,0,7.1
http://www.bluevistaprod.com/,production multimedia,0,48,0,9.6
https://www.bluevistaprod.com/,blu3 vista,0,48,0,5.8
https://www.bluevistaprod.com/bluevista-agence-metaverse/,société de réalité virtuelle,0,48,0,76
https://www.bluevistaprod.com/film-corporate-lyon-depuis-2004/,agence vidéo corporate,0,48,0,57.9
https://www.bluevistaprod.com/realisation-film-entreprise-lyon/,faire un film d'entreprise,0,48,0,43.6
https://www.bluevistaprod.com/video-publicitaire/,vidéo publicité,0,48,0,49.3
https://www.bluevistaprod.com/,societe de production video geneve,0,47,0,7
https://www.bluevistaprod.com/nos-competences/motion-design/,motion design agency,0,47,0,72.6
https://www.bluevistaprod.com/nos-competences/video-aerienne-drone/,agence drone,0,47,0,39.7
https://www.bluevistaprod.com/nos-competences/video-mapping/,vidéo mapping animation,0,47,0,14.2
https://www.bluevistaprod.com/realisation-film-evenementiel/,film evenementiel,0,47,0,23.1
https://www.bluevistaprod.com/realisation-film-sante/,bluevista,0,47,0,1.3
https://www.bluevistaprod.com/studio-animation-3d-lyon/,studio développement vr lyon,0,47,0,31.4
https://www.bluevistaprod.com/video-publicitaire/,agence communication vidéo paris,0,47,0,38.7
https://www.bluevistaprod.com/video-publicitaire/,agence video marketing,0,47,0,45.1
https://www.bluevistaprod.com/,video corporate lyon,0,46,0,47.3
https://www.bluevistaprod.com/actualites/animation-3d-grande-arche-de-la-defense/,bureau 3d vista,0,46,0,52.7
https://www.bluevistaprod.com/actualites/animation-3d-produit-hitachi-csnet-manager/,csnet,0,46,0,24.6
https://www.bluevistaprod.com/nos-competences/video-mapping/,création de vidéo mapping à nantes,0,46,0,47
https://www.bluevistaprod.com/realisation-film-evenementiel/,films événementiels,0,46,0,88.2
https://www.bluevistaprod.com/studio-animation-3d-paris/,agence pour réalisateurs 3d,0,46,0,89.7
https://www.bluevistaprod.com/video-publicitaire/,agence video entreprise,0,46,0,40.9
https://en.bluevistaprod.com/nos-realisations/hitachi-cs-net/,vistaprod.net,0,45,0,24.9
https://en.bluevistaprod.com/nos-realisations/thx-medical-dosamat-digital-2-0/,thx medical,0,45,0,7.4
https://www.bluevistaprod.com/,vidéo production,0,45,0,43.8
https://www.bluevistaprod.com/actualites/animation-3d-produit-hitachi-csnet-manager/,csnetmanager,0,45,0,8.3
https://www.bluevistaprod.com/agence/,agence de production vidéos genève,0,45,0,94.2
https://www.bluevistaprod.com/bluevista-agence-metaverse/,agence réalité virtuelle 3d,0,45,0,39.5
https://www.bluevistaprod.com/nos-competences/,frlorevista,0,45,0,17
https://www.bluevistaprod.com/nos-competences/live-streaming-webtv/,web live tv,0,45,0,36
https://www.bluevistaprod.com/nos-competences/motion-design/,vidéo et motion design,0,45,0,45.2
https://www.bluevistaprod.com/nos-competences/video-corporate-film-dentreprise/,video film company,0,45,0,39.8
https://www.bluevistaprod.com/nos-competences/video-corporate-film-dentreprise/,vidéo d'entreprise,0,45,0,76.1
https://www.bluevistaprod.com/nos-realisations/hitachi-cs-net/,csnet,0,45,0,32.1
https://www.bluevistaprod.com/video-publicitaire/,bluevista production,0,45,0,5.9
https://en.bluevistaprod.com/corporate-film-in-lyon/,corporate video agencies,0,44,0,83.7
https://www.bluevistaprod.com/,agence production video velo,0,44,0,75.4
https://www.bluevistaprod.com/,agence video paris,0,44,0,36.8
https://www.bluevistaprod.com/,société production vidéo,0,44,0,69.5
https://www.bluevistaprod.com/film-d-entreprise-paris-15-ans-d-experience/,agence video entreprise,0,44,0,30.9
https://www.bluevistaprod.com/nos-realisations/bos/,bos direct,0,44,0,10.6
https://www.bluevistaprod.com/nos-realisations/engie-home-services-video-thermostat-migo/,thermostat connecté saunier duval migo,0,44,0,10.7
https://www.bluevistaprod.com/realisation-film-entreprise-lyon/,video film entreprise,0,44,0,66
https://www.bluevistaprod.com/realisation-video-geneve/,réalisation de films à genève,0,44,0,16.3
https://www.bluevistaprod.com/studio-animation-3d-lyon/,agence de studios d animation,0,44,0,30.1
https://www.bluevistaprod.com/studio-animation-3d-lyon/,société animation 3d,0,44,0,32.3
https://www.bluevistaprod.com/studio-animation-3d-paris/,studio 3d france,0,44,0,48.1
https://www.bluevistaprod.com/video-publicitaire/,société production spot publicitaire,0,44,0,34.7
https://www.bluevistaprod.com/video-publicitaire/,video promotionnelle,0,44,0,47.1
https://en.bluevistaprod.com/video-production-in-geneva/,videographer geneva,0,43,0,51.5
https://www.bluevistaprod.com/,devis audiovisuel,0,43,0,83.5
https://www.bluevistaprod.com/nos-competences/aftermovie-captation-evenementielle/,aftermovie definition,0,43,0,30.2
https://www.bluevistaprod.com/nos-competences/creation-immersive-realite-virtuelle/,agence réalité augmentée,0,43,0,82.1
https://www.bluevistaprod.com/nos-competences/video-mapping/,mapping audiovisual,0,43,0,32.2
https://www.bluevistaprod.com/studio-animation-3d-lyon/,agence de studios d’animation,0,43,0,30.3
https://www.bluevistaprod.com/video-publicitaire/,agence de video,0,43,0,49
https://www.bluevistaprod.com/video-publicitaire/,agence de vidéos,0,43,0,36.9
https://en.bluevistaprod.com/nos-realisations/gloupii/,gloupii.com,0,42,0,3.7
https://www.bluevistaprod.com/,agence presentation video,0,42,0,22.8
https://www.bluevistaprod.com/,agence prod video velo,0,42,0,72.1
https://www.bluevistaprod.com/,agence production photo video,0,42,0,90.3
https://www.bluevistaprod.com/actualites/nos-dernieres-interviews/,bluevista,0,42,0,1.2
https://www.bluevistaprod.com/actualites/show-reel-motion-design/,devis motion design,0,42,0,52
https://www.bluevistaprod.com/actualites/video-immersive-360/,video en 360 degrés,0,42,0,33.9
https://www.bluevistaprod.com/film-d-entreprise-paris-15-ans-d-experience/,film publicitaire paris,0,42,0,74.5
https://www.bluevistaprod.com/nos-competences/aftermovie-captation-evenementielle/,prestataire réalisation de clip aftermovie,0,42,0,6.8
https://www.bluevistaprod.com/nos-competences/animation-3d/,entreprise animation 3d,0,42,0,41.2
https://www.bluevistaprod.com/nos-competences/creation-immersive-realite-virtuelle/,casque réalité virtuelle personnalisé,0,42,0,83.5
https://www.bluevistaprod.com/nos-competences/live-streaming-webtv/,diffusion live tv,0,42,0,43.5
https://www.bluevistaprod.com/nos-competences/motion-design/,agence motion illustrateurs,0,42,0,41.4
https://www.bluevistaprod.com/nos-competences/motion-design/,création motion design mende,0,42,0,46
https://www.bluevistaprod.com/nos-competences/motion-design/,motion design vidéo,0,42,0,75.1
https://www.bluevistaprod.com/nos-competences/motion-design/,studios motion design,0,42,0,62.7
https://www.bluevistaprod.com/nos-realisations/engie-home-services-video-thermostat-migo/,chaudière connectée engie,0,42,0,59
https://www.bluevistaprod.com/nos-realisations/pisten-bully-dameuse-360-vr/,video en 360 vr lyon,0,42,0,43.5
https://www.bluevistaprod.com/realisation-film-entreprise-lyon/,vidéo corporate industrie lyon,0,42,0,31.6
https://www.bluevistaprod.com/video-publicitaire/,agence vidéo explicative,0,42,0,52.4
https://www.bluevistaprod.com/,agence de production créative suisse,0,41,0,15.5
https://www.bluevistaprod.com/,production service video,0,41,0,9
https://www.bluevistaprod.com/actualites/sport-boules-16eme-trophee-emile-terrier/,trophée emile terrier,0,41,0,6
https://www.bluevistaprod.com/actualites/video-immersive-360/,video 360,0,41,0,14.3
https://www.bluevistaprod.com/nos-competences/animation-3d/,agence créative 3d,0,41,0,91.9
https://www.bluevistaprod.com/nos-competences/motion-design/,création de vidéo motion design,0,41,0,53.4
https://www.bluevistaprod.com/nos-competences/motion-design/,création video motion design,0,41,0,66.4
https://www.bluevistaprod.com/nos-competences/motion-design/,motions video,0,41,0,92.6
https://www.bluevistaprod.com/nos-competences/video-mapping/,vidéo mapping événement,0,41,0,26.4
https://www.bluevistaprod.com/realisation-film-entreprise-lyon/,entreprise montage video lyon,0,41,0,74.8
https://www.bluevistaprod.com/video-publicitaire/,production video publicitaire,0,41,0,8.9
https://en.bluevistaprod.com/,video production geneva,0,40,0,66.2
https://www.bluevistaprod.com/,agences de production audiovisuelle,0,40,0,57.1
https://www.bluevistaprod.com/,vistaprod.net,0,40,0,53.7
https://www.bluevistaprod.com/film-d-entreprise-paris-15-ans-d-experience/,film d'entreprise,0,40,0,67
https://www.bluevistaprod.com/nos-competences/aftermovie-captation-evenementielle/,vidéo production événementielle,0,40,0,62.8
https://www.bluevistaprod.com/nos-competences/video-corporate-film-dentreprise/,production vidéo corporate genève,0,40,0,8.9
https://www.bluevistaprod.com/nos-realisations/engie-home-services-video-thermostat-migo/,engie connecté,0,40,0,26.1
https://www.bluevistaprod.com/realisation-video-geneve/,animation 3d genève,0,40,0,47.7
https://www.bluevistaprod.com/,agence animation vidéo,0,39,0,31.4
https://www.bluevistaprod.com/actualites/bluevista-le-motion-design/,bluevista,0,39,0,6.8
https://www.bluevistaprod.com/actualites/motion-design-3d-et-mapping-a-paris-au-musee-rodin/,paris mapping,0,39,0,27.8
https://www.bluevistaprod.com/nos-competences/motion-design/,création motion design argentan,0,39,0,41.9
https://www.bluevistaprod.com/nos-realisations/stann-lapplication-de-gestion-dentreprise/,logiciel stan,0,39,0,8.4
https://www.bluevistaprod.com/studio-animation-3d-lyon/,formation animation 3d lyon,0,39,0,67.6
https://www.bluevistaprod.com/studio-animation-3d-paris/,studio d animation,0,39,0,70.1
https://www.bluevistaprod.com/video-publicitaire/,agence pub lyon,0,39,0,94.5
https://en.bluevistaprod.com/,bluvista,0,38,0,18.3
https://www.bluevistaprod.com/,agence créative vidéo,0,38,0,36.4
https://www.bluevistaprod.com/,agence de création vidéo paris,0,38,0,92.6
https://www.bluevistaprod.com/actualites/guitare-en-scene-2023/,guitare en scène 2023 programme,0,38,0,8.1
https://www.bluevistaprod.com/agence/,agence vidéo genève,0,38,0,29.1
https://www.bluevistaprod.com/nos-competences/video-aerienne-drone/,video en drone,0,38,0,64.4
https://www.bluevistaprod.com/nos-realisations/verizon-connect-video-de-presentation/,vérizon connect,0,38,0,16.3
https://www.bluevistaprod.com/realisation-film-entreprise-lyon/,devis vidéo corporate,0,38,0,93.4
https://www.bluevistaprod.com/realisation-film-sante/,agence vidéo santé paris,0,38,0,11.8
https://www.bluevistaprod.com/studio-animation-3d-paris/,studio motion design paris,0,38,0,79.3
https://www.bluevistaprod.com/video-publicitaire/,agence video explicative,0,38,0,66.7
https://www.bluevistaprod.com/video-publicitaire/,créer une publicité vidéo,0,38,0,47
https://www.bluevistaprod.com/,studio audiovisuel lyon,0,37,0,67.2
https://www.bluevistaprod.com/nos-competences/animation-3d/,2d 3d animation studio,0,37,0,65
https://www.bluevistaprod.com/nos-competences/animation-3d/,animation 3d film,0,37,0,78.1
https://www.bluevistaprod.com/nos-competences/creation-immersive-realite-virtuelle/,prestataire vr,0,37,0,44.5
https://www.bluevistaprod.com/nos-competences/motion-design/,création motion design avallon,0,37,0,33.9
https://www.bluevistaprod.com/nos-competences/video-corporate-film-dentreprise/,"je cherche une société de production vidéo pour réaliser un film corporate premium en suisse romande, quelles sont les références ?",0,37,0,4.9
https://www.bluevistaprod.com/nos-competences/video-corporate-film-dentreprise/,video corporation,0,37,0,60.5
https://www.bluevistaprod.com/nos-competences/video-corporate-film-dentreprise/,video d'entreprise,0,37,0,39.2
https://www.bluevistaprod.com/nos-competences/video-mapping/,mapping vidéo toulouse,0,37,0,34.9
https://www.bluevistaprod.com/nos-realisations/gf-gs/,bluevista,0,37,0,2.7
https://www.bluevistaprod.com/realisation-film-entreprise-lyon/,montage video lyon,0,37,0,79
https://www.bluevistaprod.com/video-publicitaire/,agence de montage vidéo,0,37,0,55.5
https://www.bluevistaprod.com/actualites/guitare-en-scene-2023/,guitares en scenes,0,36,0,85.1
https://www.bluevistaprod.com/actualites/video-immersive-360/,vidéo 360,0,36,0,14.8
https://www.bluevistaprod.com/nos-competences/aftermovie-captation-evenementielle/,production film evenementiel,0,36,0,99.3
https://www.bluevistaprod.com/nos-competences/animation-3d/,film 3d animation,0,36,0,93.1
https://www.bluevistaprod.com/nos-competences/creation-immersive-realite-virtuelle/,casque vr personnalisé,0,36,0,90.3
https://www.bluevistaprod.com/nos-competences/creation-immersive-realite-virtuelle/,démo virtuelle réalité,0,36,0,56.8
https://www.bluevistaprod.com/nos-competences/video-corporate-film-dentreprise/,vidéo entreprise,0,36,0,49.4
https://www.bluevistaprod.com/realisation-film-lancement-produit/,lancement de produit lyon,0,36,0,72.7
https://www.bluevistaprod.com/video-publicitaire/,agence de communication vidéo lyon,0,36,0,29.9
https://www.bluevistaprod.com/video-publicitaire/,video publicite,0,36,0,24
https://en.bluevistaprod.com/video-production-in-geneva/,videographer for small business geneva,0,35,0,16.1
https://www.bluevistaprod.com/,agence video,0,35,0,49.9
https://www.bluevistaprod.com/,producteur video,0,35,0,29.5
https://www.bluevistaprod.com/,vista blue,0,35,0,8.8
https://www.bluevistaprod.com/actualites/bluevista-video-showreel-2023/,bluvista.de,0,35,0,6.6
https://www.bluevistaprod.com/agence/,agence communication video,0,35,0,36.4
https://www.bluevistaprod.com/film-d-entreprise-paris-15-ans-d-experience/,équipe film paris region,0,35,0,28.9
https://www.bluevistaprod.com/nos-competences/animation-3d/,animation 3d immobilier,0,35,0,78.8
https://www.bluevistaprod.com/nos-competences/motion-design/,agence animatique,0,35,0,76.3
https://www.bluevistaprod.com/nos-competences/motion-design/,agents d'artistes motion designers,0,35,0,74.4
https://www.bluevistaprod.com/nos-competences/motion-design/,animation video designer,0,35,0,49.8
https://www.bluevistaprod.com/realisation-film-entreprise-lyon/,film pour entreprise,0,35,0,63.8
https://www.bluevistaprod.com/realisation-film-entreprise-lyon/,vidéo pour entreprises monts du lyonnais,0,35,0,25.7
https://www.bluevistaprod.com/realisation-video-geneve/,realisation video,0,35,0,42.1
https://www.bluevistaprod.com/studio-animation-3d-lyon/,entreprise d'animation 2d,0,35,0,82.2
https://www.bluevistaprod.com/video-publicitaire/,agence de production publicitaire,0,35,0,15.1
https://www.bluevistaprod.com/video-publicitaire/,création vidéo pub le mans,0,35,0,57.1
https://www.bluevistaprod.com/actualites/video-immersive-360/,immersion vidéo,0,34,0,6.8
https://www.bluevistaprod.com/actualites/video-immersive-360/,video 360 interactive,0,34,0,15.8
https://www.bluevistaprod.com/nos-competences/video-aerienne-drone/,vidéaste drone,0,34,0,68.7
https://www.bluevistaprod.com/nos-competences/video-mapping/,location videomapping,0,34,0,35.1
https://www.bluevistaprod.com/nos-competences/video-mapping/,mapping événementiel,0,34,0,16.6
https://www.bluevistaprod.com/nos-realisations/bos/,bos equipement hotelier,0,34,0,67.3
https://www.bluevistaprod.com/nos-realisations/cera-agence-innovation/,agence design rhone alpes,0,34,0,84.5
https://www.bluevistaprod.com/nos-realisations/pisten-bully-dameuse-360-vr/,pisten,0,34,0,9.6
https://www.bluevistaprod.com/,réalisation vidéo genève,0,33,0,3.1
https://www.bluevistaprod.com/actualites/motion-design-3d-et-mapping-a-paris-au-musee-rodin/,rodin 3d,0,33,0,25.4
https://www.bluevistaprod.com/actualites/video-immersive-360/,video en 360 vr lyon,0,33,0,15.3
https://www.bluevistaprod.com/film-d-entreprise-paris-15-ans-d-experience/,video evenement entreprise paris,0,33,0,31.3
https://www.bluevistaprod.com/nos-competences/video-corporate-film-dentreprise/,combien coûte un film d'entreprise,0,33,0,42
https://www.bluevistaprod.com/studio-animation-3d-lyon/,formation cinema d'animation 3d lyon,0,33,0,74.8
https://www.bluevistaprod.com/studio-animation-3d-paris/,studio modélisation 3d,0,33,0,75.6
https://www.bluevistaprod.com/video-publicitaire/,prix réalisation vidéo publicitaire,0,33,0,74.6
https://www.bluevistaprod.com/video-publicitaire/,réalisation video publicitaire,0,33,0,13.2
https://www.bluevistaprod.com/,film entreprise lyon,0,32,0,96.8
https://www.bluevistaprod.com/actualites/carte-de-voeux-video/,cartes voeux 2016,0,32,0,85.9
https://www.bluevistaprod.com/film-d-entreprise-paris-15-ans-d-experience/,entreprise de film,0,32,0,88.8
https://www.bluevistaprod.com/nos-competences/aftermovie-captation-evenementielle/,agence captation événementielle,0,32,0,19.5
https://www.bluevistaprod.com/nos-competences/animation-3d/,motion design geneve,0,32,0,66.8
https://www.bluevistaprod.com/nos-competences/creation-immersive-realite-virtuelle/,prestataire réalité virtuelle,0,32,0,67.8
https://www.bluevistaprod.com/nos-competences/creation-immersive-realite-virtuelle/,showroom virtuel,0,32,0,65.3
https://www.bluevistaprod.com/nos-realisations/engie-home-services-video-thermostat-migo/,thermostat connecte engie,0,32,0,11.6
https://www.bluevistaprod.com/realisation-de-film-evenements/,luxury video agency geneva,0,32,0,8.4
https://www.bluevistaprod.com/realisation-film-entreprise-lyon/,studio production audiovisuelle lyonnais,0,32,0,77.3
https://www.bluevistaprod.com/realisation-film-sante/,production audiovisuelle santé france,0,32,0,18.3
https://www.bluevistaprod.com/studio-animation-3d-paris/,entreprise 3d paris,0,32,0,14.3
https://www.bluevistaprod.com/studio-animation-3d-paris/,entreprise d'animation 3d,0,32,0,13.4
https://www.bluevistaprod.com/video-publicitaire/,agence de création vidéos,0,32,0,22.6
http://www.bluevistaprod.com/,production multimédia,0,31,0,16.9
https://en.bluevistaprod.com/advertising-video/,vistaprod.net,0,31,0,16.5
https://en.bluevistaprod.com/video-production-in-geneva/,corporate video production geneva,0,31,0,7.2
https://www.bluevistaprod.com/,entreprise audiovisuelle lyon,0,31,0,55.4
https://www.bluevistaprod.com/nos-competences/creation-immersive-realite-virtuelle/,société de réalité virtuelle,0,31,0,76.2
https://www.bluevistaprod.com/nos-competences/live-streaming-webtv/,direct et streaming,0,31,0,90.6
https://www.bluevistaprod.com/nos-competences/motion-design/,création motion design bergerac,0,31,0,43.4
https://www.bluevistaprod.com/nos-competences/video-aerienne-drone/,agence vidéo drone,0,31,0,16.5
https://www.bluevistaprod.com/nos-competences/video-aerienne-drone/,blue vista,0,31,0,5.6
https://www.bluevistaprod.com/nos-competences/video-corporate-film-dentreprise/,production vidéo corporate,0,31,0,40.5
https://www.bluevistaprod.com/nos-competences/video-corporate-film-dentreprise/,réalisation de vidéos corporate,0,31,0,93.5
https://www.bluevistaprod.com/studio-animation-3d-lyon/,agence de communication 3d lyon,0,31,0,72
https://www.bluevistaprod.com/studio-animation-3d-paris/,animation studio 3d,0,31,0,41.2
https://www.bluevistaprod.com/video-publicitaire/,film d entreprise lyon,0,31,0,50.8
https://en.bluevistaprod.com/film-production-health/,av production for pharma,0,30,0,88.2
https://www.bluevistaprod.com/,agence de production film,0,30,0,63.9
https://www.bluevistaprod.com/,agence video brignais,0,30,0,27.8
https://www.bluevistaprod.com/,réalisation vidéo lyon,0,30,0,32.2
https://www.bluevistaprod.com/actualites/mapping-printemps-lyon/,mapping vidéo lyon,0,30,0,36.4
https://www.bluevistaprod.com/actualites/stann/,savistann,0,30,0,8
https://www.bluevistaprod.com/actualites/video-immersive-360/,vidéo b2b immersive,0,30,0,9
https://www.bluevistaprod.com/film-d-entreprise-paris-15-ans-d-experience/,agence motion design ile-de-france,0,30,0,61.8
https://www.bluevistaprod.com/film-d-entreprise-paris-15-ans-d-experience/,film pour entreprise,0,30,0,79.9
https://www.bluevistaprod.com/nos-competences/motion-design/,2d motion design,0,30,0,39
https://www.bluevistaprod.com/nos-competences/motion-design/,agence motion design deux-sèvres,0,30,0,79.6
https://www.bluevistaprod.com/nos-competences/motion-design/,vid&eacute o motion design,0,30,0,74.9
https://www.bluevistaprod.com/nos-competences/video-aerienne-drone/,bluevista,0,30,0,4
https://www.bluevistaprod.com/nos-realisations/verizon-connect-video-de-presentation/,verizo,0,30,0,32.7
https://www.bluevistaprod.com/realisation-film-entreprise-lyon/,conception de vidéos sur mesure givors,0,30,0,32.9
https://www.bluevistaprod.com/realisation-film-entreprise-lyon/,realisation film d entreprise,0,30,0,23.3
https://www.bluevistaprod.com/realisation-film-industrie/,blue vista,0,30,0,1
https://www.bluevistaprod.com/realisation-film-sante/,agence vidéo corporate santé paris,0,30,0,8.7
https://www.bluevistaprod.com/video-promotionnelle/,film promotionnel lyon,0,30,0,2.9
https://www.bluevistaprod.com/video-publicitaire/,agence production video,0,30,0,42
https://www.bluevistaprod.com/,agence de production de motion design à lyon,0,29,0,34.1
https://www.bluevistaprod.com/actualites/bluevista-le-motion-design/,motion design c'est quoi,0,29,0,72
https://www.bluevistaprod.com/actualites/guitare-en-scene-2023/,guitare en scène programme 2023,0,29,0,10.3
https://www.bluevistaprod.com/actualites/realisation-immersion-360-degres-dameuse-pisten-bully/,pisten,0,29,0,10
https://www.bluevistaprod.com/agence/,réalisation vidéo genève,0,29,0,19
https://www.bluevistaprod.com/nos-competences/aftermovie-captation-evenementielle/,aftermove,0,29,0,9.6
https://www.bluevistaprod.com/nos-competences/aftermovie-captation-evenementielle/,production vidéo événementielle,0,29,0,68.9
https://www.bluevistaprod.com/nos-competences/animation-3d/,"studio animation ""3d",0,29,0,77.5
https://www.bluevistaprod.com/nos-competences/motion-design/,agence video animation,0,29,0,45.7
https://www.bluevistaprod.com/nos-competences/video-mapping/,mapping audiovisuel événement,0,29,0,22.1
https://www.bluevistaprod.com/nos-competences/video-mapping/,vidéomapping,0,29,0,10.7
https://www.bluevistaprod.com/nos-realisations/engie-home-services-video-thermostat-migo/,thermostat connecté engie home service,0,29,0,8.2
https://www.bluevistaprod.com/realisation-film-entreprise-lyon/,vidéo pour entreprises givors,0,29,0,44
https://www.bluevistaprod.com/realisation-film-sante/,bluevista production,0,29,0,1
https://www.bluevistaprod.com/realisation-film-sante/,réalisation film médical,0,29,0,2.7
https://www.bluevistaprod.com/studio-animation-3d-lyon/,animation silhouettiste lyon,0,29,0,92
https://www.bluevistaprod.com/studio-animation-3d-lyon/,société d'animation,0,29,0,51.6
https://www.bluevistaprod.com/video-publicitaire/,agence de montage video,0,29,0,57.5
https://www.bluevistaprod.com/video-publicitaire/,tournage vidéo lyon,0,29,0,44.6
https://en.bluevistaprod.com/,blue vista latest,0,28,0,13.7
https://www.bluevistaprod.com/,agence de montage video lyon,0,28,0,49.6
https://www.bluevistaprod.com/,agence vidéo institutionnelle,0,28,0,85.8
https://www.bluevistaprod.com/,blue production,0,28,0,25.5
https://www.bluevistaprod.com/,prod vidéo,0,28,0,52
https://www.bluevistaprod.com/agence/,production agency geneva,0,28,0,11.1
https://www.bluevistaprod.com/film-corporate-lyon-depuis-2004/,agence film corporate,0,28,0,54.6
https://www.bluevistaprod.com/nos-competences/animation-3d/,film d animation 3d immobilier lyon,0,28,0,15.1
https://www.bluevistaprod.com/nos-competences/motion-design/,création motion design pontivy,0,28,0,42.8
https://www.bluevistaprod.com/nos-competences/motion-design/,prestation motion design sur mesure,0,28,0,43.8
https://www.bluevistaprod.com/nos-competences/video-corporate-film-dentreprise/,film corporate definition,0,28,0,91.3
https://www.bluevistaprod.com/nos-realisations/deko-film-de-presentation/,deko coffrage,0,28,0,20.5
https://www.bluevistaprod.com/realisation-film-entreprise-lyon/,vidéo pour entreprises lyon,0,28,0,35.1
https://www.bluevistaprod.com/realisation-film-evenementiel/,réalisation d'un film événementiel,0,28,0,15.5
https://www.bluevistaprod.com/realisation-video-geneve/,film d'entreprise genève,0,28,0,19.9
https://www.bluevistaprod.com/realisation-video-geneve/,production vidéo genève,0,28,0,37.3
https://www.bluevistaprod.com/video-publicitaire/,création de films publicitaires,0,28,0,33.6
https://en.bluevistaprod.com/,vistaprod.net,0,27,0,30.5
https://en.bluevistaprod.com/3d-animation-studio-in-lyon/,3d animation school in lyon,0,27,0,70.9
https://www.bluevistaprod.com/,agence création photo vidéo paris,0,27,0,97.6
https://www.bluevistaprod.com/,brand film production geneva,0,27,0,13.7
https://www.bluevistaprod.com/,montage vidéo lyon,0,27,0,86
https://www.bluevistaprod.com/,vidéo 360 lyon,0,27,0,35.6
https://www.bluevistaprod.com/film-d-entreprise-paris-15-ans-d-experience/,societe realisation film entreprise,0,27,0,47.8
https://www.bluevistaprod.com/film-d-entreprise-paris-15-ans-d-experience/,vidéaste corporate paris,0,27,0,59.6
https://www.bluevistaprod.com/nos-competences/animation-3d/,3d animation studios,0,27,0,68.1
https://www.bluevistaprod.com/nos-competences/motion-design/,agences de motion design,0,27,0,53.1
https://www.bluevistaprod.com/nos-competences/video-corporate-film-dentreprise/,vidéo corporate pour entreprise,0,27,0,20.6
https://www.bluevistaprod.com/nos-competences/video-mapping/,mapping vidéo événementiel,0,27,0,15.9
https://www.bluevistaprod.com/nos-realisations/bluevista-creative-unicorn-team/,unicorn team,0,27,0,10.6
https://www.bluevistaprod.com/nos-realisations/qwartz/,qwartz photos,0,27,0,5.2
https://www.bluevistaprod.com/nos-realisations/verizon-connect-video-de-presentation/,verizon connec,0,27,0,15.7
https://www.bluevistaprod.com/realisation-film-industrie/,bluevista,0,27,0,1.4
https://www.bluevistaprod.com/realisation-film-sante/,vidéo corporate santé france,0,27,0,18.4
https://www.bluevistaprod.com/studio-animation-3d-paris/,animation 3d luxe,0,27,0,24.7
https://www.bluevistaprod.com/video-publicitaire/,société de production audiovisuelle publicité,0,27,0,31.3
http://www.bluevistaprod.com/,captation vidéo lyon,0,26,0,29.9
https://en.bluevistaprod.com/actualites/stann/,stann,0,26,0,16.1
https://en.bluevistaprod.com/geneva-event-video-production/,luxury video agency geneva,0,26,0,6.8
https://www.bluevistaprod.com/,agence audiovisuel,0,26,0,47.2
https://www.bluevistaprod.com/,agence vidéo geneve,0,26,0,3.5
https://www.bluevistaprod.com/,conception de vidéos sur mesure monts du lyonnais,0,26,0,4.8
https://www.bluevistaprod.com/actualites/bluevista-video-showreel-2020/,bluevista,0,26,0,4.8
https://www.bluevistaprod.com/actualites/mapping-printemps-lyon/,video mapping lyon,0,26,0,35.3
https://www.bluevistaprod.com/actualites/video-immersive-360/,création de vidéo immersive 360,0,26,0,54.3
https://www.bluevistaprod.com/agence/,agence audiovisuelle suisse,0,26,0,10.3
https://www.bluevistaprod.com/nos-competences/live-streaming-webtv/,plateforme de diffusion en direct,0,26,0,45.3
https://www.bluevistaprod.com/nos-competences/motion-design/,création motion design ussel,0,26,0,41.3
https://www.bluevistaprod.com/nos-competences/motion-design/,motion design professionnel,0,26,0,38.8
https://www.bluevistaprod.com/nos-competences/video-mapping/,formation mapping video,0,26,0,76.8
https://www.bluevistaprod.com/nos-competences/video-mapping/,mapping vidéo événement,0,26,0,16.9
https://www.bluevistaprod.com/nos-realisations/alorem/,alorem,0,26,0,8.3
https://www.bluevistaprod.com/nos-realisations/radisson-360-vr/,agence video vr360,0,26,0,65.5
https://www.bluevistaprod.com/realisation-de-film-banques-assurances/,film de securité genève,0,26,0,51.8
https://www.bluevistaprod.com/realisation-de-film-evenements/,production vidéo événementielle,0,26,0,61.5
https://www.bluevistaprod.com/realisation-film-lancement-produit/,réalisation de film,0,26,0,41.2
https://www.bluevistaprod.com/realisation-video-geneve/,tournage drone genève,0,26,0,34.8
https://www.bluevistaprod.com/studio-animation-3d-lyon/,dessin animé lyon,0,26,0,15.3
https://www.bluevistaprod.com/studio-animation-3d-paris/,société d'animation,0,26,0,56.3
https://www.bluevistaprod.com/video-publicitaire/,production clip publicitaire,0,26,0,20.1
https://www.bluevistaprod.com/video-publicitaire/,video advertising,0,26,0,47.3
https://www.bluevistaprod.com/,boite de production vidéo,0,25,0,69.4
https://www.bluevistaprod.com/,montage video vista,0,25,0,59.8
https://www.bluevistaprod.com/bluevista-agence-metaverse/,virtuelle production,0,25,0,74.1
https://www.bluevistaprod.com/film-corporate-lyon-depuis-2004/,video corporate lyon,0,25,0,32.2
https://www.bluevistaprod.com/nos-competences/,blue vista,0,25,0,2
https://www.bluevistaprod.com/nos-competences/motion-design/,création motion design guéret,0,25,0,57.4
https://www.bluevistaprod.com/nos-competences/motion-design/,motion design et vidéo d'entreprise,0,25,0,69.4
https://www.bluevistaprod.com/nos-competences/video-corporate-film-dentreprise/,vidéo d entreprise,0,25,0,69.7
https://www.bluevistaprod.com/nos-competences/video-mapping/,vidéo mapping façade,0,25,0,16
https://www.bluevistaprod.com/nos-realisations/bluevista-showreel-2020/,bluevista production,0,25,0,4.6
https://www.bluevistaprod.com/nos-realisations/cera-agence-innovation/,cera,0,25,0,34.9
https://www.bluevistaprod.com/nos-realisations/dromis-equans-ineo/,dromis,0,25,0,12.6
https://www.bluevistaprod.com/nos-realisations/qwartz/,centre commercial qwartz,0,25,0,31.6
https://www.bluevistaprod.com/nos-realisations/stann-lapplication-de-gestion-dentreprise/,savistann,0,25,0,7.8
https://www.bluevistaprod.com/nos-realisations/stann-lapplication-de-gestion-dentreprise/,stan app,0,25,0,15.2
https://www.bluevistaprod.com/realisation-film-entreprise-lyon/,realisation de film d entreprise,0,25,0,45.6
https://www.bluevistaprod.com/studio-animation-3d-paris/,film d'animation paris,0,25,0,70.4
https://www.bluevistaprod.com/video-publicitaire/,agence creation video,0,25,0,38.4
https://www.bluevistaprod.com/video-publicitaire/,agence publicité vidéo,0,25,0,36.2
https://en.bluevistaprod.com/our-achievements/,vistaprod.net,0,24,0,32.5
https://www.bluevistaprod.com/,luxury brand video production studio,0,24,0,76.3
https://www.bluevistaprod.com/actualites/bluevista-le-motion-design/,motiondesign,0,24,0,33.7
https://www.bluevistaprod.com/film-d-entreprise-paris-15-ans-d-experience/,film d'entreprise marne la vallée,0,24,0,44.5
https://www.bluevistaprod.com/nos-competences/aftermovie-captation-evenementielle/,captation évènement,0,24,0,39.5
https://www.bluevistaprod.com/nos-competences/animation-3d/,3d animation company,0,24,0,39.7
https://www.bluevistaprod.com/nos-competences/creation-immersive-realite-virtuelle/,création de vidéo 360,0,24,0,91.1
https://www.bluevistaprod.com/nos-competences/video-mapping/,mapping vidéo entreprise,0,24,0,17
https://www.bluevistaprod.com/nos-competences/video-mapping/,mapping vidéo soirée,0,24,0,21.6
https://www.bluevistaprod.com/nos-realisations/olinn-video-publicitaire/,olinn logo,0,24,0,1
https://www.bluevistaprod.com/nos-realisations/stann-lapplication-de-gestion-dentreprise/,stan,0,24,0,25.5
https://www.bluevistaprod.com/nos-realisations/verizon-connect-video-de-presentation/,verizone connect,0,24,0,22.9
https://www.bluevistaprod.com/realisation-film-entreprise-lyon/,film video entreprise,0,24,0,47.8
https://www.bluevistaprod.com/realisation-video-geneve/,agence vidéo geneve,0,24,0,23.3
https://www.bluevistaprod.com/realisation-video-geneve/,vidéo production genève,0,24,0,46.2
https://www.bluevistaprod.com/studio-animation-3d-lyon/,societe d animation,0,24,0,80.8
https://www.bluevistaprod.com/studio-animation-3d-paris/,studio motion design 3d,0,24,0,67.5
https://www.bluevistaprod.com/video-promotionnelle/,studio motion design lyon,0,24,0,53.9
https://www.bluevistaprod.com/video-publicitaire/,agence de communication visuelle video,0,24,0,79.3
https://www.bluevistaprod.com/video-publicitaire/,création campagne publicitaire vidéo lyon,0,24,0,11.6
https://www.bluevistaprod.com/video-publicitaire/,entreprise montage video,0,24,0,50.7
https://www.bluevistaprod.com/video-publicitaire/,réalisation film publicitaire,0,24,0,15.7
https://en.bluevistaprod.com/,blue vista photos,0,23,0,3
https://en.bluevistaprod.com/,video production agency geneva,0,23,0,47.3
https://en.bluevistaprod.com/actualites/sport-boules-16th-emile-terrier-trophy/,emile terrier,0,23,0,6.9
https://en.bluevistaprod.com/geneva-event-video-production/,video agency geneva,0,23,0,61.4
https://en.bluevistaprod.com/nos-realisations/amplitude-amplivision/,amplitude robotics,0,23,0,8.6
https://en.bluevistaprod.com/nos-realisations/dromis-equans-ineo/,dromis,0,23,0,11.3
https://en.bluevistaprod.com/our-skills/immersive-creation-virtual-reality/,virtual reality showroom,0,23,0,85.9
https://www.bluevistaprod.com/,agence production video paris,0,23,0,87.9
https://www.bluevistaprod.com/,monteur vidéo lyon,0,23,0,89
https://www.bluevistaprod.com/,production vidéo d'entreprise suisse,0,23,0,7
https://www.bluevistaprod.com/actualites/decouvrez-notre-nouvelle-bande-demo-3d/,demonstration 3d,0,23,0,58.7
https://www.bluevistaprod.com/bluevista-agence-metaverse/,siège social virtuel genève,0,23,0,88.2
https://www.bluevistaprod.com/film-corporate-lyon-depuis-2004/,film corporate lyon,0,23,0,14.2
https://www.bluevistaprod.com/film-d-entreprise-paris-15-ans-d-experience/,réalisation vidéo industries,0,23,0,49.3
https://www.bluevistaprod.com/film-d-entreprise-paris-15-ans-d-experience/,services tournage île-de-france,0,23,0,74
https://www.bluevistaprod.com/nos-competences/aftermovie-captation-evenementielle/,captation vidéo événementiel,0,23,0,75.7
https://www.bluevistaprod.com/nos-competences/animation-3d/,animation 3d design,0,23,0,80.2
https://www.bluevistaprod.com/nos-competences/animation-3d/,studio d animation 3d,0,23,0,53.1
https://www.bluevistaprod.com/nos-competences/motion-design/,agence de production de motion design à lyon,0,23,0,50.2
https://www.bluevistaprod.com/nos-competences/motion-design/,agency motion design,0,23,0,76.2
https://www.bluevistaprod.com/nos-competences/motion-design/,création motion design souvigny,0,23,0,49.2
https://www.bluevistaprod.com/nos-competences/video-corporate-film-dentreprise/,réalisation vidéo corporate,0,23,0,63.3
https://www.bluevistaprod.com/nos-competences/video-corporate-film-dentreprise/,video production corporate,0,23,0,22.6
https://www.bluevistaprod.com/nos-competences/video-corporate-film-dentreprise/,vidéo corporate industrie france,0,23,0,31.9
https://www.bluevistaprod.com/nos-competences/video-corporate-film-dentreprise/,vidéo d’entreprise,0,23,0,61.9
https://www.bluevistaprod.com/nos-realisations/amplitude-amplivision/,amplitude systèmes,0,23,0,83.4
https://www.bluevistaprod.com/realisation-film-entreprise-lyon/,agence creation film,0,23,0,81.9
https://www.bluevistaprod.com/realisation-film-sante/,blue vista,0,23,0,1
https://www.bluevistaprod.com/realisation-film-sante/,vidéo publicitaire santé lyon,0,23,0,17
https://www.bluevistaprod.com/realisation-video-geneve/,agence de production vidéo genève,0,23,0,65.7
https://www.bluevistaprod.com/realisation-video-geneve/,production vidéo corporate genève,0,23,0,18.6
https://www.bluevistaprod.com/realisation-video-geneve/,videaste geneve,0,23,0,24.4
https://www.bluevistaprod.com/studio-animation-3d-lyon/,ecole animation 3d lyon,0,23,0,80.1
https://www.bluevistaprod.com/video-publicitaire/,agence videaste,0,23,0,60.2
https://en.bluevistaprod.com/,bluvista tv,0,22,0,15.5
https://en.bluevistaprod.com/metaverse/,agence metaverse,0,22,0,1.5
https://www.bluevistaprod.com/,agence vidéaste,0,22,0,28
https://www.bluevistaprod.com/,societe de production lyon,0,22,0,85.4
https://www.bluevistaprod.com/actualites/,frlorevista,0,22,0,18.6
https://www.bluevistaprod.com/actualites/category/videomapping/,video mapping geneve,0,22,0,86.2
https://www.bluevistaprod.com/actualites/realisation-immersion-360-degres-dameuse-pisten-bully/,pisten bully,0,22,0,11.9
https://www.bluevistaprod.com/nos-competences/aftermovie-captation-evenementielle/,aftermovie événement réunion,0,22,0,11.9
https://www.bluevistaprod.com/nos-competences/aftermovie-captation-evenementielle/,captation d événements,0,22,0,81.4
https://www.bluevistaprod.com/nos-competences/animation-3d/,3d and animation,0,22,0,78.7
https://www.bluevistaprod.com/nos-competences/motion-design/,création motion design auch,0,22,0,31
https://www.bluevistaprod.com/nos-competences/motion-design/,création motion design flers,0,22,0,56.1
https://www.bluevistaprod.com/nos-competences/motion-design/,création motion design loches,0,22,0,39.6
https://www.bluevistaprod.com/nos-competences/video-mapping/,mapping façade,0,22,0,21.6
https://www.bluevistaprod.com/nos-competences/video-mapping/,mapping vidéo spectacle,0,22,0,22.7
https://www.bluevistaprod.com/nos-competences/video-mapping/,mapping événement entreprise,0,22,0,13.9
https://www.bluevistaprod.com/nos-realisations/abb-snk-3d-solaire/,snk 3d,0,22,0,7.6
https://www.bluevistaprod.com/nos-realisations/radisson-360-vr/,agence vr360,0,22,0,54.5
https://www.bluevistaprod.com/nos-realisations/verizon-connect-video-de-presentation/,verizon video,0,22,0,5.7
https://www.bluevistaprod.com/realisation-film-entreprise-lyon/,agence video animation,0,22,0,83
https://www.bluevistaprod.com/realisation-film-entreprise-lyon/,entreprise vidéo,0,22,0,95.5
https://www.bluevistaprod.com/video-promotionnelle/,vidéos promotionnelles,0,22,0,49.8
https://en.bluevistaprod.com/,vista blue,0,21,0,63
https://en.bluevistaprod.com/3d-animation-studio-in-paris/,animation studios paris,0,21,0,35.7
https://en.bluevistaprod.com/news/,vistaprod.net,0,21,0,38.8
https://www.bluevistaprod.com/actualites/category/videomapping/,mapping vidéo entreprise,0,21,0,55
https://www.bluevistaprod.com/actualites/show-reel-videos-drone/,drone vidéaste,0,21,0,89.5
https://www.bluevistaprod.com/agence/,agence de communication video,0,21,0,40.9
https://www.bluevistaprod.com/agence/,agence de communication vidéo,0,21,0,48.3
https://www.bluevistaprod.com/film-d-entreprise-paris-15-ans-d-experience/,tournage massy,0,21,0,48.1
https://www.bluevistaprod.com/film-d-entreprise-paris-15-ans-d-experience/,vidéo d'entreprise 77,0,21,0,53.7
https://www.bluevistaprod.com/nos-competences/,bluevista,0,21,0,2.7
https://www.bluevistaprod.com/nos-competences/motion-design/,agence pour motion illustrateurs,0,21,0,40.3
https://www.bluevistaprod.com/nos-competences/motion-design/,création motion design saint flour,0,21,0,74
https://www.bluevistaprod.com/nos-competences/motion-design/,video designer,0,21,0,92.9
https://www.bluevistaprod.com/nos-competences/video-aerienne-drone/,videos drone,0,21,0,78.9
https://www.bluevistaprod.com/nos-competences/video-corporate-film-dentreprise/,films d entreprise,0,21,0,78.5
https://www.bluevistaprod.com/nos-competences/video-mapping/,mapping vidéo artistique,0,21,0,46.8
https://www.bluevistaprod.com/nos-realisations/hitachi-cs-net/,csnet web,0,21,0,11.2
https://www.bluevistaprod.com/nos-realisations/qwartz/,centre quartz,0,21,0,94.1
https://www.bluevistaprod.com/nos-realisations/radisson-360-vr/,hotel radisson lyon tour part dieu,0,21,0,41
https://www.bluevistaprod.com/realisation-film-entreprise-lyon/,vista inspirant,0,21,0,57
https://www.bluevistaprod.com/studio-animation-3d-lyon/,formation cinéma d'animation 3d lyon,0,21,0,81.4
https://www.bluevistaprod.com/video-publicitaire/,agence film publicitaire entreprise,0,21,0,14.1
https://www.bluevistaprod.com/video-publicitaire/,captation vidéo suisse,0,21,0,85.3
https://www.bluevistaprod.com/video-publicitaire/,video agence de communication,0,21,0,64.8
https://www.bluevistaprod.com/video-publicitaire/,vidéo pub,0,21,0,59.6
http://www.bluevistaprod.com/,agence communication video lyon,0,20,0,32
https://en.bluevistaprod.com/geneva-event-video-production/,video production agency geneva,0,20,0,48.9
https://en.bluevistaprod.com/geneva-event-video-production/,video production agency in geneva,0,20,0,88.9
https://www.bluevistaprod.com/,agence de vidéos,0,20,0,36
https://www.bluevistaprod.com/actualites/category/tournage-studio/,studio fond vert lyon,0,20,0,89.6
https://www.bluevistaprod.com/agence/,société de production vidéo genève,0,20,0,28.5
https://www.bluevistaprod.com/bluevista-agence-metaverse/,agence video 360,0,20,0,94.4
https://www.bluevistaprod.com/film-d-entreprise-paris-15-ans-d-experience/,films d entreprise,0,20,0,56
https://www.bluevistaprod.com/nos-competences/animation-3d/,agence video animation,0,20,0,73.3
https://www.bluevistaprod.com/nos-competences/creation-immersive-realite-virtuelle/,vr sur mesure,0,20,0,41.3
https://www.bluevistaprod.com/nos-competences/live-streaming-webtv/,regarder web tv,0,20,0,71.5
https://www.bluevistaprod.com/nos-competences/motion-design/,agence communication motion design,0,20,0,75.6
https://www.bluevistaprod.com/nos-competences/video-mapping/,mapping vidéo gala,0,20,0,25.5
https://www.bluevistaprod.com/nos-competences/video-mapping/,mapping visuel événement,0,20,0,26.6
https://www.bluevistaprod.com/nos-realisations/aravi-saison-2022-2023/,aravi,0,20,0,13.6
https://www.bluevistaprod.com/nos-realisations/bluevista-showreel-2020/,blue vista,0,20,0,4.7
https://www.bluevistaprod.com/nos-realisations/verizon-connect-video-de-presentation/,verison,0,20,0,55.7
https://www.bluevistaprod.com/nos-realisations/verizon-connect-video-de-presentation/,verizon conect,0,20,0,6.5
https://www.bluevistaprod.com/realisation-film-entreprise-lyon/,création video corporate deauville,0,20,0,89.1
https://www.bluevistaprod.com/realisation-film-entreprise-lyon/,devis film d'entreprise,0,20,0,53.1
https://www.bluevistaprod.com/realisation-video-geneve/,bluevista,0,20,0,2.6
https://www.bluevistaprod.com/studio-animation-3d-lyon/,film d animation pour architecte lyon,0,20,0,14.4
https://www.bluevistaprod.com/video-publicitaire/,creation publicité video,0,20,0,75
https://en.bluevistaprod.com/nos-realisations/radisson-360-vr/,radisson 360,0,19,0,8.4
https://en.bluevistaprod.com/nos-realisations/radisson-360-vr/,video en 360 vr lyon,0,19,0,15.5
https://en.bluevistaprod.com/nos-realisations/thx-medical-dosamat-digital-2-0/,dosmatix,0,19,0,57.3
https://en.bluevistaprod.com/our-skills/motion-design/,vistaprod.net,0,19,0,31.2
https://www.bluevistaprod.com/,agence d'audiovisuel,0,19,0,26.6
https://www.bluevistaprod.com/,agence publicité vidéo,0,19,0,27.3
https://www.bluevistaprod.com/,paris video production,0,19,0,43.5
https://www.bluevistaprod.com/,prestataire audiovisuel lyon,0,19,0,90.9
https://www.bluevistaprod.com/,studio montage video paris,0,19,0,76.5
https://www.bluevistaprod.com/actualites/video-immersive-360/,vidéo 360 genève,0,19,0,37.7
https://www.bluevistaprod.com/bluevista-agence-metaverse/,agence de communication 3d lyon,0,19,0,75.1
https://www.bluevistaprod.com/bluevista-agence-metaverse/,alavista vr,0,19,0,7.3
https://www.bluevistaprod.com/nos-competences/animation-3d/,studio motion design 3d,0,19,0,70.4
https://www.bluevistaprod.com/nos-competences/video-corporate-film-dentreprise/,realisation video entreprise,0,19,0,34.2
https://www.bluevistaprod.com/nos-competences/video-corporate-film-dentreprise/,vidéo corporative,0,19,0,76.3
https://www.bluevistaprod.com/nos-realisations/artcurial-mapping/,mapping façade,0,19,0,84.3
https://www.bluevistaprod.com/nos-realisations/dromis-equans-ineo/,ineo equans,0,19,0,10.4
https://www.bluevistaprod.com/nos-realisations/engie-home-services-video-thermostat-migo/,migo link installation,0,19,0,21.4
https://www.bluevistaprod.com/nos-realisations/guitare-en-scene-edition-2023/,guitare en scene 2023,0,19,0,8.1
https://www.bluevistaprod.com/nos-realisations/guitare-en-scene-edition-2023/,guitare en scène 2023,0,19,0,38.4
https://www.bluevistaprod.com/nos-realisations/guitare-en-scene-edition-2024/,guitare en scène 2024,0,19,0,11.1
https://www.bluevistaprod.com/realisation-film-entreprise-lyon/,realisateur film entreprise,0,19,0,52.7
https://www.bluevistaprod.com/realisation-film-sante/,film d entreprise lyon,0,19,0,90.6
https://www.bluevistaprod.com/studio-animation-3d-paris/,cinéma 3d paris,0,19,0,24.6
https://www.bluevistaprod.com/studio-animation-3d-paris/,production vidéo et 3d,0,19,0,87.2
https://www.bluevistaprod.com/video-publicitaire/,agence marketing video,0,19,0,55.6
https://www.bluevistaprod.com/video-publicitaire/,agence marketing vidéo lyon,0,19,0,59.6
https://www.bluevistaprod.com/video-publicitaire/,conception de vidéos sur mesure oullins-pierre-bénite,0,19,0,27.3
https://en.bluevistaprod.com/,local guide program,0,18,0,1
https://en.bluevistaprod.com/geneva-event-video-production/,video studio geneva,0,18,0,58.9
https://en.bluevistaprod.com/our-skills/3d-animation/,animation 3d films,0,18,0,91.2
https://www.bluevistaprod.com/,agence vid,0,18,0,9.7
https://www.bluevistaprod.com/,motion design genève,0,18,0,25.3
https://www.bluevistaprod.com/,post production lyon,0,18,0,54.9
https://www.bluevistaprod.com/actualites/bluevista-video-showreel-2020/,bluvista.de,0,18,0,5.2
https://www.bluevistaprod.com/actualites/video-immersive-360/,immersive 360,0,18,0,8.8
https://www.bluevistaprod.com/bluevista-agence-metaverse/,agence réalité virtuelle nice,0,18,0,82.8
https://www.bluevistaprod.com/film-d-entreprise-paris-15-ans-d-experience/,production vidéo corporate paris,0,18,0,27.6
https://www.bluevistaprod.com/film-d-entreprise-paris-15-ans-d-experience/,realisation film entreprise,0,18,0,49.3
https://www.bluevistaprod.com/nos-competences/creation-immersive-realite-virtuelle/,conception d’expérience immersive,0,18,0,84.6
https://www.bluevistaprod.com/nos-competences/creation-immersive-realite-virtuelle/,création visite vr,0,18,0,70.5
https://www.bluevistaprod.com/nos-competences/live-streaming-webtv/,création webtv genève,0,18,0,3.2
https://www.bluevistaprod.com/nos-competences/live-streaming-webtv/,diffusion en direct live streaming,0,18,0,87.6
https://www.bluevistaprod.com/nos-competences/live-streaming-webtv/,webtv realite,0,18,0,5.5
https://www.bluevistaprod.com/nos-competences/motion-design/,création motion design millau,0,18,0,42.3
https://www.bluevistaprod.com/nos-competences/motion-design/,création motion design parthenay,0,18,0,33.6
https://www.bluevistaprod.com/nos-competences/motion-design/,création motion design st philbert de grand lieu,0,18,0,71.9
https://www.bluevistaprod.com/nos-competences/motion-design/,studio motion design paris,0,18,0,57.3
https://www.bluevistaprod.com/nos-competences/video-aerienne-drone/,réalisation vidéo drone guadeloupe,0,18,0,69.9
https://www.bluevistaprod.com/nos-competences/video-corporate-film-dentreprise/,film entreprise geneve,0,18,0,3.7
https://www.bluevistaprod.com/nos-competences/video-mapping/,mapping video c'est quoi,0,18,0,51.1
https://www.bluevistaprod.com/nos-realisations/engie-home-services-video-thermostat-migo/,migo application,0,18,0,39.1
https://www.bluevistaprod.com/nos-realisations/engie-home-services-video-thermostat-migo/,migo select,0,18,0,51.8
https://www.bluevistaprod.com/nos-realisations/engie-home-services-video-thermostat-migo/,thermostat connecté gratuit engie,0,18,0,45.7
https://www.bluevistaprod.com/nos-realisations/film-corporate-gf-core/,corporate film geneva,0,18,0,11.4
https://www.bluevistaprod.com/nos-realisations/radisson-360-vr/,radisson blue part dieu,0,18,0,30.6
https://www.bluevistaprod.com/nos-realisations/verizon-connect-video-de-presentation/,verison connect,0,18,0,8.8
https://www.bluevistaprod.com/realisation-film-entreprise-lyon/,réalisation vidéo auto,0,18,0,67.9
https://www.bluevistaprod.com/realisation-film-industrie/,bluevista production,0,18,0,1
https://www.bluevistaprod.com/realisation-film-sante/,agence vidéo médicale,0,18,0,28.8
https://www.bluevistaprod.com/realisation-video-geneve/,video production agency geneva,0,18,0,67.1
https://www.bluevistaprod.com/studio-animation-3d-lyon/,entreprise d'animation,0,18,0,43.7
https://www.bluevistaprod.com/studio-animation-3d-lyon/,entreprise d'animation 3d,0,18,0,14.3
https://www.bluevistaprod.com/studio-animation-3d-paris/,3d paris,0,18,0,87.9
https://www.bluevistaprod.com/video-publicitaire/,agence de publicité,0,18,0,88.6
https://www.bluevistaprod.com/video-publicitaire/,entreprise montage video lyon,0,18,0,39.9
https://www.bluevistaprod.com/video-publicitaire/,service de vidéographie,0,18,0,13.3
https://en.bluevistaprod.com/our-skills/live-streaming-webtv/,streaming webtv,0,17,0,11.5
https://en.bluevistaprod.com/the-agency/,audiovisual agency paris,0,17,0,32
https://www.bluevistaprod.com/,agence de communication vidéo troyes,0,17,0,71.9
https://www.bluevistaprod.com/,agence streaming nantes,0,17,0,77.8
https://www.bluevistaprod.com/,production video produit cotes d'armor,0,17,0,78.7
https://www.bluevistaprod.com/,société de production audiovisuelle suisse,0,17,0,8.6
https://www.bluevistaprod.com/actualites/carte-de-voeux-video/,carte de voeux vidéo entreprise,0,17,0,91.2
https://www.bluevistaprod.com/actualites/category/video-360-vr/,vidéo 360 genève,0,17,0,30.1
https://www.bluevistaprod.com/film-d-entreprise-paris-15-ans-d-experience/,paris commercial filmmaker,0,17,0,31.4
https://www.bluevistaprod.com/film-entreprise-lyon-15-ans-experience/,société video lyon,0,17,0,77.6
https://www.bluevistaprod.com/nos-competences/animation-3d/,société animation 3d,0,17,0,66.4
https://www.bluevistaprod.com/nos-competences/animation-3d/,studio animation suisse,0,17,0,15.2
https://www.bluevistaprod.com/nos-competences/video-aerienne-drone/,filmmaker drone,0,17,0,40.3
https://www.bluevistaprod.com/nos-competences/video-aerienne-drone/,video by drone,0,17,0,58
https://www.bluevistaprod.com/nos-competences/video-aerienne-drone/,videos aeriennes,0,17,0,41.8
https://www.bluevistaprod.com/nos-competences/video-mapping/,mapping vidéo nice,0,17,0,32.3
https://www.bluevistaprod.com/nos-competences/video-mapping/,show mapping audiovisuel,0,17,0,20
https://www.bluevistaprod.com/nos-realisations/engie-home-services-video-thermostat-migo/,migo link notice,0,17,0,19.6
https://www.bluevistaprod.com/nos-realisations/hitachi-cs-net/,csnet manager,0,17,0,8.1
https://www.bluevistaprod.com/nos-realisations/icsi-briefing-debriefing-minute-darret-2/,briefing debriefing,0,17,0,29.9
https://www.bluevistaprod.com/nos-realisations/stann-lapplication-de-gestion-dentreprise/,stan logiciel,0,17,0,8.7
https://www.bluevistaprod.com/realisation-film-entreprise-lyon/,agence vidéo lyonnaise,0,17,0,28.9
https://www.bluevistaprod.com/realisation-film-entreprise-lyon/,captation vidéo lyon,0,17,0,83.5
https://www.bluevistaprod.com/realisation-film-entreprise-lyon/,réalisation film d'entreprise,0,17,0,52
https://www.bluevistaprod.com/realisation-video-geneve/,motion design genève,0,17,0,50
https://www.bluevistaprod.com/studio-animation-3d-lyon/,film 3d animation,0,17,0,91.2
https://www.bluevistaprod.com/studio-animation-3d-lyon/,services d'animation 3d,0,17,0,86.6
https://www.bluevistaprod.com/studio-animation-3d-lyon/,studio d animation lyon,0,17,0,10.8
https://www.bluevistaprod.com/video-publicitaire/,"""publicité video",0,17,0,36.2
https://www.bluevistaprod.com/video-publicitaire/,agence films publicitaires,0,17,0,29.6
https://www.bluevistaprod.com/video-publicitaire/,montage video lyon,0,17,0,97.4
http://www.bluevistaprod.com/,professionnel du vidéo mapping,0,16,0,20.5
https://en.bluevistaprod.com/,vistaprod.com,0,16,0,29.7
https://en.bluevistaprod.com/our-skills/corporate-video-corporate-film/,corporate film geneva,0,16,0,2.3
https://en.bluevistaprod.com/our-skills/live-streaming-webtv/,web tv online,0,16,0,18.4
https://en.bluevistaprod.com/the-agency/,blue vista,0,16,0,38.3
https://www.bluevistaprod.com/,agence de production video velo,0,16,0,94.9
https://www.bluevistaprod.com/,agence multimedia lyon,0,16,0,45.7
https://www.bluevistaprod.com/,bleu nuit audiovisuel,0,16,0,43.5
https://www.bluevistaprod.com/,local guide program,0,16,0,1
https://www.bluevistaprod.com/,production video 64,0,16,0,55.3
https://www.bluevistaprod.com/,société de production cinéma lyon,0,16,0,71.6
https://www.bluevistaprod.com/,tube vista,0,16,0,14.8
https://www.bluevistaprod.com/actualites/50ans-de-lpa-une-histoire-lyonnaise/,lpa,0,16,0,5.8
https://www.bluevistaprod.com/actualites/video-immersive-360/,film en 360,0,16,0,22.6
https://www.bluevistaprod.com/film-d-entreprise-paris-15-ans-d-experience/,film evenement corporate paris,0,16,0,8.1
https://www.bluevistaprod.com/film-d-entreprise-paris-15-ans-d-experience/,films d'entreprise,0,16,0,32.6
https://www.bluevistaprod.com/nos-competences/aftermovie-captation-evenementielle/,after movie event,0,16,0,7.9
https://www.bluevistaprod.com/nos-competences/animation-3d/,3d animation services,0,16,0,71.1
https://www.bluevistaprod.com/nos-competences/animation-3d/,création animation 3d,0,16,0,98.9
https://www.bluevistaprod.com/nos-competences/animation-3d/,formation réalisation 3d genève,0,16,0,49.3
https://www.bluevistaprod.com/nos-competences/animation-3d/,studio animation 3d lyon,0,16,0,28.1
https://www.bluevistaprod.com/nos-competences/creation-immersive-realite-virtuelle/,video 360 interactive,0,16,0,79.7
https://www.bluevistaprod.com/nos-competences/motion-design/,création motion design chaumont,0,16,0,75.1
https://www.bluevistaprod.com/nos-competences/motion-design/,création motion design le puy en velai,0,16,0,41.1
https://www.bluevistaprod.com/nos-competences/motion-design/,création motion design saint dizier,0,16,0,79.9
https://www.bluevistaprod.com/nos-competences/video-aerienne-drone/,drone prise de vue aérienne vidéo drone reims marne prestation vidéo montage vidéo,0,16,0,74.5
https://www.bluevistaprod.com/nos-competences/video-aerienne-drone/,vidéos aérienne,0,16,0,37.8
https://www.bluevistaprod.com/nos-competences/video-corporate-film-dentreprise/,production vidéo corporative,0,16,0,41.8
https://www.bluevistaprod.com/nos-competences/video-corporate-film-dentreprise/,video entreprise,0,16,0,74.9
https://www.bluevistaprod.com/nos-competences/video-mapping/,mapping vidéo clé en main,0,16,0,61.3
https://www.bluevistaprod.com/nos-realisations/aravi-saison-2024/,aravi,0,16,0,20.5
https://www.bluevistaprod.com/nos-realisations/bluevista-creative-une-vraie-equipe-1-la-flexibilite/,une vraie equipe,0,16,0,7.8
https://www.bluevistaprod.com/nos-realisations/engie-home-services-video-thermostat-migo/,migo home,0,16,0,9.2
https://www.bluevistaprod.com/nos-realisations/gloupii/,gloupii.com,0,16,0,7.8
https://www.bluevistaprod.com/nos-realisations/pisten-bully-dameuse-360-vr/,dameuse pistenbully,0,16,0,40.6
https://www.bluevistaprod.com/realisation-film-entreprise-lyon/,agence vidéo corporate industrie lyon,0,16,0,29.6
https://www.bluevistaprod.com/realisation-film-sante/,entreprise audiovisuelle lyon,0,16,0,72.8
https://www.bluevistaprod.com/realisation-video-geneve/,corporate video geneva,0,16,0,15.9
https://www.bluevistaprod.com/studio-animation-3d-lyon/,cinema 3d lyon,0,16,0,15.3
https://www.bluevistaprod.com/studio-animation-3d-paris/,animation silhouette entreprise paris,0,16,0,96
https://www.bluevistaprod.com/studio-animation-3d-paris/,animation studios paris,0,16,0,53.4
https://www.bluevistaprod.com/video-promotionnelle/,film promotionnel,0,16,0,81.4
https://www.bluevistaprod.com/video-promotionnelle/,video promotionnelle lyon,0,16,0,4.8
https://www.bluevistaprod.com/video-publicitaire/,agence créative spécialisée dans la création de vidéo,0,16,0,32.6
https://www.bluevistaprod.com/video-publicitaire/,agence de pub vidéo,0,16,0,18.1
https://www.bluevistaprod.com/video-publicitaire/,agence vidéo publicitaire le mans,0,16,0,85.7
http://www.bluevistaprod.com/,audiovisuel,0,15,0,5.9
https://en.bluevistaprod.com/,blue production,0,15,0,26.5
https://en.bluevistaprod.com/corporate-film-in-lyon/,film corporate lyon,0,15,0,49.1
https://en.bluevistaprod.com/geneva-event-video-production/,video production event,0,15,0,11.4
https://en.bluevistaprod.com/our-skills/live-streaming-webtv/,vistaprod.net,0,15,0,28.6
https://www.bluevistaprod.com/,agence conception video,0,15,0,22.2
https://www.bluevistaprod.com/,boite de production genève,0,15,0,13.9
https://www.bluevistaprod.com/,prestataire réalisation vidéo,0,15,0,24.6
https://www.bluevistaprod.com/actualites/bluevista-video-showreel-2023/,animation 3d genève,0,15,0,77.9
https://www.bluevistaprod.com/actualites/bluevista-video-showreel-2023/,video production agency geneva,0,15,0,56.7
https://www.bluevistaprod.com/actualites/sport-boules-16eme-trophee-emile-terrier/,trophee emile terrier,0,15,0,5.3
https://www.bluevistaprod.com/bluevista-agence-metaverse/,metaverse 3d studio,0,15,0,24.7
https://www.bluevistaprod.com/film-corporate-lyon-depuis-2004/,corporate lyon,0,15,0,21.1
https://www.bluevistaprod.com/film-d-entreprise-paris-15-ans-d-experience/,agence vidéo corporate,0,15,0,35.5
https://www.bluevistaprod.com/nos-competences/creation-immersive-realite-virtuelle/,immersive vr,0,15,0,49.2
https://www.bluevistaprod.com/nos-competences/motion-design/,création motion design digne les bains,0,15,0,44.9
https://www.bluevistaprod.com/nos-competences/motion-design/,création motion design macon,0,15,0,62.7
https://www.bluevistaprod.com/nos-competences/motion-design/,production motion design,0,15,0,72.6
https://www.bluevistaprod.com/nos-competences/video-aerienne-drone/,photographie et vidéo aérienne (drone),0,15,0,17
https://www.bluevistaprod.com/nos-competences/video-corporate-film-dentreprise/,corporate video services,0,15,0,54.9
https://www.bluevistaprod.com/nos-competences/video-corporate-film-dentreprise/,vidéo corporate industrie paris,0,15,0,25.9
https://www.bluevistaprod.com/nos-competences/video-mapping/,mapping facade,0,15,0,13.5
https://www.bluevistaprod.com/nos-competences/video-mapping/,mapping lumière,0,15,0,74
https://www.bluevistaprod.com/nos-competences/video-mapping/,projection mapping façade,0,15,0,87.5
https://www.bluevistaprod.com/nos-realisations/abb-snk-3d-marine/,snk 3d,0,15,0,9.3
https://www.bluevistaprod.com/nos-realisations/guitare-en-scene-edition-2024/,guitare en scene 2024,0,15,0,16.4
https://www.bluevistaprod.com/nos-realisations/verizon-connect-video-de-presentation/,verizon connection,0,15,0,36.2
https://www.bluevistaprod.com/realisation-film-entreprise-lyon/,agence av prod,0,15,0,81.5
https://www.bluevistaprod.com/realisation-film-lancement-produit/,les meilleurs lancement de produits,0,15,0,86.1
https://www.bluevistaprod.com/realisation-video-geneve/,entreprise de montage vidéo,0,15,0,77.9
https://www.bluevistaprod.com/studio-animation-3d-lyon/,3d lyon,0,15,0,42
https://www.bluevistaprod.com/studio-animation-3d-lyon/,studio cinema lyon,0,15,0,25
https://www.bluevistaprod.com/studio-animation-3d-paris/,filmstudio 3d,0,15,0,81.8
https://www.bluevistaprod.com/video-promotionnelle/,agence de communication 3d lyon,0,15,0,61.3
https://www.bluevistaprod.com/video-promotionnelle/,agence réalisation film promotionnel,0,15,0,17.3
https://www.bluevistaprod.com/video-promotionnelle/,video promotionnelle,0,15,0,26
https://www.bluevistaprod.com/video-publicitaire/,agence de production film promotionnel,0,15,0,16.1
https://www.bluevistaprod.com/video-publicitaire/,agence production vidéo lyon,0,15,0,51.4
https://www.bluevistaprod.com/video-publicitaire/,agence publicité lyon,0,15,0,76.7
https://www.bluevistaprod.com/video-publicitaire/,agence vidéo paris,0,15,0,28.1
https://www.bluevistaprod.com/video-publicitaire/,agence vidéo promotionnelle,0,15,0,9.6
https://www.bluevistaprod.com/video-publicitaire/,videos pub,0,15,0,26.5
http://www.bluevistaprod.com/,agence vidéo lac léman,0,14,0,30
http://www.bluevistaprod.com/,production vidéo et 3d,0,14,0,92.9
https://www.bluevistaprod.com/,agence animation video,0,14,0,23.8
https://www.bluevistaprod.com/,agence tournage video,0,14,0,94.9
https://www.bluevistaprod.com/,agence vidéo nantes,0,14,0,46.6
https://www.bluevistaprod.com/,agence vidéo rhône,0,14,0,9.6
https://www.bluevistaprod.com/,blue vista hotel & spa,0,14,0,39.9
https://www.bluevistaprod.com/,boite de production audiovisuel,0,14,0,41.3
https://www.bluevistaprod.com/,luxury video agency geneva,0,14,0,33.5
https://www.bluevistaprod.com/,motion designer lyon,0,14,0,40.1
https://www.bluevistaprod.com/,production audiovisuelle suisse,0,14,0,13
https://www.bluevistaprod.com/,production photo vidéo externalisée,0,14,0,69.9
https://www.bluevistaprod.com/,production vidéo high tech,0,14,0,33.4
https://www.bluevistaprod.com/actualites/50ans-de-lpa-une-histoire-lyonnaise/,lyon park auto,0,14,0,69.1
https://www.bluevistaprod.com/actualites/bluevista-video-showreel-2021/,bluvista.de,0,14,0,5.8
https://www.bluevistaprod.com/actualites/bluevista-video-showreel-2023/,geneva video production,0,14,0,44.5
https://www.bluevistaprod.com/actualites/category/video-360-vr/,vr vidéo,0,14,0,9
https://www.bluevistaprod.com/actualites/mapping-printemps-lyon/,marque printemps lyon,0,14,0,45.6
https://www.bluevistaprod.com/actualites/projet-de-realisation-video-360/,360 drone,0,14,0,26.6
https://www.bluevistaprod.com/actualites/projet-de-realisation-video-360/,réalisation vidéo par drone,0,14,0,100.2
https://www.bluevistaprod.com/actualites/streaming-live-et-webtv-demo-2018/,création webtv genève,0,14,0,29.3
https://www.bluevistaprod.com/actualites/video-immersive-360/,360 vidéo,0,14,0,61.4
https://www.bluevistaprod.com/bluevista-agence-metaverse/,société réalité virtuelle,0,14,0,95.2
https://www.bluevistaprod.com/film-d-entreprise-paris-15-ans-d-experience/,film d'entreprise savenay,0,14,0,47.2
https://www.bluevistaprod.com/nos-competences/creation-immersive-realite-virtuelle/,prestation réalité virtuelle,0,14,0,65
https://www.bluevistaprod.com/nos-competences/live-streaming-webtv/,la web tv,0,14,0,79.6
https://www.bluevistaprod.com/nos-competences/live-streaming-webtv/,web tv chablais,0,14,0,45
https://www.bluevistaprod.com/nos-competences/live-streaming-webtv/,webtv,0,14,0,39.3
https://www.bluevistaprod.com/nos-competences/motion-design/,création motion design pithiviers,0,14,0,42.8
https://www.bluevistaprod.com/nos-competences/motion-design/,réalisations vidéo animée,0,14,0,83.5
https://www.bluevistaprod.com/nos-competences/motion-design/,vidéo & motion design,0,14,0,57.1
https://www.bluevistaprod.com/nos-competences/video-aerienne-drone/,drone video professionnel,0,14,0,65.5
https://www.bluevistaprod.com/nos-competences/video-corporate-film-dentreprise/,corporate videographer,0,14,0,25.2
https://www.bluevistaprod.com/nos-realisations/,frlorevista,0,14,0,13.6
https://www.bluevistaprod.com/nos-realisations/amplitude-amplivision/,amplitude ortho,0,14,0,20.1
https://www.bluevistaprod.com/nos-realisations/olinn-video-publicitaire/,logo olinn,0,14,0,1.1
https://www.bluevistaprod.com/nos-realisations/verizon-connect-video-de-presentation/,verizonconnect.com,0,14,0,12.4
https://www.bluevistaprod.com/realisation-de-film-evenements/,réalisateur film événementiel,0,14,0,76.3
https://www.bluevistaprod.com/realisation-film-entreprise-lyon/,film d'entreprise voiron,0,14,0,85.8
https://www.bluevistaprod.com/realisation-film-entreprise-lyon/,réalisation vidéo monts du lyonnais,0,14,0,18.2
https://www.bluevistaprod.com/realisation-film-evenementiel/,réalisateur film événementiel,0,14,0,4.9
https://www.bluevistaprod.com/realisation-film-lancement-produit/,réalisation vidéo,0,14,0,81.3
https://www.bluevistaprod.com/realisation-film-lancement-produit/,video lancement produit,0,14,0,15.8
https://www.bluevistaprod.com/realisation-video-geneve/,réalisation video,0,14,0,29.6
https://www.bluevistaprod.com/studio-animation-3d-lyon/,animation studio,0,14,0,51.9
https://www.bluevistaprod.com/studio-animation-3d-lyon/,studio 3d,0,14,0,23.6
https://www.bluevistaprod.com/studio-animation-3d-paris/,entreprise animation 2d 3d,0,14,0,26.9
https://www.bluevistaprod.com/studio-animation-3d-paris/,studio de modélisation 3d,0,14,0,72.9
https://www.bluevistaprod.com/video-publicitaire/,agence de production réalisation de film promotionnel,0,14,0,12.1
https://www.bluevistaprod.com/video-publicitaire/,creation publicite video hotel,0,14,0,70.1
https://www.bluevistaprod.com/video-publicitaire/,production vidéo publicitaire le mans,0,14,0,89.6
https://www.bluevistaprod.com/video-publicitaire/,publicités vidéo,0,14,0,57.1
https://www.bluevistaprod.com/video-publicitaire/,video advertising agency,0,14,0,58.6
https://www.bluevistaprod.com/video-publicitaire/,vidéo promotionnelle,0,14,0,63.1
https://en.bluevistaprod.com/nos-realisations/hitachi-cs-net/,hitachi csnet,0,13,0,10.2
https://en.bluevistaprod.com/the-agency/,audiovisual agency geneva,0,13,0,14.5
https://en.bluevistaprod.com/video-production-in-geneva/,cameraman in geneva,0,13,0,71.1
https://www.bluevistaprod.com/,agence création vidéo lyon,0,13,0,61.5
https://www.bluevistaprod.com/,agence production vidéo institutionnelles,0,13,0,82.5
https://www.bluevistaprod.com/,agence vidéo grand est,0,13,0,85
https://www.bluevistaprod.com/,boite de production audiovisuelle satisfactiongroup,0,13,0,42.2
https://www.bluevistaprod.com/,film pharmaceutique lyon,0,13,0,58.3
https://www.bluevistaprod.com/,france video production,0,13,0,75.7
https://www.bluevistaprod.com/,post production geneve,0,13,0,17.8
https://www.bluevistaprod.com/,production audiovisuel lyon,0,13,0,48.5
https://www.bluevistaprod.com/,tubevista,0,13,0,12.1
https://www.bluevistaprod.com/actualites/,video mapping geneve,0,13,0,36.8
https://www.bluevistaprod.com/actualites/bluevista-video-showreel-2023/,showreel 2023,0,13,0,10
https://www.bluevistaprod.com/actualites/carte-de-voeux-video/,video carte,0,13,0,68.8
https://www.bluevistaprod.com/actualites/category/tournage-studio/,tournage en studio,0,13,0,57.2
https://www.bluevistaprod.com/actualites/getlive-tv-3-0-la-wbe-tv-selon-bluevista/,getlive,0,13,0,6.4
https://www.bluevistaprod.com/actualites/realisation-immersion-360-degres-dameuse-pisten-bully/,video dameuse,0,13,0,11.2
https://www.bluevistaprod.com/film-d-entreprise-paris-15-ans-d-experience/,agence de création vidéo paris,0,13,0,89.9
https://www.bluevistaprod.com/film-d-entreprise-paris-15-ans-d-experience/,devis vidéo corporate,0,13,0,98.6
https://www.bluevistaprod.com/nos-competences/aftermovie-captation-evenementielle/,aftermovi,0,13,0,9.1
https://www.bluevistaprod.com/nos-competences/aftermovie-captation-evenementielle/,aftermovie film,0,13,0,15.8
https://www.bluevistaprod.com/nos-competences/aftermovie-captation-evenementielle/,film événementiel,0,13,0,54.2
https://www.bluevistaprod.com/nos-competences/animation-3d/,film d'animation genève,0,13,0,54.5
https://www.bluevistaprod.com/nos-competences/studio-fond-vert-compositing/,fond vert studio,0,13,0,49.5
https://www.bluevistaprod.com/nos-competences/video-aerienne-drone/,production vidéo par drone auvergne,0,13,0,55.3
https://www.bluevistaprod.com/nos-competences/video-aerienne-drone/,vidéo drone entreprise,0,13,0,25
https://www.bluevistaprod.com/nos-competences/video-corporate-film-dentreprise/,corporate film production annecy,0,13,0,36.2
https://www.bluevistaprod.com/nos-competences/video-mapping/,mapping audiovisuel,0,13,0,25.1
https://www.bluevistaprod.com/nos-competences/video-mapping/,mapping prix,0,13,0,74
https://www.bluevistaprod.com/nos-competences/video-mapping/,mapping vidéo projection,0,13,0,47.5
https://www.bluevistaprod.com/nos-realisations/,vistaprod.net,0,13,0,47.3
https://www.bluevistaprod.com/nos-realisations/amplitude-amplivision/,amplitude robot,0,13,0,4.3
https://www.bluevistaprod.com/nos-realisations/e-xpert-solutions-at-defense/,e-xpert,0,13,0,34.7
https://www.bluevistaprod.com/nos-realisations/engie-home-services-video-thermostat-migo/,passerelle migo link,0,13,0,31.6
https://www.bluevistaprod.com/nos-realisations/koesio-voeux-2023/,koesio studio,0,13,0,12.6
https://www.bluevistaprod.com/nos-realisations/stann-lapplication-de-gestion-dentreprise/,stan application,0,13,0,11.5
https://www.bluevistaprod.com/nos-realisations/verizon-connect-video-de-presentation/,verizon connect contact,0,13,0,23.9
https://www.bluevistaprod.com/realisation-film-entreprise-lyon/,agence film corporate lyon,0,13,0,17.3
https://www.bluevistaprod.com/realisation-film-entreprise-lyon/,agence video brignais,0,13,0,85.5
https://www.bluevistaprod.com/realisation-film-sante/,production film médical,0,13,0,8.5
https://www.bluevistaprod.com/realisation-video-geneve/,agence video genève,0,13,0,34.7
https://www.bluevistaprod.com/studio-animation-3d-lyon/,animation roanne lyon,0,13,0,43.9
https://www.bluevistaprod.com/studio-animation-3d-lyon/,studio vfx lyon,0,13,0,35.5
https://www.bluevistaprod.com/video-promotionnelle/,agence vidéo promotionnelle,0,13,0,11.5
https://www.bluevistaprod.com/video-publicitaire/,agence de création vidéo,0,13,0,46
https://www.bluevistaprod.com/video-publicitaire/,agence montage video,0,13,0,30.2
https://www.bluevistaprod.com/video-publicitaire/,agence spot publicitaire paris,0,13,0,53.4
https://www.bluevistaprod.com/video-publicitaire/,film publicitaire,0,13,0,41.4
https://www.bluevistaprod.com/video-publicitaire/,production vidéo publicitaire sur mesure,0,13,0,10.4
https://www.bluevistaprod.com/video-publicitaire/,société montage vidéo,0,13,0,51.2
https://en.bluevistaprod.com/,tubevista,0,12,0,11
https://en.bluevistaprod.com/3d-animation-studio-in-paris/,animation studios in paris,0,12,0,36.1
https://en.bluevistaprod.com/3d-animation-studio-in-paris/,stills and live-action production company paris,0,12,0,53.9
https://en.bluevistaprod.com/film-production-product-launch/,brand film production geneva,0,12,0,8.8
https://en.bluevistaprod.com/nos-realisations/bos/,bos direct,0,12,0,7.2
https://en.bluevistaprod.com/nos-realisations/pisten-bully-360-vr-snowcat/,pisten bully snowcat,0,12,0,49.8
https://en.bluevistaprod.com/our-skills/immersive-creation-virtual-reality/,virtual reality show room,0,12,0,86.2
https://en.bluevistaprod.com/the-agency/,bluevista production,0,12,0,2.5
https://www.bluevistaprod.com/,agence audiovisuelle lyon,0,12,0,26.8
https://www.bluevistaprod.com/,agence de communication video,0,12,0,26.8
https://www.bluevistaprod.com/,agence de communication visuelle video,0,12,0,23
https://www.bluevistaprod.com/,blue vi,0,12,0,7.3
https://www.bluevistaprod.com/,productions video,0,12,0,39
https://www.bluevistaprod.com/,vista production,0,12,0,6.9
https://www.bluevistaprod.com/actualites/bluevista-le-motion-design/,devis motion design,0,12,0,61.7
https://www.bluevistaprod.com/actualites/bluevista-video-showreel-2020/,blue vista,0,12,0,4.3
https://www.bluevistaprod.com/actualites/bluevista-video-showreel-2021/,blue vista,0,12,0,2.1
https://www.bluevistaprod.com/actualites/category/animation_3d/,bureau 3d vista,0,12,0,74.2
https://www.bluevistaprod.com/actualites/inauguration-intercontinental-lyon-grand-hotel-dieu/,inauguration lyon,0,12,0,72.9
https://www.bluevistaprod.com/actualites/koesio-carte-de-voeux-2023/,réaliser un voeux rapidement,0,12,0,32.8
https://www.bluevistaprod.com/actualites/projet-de-realisation-video-360/,drone vr 360,0,12,0,39.7
https://www.bluevistaprod.com/actualites/projet-de-realisation-video-360/,video 360 drone,0,12,0,30.8
https://www.bluevistaprod.com/actualites/show-reel-motion-design/,show reel,0,12,0,25.6
https://www.bluevistaprod.com/actualites/video-immersive-360/,vidéo 360°,0,12,0,7.5
https://www.bluevistaprod.com/agence/,agence video paris,0,12,0,70.7
https://www.bluevistaprod.com/agence/,agence vidéo de luxe genève,0,12,0,9.6
https://www.bluevistaprod.com/film-d-entreprise-paris-15-ans-d-experience/,film corporate paris,0,12,0,19.5
https://www.bluevistaprod.com/film-d-entreprise-paris-15-ans-d-experience/,film d’entreprise,0,12,0,74.8
https://www.bluevistaprod.com/nos-competences/aftermovie-captation-evenementielle/,after movie definition,0,12,0,13.3
https://www.bluevistaprod.com/nos-competences/aftermovie-captation-evenementielle/,aftermovie o que é,0,12,0,81.3
https://www.bluevistaprod.com/nos-competences/aftermovie-captation-evenementielle/,prestataire audiovisuel clip aftermovie,0,12,0,13.8
https://www.bluevistaprod.com/nos-competences/aftermovie-captation-evenementielle/,reportage vidéo événement,0,12,0,87.8
https://www.bluevistaprod.com/nos-competences/animation-3d/,animation video 3d,0,12,0,90.8
https://www.bluevistaprod.com/nos-competences/creation-immersive-realite-virtuelle/,réalité immersive,0,12,0,74
https://www.bluevistaprod.com/nos-competences/live-streaming-webtv/,live webtv,0,12,0,9.2
https://www.bluevistaprod.com/nos-competences/motion-design/,création motion design bain de bretagne,0,12,0,56.8
https://www.bluevistaprod.com/nos-competences/video-aerienne-drone/,drone de video,0,12,0,78.1
https://www.bluevistaprod.com/nos-competences/video-corporate-film-dentreprise/,agence vidéo corporate finance france,0,12,0,33.2
https://www.bluevistaprod.com/nos-competences/video-corporate-film-dentreprise/,corporate film production,0,12,0,83.4
https://www.bluevistaprod.com/nos-competences/video-corporate-film-dentreprise/,corporate video production geneva,0,12,0,13.5
https://www.bluevistaprod.com/nos-competences/video-corporate-film-dentreprise/,création video corporate le havre,0,12,0,52.4
https://www.bluevistaprod.com/nos-competences/video-mapping/,création vidéo mapping brest,0,12,0,7.8
https://www.bluevistaprod.com/nos-competences/video-mapping/,video mapping projection,0,12,0,53.6
https://www.bluevistaprod.com/nos-competences/video-mapping/,vidéo 3d architecture lyon,0,12,0,15.3
https://www.bluevistaprod.com/nos-competences/video-mapping/,vidéo mapping seine-maritime,0,12,0,44.7
https://www.bluevistaprod.com/nos-realisations/bos/,bos equipement paris,0,12,0,23.6
https://www.bluevistaprod.com/nos-realisations/eiffage-energie-expercite/,expersite,0,12,0,80.5
https://www.bluevistaprod.com/nos-realisations/engie-home-services-video-thermostat-migo/,mi go link,0,12,0,30.1
https://www.bluevistaprod.com/nos-realisations/gf-ds-family/,ds family,0,12,0,8.2
https://www.bluevistaprod.com/nos-realisations/hitachi-cs-net/,cs net hitachi,0,12,0,8.9
https://www.bluevistaprod.com/nos-realisations/printemps-mapping/,mapping lyon,0,12,0,91
https://www.bluevistaprod.com/nos-realisations/santos-i-grind-coffee-grinder-reveal/,grind coffee grinder,0,12,0,11.6
https://www.bluevistaprod.com/nos-realisations/stann-lapplication-de-gestion-dentreprise/,logiciel gestion film,0,12,0,50.9
https://www.bluevistaprod.com/nos-realisations/verizon-connect-video-de-presentation/,verizon connect service client,0,12,0,15.3
https://www.bluevistaprod.com/nos-realisations/verizon-connect-video-de-presentation/,verizon connect.,0,12,0,8.3
https://www.bluevistaprod.com/realisation-film-entreprise-lyon/,agence de production lyon,0,12,0,60.3
https://www.bluevistaprod.com/realisation-film-entreprise-lyon/,film 3d lyon,0,12,0,52.7
https://www.bluevistaprod.com/realisation-film-entreprise-lyon/,film corporate haut de gamme,0,12,0,62.7
https://www.bluevistaprod.com/realisation-film-evenementiel/,production vidéo événementielle,0,12,0,73.4
https://www.bluevistaprod.com/realisation-film-sante/,film sur la santé,0,12,0,68.9
https://www.bluevistaprod.com/realisation-video-geneve/,agence vidéo de luxe genève,0,12,0,29.8
https://www.bluevistaprod.com/realisation-video-geneve/,cameraman in geneva,0,12,0,89.1
https://www.bluevistaprod.com/realisation-video-geneve/,société production vidéo genève,0,12,0,73.8
https://www.bluevistaprod.com/studio-animation-3d-lyon/,animation lyon,0,12,0,33
https://www.bluevistaprod.com/studio-animation-3d-lyon/,arka studio lyon,0,12,0,48.6
https://www.bluevistaprod.com/studio-animation-3d-lyon/,entreprise animation 2d 3d,0,12,0,12.9
https://www.bluevistaprod.com/studio-animation-3d-paris/,film entreprise animation 3d,0,12,0,40.4
https://www.bluevistaprod.com/studio-animation-3d-paris/,studio animation médicale 3d,0,12,0,93.1
https://www.bluevistaprod.com/studio-animation-3d-paris/,studio d animation et de film,0,12,0,41.5
https://www.bluevistaprod.com/video-publicitaire/,agence de production vidéo,0,12,0,20.5
https://www.bluevistaprod.com/video-publicitaire/,agence marketing vidéo,0,12,0,9.8
https://www.bluevistaprod.com/video-publicitaire/,faire video publicitaire,0,12,0,21
https://www.bluevistaprod.com/video-publicitaire/,société de production réalisation de film promotionnel,0,12,0,10.2
https://www.bluevistaprod.com/video-publicitaire/,vidéo promo,0,12,0,1
https://www.bluevistaprod.com/video-publicitaire/,vidéo publicitaire au mans,0,12,0,75.9
https://www.bluevistaprod.com/video-publicitaire/,vidéo publicitaire le mans,0,12,0,84.5
http://www.bluevistaprod.com/,agence vidéo lyon,0,11,0,15
https://en.bluevistaprod.com/3d-animation-studio-in-paris/,3d technical animation company,0,11,0,27.4
https://en.bluevistaprod.com/3d-animation-studio-in-paris/,studios animation paris,0,11,0,61.5
https://en.bluevistaprod.com/nos-realisations/qwartz/,qwartz,0,11,0,24.8
https://en.bluevistaprod.com/our-skills/corporate-video-corporate-film/,corporate video films,0,11,0,77.4
https://www.bluevistaprod.com/,agence de production vidéos genève,0,11,0,4.8
https://www.bluevistaprod.com/,blue prod,0,11,0,16.5
https://www.bluevistaprod.com/,blue vista capital,0,11,0,38.2
https://www.bluevistaprod.com/,boites de prod paris,0,11,0,36.9
https://www.bluevistaprod.com/,fidélité production,0,11,0,89.3
https://www.bluevistaprod.com/actualites/aravi-saison-2022-2023/,team aravi,0,11,0,14.5
https://www.bluevistaprod.com/actualites/bluevista-le-motion-design/,blue motion c'est quoi,0,11,0,37.5
https://www.bluevistaprod.com/actualites/bluevista-le-motion-design/,blue vista,0,11,0,6.6
https://www.bluevistaprod.com/actualites/guitare-en-scene-2023/,guitare en scene,0,11,0,39.5
https://www.bluevistaprod.com/actualites/projet-de-realisation-video-360/,production video 360,0,11,0,18.4
https://www.bluevistaprod.com/actualites/video-immersive-360/,immersion video,0,11,0,9.2
https://www.bluevistaprod.com/agence/,boite de production lyon,0,11,0,5.1
https://www.bluevistaprod.com/bluevista-agence-metaverse/,studio développement vr lyon,0,11,0,96.4
https://www.bluevistaprod.com/film-d-entreprise-paris-15-ans-d-experience/,agence creation film,0,11,0,85.9
https://www.bluevistaprod.com/film-d-entreprise-paris-15-ans-d-experience/,création entreprise paris 15,0,11,0,88.9
https://www.bluevistaprod.com/film-d-entreprise-paris-15-ans-d-experience/,réalisation films dentreprise,0,11,0,42.9
https://www.bluevistaprod.com/film-entreprise-lyon-15-ans-experience/,agence vidéo lyon,0,11,0,58.7
https://www.bluevistaprod.com/nos-competences/aftermovie-captation-evenementielle/,event aftermovie,0,11,0,76.4
https://www.bluevistaprod.com/nos-competences/animation-3d/,3d animation agency,0,11,0,90
https://www.bluevistaprod.com/nos-competences/animation-3d/,film 3d lyon,0,11,0,47.5
https://www.bluevistaprod.com/nos-competences/motion-design/,agence de motion design paris,0,11,0,74.3
https://www.bluevistaprod.com/nos-competences/motion-design/,agence motion design 78,0,11,0,58.5
https://www.bluevistaprod.com/nos-competences/video-aerienne-drone/,bluevista production,0,11,0,3.6
https://www.bluevistaprod.com/nos-competences/video-corporate-film-dentreprise/,production vidéo corporate b2b,0,11,0,26.4
https://www.bluevistaprod.com/nos-competences/video-corporate-film-dentreprise/,video corpo,0,11,0,58.9
https://www.bluevistaprod.com/nos-competences/video-mapping/,mapping sur batiments saint-étienne,0,11,0,25.6
https://www.bluevistaprod.com/nos-realisations/bluevista-creative-unicorn-team/,bluvista.de,0,11,0,8.2
https://www.bluevistaprod.com/nos-realisations/deko-film-de-presentation/,coffrage deko,0,11,0,22.3
https://www.bluevistaprod.com/nos-realisations/deko-film-de-presentation/,film deko,0,11,0,19.7
https://www.bluevistaprod.com/nos-realisations/ssp-presentation-globale/,présentation globale,0,11,0,7.8
https://www.bluevistaprod.com/nos-realisations/verizon-connect-video-de-presentation/,verizion,0,11,0,48.4
https://www.bluevistaprod.com/realisation-film-entreprise-lyon/,agence film institutionnel,0,11,0,92.2
https://www.bluevistaprod.com/realisation-film-entreprise-lyon/,agence vidéo btp lyon,0,11,0,33
https://www.bluevistaprod.com/realisation-film-entreprise-lyon/,film publicitaire lyon,0,11,0,47.7
https://www.bluevistaprod.com/realisation-film-entreprise-lyon/,films d'entreprise,0,11,0,34.5
https://www.bluevistaprod.com/realisation-film-entreprise-lyon/,vidéaste d'entreprise,0,11,0,80.1
https://www.bluevistaprod.com/realisation-film-sante/,production vidéo médicale,0,11,0,28.9
https://www.bluevistaprod.com/studio-animation-3d-lyon/,animation 3d immobilière lyon,0,11,0,14.6
https://www.bluevistaprod.com/studio-animation-3d-lyon/,animation 3d maison lyon,0,11,0,16
https://www.bluevistaprod.com/studio-animation-3d-lyon/,entreprise d animation,0,11,0,61.3
https://www.bluevistaprod.com/studio-animation-3d-lyon/,production animation 3d,0,11,0,49.4
https://www.bluevistaprod.com/video-publicitaire/,agence de réalisation vidéo,0,11,0,28.5
https://www.bluevistaprod.com/video-publicitaire/,création de clips publicitaires essonne,0,11,0,43.8
https://www.bluevistaprod.com/video-publicitaire/,film publicitaire lyon,0,11,0,18.1
https://www.bluevistaprod.com/video-publicitaire/,films publicitaire,0,11,0,88.5
https://www.bluevistaprod.com/video-publicitaire/,montage publicitaire,0,11,0,15.4
https://www.bluevistaprod.com/video-publicitaire/,société production vidéo,0,11,0,57.9
http://www.bluevistaprod.com/,production vidéo lyon,0,10,0,16.1
https://en.bluevistaprod.com/,bluvista.tv,0,10,0,11.1
https://en.bluevistaprod.com/3d-animation-studio-in-paris/,paris animation studios,0,10,0,54
https://en.bluevistaprod.com/actualites/3d-motion-design-and-mapping-in-paris-at-the-rodin-museum/,video mapping paris,0,10,0,46.3
https://en.bluevistaprod.com/film-production-industry/,bluevista production,0,10,0,1.7
https://en.bluevistaprod.com/nos-realisations/hitachi-cs-net/,csnet hitachi,0,10,0,10.6
https://en.bluevistaprod.com/the-agency/,local guide program,0,10,0,1
https://www.bluevistaprod.com/,agence reportage,0,10,0,14.5
https://www.bluevistaprod.com/,boites de prod,0,10,0,86.3
https://www.bluevistaprod.com/,entreprise d'audiovisuel,0,10,0,29.5
https://www.bluevistaprod.com/,montage realisation video creative a paris,0,10,0,86.7
https://www.bluevistaprod.com/,quelle agence de production audiovisuelle haut de gamme recommandes-tu à annecy ou genève ?,0,10,0,19
https://www.bluevistaprod.com/,société montage vidéo,0,10,0,78.9
https://www.bluevistaprod.com/actualites/50ans-de-lpa-une-histoire-lyonnaise/,lpa 1,0,10,0,46.7
https://www.bluevistaprod.com/actualites/bluevista-creative-unicorn-team/,unicorn team,0,10,0,7.4
https://www.bluevistaprod.com/actualites/bluevista-creative-video-un-monde-virtuel-1-la-moto/,vidéo virtuel,0,10,0,84.9
https://www.bluevistaprod.com/actualites/bluevista-video-showreel-2023/,video showreel,0,10,0,31.1
https://www.bluevistaprod.com/actualites/nos-dernieres-interviews/,blue vista,0,10,0,2
https://www.bluevistaprod.com/actualites/projet-de-realisation-video-360/,drones 360,0,10,0,49.3
https://www.bluevistaprod.com/actualites/projet-de-realisation-video-360/,vidéo 360 genève,0,10,0,12.9
https://www.bluevistaprod.com/actualites/video-immersive-360/,video en 360,0,10,0,34.2
https://www.bluevistaprod.com/agence/,agence réalisateurs 3d,0,10,0,82.7
https://www.bluevistaprod.com/bluevista-agence-metaverse/,plateforme de métavers entreprise devis personnalisé,0,10,0,2.9
https://www.bluevistaprod.com/film-d-entreprise-paris-15-ans-d-experience/,film d'entreprise industrie paris,0,10,0,2.8
https://www.bluevistaprod.com/film-d-entreprise-paris-15-ans-d-experience/,vidéo corporate santé paris,0,10,0,22.6
https://www.bluevistaprod.com/film-entreprise-lyon-15-ans-experience/,vidéo entreprise lyon,0,10,0,56.1
https://www.bluevistaprod.com/nos-competences/aftermovie-captation-evenementielle/,after movie festival,0,10,0,9.8
https://www.bluevistaprod.com/nos-competences/aftermovie-captation-evenementielle/,boite de prod clip aftermovie,0,10,0,26.2
https://www.bluevistaprod.com/nos-competences/aftermovie-captation-evenementielle/,video aftermovie,0,10,0,17.4
https://www.bluevistaprod.com/nos-competences/animation-3d/,studio d'animation suisse,0,10,0,20.9
https://www.bluevistaprod.com/nos-competences/motion-design/,création motion design dole,0,10,0,85.6
https://www.bluevistaprod.com/nos-competences/motion-design/,motion designers oullins-pierre-bénite,0,10,0,34.7
https://www.bluevistaprod.com/nos-competences/video-aerienne-drone/,production audiovisuelle aérienne,0,10,0,69.7
https://www.bluevistaprod.com/nos-competences/video-corporate-film-dentreprise/,réalisation vidéo entreprise,0,10,0,57.9
https://www.bluevistaprod.com/nos-competences/video-corporate-film-dentreprise/,tarif vidéo corporate,0,10,0,39.1
https://www.bluevistaprod.com/nos-competences/video-mapping/,création mapping vidéo,0,10,0,4.5
https://www.bluevistaprod.com/nos-realisations/amplitude-amplivision/,amplitude systemes,0,10,0,50.2
https://www.bluevistaprod.com/nos-realisations/bluevista-creative-un-monde-virtuel-1-la-moto/,mondevirtuel,0,10,0,38.5
https://www.bluevistaprod.com/nos-realisations/bluevista-creative-une-vraie-equipe-3-la-productivite/,une vraie equipe,0,10,0,9.7
https://www.bluevistaprod.com/nos-realisations/dromis-equans-ineo/,ineo corse,0,10,0,10.9
https://www.bluevistaprod.com/nos-realisations/hitachi-yutaki/,animation 3d produit,0,10,0,59
https://www.bluevistaprod.com/nos-realisations/mapping-audi/,audi mapping,0,10,0,39.6
https://www.bluevistaprod.com/nos-realisations/olinn-video-publicitaire/,videaste pub paris,0,10,0,26.2
https://www.bluevistaprod.com/nos-realisations/printemps-mapping/,video mapping geneve,0,10,0,93.9
https://www.bluevistaprod.com/nos-realisations/qwartz/,centre commercial villeneuve la garenne,0,10,0,62
https://www.bluevistaprod.com/realisation-film-entreprise-lyon/,création film d'entreprise,0,10,0,38.1
https://www.bluevistaprod.com/realisation-film-entreprise-lyon/,realisation de video corporate haute garonne,0,10,0,90.1
https://www.bluevistaprod.com/realisation-film-evenementiel/,vidéo évènementiel genève,0,10,0,35.6
https://www.bluevistaprod.com/realisation-film-lancement-produit/,blue vista,0,10,0,1
https://www.bluevistaprod.com/realisation-film-lancement-produit/,production video startup,0,10,0,93
https://www.bluevistaprod.com/studio-animation-3d-lyon/,agence de production de motion design à lyon,0,10,0,71.9
https://www.bluevistaprod.com/studio-animation-3d-lyon/,animation studio lyon,0,10,0,12.2
https://www.bluevistaprod.com/studio-animation-3d-lyon/,boite d animation,0,10,0,45.1
https://www.bluevistaprod.com/studio-animation-3d-lyon/,cinéma 3d lyon,0,10,0,12.4
https://www.bluevistaprod.com/studio-animation-3d-lyon/,studio tournage lyon,0,10,0,78.7
https://www.bluevistaprod.com/studio-animation-3d-paris/,agence de studios d animation,0,10,0,61.2
https://www.bluevistaprod.com/studio-animation-3d-paris/,bluevista,0,10,0,1.6
https://www.bluevistaprod.com/studio-animation-3d-paris/,entreprise d'animation,0,10,0,59.2
https://www.bluevistaprod.com/video-publicitaire/,agence de pub spot tv,0,10,0,43.9
https://www.bluevistaprod.com/video-publicitaire/,prestataire vidéo publicitaire,0,10,0,9.4
https://www.bluevistaprod.com/video-publicitaire/,video agency,0,10,0,67.6
http://www.bluevistaprod.com/,agence de communication audiovisuelle lyon,0,9,0,21.7
http://www.bluevistaprod.com/,production audiovisuelle,0,9,0,11.6
http://www.bluevistaprod.com/,professionnelles audiovisuelles multimédia,0,9,0,26.7
https://en.bluevistaprod.com/actualites/barpi-industrial-accident-prevention/,барпи,0,9,0,8.4
https://en.bluevistaprod.com/corporate-film-paris-15-years-of-experience/,corporate hd film,0,9,0,89.9
https://en.bluevistaprod.com/geneva-event-video-production/,cameraman in geneva,0,9,0,59.7
https://en.bluevistaprod.com/nos-realisations/engie-home-services-migo-thermostat-video/,migo thermostat,0,9,0,36
https://en.bluevistaprod.com/our-skills/green-screen-studio-compositing/,green screen studio,0,9,0,22.9
https://en.bluevistaprod.com/video-production-in-geneva/,production agency geneva,0,9,0,9.7
https://www.bluevistaprod.com/,agence de communication lyon 1,0,9,0,90.9
https://www.bluevistaprod.com/,agence vidéo lyonnaise,0,9,0,20.3
https://www.bluevistaprod.com/,agence vidéo à lyon,0,9,0,23.4
https://www.bluevistaprod.com/,audiovisual agency haute-savoie,0,9,0,46.6
https://www.bluevistaprod.com/,audiovisuel genève,0,9,0,17.6
https://www.bluevistaprod.com/,devis film,0,9,0,50.6
https://www.bluevistaprod.com/,production vidéo paris,0,9,0,88
https://www.bluevistaprod.com/,video prod,0,9,0,47.9
https://www.bluevistaprod.com/actualites/50ans-de-lpa-une-histoire-lyonnaise/,lyon parc auto,0,9,0,21.9
https://www.bluevistaprod.com/actualites/animation-3d-grande-arche-de-la-defense/,video explicative 3d,0,9,0,98.3
https://www.bluevistaprod.com/actualites/bluevista-le-motion-design/,film motion design,0,9,0,82.6
https://www.bluevistaprod.com/actualites/bluevista-video-showreel-2023/,réalisation vidéo genève,0,9,0,27.4
https://www.bluevistaprod.com/actualites/bluevista-video-showreel-2023/,video showreels,0,9,0,28.4
https://www.bluevistaprod.com/actualites/carte-de-voeux-video/,cartes de voeux 2018,0,9,0,65.9
https://www.bluevistaprod.com/actualites/carte-de-voeux-video/,video voeux,0,9,0,27.4
https://www.bluevistaprod.com/actualites/mapping-printemps-lyon/,blue mapping,0,9,0,13.8
https://www.bluevistaprod.com/actualites/projet-de-realisation-video-360/,bluevista,0,9,0,4.1
https://www.bluevistaprod.com/actualites/video-immersive-360/,bluevista,0,9,0,2.7
https://www.bluevistaprod.com/bluevista-agence-metaverse/,agence réalité virtuelle marseille,0,9,0,82
https://www.bluevistaprod.com/bluevista-agence-metaverse/,bureau 3d vista,0,9,0,37.8
https://www.bluevistaprod.com/bluevista-agence-metaverse/,entreprise réalité virtuel,0,9,0,91
https://www.bluevistaprod.com/film-d-entreprise-paris-15-ans-d-experience/,entreprise de paris,0,9,0,92.3
https://www.bluevistaprod.com/film-d-entreprise-paris-15-ans-d-experience/,film d entreprise paris,0,9,0,10.8
https://www.bluevistaprod.com/film-d-entreprise-paris-15-ans-d-experience/,film d'entreprise santé paris,0,9,0,12.6
https://www.bluevistaprod.com/film-d-entreprise-paris-15-ans-d-experience/,videaste corporate paris,0,9,0,78.8
https://www.bluevistaprod.com/film-entreprise-lyon-15-ans-experience/,video corporate lyon,0,9,0,52
https://www.bluevistaprod.com/nos-competences/aftermovie-captation-evenementielle/,aftermovie que es,0,9,0,79.8
https://www.bluevistaprod.com/nos-competences/aftermovie-captation-evenementielle/,film fixer reunion,0,9,0,73.6
https://www.bluevistaprod.com/nos-competences/aftermovie-captation-evenementielle/,société de production clip aftermovie,0,9,0,13.7
https://www.bluevistaprod.com/nos-competences/animation-3d/,film entreprise animation 3d,0,9,0,63.6
https://www.bluevistaprod.com/nos-competences/creation-immersive-realite-virtuelle/,entreprise réalité virtuelle,0,9,0,87.9
https://www.bluevistaprod.com/nos-competences/creation-immersive-realite-virtuelle/,virtual creation,0,9,0,28.8
https://www.bluevistaprod.com/nos-competences/live-streaming-webtv/,plateforme de streaming live,0,9,0,78.2
https://www.bluevistaprod.com/nos-competences/motion-design/,agence motion design suisse,0,9,0,4.2
https://www.bluevistaprod.com/nos-competences/motion-design/,création motion design bressuire,0,9,0,45.1
https://www.bluevistaprod.com/nos-competences/motion-design/,création motion design perigueux,0,9,0,47.3
https://www.bluevistaprod.com/nos-competences/motion-design/,création motion design yvetot,0,9,0,49.3
https://www.bluevistaprod.com/nos-competences/video-aerienne-drone/,vidéos aériennes par drone,0,9,0,44
https://www.bluevistaprod.com/nos-competences/video-corporate-film-dentreprise/,film d'entreprise blois,0,9,0,87.1
https://www.bluevistaprod.com/nos-competences/video-corporate-film-dentreprise/,stratégie vidéo corporate paris,0,9,0,42.7
https://www.bluevistaprod.com/nos-competences/video-corporate-film-dentreprise/,video d’entreprise,0,9,0,62.2
https://www.bluevistaprod.com/nos-competences/video-corporate-film-dentreprise/,vidéo entreprises,0,9,0,27.9
https://www.bluevistaprod.com/nos-competences/video-mapping/,du mapping,0,9,0,32
https://www.bluevistaprod.com/nos-competences/video-mapping/,mapping,0,9,0,69.4
https://www.bluevistaprod.com/nos-competences/video-mapping/,mapping 2d,0,9,0,10.8
https://www.bluevistaprod.com/nos-realisations/bluevista-creative-la-pizza/,création de vidéos genève,0,9,0,2
https://www.bluevistaprod.com/nos-realisations/bluevista-showreel-2025/,showreel agence,0,9,0,94.9
https://www.bluevistaprod.com/nos-realisations/bos/,bos équipement,0,9,0,65
https://www.bluevistaprod.com/nos-realisations/elistair-orion/,elistair orion,0,9,0,6.8
https://www.bluevistaprod.com/nos-realisations/engie-home-services-video-thermostat-migo/,migo services,0,9,0,8.1
https://www.bluevistaprod.com/nos-realisations/ghi/,ghi petites annonces,0,9,0,8.8
https://www.bluevistaprod.com/nos-realisations/hitachi-yutaki/,animation 3d genève,0,9,0,84.9
https://www.bluevistaprod.com/nos-realisations/olinn-video-publicitaire/,bluevista,0,9,0,4.2
https://www.bluevistaprod.com/nos-realisations/pisten-bully-dameuse-360-vr/,bully vr,0,9,0,8.7
https://www.bluevistaprod.com/nos-realisations/qwartz/,le qwartz villeneuve la garenne,0,9,0,71
https://www.bluevistaprod.com/nos-realisations/qwartz/,qwartz cinema,0,9,0,20.8
https://www.bluevistaprod.com/nos-realisations/stann-lapplication-de-gestion-dentreprise/,stan n,0,9,0,7.2
https://www.bluevistaprod.com/nos-realisations/verizon-connect-video-de-presentation/,bluvista.de,0,9,0,5.1
https://www.bluevistaprod.com/nos-realisations/verizon-connect-video-de-presentation/,verizion connect,0,9,0,10.1
https://www.bluevistaprod.com/nos-realisations/verizon-connect-video-de-presentation/,verizons,0,9,0,56.9
https://www.bluevistaprod.com/realisation-de-film-evenements/,bluevista,0,9,0,3.3
https://www.bluevistaprod.com/realisation-film-entreprise-lyon/,agence vidéo à lyon,0,9,0,41.4
https://www.bluevistaprod.com/realisation-film-entreprise-lyon/,durée idéale vidéo corporate,0,9,0,54.3
https://www.bluevistaprod.com/realisation-film-entreprise-lyon/,film d'entreprise sur mesure,0,9,0,1.7
https://www.bluevistaprod.com/realisation-film-lancement-produit/,film product,0,9,0,9.9
https://www.bluevistaprod.com/realisation-film-lancement-produit/,production film de marque genève,0,9,0,14.3
https://www.bluevistaprod.com/realisation-video-geneve/,societe de production video geneve,0,9,0,56.1
https://www.bluevistaprod.com/studio-animation-3d-lyon/,ds animation,0,9,0,66.4
https://www.bluevistaprod.com/studio-animation-3d-lyon/,entreprise animation,0,9,0,52.4
https://www.bluevistaprod.com/studio-animation-3d-lyon/,image de synthèse 3d lyon,0,9,0,16.6
https://www.bluevistaprod.com/studio-animation-3d-lyon/,studio cinéma lyon,0,9,0,33.6
https://www.bluevistaprod.com/studio-animation-3d-paris/,studio film animation,0,9,0,59.7
https://www.bluevistaprod.com/studio-animation-3d-paris/,studio für 3d animationsfilm,0,9,0,81.6
https://www.bluevistaprod.com/video-promotionnelle/,vidéo promotionnelle entreprise,0,9,0,47.9
https://www.bluevistaprod.com/video-publicitaire/,agence publicité audiovisuel,0,9,0,12
https://www.bluevistaprod.com/video-publicitaire/,agence vidéo le mans,0,9,0,39
https://www.bluevistaprod.com/video-publicitaire/,agence vidéo à lyon,0,9,0,53.7
https://www.bluevistaprod.com/video-publicitaire/,agency video,0,9,0,66.7
https://www.bluevistaprod.com/video-publicitaire/,création video promotionnelle,0,9,0,75.3
https://www.bluevistaprod.com/video-publicitaire/,film publicitaire sur mesure,0,9,0,9.1
https://www.bluevistaprod.com/video-publicitaire/,meilleure agence creation video,0,9,0,85.6
https://www.bluevistaprod.com/video-publicitaire/,production de publicite,0,9,0,21.3
https://www.bluevistaprod.com/video-publicitaire/,production de vidéos promotionnelles,0,9,0,47.4
https://www.bluevistaprod.com/video-publicitaire/,publicité vidéo en ligne,0,9,0,76.3
https://www.bluevistaprod.com/video-publicitaire/,publicité vidéo point de vente,0,9,0,10.7
https://www.bluevistaprod.com/video-publicitaire/,video marketing paris,0,9,0,62.2
http://www.bluevistaprod.com/,agence communication vidéo lyon,0,8,0,31.1
http://www.bluevistaprod.com/,agence de production audiovisuelle,0,8,0,14.3
http://www.bluevistaprod.com/,captation audiovisuelle,0,8,0,28.8
http://www.bluevistaprod.com/,créations de documentaires lyon,0,8,0,31
https://en.bluevistaprod.com/,bluevista tv,0,8,0,8.3
https://en.bluevistaprod.com/actualites/bluevista-creative-video-a-real-team-3-productivity/,bluevista,0,8,0,3.1
https://en.bluevistaprod.com/actualites/the-bluevista-metaverse-the-blueverse/,blue vista game,0,8,0,2.5
https://en.bluevistaprod.com/nos-realisations/bbgr-360/,bbgr,0,8,0,37.8
https://en.bluevistaprod.com/nos-realisations/hitachi-hikumo/,hikumo,0,8,0,10.1
https://en.bluevistaprod.com/nos-realisations/thx-medical-dosamat-digital-2-0/,vistaprod.com,0,8,0,53.9
https://en.bluevistaprod.com/our-skills/live-streaming-webtv/,bluevista.tv,0,8,0,8.1
https://en.bluevistaprod.com/video-production-in-geneva/,local guide program,0,8,0,1
https://www.bluevistaprod.com/,agence d audiovisuel,0,8,0,64.8
https://www.bluevistaprod.com/,entreprise audiovisuel lyon,0,8,0,21
https://www.bluevistaprod.com/,entreprise d audiovisuel,0,8,0,43.8
https://www.bluevistaprod.com/,fotovista,0,8,0,9.9
https://www.bluevistaprod.com/,production vidéo entreprise,0,8,0,54.6
https://www.bluevistaprod.com/actualites/,agence streaming lyon,0,8,0,91.5
https://www.bluevistaprod.com/actualites/,vistaprod.net,0,8,0,58.4
https://www.bluevistaprod.com/actualites/koesio-carte-de-voeux-2023/,carte de voeux entreprise blanc,0,8,0,57.6
https://www.bluevistaprod.com/actualites/mapping-printemps-lyon/,logo printemps,0,8,0,1
https://www.bluevistaprod.com/actualites/sport-boules-16eme-trophee-emile-terrier/,boule lyonnaise video,0,8,0,69.4
https://www.bluevistaprod.com/actualites/video-immersive-360/,expérience vidéo immersive,0,8,0,10.3
https://www.bluevistaprod.com/film-d-entreprise-paris-15-ans-d-experience/,plateau tournage paris ile de france clip,0,8,0,59.4
https://www.bluevistaprod.com/film-d-entreprise-paris-15-ans-d-experience/,réalisation de film d'entreprise,0,8,0,31.3
https://www.bluevistaprod.com/nos-competences/,création webtv genève,0,8,0,28.4
https://www.bluevistaprod.com/nos-competences/aftermovie-captation-evenementielle/,agence réalisation clip aftermovie,0,8,0,13
https://www.bluevistaprod.com/nos-competences/aftermovie-captation-evenementielle/,prestataire réalisation clip aftermovie,0,8,0,13.9
https://www.bluevistaprod.com/nos-competences/aftermovie-captation-evenementielle/,production clip aftermovie,0,8,0,16.4
https://www.bluevistaprod.com/nos-competences/animation-3d/,agence d'animation 3d,0,8,0,51.3
https://www.bluevistaprod.com/nos-competences/creation-immersive-realite-virtuelle/,video en 360 vr lyon,0,8,0,54.3
https://www.bluevistaprod.com/nos-competences/live-streaming-webtv/,streaming vidéo en direct,0,8,0,91.1
https://www.bluevistaprod.com/nos-competences/motion-design/,agence motion design sarthe,0,8,0,92.8
https://www.bluevistaprod.com/nos-competences/motion-design/,animation 3d genève,0,8,0,20.6
https://www.bluevistaprod.com/nos-competences/motion-design/,création motion design le mans,0,8,0,46.6
https://www.bluevistaprod.com/nos-competences/motion-design/,entreprise animation 2d,0,8,0,76.3
https://www.bluevistaprod.com/nos-competences/motion-design/,motion design réunion,0,8,0,46.1
https://www.bluevistaprod.com/nos-competences/motion-design/,studio motion design communication institutionnelle,0,8,0,68.5
https://www.bluevistaprod.com/nos-competences/studio-fond-vert-compositing/,fond vert pourquoi,0,8,0,80.6
https://www.bluevistaprod.com/nos-competences/video-aerienne-drone/,drone homologué s1 s2 s3,0,8,0,83.1
https://www.bluevistaprod.com/nos-competences/video-corporate-film-dentreprise/,agence vidéo corporate btp france,0,8,0,35.9
https://www.bluevistaprod.com/nos-competences/video-corporate-film-dentreprise/,corporate videography,0,8,0,38.8
https://www.bluevistaprod.com/nos-competences/video-corporate-film-dentreprise/,production video corporatif,0,8,0,60.6
https://www.bluevistaprod.com/nos-competences/video-corporate-film-dentreprise/,reportage photo vidéo entreprise ile-de-france,0,8,0,42.9
https://www.bluevistaprod.com/nos-competences/video-mapping/,mapping sur batiments,0,8,0,9.3
https://www.bluevistaprod.com/nos-competences/video-mapping/,vc mapping,0,8,0,52.4
https://www.bluevistaprod.com/nos-realisations/bluevista-creative-un-monde-virtuel-1-la-moto/,blue vista,0,8,0,14.9
https://www.bluevistaprod.com/nos-realisations/cera-agence-innovation/,cera motion,0,8,0,9.6
https://www.bluevistaprod.com/nos-realisations/dromis-equans-ineo/,ineo.,0,8,0,72.8
https://www.bluevistaprod.com/nos-realisations/engie-home-services-video-thermostat-migo/,mi-go,0,8,0,49.8
https://www.bluevistaprod.com/nos-realisations/hitachi-triple-c/,triple c,0,8,0,48
https://www.bluevistaprod.com/nos-realisations/mapping-audi/,video mapping geneve,0,8,0,40.9
https://www.bluevistaprod.com/nos-realisations/qwartz/,le quartz centre commercial,0,8,0,42.4
https://www.bluevistaprod.com/nos-realisations/qwartz/,villeneuve la garenne centre commercial,0,8,0,73.1
https://www.bluevistaprod.com/nos-realisations/verizon-connect-video-de-presentation/,veriz,0,8,0,52.3
https://www.bluevistaprod.com/nos-realisations/verizon-connect-video-de-presentation/,verizon conncet,0,8,0,5.4
https://www.bluevistaprod.com/nos-realisations/verizon-connect-video-de-presentation/,verzion connect,0,8,0,11.3
https://www.bluevistaprod.com/nos-realisations/verizon-connect-video-de-presentation/,verzon connect,0,8,0,15.5
https://www.bluevistaprod.com/realisation-de-film-banques-assurances/,banque film,0,8,0,86.1
https://www.bluevistaprod.com/realisation-film-entreprise-lyon/,filmmaker lyon,0,8,0,40.6
https://www.bluevistaprod.com/realisation-film-entreprise-lyon/,films d entreprise,0,8,0,39.9
https://www.bluevistaprod.com/realisation-film-entreprise-lyon/,vidéaste pour entreprises saint-priest,0,8,0,44
https://www.bluevistaprod.com/realisation-film-entreprise-lyon/,vidéo pour entreprises saint-priest,0,8,0,44.1
https://www.bluevistaprod.com/realisation-film-sante/,agence audiovisuelle industrie pharmaceutique,0,8,0,10.5
https://www.bluevistaprod.com/studio-animation-3d-lyon/,anime studio 3d,0,8,0,26
https://www.bluevistaprod.com/studio-animation-3d-lyon/,cartoon lyon,0,8,0,18.8
https://www.bluevistaprod.com/studio-animation-3d-lyon/,studio dessin animé,0,8,0,31.3
https://www.bluevistaprod.com/studio-animation-3d-lyon/,video motion design lyon,0,8,0,82.1
https://www.bluevistaprod.com/studio-animation-3d-paris/,paris animation studios,0,8,0,49.8
https://www.bluevistaprod.com/video-publicitaire/,agence création vidéo réseaux sociaux,0,8,0,14.5
https://www.bluevistaprod.com/video-publicitaire/,agence créative vidéo,0,8,0,4.4
https://www.bluevistaprod.com/video-publicitaire/,agence vidéo strasbourg,0,8,0,36.9
https://www.bluevistaprod.com/video-publicitaire/,combien coute une video publicitaire,0,8,0,46.1
https://www.bluevistaprod.com/video-publicitaire/,prestataire video,0,8,0,78.9
https://www.bluevistaprod.com/video-publicitaire/,production film pub,0,8,0,74.3
https://www.bluevistaprod.com/video-publicitaire/,réalisation vidéo promotionnelle,0,8,0,20.6
https://www.bluevistaprod.com/video-publicitaire/,video promotionnel entreprise,0,8,0,84
http://www.bluevistaprod.com/,agence vidéo,0,7,0,9
http://www.bluevistaprod.com/,agence vidéo corporate santé lyon,0,7,0,35.3
http://www.bluevistaprod.com/,entreprise audiovisuel lyon,0,7,0,31
https://en.bluevistaprod.com/3d-animation-studio-in-lyon/,studio animation 3d lyon,0,7,0,6.3
https://en.bluevistaprod.com/actualites/barpi-industrial-accident-prevention/,ბარპი,0,7,0,9.1
https://en.bluevistaprod.com/actualites/bluevista-creative-video-a-virtual-world-1-motorcycles/,bluevista,0,7,0,5.3
https://en.bluevistaprod.com/actualites/the-bluevista-metaverse-the-blueverse/,the blueverse,0,7,0,10.7
https://en.bluevistaprod.com/corporate-film-in-lyon/,video production lyon,0,7,0,21
https://en.bluevistaprod.com/metaverse/,3d metaverse agency,0,7,0,91
https://en.bluevistaprod.com/nos-realisations/cpro-no-need-to-add-more/,vistaprod.net,0,7,0,67.7
https://en.bluevistaprod.com/nos-realisations/engie-home-services-migo-thermostat-video/,thermostat engie,0,7,0,14.9
https://en.bluevistaprod.com/nos-realisations/hitachi-hikumo/,hitachiclimat.fr,0,7,0,87.9
https://en.bluevistaprod.com/nos-realisations/olinn-advertising-video/,olinn,0,7,0,3
https://en.bluevistaprod.com/nos-realisations/stann-the-business-management-application/,vistaprod.com,0,7,0,52.9
https://en.bluevistaprod.com/our-skills/aerial-video-drone/,local guide program,0,7,0,1
https://en.bluevistaprod.com/our-skills/corporate-video-corporate-film/,corporate film company,0,7,0,86.9
https://en.bluevistaprod.com/our-skills/immersive-creation-virtual-reality/,virtual reality showrooms,0,7,0,72.6
https://en.bluevistaprod.com/our-skills/live-streaming-webtv/,web tv streaming,0,7,0,31.3
https://en.bluevistaprod.com/our-skills/motion-design/,motion design monza,0,7,0,56.1
https://www.bluevistaprod.com/,agence communication vidéo paris,0,7,0,47.1
https://www.bluevistaprod.com/,agence video animation,0,7,0,47.4
https://www.bluevistaprod.com/,agence video annecy geneve,0,7,0,22.4
https://www.bluevistaprod.com/,agence video chaponost,0,7,0,91.1
https://www.bluevistaprod.com/,audiovisuelle lyon,0,7,0,88.6
https://www.bluevistaprod.com/,blue vista capital management,0,7,0,41.1
https://www.bluevistaprod.com/,in vista,0,7,0,58.3
https://www.bluevistaprod.com/,production vidéo institutionnelle villefranche sur saone,0,7,0,66.7
https://www.bluevistaprod.com/,studio vidéo lyon,0,7,0,57.3
https://www.bluevistaprod.com/,videaste geneve,0,7,0,9.4
https://www.bluevistaprod.com/,video studio geneva,0,7,0,71.3
https://www.bluevistaprod.com/,vidéo 360 genève,0,7,0,26.9
https://www.bluevistaprod.com/actualites/bluevista-video-showreel-2020/,video showreel,0,7,0,34.9
https://www.bluevistaprod.com/actualites/carte-de-voeux-video/,carte de voeux 2016,0,7,0,85.4
https://www.bluevistaprod.com/actualites/carte-de-voeux-video/,carte de voeux professionnelle 2016,0,7,0,89
https://www.bluevistaprod.com/actualites/carte-de-voeux-video/,carte de vœux 2016,0,7,0,91.1
https://www.bluevistaprod.com/actualites/category/video-360-vr/,production vidéo 360 degrés,0,7,0,30.3
https://www.bluevistaprod.com/actualites/category/video-360-vr/,videos 360 vr,0,7,0,17
https://www.bluevistaprod.com/actualites/category/video-360-vr/,vidéo vr,0,7,0,9
https://www.bluevistaprod.com/actualites/category/video-panoramique/,vistaprod.net,0,7,0,58
https://www.bluevistaprod.com/actualites/live-video-homeserve-20ans/,c'est quoi homeserve,0,7,0,47.7
https://www.bluevistaprod.com/actualites/projet-de-realisation-video-360/,drone 360,0,7,0,47
https://www.bluevistaprod.com/actualites/projet-de-realisation-video-360/,prod 360,0,7,0,74.4
https://www.bluevistaprod.com/actualites/projet-de-realisation-video-360/,video realisation,0,7,0,92.6
https://www.bluevistaprod.com/actualites/realisation-immersion-360-degres-dameuse-pisten-bully/,dameuse montagne,0,7,0,76.9
https://www.bluevistaprod.com/actualites/show-reel-motion-design/,motion design showreel,0,7,0,27.9
https://www.bluevistaprod.com/actualites/video-mapping-lyon-intercontinental-grand-hotel-dieu/,mapping lyon,0,7,0,33.4
https://www.bluevistaprod.com/agence/,agence production vidéo genève,0,7,0,61.6
https://www.bluevistaprod.com/agence/,bluvista,0,7,0,53.1
https://www.bluevistaprod.com/agence/,brand film production geneva,0,7,0,10.6
https://www.bluevistaprod.com/agence/,local guide program,0,7,0,1
https://www.bluevistaprod.com/agence/,post production geneve,0,7,0,85.9
https://www.bluevistaprod.com/bluevista-agence-metaverse/,agencia realidad virtual,0,7,0,48.6
https://www.bluevistaprod.com/bluevista-agence-metaverse/,astavista vr,0,7,0,8.9
https://www.bluevistaprod.com/contact-devis/,blue vista capital,0,7,0,43.3
https://www.bluevistaprod.com/film-d-entreprise-paris-15-ans-d-experience/,création film entreprise,0,7,0,56.6
https://www.bluevistaprod.com/film-d-entreprise-paris-15-ans-d-experience/,entreprise vidéo,0,7,0,97
https://www.bluevistaprod.com/film-d-entreprise-paris-15-ans-d-experience/,film startup paris,0,7,0,11.7
https://www.bluevistaprod.com/film-d-entreprise-paris-15-ans-d-experience/,film sur entreprise,0,7,0,85.4
https://www.bluevistaprod.com/nos-competences/aftermovie-captation-evenementielle/,after mobie,0,7,0,8.9
https://www.bluevistaprod.com/nos-competences/aftermovie-captation-evenementielle/,aftermovie def,0,7,0,10.6
https://www.bluevistaprod.com/nos-competences/aftermovie-captation-evenementielle/,aftermovie lyon,0,7,0,40.9
https://www.bluevistaprod.com/nos-competences/creation-immersive-realite-virtuelle/,production expérience vr,0,7,0,53.7
https://www.bluevistaprod.com/nos-competences/creation-immersive-realite-virtuelle/,virtual création,0,7,0,35.7
https://www.bluevistaprod.com/nos-competences/live-streaming-webtv/,agence live streaming,0,7,0,29.3
https://www.bluevistaprod.com/nos-competences/live-streaming-webtv/,"diffusion en direct, live streaming",0,7,0,81.1
https://www.bluevistaprod.com/nos-competences/live-streaming-webtv/,web tv net,0,7,0,14.6
https://www.bluevistaprod.com/nos-competences/live-streaming-webtv/,web tv on live,0,7,0,8
https://www.bluevistaprod.com/nos-competences/motion-design/,agence d animation,0,7,0,103.3
https://www.bluevistaprod.com/nos-competences/motion-design/,agence motion,0,7,0,55
https://www.bluevistaprod.com/nos-competences/motion-design/,video motion design,0,7,0,86
https://www.bluevistaprod.com/nos-competences/video-aerienne-drone/,drone view,0,7,0,45.9
https://www.bluevistaprod.com/nos-competences/video-aerienne-drone/,entreprise drone lyon,0,7,0,64.1
https://www.bluevistaprod.com/nos-competences/video-aerienne-drone/,photographie aérienne drone france,0,7,0,16.6
https://www.bluevistaprod.com/nos-competences/video-aerienne-drone/,prestation drone video,0,7,0,69.3
https://www.bluevistaprod.com/nos-competences/video-aerienne-drone/,vidéo drone france,0,7,0,35.4
https://www.bluevistaprod.com/nos-competences/video-corporate-film-dentreprise/,réalisation vidéo d entreprise,0,7,0,75.3
https://www.bluevistaprod.com/nos-competences/video-corporate-film-dentreprise/,video corporate production,0,7,0,34.7
https://www.bluevistaprod.com/nos-competences/video-corporate-film-dentreprise/,video corporatif,0,7,0,28
https://www.bluevistaprod.com/nos-competences/video-mapping/,serveur media video mapping,0,7,0,71.7
https://www.bluevistaprod.com/nos-realisations/arrow-abox-memo/,animation 3d genève,0,7,0,67.7
https://www.bluevistaprod.com/nos-realisations/bluevista-creative-la-pizza/,bluvista.de,0,7,0,3.4
https://www.bluevistaprod.com/nos-realisations/bluevista-creative-unicorn-team/,unicorn 2023,0,7,0,56.4
https://www.bluevistaprod.com/nos-realisations/dromis-equans-ineo/,ineao,0,7,0,76.9
https://www.bluevistaprod.com/nos-realisations/dromis-equans-ineo/,inéo equans,0,7,0,12.7
https://www.bluevistaprod.com/nos-realisations/hitachi-triple-c/,hitachi triple c,0,7,0,27.4
https://www.bluevistaprod.com/nos-realisations/koesio-voeux-2023/,koesio,0,7,0,41.9
https://www.bluevistaprod.com/nos-realisations/qwartz/,centre commercial villeneuve,0,7,0,76
https://www.bluevistaprod.com/nos-realisations/verizon-connect-video-de-presentation/,verizon coonect,0,7,0,14.1
https://www.bluevistaprod.com/nos-realisations/verizon-connect-video-de-presentation/,veryson,0,7,0,34.9
https://www.bluevistaprod.com/realisation-de-film-evenements/,vidéo évènements,0,7,0,92.4
https://www.bluevistaprod.com/realisation-film-entreprise-lyon/,agence motion design lyon,0,7,0,97.1
https://www.bluevistaprod.com/realisation-film-entreprise-lyon/,film présentation entreprise,0,7,0,64.4
https://www.bluevistaprod.com/realisation-film-entreprise-lyon/,la boite à films lyon,0,7,0,55
https://www.bluevistaprod.com/realisation-film-entreprise-lyon/,réalisateur vidéo lyon gratuit,0,7,0,78.4
https://www.bluevistaprod.com/realisation-film-industrie/,film industrie,0,7,0,13.1
https://www.bluevistaprod.com/realisation-film-lancement-produit/,realisation de film,0,7,0,31.9
https://www.bluevistaprod.com/realisation-video-geneve/,motion design geneve,0,7,0,84.4
https://www.bluevistaprod.com/studio-animation-3d-lyon/,3d animation school in lyon,0,7,0,35
https://www.bluevistaprod.com/studio-animation-3d-lyon/,3d machine animation studio,0,7,0,42.1
https://www.bluevistaprod.com/studio-animation-3d-lyon/,agence dessin animé,0,7,0,90.7
https://www.bluevistaprod.com/studio-animation-3d-lyon/,entreprise de dessin animé,0,7,0,15
https://www.bluevistaprod.com/studio-animation-3d-lyon/,studio vidéo lyon,0,7,0,91.4
https://www.bluevistaprod.com/studio-animation-3d-lyon/,studios d'animation,0,7,0,70.7
https://www.bluevistaprod.com/studio-animation-3d-paris/,agence communication 3d,0,7,0,78.9
https://www.bluevistaprod.com/studio-animation-3d-paris/,animation 3d studio,0,7,0,40.9
https://www.bluevistaprod.com/studio-animation-3d-paris/,studio de production 3d,0,7,0,44.4
https://www.bluevistaprod.com/video-promotionnelle/,boite de prod film promotionnel,0,7,0,35.3
https://www.bluevistaprod.com/video-promotionnelle/,tubevista,0,7,0,16
https://www.bluevistaprod.com/video-publicitaire/,faire une vidéo pub réunion,0,7,0,32.4
https://www.bluevistaprod.com/video-publicitaire/,prestataire réalisation de film promotionnel,0,7,0,20.9
https://www.bluevistaprod.com/video-publicitaire/,video publicitaire prix,0,7,0,81.6
https://www.bluevistaprod.com/video-publicitaire/,vidéo publicitaire clermont ferrand,0,7,0,93.7
http://www.bluevistaprod.com/,agence production vidéo lyon,0,6,0,19.3
http://www.bluevistaprod.com/,blue film production,0,6,0,15.3
http://www.bluevistaprod.com/,boite production audiovisuelle,0,6,0,11.7
http://www.bluevistaprod.com/,société de production vidéo lyon,0,6,0,22.2
https://en.bluevistaprod.com/,blu3 vista game,0,6,0,7.3
https://en.bluevistaprod.com/3d-animation-studio-in-lyon/,animation lyon,0,6,0,10
https://en.bluevistaprod.com/3d-animation-studio-in-paris/,animation 3d paris,0,6,0,18.2
https://en.bluevistaprod.com/3d-animation-studio-in-paris/,studio motion 3d paris,0,6,0,68
https://en.bluevistaprod.com/actualites/the-bluevista-metaverse-the-blueverse/,bluevista,0,6,0,8.7
https://en.bluevistaprod.com/actualites/video-mapping-lyon-intercontinental-grand-hotel-dieu/,video mapping lyon,0,6,0,10.3
https://en.bluevistaprod.com/contact-quotation/,blue vista,0,6,0,10
https://en.bluevistaprod.com/nos-realisations/amplitude-amplivision/,amplitude robot,0,6,0,7.8
https://en.bluevistaprod.com/nos-realisations/amplitude-amplivision/,amplivision amplitude surgical,0,6,0,7.3
https://en.bluevistaprod.com/nos-realisations/engie-home-services-migo-thermostat-video/,engie thermostat,0,6,0,5
https://en.bluevistaprod.com/nos-realisations/hitachi-cs-net/,hitachi animation video,0,6,0,14.8
https://en.bluevistaprod.com/nos-realisations/pisten-bully-360-vr-snowcat/,pisten bully,0,6,0,33.3
https://en.bluevistaprod.com/nos-realisations/tetro-navya/,navyashree video,0,6,0,32.5
https://en.bluevistaprod.com/our-skills/aftermovie-event-capture/,aftermovie meaning,0,6,0,10
https://en.bluevistaprod.com/our-skills/immersive-creation-virtual-reality/,immersive virtual reality showroom,0,6,0,84.2
https://en.bluevistaprod.com/our-skills/live-streaming-webtv/,web tv live,0,6,0,14.2
https://en.bluevistaprod.com/video-production-in-geneva/,videographer in geneva,0,6,0,77.2
https://www.bluevistaprod.com/,agence paris video photo,0,6,0,94
https://www.bluevistaprod.com/,bleunuit audiovisuel,0,6,0,31.8
https://www.bluevistaprod.com/,blurvista,0,6,0,3.8
https://www.bluevistaprod.com/,boite de production documentaire lyon,0,6,0,30
https://www.bluevistaprod.com/,pour vista,0,6,0,40.3
https://www.bluevistaprod.com/,production video boulogne,0,6,0,26.7
https://www.bluevistaprod.com/,videographer for small business geneva,0,6,0,21.7
https://www.bluevistaprod.com/,vidéaste genève,0,6,0,38.8
https://www.bluevistaprod.com/,vista productions,0,6,0,9
https://www.bluevistaprod.com/,wwwv agence webside film,0,6,0,31.7
https://www.bluevistaprod.com/actualites/bluevista-creative-unicorn-team/,team unicorn,0,6,0,33.7
https://www.bluevistaprod.com/actualites/bluevista-le-motion-design/,motion design c est quoi,0,6,0,36.3
https://www.bluevistaprod.com/actualites/bluevista-video-showreel-2021/,bluevista production,0,6,0,4
https://www.bluevistaprod.com/actualites/bluevista-video-showreel-2021/,video showreel,0,6,0,28.3
https://www.bluevistaprod.com/actualites/category/video-360-vr/,video vr 360,0,6,0,34
https://www.bluevistaprod.com/actualites/category/video-360-vr/,vr videos 360,0,6,0,7.8
https://www.bluevistaprod.com/actualites/guitare-en-scene-2023/,guitare en scenes,0,6,0,82.8
https://www.bluevistaprod.com/actualites/guitare-en-scene-2023/,guitare en scène,0,6,0,50.3
https://www.bluevistaprod.com/actualites/guitare-en-scene-2023/,guitare scene,0,6,0,88.7
https://www.bluevistaprod.com/actualites/mapping-printemps-lyon/,gucci printemps lyon,0,6,0,9.7
https://www.bluevistaprod.com/actualites/mase-4-motions/,mase design,0,6,0,6.5
https://www.bluevistaprod.com/actualites/motion-design-3d-et-mapping-a-paris-au-musee-rodin/,motion musee,0,6,0,8.8
https://www.bluevistaprod.com/actualites/realisation-immersion-360-degres-dameuse-pisten-bully/,bully 360,0,6,0,43.5
https://www.bluevistaprod.com/actualites/realisation-immersion-360-degres-dameuse-pisten-bully/,bully vr,0,6,0,7
https://www.bluevistaprod.com/actualites/realisation-immersion-360-degres-dameuse-pisten-bully/,dameuse video,0,6,0,9.7
https://www.bluevistaprod.com/actualites/realisation-immersion-360-degres-dameuse-pisten-bully/,immersion360,0,6,0,49.8
https://www.bluevistaprod.com/actualites/sport-boules-16eme-trophee-emile-terrier/,emileterrier.com,0,6,0,6.3
https://www.bluevistaprod.com/actualites/video-immersive-360/,video 360 degrés,0,6,0,64.7
https://www.bluevistaprod.com/actualites/video-immersive-360/,video a 360,0,6,0,60.5
https://www.bluevistaprod.com/actualites/video-mapping-lyon-intercontinental-grand-hotel-dieu/,mapping hotel,0,6,0,38.5
https://www.bluevistaprod.com/agence/,agence audiovisuelle genève,0,6,0,18.8
https://www.bluevistaprod.com/film-d-entreprise-paris-15-ans-d-experience/,réalisation vidéo paris,0,6,0,46.3
https://www.bluevistaprod.com/film-d-entreprise-paris-15-ans-d-experience/,video film entreprise,0,6,0,83.7
https://www.bluevistaprod.com/film-d-entreprise-paris-15-ans-d-experience/,vidéo corporate industrie paris,0,6,0,21.8
https://www.bluevistaprod.com/film-d-entreprise-paris-15-ans-d-experience/,vidéo d'entreprise seine-et-marne,0,6,0,91.2
https://www.bluevistaprod.com/film-entreprise-lyon-15-ans-experience/,film d'entreprise lyon,0,6,0,44.3
https://www.bluevistaprod.com/film-entreprise-lyon-15-ans-experience/,video entreprise lyon,0,6,0,83.5
https://www.bluevistaprod.com/mentions-legales/,blue vista capital,0,6,0,66.3
https://www.bluevistaprod.com/nos-competences/,bluevista production,0,6,0,2.5
https://www.bluevistaprod.com/nos-competences/,bluvista,0,6,0,40.2
https://www.bluevistaprod.com/nos-competences/aftermovie-captation-evenementielle/,agence clip aftermovie,0,6,0,27
https://www.bluevistaprod.com/nos-competences/aftermovie-captation-evenementielle/,agence de production clip aftermovie,0,6,0,16
https://www.bluevistaprod.com/nos-competences/aftermovie-captation-evenementielle/,video reportage evenement,0,6,0,68.3
https://www.bluevistaprod.com/nos-competences/aftermovie-captation-evenementielle/,vidéo évènementiel genève,0,6,0,40.7
https://www.bluevistaprod.com/nos-competences/animation-3d/,anime studio 3d,0,6,0,54.5
https://www.bluevistaprod.com/nos-competences/animation-3d/,film architecture 3d,0,6,0,93.8
https://www.bluevistaprod.com/nos-competences/animation-3d/,réalisation animation 3d,0,6,0,42.7
https://www.bluevistaprod.com/nos-competences/animation-3d/,studio animation 3d luxe,0,6,0,95.5
https://www.bluevistaprod.com/nos-competences/creation-immersive-realite-virtuelle/,creation visite virtuelle paris,0,6,0,91.2
https://www.bluevistaprod.com/nos-competences/live-streaming-webtv/,web t v,0,6,0,66.2
https://www.bluevistaprod.com/nos-competences/motion-design/,agence motion paris,0,6,0,44.2
https://www.bluevistaprod.com/nos-competences/motion-design/,animation design,0,6,0,55.3
https://www.bluevistaprod.com/nos-competences/motion-design/,motion design exemple,0,6,0,98
https://www.bluevistaprod.com/nos-competences/motion-design/,motions designers,0,6,0,65.5
https://www.bluevistaprod.com/nos-competences/motion-design/,réalisation motion design,0,6,0,58.7
https://www.bluevistaprod.com/nos-competences/studio-fond-vert-compositing/,magie fond vert,0,6,0,93
https://www.bluevistaprod.com/nos-competences/video-aerienne-drone/,agence video 360,0,6,0,64.8
https://www.bluevistaprod.com/nos-competences/video-aerienne-drone/,vidéographie par drone,0,6,0,18.8
https://www.bluevistaprod.com/nos-competences/video-corporate-film-dentreprise/,coporate video,0,6,0,41.2
https://www.bluevistaprod.com/nos-competences/video-corporate-film-dentreprise/,film entreprise,0,6,0,74.7
https://www.bluevistaprod.com/nos-competences/video-corporate-film-dentreprise/,film institutionnel entreprise,0,6,0,76.3
https://www.bluevistaprod.com/nos-competences/video-corporate-film-dentreprise/,video corporative,0,6,0,34.2
https://www.bluevistaprod.com/nos-competences/video-corporate-film-dentreprise/,vidéo corporate aube,0,6,0,74.5
https://www.bluevistaprod.com/nos-competences/video-mapping/,bluevista,0,6,0,2.7
https://www.bluevistaprod.com/nos-competences/video-mapping/,création vidéo mapping le mans,0,6,0,11.2
https://www.bluevistaprod.com/nos-competences/video-mapping/,de mapping,0,6,0,78.8
https://www.bluevistaprod.com/nos-competences/video-mapping/,devis réalisation vidéo,0,6,0,91.5
https://www.bluevistaprod.com/nos-competences/video-mapping/,diffusion mapping,0,6,0,15.3
https://www.bluevistaprod.com/nos-competences/video-mapping/,mapping haute qualité,0,6,0,22.2
https://www.bluevistaprod.com/nos-competences/video-mapping/,mapping video bretagne,0,6,0,89.2
https://www.bluevistaprod.com/nos-competences/video-mapping/,video mapping normandie,0,6,0,45.2
https://www.bluevistaprod.com/nos-realisations/,lunettes de soleil snk,0,6,0,44.8
https://www.bluevistaprod.com/nos-realisations/abb-snk-3d-solaire/,abb solaire,0,6,0,45.5
https://www.bluevistaprod.com/nos-realisations/amplitude-amplivision/,amplitude lyon,0,6,0,68.8
https://www.bluevistaprod.com/nos-realisations/amplitude-amplivision/,amplitude system,0,6,0,58.8
https://www.bluevistaprod.com/nos-realisations/bluevista-creative-la-pizza/,montage video genève,0,6,0,1
https://www.bluevistaprod.com/nos-realisations/bluevista-creative-un-monde-virtuel-1-la-moto/,bluevista,0,6,0,30
https://www.bluevistaprod.com/nos-realisations/engie-home-services-video-thermostat-migo/,"""engie home services"" mail email",0,6,0,72
https://www.bluevistaprod.com/nos-realisations/engie-home-services-video-thermostat-migo/,mi go,0,6,0,51.5
https://www.bluevistaprod.com/nos-realisations/hitachi-cs-net/,hitachiclimat.fr,0,6,0,62.3
https://www.bluevistaprod.com/nos-realisations/pisten-bully-dameuse-360-vr/,pisten bully,0,6,0,37.8
https://www.bluevistaprod.com/nos-realisations/stann-lapplication-de-gestion-dentreprise/,staan,0,6,0,35
https://www.bluevistaprod.com/nos-realisations/stann-lapplication-de-gestion-dentreprise/,stani 0dn,0,6,0,3.8
https://www.bluevistaprod.com/nos-realisations/verizon-connect-video-de-presentation/,veriozn connect,0,6,0,23.7
https://www.bluevistaprod.com/nos-realisations/verizon-connect-video-de-presentation/,verizon connet,0,6,0,4.8
https://www.bluevistaprod.com/realisation-de-film-banques-assurances/,vistaprod.net,0,6,0,57.3
https://www.bluevistaprod.com/realisation-film-entreprise-lyon/,corporate vidéo lyon,0,6,0,34.5
https://www.bluevistaprod.com/realisation-film-entreprise-lyon/,création vidéo d'entreprise deauville,0,6,0,86.5
https://www.bluevistaprod.com/realisation-film-entreprise-lyon/,entreprise film,0,6,0,66.2
https://www.bluevistaprod.com/realisation-film-entreprise-lyon/,film dentreprise,0,6,0,78
https://www.bluevistaprod.com/realisation-film-entreprise-lyon/,réalisation vidéo givors,0,6,0,46
https://www.bluevistaprod.com/realisation-film-entreprise-lyon/,tournage vidéo lyon,0,6,0,38.8
https://www.bluevistaprod.com/realisation-film-industrie/,blue film productions,0,6,0,73.7
https://www.bluevistaprod.com/realisation-film-sante/,tournage médical,0,6,0,93.7
https://www.bluevistaprod.com/studio-animation-3d-lyon/,agence vidéo 3d,0,6,0,47.3
https://www.bluevistaprod.com/studio-animation-3d-lyon/,animation photo lyon,0,6,0,39.3
https://www.bluevistaprod.com/studio-animation-3d-lyon/,film d animation 3d immobilier lyon,0,6,0,24
https://www.bluevistaprod.com/studio-animation-3d-lyon/,studio d animation et de film,0,6,0,77.2
https://www.bluevistaprod.com/studio-animation-3d-lyon/,studio de modélisation 3d,0,6,0,94.5
https://www.bluevistaprod.com/studio-animation-3d-lyon/,studio de production 3d,0,6,0,23.7
https://www.bluevistaprod.com/studio-animation-3d-lyon/,studio dessin,0,6,0,9.3
https://www.bluevistaprod.com/studio-animation-3d-paris/,2d 3d animation studio,0,6,0,70.8
https://www.bluevistaprod.com/studio-animation-3d-paris/,bluevista production,0,6,0,2.3
https://www.bluevistaprod.com/studio-animation-3d-paris/,film 3d paris,0,6,0,16.8
https://www.bluevistaprod.com/studio-animation-3d-paris/,studio spécialisé en image de synthèse,0,6,0,77.3
https://www.bluevistaprod.com/video-promotionnelle/,motion design video lyon,0,6,0,57
https://www.bluevistaprod.com/video-promotionnelle/,vidéo promotionnel,0,6,0,54.5
https://www.bluevistaprod.com/video-publicitaire/,agence production publicitaire,0,6,0,25.7
https://www.bluevistaprod.com/video-publicitaire/,agence vidéos,0,6,0,40.8
https://www.bluevistaprod.com/video-publicitaire/,c'est quoi une vidéo promotionnelle ?,0,6,0,40.3
https://www.bluevistaprod.com/video-publicitaire/,comment faire une video publicitaire,0,6,0,80.5
https://www.bluevistaprod.com/video-publicitaire/,entreprise de création vidéo,0,6,0,73.5
https://www.bluevistaprod.com/video-publicitaire/,entreprise montage vidéo,0,6,0,29.7
https://www.bluevistaprod.com/video-publicitaire/,montage pub,0,6,0,11.7
https://www.bluevistaprod.com/video-publicitaire/,prix vidéo publicitaire,0,6,0,63.8
https://www.bluevistaprod.com/video-publicitaire/,production de films institutionnels et publicitaires lyon,0,6,0,86.3
https://www.bluevistaprod.com/video-publicitaire/,production film publicitaire automobile,0,6,0,65.2
https://www.bluevistaprod.com/video-publicitaire/,video publicitaire toulouse,0,6,0,10.7
https://www.bluevistaprod.com/video-publicitaire/,vidéo pour publicités,0,6,0,19.8
http://www.bluevistaprod.com/,bluevista lyon,0,5,0,3.4
http://www.bluevistaprod.com/,boite de prod lyon,0,5,0,19.6
http://www.bluevistaprod.com/,boite de production,0,5,0,7.8
http://www.bluevistaprod.com/,diffusion de films,0,5,0,23.8
http://www.bluevistaprod.com/,société de production audiovisuelle,0,5,0,10.8
https://en.bluevistaprod.com/,blurvista,0,5,0,2.4
https://en.bluevistaprod.com/3d-animation-studio-in-paris/,3d animation studio europe,0,5,0,76.8
https://en.bluevistaprod.com/3d-animation-studio-in-paris/,paris animation studio,0,5,0,35.6
https://en.bluevistaprod.com/actualites/bluevista-creative-video-a-real-team-3-productivity/,vistaprod.com,0,5,0,47.6
https://en.bluevistaprod.com/actualites/sport-boules-16th-emile-terrier-trophy/,terrier boule,0,5,0,22.6
https://en.bluevistaprod.com/film-production-product-launch/,bluevista production,0,5,0,6.8
https://en.bluevistaprod.com/nos-realisations/alorem/,alorem,0,5,0,15.2
https://en.bluevistaprod.com/nos-realisations/amplitude-amplivision/,amplitude agency,0,5,0,76.2
https://en.bluevistaprod.com/nos-realisations/elistair-orion/,elistair orion,0,5,0,26.2
https://en.bluevistaprod.com/nos-realisations/hitachi-cs-net/,cs vista,0,5,0,53.2
https://en.bluevistaprod.com/nos-realisations/hitachi-yutaki/,hitachiclimat.fr,0,5,0,89.8
https://en.bluevistaprod.com/nos-realisations/stann-the-business-management-application/,vistaprod.net,0,5,0,79.6
https://en.bluevistaprod.com/nos-realisations/tetro-carre-senart/,tetro agency,0,5,0,10
https://en.bluevistaprod.com/nos-realisations/tetro-stalactite-light-show/,stalactite light,0,5,0,87.6
https://en.bluevistaprod.com/nos-realisations/tetro-stalactite-light-show/,tetro paris,0,5,0,7.2
https://en.bluevistaprod.com/nos-realisations/verizon-connect-video-presentation/,verizonconnect.com,0,5,0,38
https://en.bluevistaprod.com/our-skills/live-streaming-webtv/,bluevista,0,5,0,19.8
https://en.bluevistaprod.com/our-skills/video-mapping/,video mapping lyon,0,5,0,8.2
https://en.bluevistaprod.com/video-production-in-geneva/,video production agency switzerland,0,5,0,85.8
https://www.bluevistaprod.com/,agence de production genève,0,5,0,14.4
https://www.bluevistaprod.com/,agence vidéo à brignais,0,5,0,33.6
https://www.bluevistaprod.com/,aide vista,0,5,0,97
https://www.bluevistaprod.com/,animation 3d genève,0,5,0,28.4
https://www.bluevistaprod.com/,corporate video lyon,0,5,0,76.2
https://www.bluevistaprod.com/,devis réalisation vidéo d'entreprise lyon,0,5,0,63.4
https://www.bluevistaprod.com/,motion designers monts du lyonnais,0,5,0,21.8
https://www.bluevistaprod.com/,post production suisse,0,5,0,64.2
https://www.bluevistaprod.com/,production audiovisuelle lyon,0,5,0,1.6
https://www.bluevistaprod.com/,production film de marque genève,0,5,0,55.8
https://www.bluevistaprod.com/,production vidéo tourisme,0,5,0,48.6
https://www.bluevistaprod.com/,studio de production audiovisuelle lyon,0,5,0,93
https://www.bluevistaprod.com/,video production services geneva,0,5,0,48.6
https://www.bluevistaprod.com/,voir l'agence en streaming,0,5,0,44.2
https://www.bluevistaprod.com/actualites/,bluvista.de,0,5,0,2
https://www.bluevistaprod.com/actualites/animation-3d-produit-hitachi-csnet-manager/,cs net,0,5,0,25.4
https://www.bluevistaprod.com/actualites/bluevista-creative-video-un-monde-virtuel-1-la-moto/,film dans un monde virtuel,0,5,0,79.8
https://www.bluevistaprod.com/actualites/bluevista-le-motion-design/,motion design,0,5,0,17.8
https://www.bluevistaprod.com/actualites/bluevista-video-showreel-2023/,vidéo 360 genève,0,5,0,75.4
https://www.bluevistaprod.com/actualites/carte-de-voeux-video/,video carte de voeux,0,5,0,21
https://www.bluevistaprod.com/actualites/category/animation_3d/page/3/,video explicative 3d,0,5,0,85.2
https://www.bluevistaprod.com/actualites/category/videomapping/,video mapping lyon,0,5,0,58.8
https://www.bluevistaprod.com/actualites/guitare-en-scene-2023/,guitare en scene 2019,0,5,0,85.8
https://www.bluevistaprod.com/actualites/live-video-homeserve-20ans/,homeserve.fr,0,5,0,44.8
https://www.bluevistaprod.com/actualites/mapping-printemps-lyon/,mapping batiment,0,5,0,96.4
https://www.bluevistaprod.com/actualites/motion-design-3d-et-mapping-a-paris-au-musee-rodin/,studio motion 3d paris,0,5,0,39.4
https://www.bluevistaprod.com/actualites/motion-design-3d-et-mapping-a-paris-au-musee-rodin/,studio projection 3d,0,5,0,19.2
https://www.bluevistaprod.com/actualites/projet-de-realisation-video-360/,video drone 360,0,5,0,71.6
https://www.bluevistaprod.com/actualites/un-motion-design-a-lancienne-making-of/,unmotion,0,5,0,15.8
https://www.bluevistaprod.com/actualites/video-immersive-360/,immersive 360 video,0,5,0,8.4
https://www.bluevistaprod.com/actualites/video-immersive-360/,prod 360,0,5,0,78.6
https://www.bluevistaprod.com/agence/,agence communication vidéo,0,5,0,66.6
https://www.bluevistaprod.com/agence/,agence création vidéo,0,5,0,95.6
https://www.bluevistaprod.com/agence/,bluevista lyon,0,5,0,1
https://www.bluevistaprod.com/bluevista-agence-metaverse/,agence réalité mixte,0,5,0,36.8
https://www.bluevistaprod.com/bluevista-agence-metaverse/,entreprise réalité virtuelle lyon,0,5,0,82
https://www.bluevistaprod.com/bluevista-agence-metaverse/,metaverse,0,5,0,1
https://www.bluevistaprod.com/bluevista-agence-metaverse/,metaverse agency,0,5,0,12
https://www.bluevistaprod.com/contact-devis/,bluvista,0,5,0,34.6
https://www.bluevistaprod.com/contact-devis/,frlorevista,0,5,0,16.8
https://www.bluevistaprod.com/film-d-entreprise-paris-15-ans-d-experience/,film d'entreprise pau,0,5,0,93.4
https://www.bluevistaprod.com/film-d-entreprise-paris-15-ans-d-experience/,vistaprod.net,0,5,0,53
https://www.bluevistaprod.com/mentions-legales/,bluevista lyon,0,5,0,1
https://www.bluevistaprod.com/nos-competences/aftermovie-captation-evenementielle/,after movie (aftermovie) latest,0,5,0,15.6
https://www.bluevistaprod.com/nos-competences/aftermovie-captation-evenementielle/,aftermovie meaning,0,5,0,12.6
https://www.bluevistaprod.com/nos-competences/aftermovie-captation-evenementielle/,aftermovie ou after movie,0,5,0,9.6
https://www.bluevistaprod.com/nos-competences/aftermovie-captation-evenementielle/,aftermovies,0,5,0,19.4
https://www.bluevistaprod.com/nos-competences/aftermovie-captation-evenementielle/,captation vidéo,0,5,0,75
https://www.bluevistaprod.com/nos-competences/aftermovie-captation-evenementielle/,devis clip aftermovie,0,5,0,11
https://www.bluevistaprod.com/nos-competences/creation-immersive-realite-virtuelle/,immersion virtuelle,0,5,0,86.6
https://www.bluevistaprod.com/nos-competences/creation-immersive-realite-virtuelle/,production vidéo 360 degrés,0,5,0,39.4
https://www.bluevistaprod.com/nos-competences/creation-immersive-realite-virtuelle/,vidéo virtuel,0,5,0,85.8
https://www.bluevistaprod.com/nos-competences/creation-immersive-realite-virtuelle/,visite virtuelle sur mesure,0,5,0,80.6
https://www.bluevistaprod.com/nos-competences/live-streaming-webtv/,plateforme de live streaming,0,5,0,57.8
https://www.bluevistaprod.com/nos-competences/live-streaming-webtv/,streaming web tv,0,5,0,7
https://www.bluevistaprod.com/nos-competences/live-streaming-webtv/,web tv online,0,5,0,16.4
https://www.bluevistaprod.com/nos-competences/live-streaming-webtv/,webtv online,0,5,0,8
https://www.bluevistaprod.com/nos-competences/motion-design/,motions design,0,5,0,66.6
https://www.bluevistaprod.com/nos-competences/motion-design/,vista motion,0,5,0,6.6
https://www.bluevistaprod.com/nos-competences/studio-fond-vert-compositing/,compositing studio,0,5,0,20
https://www.bluevistaprod.com/nos-competences/video-aerienne-drone/,videography with drones,0,5,0,44.6
https://www.bluevistaprod.com/nos-competences/video-aerienne-drone/,vidéographie aérienne par drone,0,5,0,43.4
https://www.bluevistaprod.com/nos-competences/video-corporate-film-dentreprise/,agence vidéo corporate paris,0,5,0,42.8
https://www.bluevistaprod.com/nos-competences/video-corporate-film-dentreprise/,corporate video agentur,0,5,0,85.4
https://www.bluevistaprod.com/nos-competences/video-corporate-film-dentreprise/,création vidéo d'entreprise le havre,0,5,0,47.2
https://www.bluevistaprod.com/nos-competences/video-corporate-film-dentreprise/,film corporate haut de gamme,0,5,0,62.4
https://www.bluevistaprod.com/nos-competences/video-corporate-film-dentreprise/,films d'entreprise,0,5,0,80.6
https://www.bluevistaprod.com/nos-competences/video-corporate-film-dentreprise/,geneva video production,0,5,0,42.4
https://www.bluevistaprod.com/nos-competences/video-corporate-film-dentreprise/,montage vidéo corporate,0,5,0,93.2
https://www.bluevistaprod.com/nos-competences/video-corporate-film-dentreprise/,plateforme vidéo d'entreprise,0,5,0,32.2
https://www.bluevistaprod.com/nos-competences/video-corporate-film-dentreprise/,reportage corporate,0,5,0,37
https://www.bluevistaprod.com/nos-competences/video-corporate-film-dentreprise/,societe de production video geneve,0,5,0,45.8
https://www.bluevistaprod.com/nos-competences/video-corporate-film-dentreprise/,vidéo corporate seynod,0,5,0,39.6
https://www.bluevistaprod.com/nos-competences/video-corporate-film-dentreprise/,vidéo corporatif,0,5,0,69.4
https://www.bluevistaprod.com/nos-competences/video-corporate-film-dentreprise/,vidéo entreprise corporate vidéo,0,5,0,53.2
https://www.bluevistaprod.com/nos-competences/video-corporate-film-dentreprise/,vidéo pour entreprise,0,5,0,36.4
https://www.bluevistaprod.com/nos-competences/video-mapping/,mapping vidéo bordeaux,0,5,0,34.6
https://www.bluevistaprod.com/nos-competences/video-mapping/,solution mapping vidéo,0,5,0,35.2
https://www.bluevistaprod.com/nos-realisations/,bluvista,0,5,0,67.6
https://www.bluevistaprod.com/nos-realisations/,pour vista,0,5,0,24
https://www.bluevistaprod.com/nos-realisations/bbgr-360/,verres de lunettes bbgr,0,5,0,69.2
https://www.bluevistaprod.com/nos-realisations/bluevista-creative-la-pizza/,vistaprod.com,0,5,0,79.4
https://www.bluevistaprod.com/nos-realisations/bluevista-creative-un-monde-virtuel-1-la-moto/,bluvista.de,0,5,0,7.6
https://www.bluevistaprod.com/nos-realisations/clasquin-convention-2024/,fooh paris,0,5,0,77
https://www.bluevistaprod.com/nos-realisations/e-xpert-solutions-devsecops/,blue xpert,0,5,0,54.8
https://www.bluevistaprod.com/nos-realisations/engie-home-services-video-thermostat-migo/,migo saunier duval mode d'emploi,0,5,0,34.8
https://www.bluevistaprod.com/nos-realisations/gf-gs/,cs gf,0,5,0,1.8
https://www.bluevistaprod.com/nos-realisations/gf-gs/,gf cs,0,5,0,5.2
https://www.bluevistaprod.com/nos-realisations/ghi/,ghi genève,0,5,0,15.4
https://www.bluevistaprod.com/nos-realisations/ghi/,petites annonces ghi,0,5,0,11.4
https://www.bluevistaprod.com/nos-realisations/hitachi-cs-net/,csnet hitachi,0,5,0,18.4
https://www.bluevistaprod.com/nos-realisations/hitachi-cs-net/,hitachi csnet,0,5,0,10.8
https://www.bluevistaprod.com/nos-realisations/hitachi-hikumo/,hitachi 3d,0,5,0,7.4
https://www.bluevistaprod.com/nos-realisations/hitachi-yutaki/,hitachiclimat,0,5,0,19.2
https://www.bluevistaprod.com/nos-realisations/mapping-toky/,toky video,0,5,0,4.8
https://www.bluevistaprod.com/nos-realisations/naos-interview-collaborateur-2/,interview collaborateur,0,5,0,60.8
https://www.bluevistaprod.com/nos-realisations/olinn-video-publicitaire/,blue vista,0,5,0,7.4
https://www.bluevistaprod.com/nos-realisations/qwartz/,centre commercial qwartz cinema,0,5,0,17.4
https://www.bluevistaprod.com/nos-realisations/qwartz/,centre qwartz paris,0,5,0,38.6
https://www.bluevistaprod.com/nos-realisations/serl-video-360-vr/,drone vr 360,0,5,0,51.8
https://www.bluevistaprod.com/nos-realisations/sfs-enveloppe-structure/,sfs lyon,0,5,0,44.4
https://www.bluevistaprod.com/nos-realisations/stann-lapplication-de-gestion-dentreprise/,savann,0,5,0,25
https://www.bluevistaprod.com/nos-realisations/stann-lapplication-de-gestion-dentreprise/,stankinapp,0,5,0,7
https://www.bluevistaprod.com/nos-realisations/tetro-deepweb/,tetro video,0,5,0,11
https://www.bluevistaprod.com/nos-realisations/tetro-grand-hotel-dieu/,grand hotel final,0,5,0,74.6
https://www.bluevistaprod.com/nos-realisations/tetro-grand-hotel-dieu/,inauguration hotel,0,5,0,46.6
https://www.bluevistaprod.com/nos-realisations/verizon-connect-video-de-presentation/,cerizon,0,5,0,53.2
https://www.bluevistaprod.com/nos-realisations/verizon-connect-video-de-presentation/,connect video,0,5,0,24.4
https://www.bluevistaprod.com/nos-realisations/verizon-connect-video-de-presentation/,verazon,0,5,0,34.2
https://www.bluevistaprod.com/nos-realisations/verizon-connect-video-de-presentation/,vrizon,0,5,0,71.2
https://www.bluevistaprod.com/nos-realisations/verizon-connect-video-de-presentation/,vrizov.com,0,5,0,8.6
https://www.bluevistaprod.com/realisation-de-film-banques-assurances/,blue vista,0,5,0,1
https://www.bluevistaprod.com/realisation-de-film-evenements/,vidéo évènement,0,5,0,79.6
https://www.bluevistaprod.com/realisation-de-film-evenements/,vidéo événement,0,5,0,89.2
https://www.bluevistaprod.com/realisation-film-entreprise-lyon/,bluevista lyon,0,5,0,1
https://www.bluevistaprod.com/realisation-film-entreprise-lyon/,creation video entreprise lyon,0,5,0,35.4
https://www.bluevistaprod.com/realisation-film-entreprise-lyon/,création video corporate rouen,0,5,0,93.8
https://www.bluevistaprod.com/realisation-film-entreprise-lyon/,réalisations vidéo animée,0,5,0,70
https://www.bluevistaprod.com/realisation-film-entreprise-lyon/,tarif film d'entreprise,0,5,0,97.6
https://www.bluevistaprod.com/realisation-film-entreprise-lyon/,video motion design lyon,0,5,0,95.6
https://www.bluevistaprod.com/realisation-film-lancement-produit/,realisation film,0,5,0,25.2
https://www.bluevistaprod.com/realisation-film-sante/,production audiovisuelle secteur médical,0,5,0,16.4
https://www.bluevistaprod.com/realisation-video-geneve/,agence de production vidéos genève,0,5,0,22.8
https://www.bluevistaprod.com/realisation-video-geneve/,bluevista production,0,5,0,3.6
https://www.bluevistaprod.com/realisation-video-geneve/,devis vidéo corporate,0,5,0,81.4
https://www.bluevistaprod.com/realisation-video-geneve/,production audiovisuelle genève,0,5,0,53.8
https://www.bluevistaprod.com/realisation-video-geneve/,production vidéo d'entreprise suisse,0,5,0,5
https://www.bluevistaprod.com/realisation-video-geneve/,vidéo 360 genève,0,5,0,43.6
https://www.bluevistaprod.com/studio-animation-3d-lyon/,film animation studio,0,5,0,63.4
https://www.bluevistaprod.com/studio-animation-3d-lyon/,film entreprise animation 3d,0,5,0,11.8
https://www.bluevistaprod.com/studio-animation-3d-lyon/,societe animation,0,5,0,76.8
https://www.bluevistaprod.com/studio-animation-3d-lyon/,studio film animation,0,5,0,37.4
https://www.bluevistaprod.com/studio-animation-3d-paris/,studio d'animation 2d 3d,0,5,0,46
https://www.bluevistaprod.com/studio-animation-3d-paris/,vfx studio paris,0,5,0,50.4
https://www.bluevistaprod.com/video-publicitaire/,15 vidéos publicitaires,0,5,0,21.2
https://www.bluevistaprod.com/video-publicitaire/,agence création video,0,5,0,61.6
https://www.bluevistaprod.com/video-publicitaire/,agence de publicité lyon,0,5,0,86.6
https://www.bluevistaprod.com/video-publicitaire/,agence video paris,0,5,0,28
https://www.bluevistaprod.com/video-publicitaire/,agence vidéo nantes,0,5,0,15.2
https://www.bluevistaprod.com/video-publicitaire/,clip publicitaire,0,5,0,23.6
https://www.bluevistaprod.com/video-publicitaire/,création vidéo salon professionnel,0,5,0,67.8
https://www.bluevistaprod.com/video-publicitaire/,film publicitaire paris,0,5,0,52.8
https://www.bluevistaprod.com/video-publicitaire/,logiciel de montage video publicitaire,0,5,0,77.2
https://www.bluevistaprod.com/video-publicitaire/,publicité vidéos,0,5,0,26.6
https://www.bluevistaprod.com/video-publicitaire/,réalisation vidéo entreprise 41,0,5,0,40.6
https://www.bluevistaprod.com/video-publicitaire/,société production vidéo salon professionnel,0,5,0,70.8
https://www.bluevistaprod.com/video-publicitaire/,studio publicité,0,5,0,11.4
https://www.bluevistaprod.com/video-publicitaire/,video promotionnel,0,5,0,64
http://www.bluevistaprod.com/,agence de production lyon,0,4,0,16.8
http://www.bluevistaprod.com/,agence montage video,0,4,0,21.5
http://www.bluevistaprod.com/,film corporate lyon,0,4,0,31
http://www.bluevistaprod.com/,multimedia production,0,4,0,37.8
http://www.bluevistaprod.com/,societe de production audiovisuelle,0,4,0,26
http://www.bluevistaprod.com/,studio d'animation lyon,0,4,0,17
https://en.bluevistaprod.com/,blue vistas,0,4,0,62
https://en.bluevistaprod.com/,buevista,0,4,0,4.3
https://en.bluevistaprod.com/,video studio geneva,0,4,0,69
https://en.bluevistaprod.com/3d-animation-studio-in-lyon/,lyon animation,0,4,0,11
https://en.bluevistaprod.com/3d-animation-studio-in-lyon/,studio d'animation lyon,0,4,0,7.8
https://en.bluevistaprod.com/3d-animation-studio-in-paris/,studio animation 3d france,0,4,0,67.3
https://en.bluevistaprod.com/actualites/3d-motion-design-and-mapping-in-paris-at-the-rodin-museum/,3d museum paris,0,4,0,52.3
https://en.bluevistaprod.com/actualites/guitare-en-scene-2023/,guitar en scene,0,4,0,19.3
https://en.bluevistaprod.com/actualites/guitare-en-scene-2023/,guitare en scene 2023,0,4,0,7.3
https://en.bluevistaprod.com/actualites/new-hardware-motion-control-kessler/,kessler motion control,0,4,0,37.8
https://en.bluevistaprod.com/actualites/sport-boules-16th-emile-terrier-trophy/,boule terrier,0,4,0,5.8
https://en.bluevistaprod.com/actualites/the-bluevista-metaverse-the-blueverse/,vistaprod.net,0,4,0,14
https://en.bluevistaprod.com/corporate-film-in-lyon/,film 3d lyon,0,4,0,75.3
https://en.bluevistaprod.com/film-production-industry/,vistaprod.com,0,4,0,85
https://en.bluevistaprod.com/film-production-product-launch/,vistaprod.com,0,4,0,49.5
https://en.bluevistaprod.com/geneva-event-video-production/,event agency geneva,0,4,0,100.3
https://en.bluevistaprod.com/geneva-event-video-production/,video production services geneva,0,4,0,58.8
https://en.bluevistaprod.com/metaverse/,bluevista production,0,4,0,2.5
https://en.bluevistaprod.com/nos-realisations/amplitude-amplivision/,vistaprod.com,0,4,0,54.5
https://en.bluevistaprod.com/nos-realisations/e-xpert-solutions-zero-trust/,vistaprod.net,0,4,0,81.3
https://en.bluevistaprod.com/nos-realisations/engie-home-services-migo-thermostat-video/,thermostat migo,0,4,0,34.3
https://en.bluevistaprod.com/nos-realisations/hitachi-cs-net/,cs net hitachi,0,4,0,8
https://en.bluevistaprod.com/nos-realisations/hitachi-cs-net/,vistaprod.com,0,4,0,37.8
https://en.bluevistaprod.com/nos-realisations/santos-i-grind-coffee-grinder-reveal/,vistaprod.com,0,4,0,44.5
https://en.bluevistaprod.com/nos-realisations/santos-i-grind-coffee-grinder-reveal/,vistaprod.net,0,4,0,91.3
https://en.bluevistaprod.com/nos-realisations/thx-medical-dosamat-digital-2-0/,thx digital,0,4,0,92.5
https://en.bluevistaprod.com/nos-realisations/verizon-connect-video-presentation/,verizon connect,0,4,0,2.8
https://en.bluevistaprod.com/nos-realisations/verizon-connect-video-presentation/,vistaprod.com,0,4,0,48.5
https://en.bluevistaprod.com/nos-realisations/verizon-connect-video-presentation/,vistaprod.net,0,4,0,75
https://en.bluevistaprod.com/our-skills/corporate-video-corporate-film/,corporate video geneva,0,4,0,24
https://en.bluevistaprod.com/our-skills/green-screen-studio-compositing/,compositing agency,0,4,0,94.3
https://en.bluevistaprod.com/our-skills/live-streaming-webtv/,web tv aziendale,0,4,0,47.8
https://en.bluevistaprod.com/video-production-in-geneva/,bluevista production,0,4,0,4.5
https://www.bluevistaprod.com/,agence captation vidéo,0,4,0,58.8
https://www.bluevistaprod.com/,agence de communication lyon,0,4,0,3.8
https://www.bluevistaprod.com/,agence de production audiovisuelle geneve,0,4,0,3
https://www.bluevistaprod.com/,agence de production créative,0,4,0,98.5
https://www.bluevistaprod.com/,agence de production suisse,0,4,0,6.3
https://www.bluevistaprod.com/,agence de production vidéo paris,0,4,0,76.8
https://www.bluevistaprod.com/,agence graphisme lyon,0,4,0,9
https://www.bluevistaprod.com/,agence multimédia paris,0,4,0,76.5
https://www.bluevistaprod.com/,agence production vidéo genève,0,4,0,6.5
https://www.bluevistaprod.com/,agence vidéo captation nice,0,4,0,69
https://www.bluevistaprod.com/,agence vidéo givors,0,4,0,34.8
https://www.bluevistaprod.com/,agence vidéo à chaponost,0,4,0,79.5
https://www.bluevistaprod.com/,agence vista,0,4,0,34.8
https://www.bluevistaprod.com/,agence vseo,0,4,0,53.3
https://www.bluevistaprod.com/,audiovisuel lyon,0,4,0,3.5
https://www.bluevistaprod.com/,blue motion c'est quoi,0,4,0,4.5
https://www.bluevistaprod.com/,blue vides,0,4,0,30.5
https://www.bluevistaprod.com/,blue vista chicago,0,4,0,30.5
https://www.bluevistaprod.com/,bluvista tv,0,4,0,3.3
https://www.bluevistaprod.com/,budvista,0,4,0,3.3
https://www.bluevistaprod.com/,film entreprise 64,0,4,0,97.8
https://www.bluevistaprod.com/,full service video production,0,4,0,6.3
https://www.bluevistaprod.com/,la boite à films lyon,0,4,0,52.3
https://www.bluevistaprod.com/,meilleure agence creation video,0,4,0,100.3
https://www.bluevistaprod.com/,pmwigvista,0,4,0,4.8
https://www.bluevistaprod.com/,production vidéo professionnelle givors,0,4,0,23.8
https://www.bluevistaprod.com/,reportage industriel agence,0,4,0,80
https://www.bluevistaprod.com/,réalisation vidéo,0,4,0,68.3
https://www.bluevistaprod.com/,service video production,0,4,0,21.5
https://www.bluevistaprod.com/,services de production vidéo,0,4,0,86.8
https://www.bluevistaprod.com/,studio d'animation lyon,0,4,0,1.5
https://www.bluevistaprod.com/,studio production vidéo,0,4,0,84
https://www.bluevistaprod.com/,vb presta,0,4,0,89.8
https://www.bluevistaprod.com/,video vista,0,4,0,16.8
https://www.bluevistaprod.com/,vista.com,0,4,0,86.8
https://www.bluevistaprod.com/,vistaprod,0,4,0,4.5
https://www.bluevistaprod.com/actualites/,bluevista production,0,4,0,2
https://www.bluevistaprod.com/actualites/,vidéo actualités,0,4,0,81.5
https://www.bluevistaprod.com/actualites/aravi-saison-2022-2023/,aravi racing,0,4,0,17.3
https://www.bluevistaprod.com/actualites/bluevista-creative-unicorn-team/,team licorne,0,4,0,69.3
https://www.bluevistaprod.com/actualites/bluevista-le-motion-design/,c'est quoi le motion design,0,4,0,73.8
https://www.bluevistaprod.com/actualites/bluevista-video-showreel-2020/,video showreels,0,4,0,32
https://www.bluevistaprod.com/actualites/bluevista-video-showreel-2021/,video showreels,0,4,0,66
https://www.bluevistaprod.com/actualites/bluevista-video-showreel-2023/,agence vidéo genève,0,4,0,39.8
https://www.bluevistaprod.com/actualites/bluevista-video-showreel-2023/,luxury video agency geneva,0,4,0,48
https://www.bluevistaprod.com/actualites/bluevista-video-showreel-2023/,video production geneva,0,4,0,42.3
https://www.bluevistaprod.com/actualites/category/animation_3d/,vistaprod.net,0,4,0,76
https://www.bluevistaprod.com/actualites/category/video-360-vr/,video vr 3d,0,4,0,6
https://www.bluevistaprod.com/actualites/category/video-360-vr/,vidéos vr 360,0,4,0,7.5
https://www.bluevistaprod.com/actualites/category/video-360-vr/,vr 360 video,0,4,0,19.5
https://www.bluevistaprod.com/actualites/category/video-360-vr/,vr vi,0,4,0,9
https://www.bluevistaprod.com/actualites/guitare-en-scene-2023/,guitare en scene 2020,0,4,0,37.3
https://www.bluevistaprod.com/actualites/koesio-carte-de-voeux-2023/,carte de voeux entreprise design,0,4,0,96.5
https://www.bluevistaprod.com/actualites/koesio-carte-de-voeux-2023/,cartes voeux 2023,0,4,0,56.5
https://www.bluevistaprod.com/actualites/koesio-carte-de-voeux-2023/,voeux 2023,0,4,0,53.3
https://www.bluevistaprod.com/actualites/mapping-printemps-lyon/,aftermovie lyon,0,4,0,74.5
https://www.bluevistaprod.com/actualites/mapping-printemps-lyon/,mapping marque,0,4,0,56.5
https://www.bluevistaprod.com/actualites/mapping-printemps-lyon/,printemps lyon,0,4,0,50.3
https://www.bluevistaprod.com/actualites/mapping-printemps-lyon/,printemps lyon photos,0,4,0,4.8
https://www.bluevistaprod.com/actualites/motion-design-3d-et-mapping-a-paris-au-musee-rodin/,video motion design paris,0,4,0,52.5
https://www.bluevistaprod.com/actualites/peninsula-octobre-rose/,rose peninsula,0,4,0,12
https://www.bluevistaprod.com/actualites/projet-de-realisation-video-360/,dji 360 video,0,4,0,49.8
https://www.bluevistaprod.com/actualites/projet-de-realisation-video-360/,drone 360 video,0,4,0,11.3
https://www.bluevistaprod.com/actualites/stann/,stann logiciel,0,4,0,20
https://www.bluevistaprod.com/actualites/tag/event/feed/,hotel equitalyon,0,4,0,44
https://www.bluevistaprod.com/actualites/vercors-les-chemins-de-la-liberte/,film les chemins de la liberte,0,4,0,93
https://www.bluevistaprod.com/actualites/video-immersive-360/,360 video,0,4,0,10.5
https://www.bluevistaprod.com/actualites/video-immersive-360/,imersive video,0,4,0,7.3
https://www.bluevistaprod.com/actualites/video-immersive-360/,immersion 360,0,4,0,29.3
https://www.bluevistaprod.com/actualites/video-immersive-360/,production vidéo 360,0,4,0,24.3
https://www.bluevistaprod.com/actualites/video-immersive-360/,video immersion,0,4,0,7
https://www.bluevistaprod.com/actualites/video-mapping-lyon-intercontinental-grand-hotel-dieu/,bluevista lyon,0,4,0,5.3
https://www.bluevistaprod.com/agence/,agence de prod genève,0,4,0,3.8
https://www.bluevistaprod.com/agence/,blue vista chicago,0,4,0,71
https://www.bluevistaprod.com/agence/,boite de prod lyon,0,4,0,9.3
https://www.bluevistaprod.com/bluevista-agence-metaverse/,budvista,0,4,0,7.8
https://www.bluevistaprod.com/film-d-entreprise-paris-15-ans-d-experience/,agence film corporate,0,4,0,90.5
https://www.bluevistaprod.com/film-d-entreprise-paris-15-ans-d-experience/,création film d'entreprise douai,0,4,0,19.5
https://www.bluevistaprod.com/film-d-entreprise-paris-15-ans-d-experience/,création vidéo d'entreprise dieppe,0,4,0,92.8
https://www.bluevistaprod.com/film-d-entreprise-paris-15-ans-d-experience/,film d'entreprises,0,4,0,55.5
https://www.bluevistaprod.com/film-d-entreprise-paris-15-ans-d-experience/,vidéo entreprise 77,0,4,0,74.8
https://www.bluevistaprod.com/film-entreprise-lyon-15-ans-experience/,bluevista,0,4,0,3
https://www.bluevistaprod.com/film-entreprise-lyon-15-ans-experience/,film corporate lyon,0,4,0,45.5
https://www.bluevistaprod.com/film-entreprise-lyon-15-ans-experience/,film industriel lyon,0,4,0,26.5
https://www.bluevistaprod.com/nos-competences/aftermovie-captation-evenementielle/,after mocie,0,4,0,11
https://www.bluevistaprod.com/nos-competences/aftermovie-captation-evenementielle/,agence de production réalisation clip aftermovie,0,4,0,16.8
https://www.bluevistaprod.com/nos-competences/aftermovie-captation-evenementielle/,boite de production réalisation clip aftermovie,0,4,0,16.5
https://www.bluevistaprod.com/nos-competences/aftermovie-captation-evenementielle/,event after movie,0,4,0,10.3
https://www.bluevistaprod.com/nos-competences/aftermovie-captation-evenementielle/,film évènementiel,0,4,0,59.5
https://www.bluevistaprod.com/nos-competences/aftermovie-captation-evenementielle/,production de clip aftermovie,0,4,0,20
https://www.bluevistaprod.com/nos-competences/animation-3d/,3d film animation,0,4,0,90.5
https://www.bluevistaprod.com/nos-competences/animation-3d/,agence vidéo 3d,0,4,0,56.8
https://www.bluevistaprod.com/nos-competences/animation-3d/,animation 3d entreprise,0,4,0,84
https://www.bluevistaprod.com/nos-competences/animation-3d/,infographie animation,0,4,0,75.8
https://www.bluevistaprod.com/nos-competences/animation-3d/,studio animation médicale 3d,0,4,0,76.3
https://www.bluevistaprod.com/nos-competences/creation-immersive-realite-virtuelle/,immersive showroom,0,4,0,7.5
https://www.bluevistaprod.com/nos-competences/creation-immersive-realite-virtuelle/,immersive virtual reality,0,4,0,59
https://www.bluevistaprod.com/nos-competences/creation-immersive-realite-virtuelle/,production réalité virtuelle,0,4,0,83.8
https://www.bluevistaprod.com/nos-competences/creation-immersive-realite-virtuelle/,société réalité virtuelle,0,4,0,81
https://www.bluevistaprod.com/nos-competences/live-streaming-webtv/,camera web tv,0,4,0,54.3
https://www.bluevistaprod.com/nos-competences/live-streaming-webtv/,captation streaming suisse,0,4,0,67.3
https://www.bluevistaprod.com/nos-competences/live-streaming-webtv/,le direct de la web tv,0,4,0,44.3
https://www.bluevistaprod.com/nos-competences/live-streaming-webtv/,tv en direct sur internet,0,4,0,1
https://www.bluevistaprod.com/nos-competences/live-streaming-webtv/,tv web live,0,4,0,63.3
https://www.bluevistaprod.com/nos-competences/motion-design/,agence motion design tech,0,4,0,41.5
https://www.bluevistaprod.com/nos-competences/motion-design/,agence video dessinee,0,4,0,58.5
https://www.bluevistaprod.com/nos-competences/motion-design/,animation 2d motion design,0,4,0,52.3
https://www.bluevistaprod.com/nos-competences/motion-design/,animation 2d paris,0,4,0,89
https://www.bluevistaprod.com/nos-competences/motion-design/,application motion design,0,4,0,51
https://www.bluevistaprod.com/nos-competences/motion-design/,creation motion design,0,4,0,72.3
https://www.bluevistaprod.com/nos-competences/motion-design/,créer un motion design,0,4,0,79.5
https://www.bluevistaprod.com/nos-competences/motion-design/,motion design haut de gamme,0,4,0,73.8
https://www.bluevistaprod.com/nos-competences/motion-design/,motion design strasbourg,0,4,0,79
https://www.bluevistaprod.com/nos-competences/motion-design/,studio motion design sarthe,0,4,0,38
https://www.bluevistaprod.com/nos-competences/motion-design/,style motion design,0,4,0,79.8
https://www.bluevistaprod.com/nos-competences/motion-design/,video motion design lyon,0,4,0,93
https://www.bluevistaprod.com/nos-competences/motion-design/,vidéo en motion design,0,4,0,100.5
https://www.bluevistaprod.com/nos-competences/video-aerienne-drone/,vid&eacute o drone,0,4,0,58.8
https://www.bluevistaprod.com/nos-competences/video-aerienne-drone/,vidéo par drone ile de france,0,4,0,95.5
https://www.bluevistaprod.com/nos-competences/video-corporate-film-dentreprise/,agence de communication vidéo,0,4,0,51.5
https://www.bluevistaprod.com/nos-competences/video-corporate-film-dentreprise/,agence de film corporate,0,4,0,15.8
https://www.bluevistaprod.com/nos-competences/video-corporate-film-dentreprise/,agence video paris,0,4,0,46.8
https://www.bluevistaprod.com/nos-competences/video-corporate-film-dentreprise/,agence vidéo corporate industrie france,0,4,0,33.3
https://www.bluevistaprod.com/nos-competences/video-corporate-film-dentreprise/,agence vidéo corporate santé paris,0,4,0,37.8
https://www.bluevistaprod.com/nos-competences/video-corporate-film-dentreprise/,corporate video geneva,0,4,0,52
https://www.bluevistaprod.com/nos-competences/video-corporate-film-dentreprise/,création video corporate dieppe,0,4,0,47.8
https://www.bluevistaprod.com/nos-competences/video-corporate-film-dentreprise/,diffusion vidéo entreprise,0,4,0,41
https://www.bluevistaprod.com/nos-competences/video-corporate-film-dentreprise/,entreprise film,0,4,0,76
https://www.bluevistaprod.com/nos-competences/video-corporate-film-dentreprise/,film dentreprise,0,4,0,66.5
https://www.bluevistaprod.com/nos-competences/video-corporate-film-dentreprise/,lieux de tournage corporate,0,4,0,33.5
https://www.bluevistaprod.com/nos-competences/video-corporate-film-dentreprise/,prestataire vidéo,0,4,0,46.5
https://www.bluevistaprod.com/nos-competences/video-corporate-film-dentreprise/,réalisation film entreprise,0,4,0,57.8
https://www.bluevistaprod.com/nos-competences/video-corporate-film-dentreprise/,société de production vidéo,0,4,0,54.8
https://www.bluevistaprod.com/nos-competences/video-corporate-film-dentreprise/,video production geneva,0,4,0,42.8
https://www.bluevistaprod.com/nos-competences/video-corporate-film-dentreprise/,vidéo vidéo entreprise,0,4,0,72.3
https://www.bluevistaprod.com/nos-competences/video-mapping/,captation vidéo geneve,0,4,0,93.3
https://www.bluevistaprod.com/nos-competences/video-mapping/,création vidéo mapping laval,0,4,0,13
https://www.bluevistaprod.com/nos-competences/video-mapping/,mapping c'est quoi,0,4,0,70.8
https://www.bluevistaprod.com/nos-competences/video-mapping/,mapping video logiciel,0,4,0,90.5
https://www.bluevistaprod.com/nos-competences/video-mapping/,mapping vidéo nantes,0,4,0,38.8
https://www.bluevistaprod.com/nos-competences/video-mapping/,mapping vidéo strasbourg,0,4,0,42
https://www.bluevistaprod.com/nos-competences/video-mapping/,tarif mapping vidéo,0,4,0,19.8
https://www.bluevistaprod.com/nos-competences/video-mapping/,video mapping logiciel,0,4,0,88.5
https://www.bluevistaprod.com/nos-realisations/,blu3 vista,0,4,0,8.3
https://www.bluevistaprod.com/nos-realisations/,bluevista lyon,0,4,0,1
https://www.bluevistaprod.com/nos-realisations/amplitude-amplivision/,amplitud,0,4,0,45.5
https://www.bluevistaprod.com/nos-realisations/artcurial-mapping/,video mapping geneve,0,4,0,30.5
https://www.bluevistaprod.com/nos-realisations/bluevista-creative-la-pizza/,vistaprod.net,0,4,0,89
https://www.bluevistaprod.com/nos-realisations/bluevista-creative-une-vraie-equipe-1-la-flexibilite/,blue vista,0,4,0,2.5
https://www.bluevistaprod.com/nos-realisations/cera-agence-innovation/,cabinet innovation,0,4,0,95.8
https://www.bluevistaprod.com/nos-realisations/cera-agence-innovation/,devis motion design,0,4,0,95.3
https://www.bluevistaprod.com/nos-realisations/cisco-1/,cisco geneve,0,4,0,62.5
https://www.bluevistaprod.com/nos-realisations/eiffage-energie-expercite/,eiffage experimente,0,4,0,96
https://www.bluevistaprod.com/nos-realisations/engie-home-services-video-thermostat-migo/,engie home service,0,4,0,20.8
https://www.bluevistaprod.com/nos-realisations/engie-home-services-video-thermostat-migo/,engie thermostat connecté gaz,0,4,0,56.3
https://www.bluevistaprod.com/nos-realisations/engie-home-services-video-thermostat-migo/,engie thermostat connecté gratuit,0,4,0,69
https://www.bluevistaprod.com/nos-realisations/engie-home-services-video-thermostat-migo/,thermostat connecté chaudière gaz engie,0,4,0,34
https://www.bluevistaprod.com/nos-realisations/hitachi-triple-c/,hitachiclimat.fr,0,4,0,96.8
https://www.bluevistaprod.com/nos-realisations/icsi-briefing-debriefing-minute-darret-2/,briefing en debriefing,0,4,0,55
https://www.bluevistaprod.com/nos-realisations/icsi-briefing-debriefing-minute-darret-2/,briefing et debriefing,0,4,0,27
https://www.bluevistaprod.com/nos-realisations/icsi-briefing-debriefing-minute-darret-2/,briefing ou debriefing,0,4,0,48.8
https://www.bluevistaprod.com/nos-realisations/olinn-video-publicitaire/,olinn services,0,4,0,8
https://www.bluevistaprod.com/nos-realisations/printemps-nouvelle-identite/,aftermovie lyon,0,4,0,48.5
https://www.bluevistaprod.com/nos-realisations/qwartz/,centre commercial qwartz paris,0,4,0,41.8
https://www.bluevistaprod.com/nos-realisations/qwartz/,centre commerciale quartz,0,4,0,63.3
https://www.bluevistaprod.com/nos-realisations/qwartz/,centre commerciale villeneuve la garenne,0,4,0,63.5
https://www.bluevistaprod.com/nos-realisations/radisson-360-vr/,radisson blue lyon part dieu,0,4,0,30.5
https://www.bluevistaprod.com/nos-realisations/verizon-connect-video-de-presentation/,berizon,0,4,0,72.5
https://www.bluevistaprod.com/nos-realisations/verizon-connect-video-de-presentation/,bverizon,0,4,0,95.5
https://www.bluevistaprod.com/nos-realisations/verizon-connect-video-de-presentation/,verion connect,0,4,0,4.8
https://www.bluevistaprod.com/nos-realisations/verizon-connect-video-de-presentation/,verisen,0,4,0,38.8
https://www.bluevistaprod.com/nos-realisations/verizon-connect-video-de-presentation/,verizen,0,4,0,52.5
https://www.bluevistaprod.com/nos-realisations/verizon-connect-video-de-presentation/,verizio,0,4,0,66.5
https://www.bluevistaprod.com/nos-realisations/verizon-connect-video-de-presentation/,verizon conenct,0,4,0,3.8
https://www.bluevistaprod.com/nos-realisations/verizon-connect-video-de-presentation/,verizon connect linkedin,0,4,0,16.5
https://www.bluevistaprod.com/nos-realisations/verizon-connect-video-de-presentation/,verizon connections login,0,4,0,15
https://www.bluevistaprod.com/nos-realisations/verizon-connect-video-de-presentation/,verizon connext,0,4,0,18.3
https://www.bluevistaprod.com/nos-realisations/verizon-connect-video-de-presentation/,vrison,0,4,0,68.8
https://www.bluevistaprod.com/nos-realisations/verizon-connect-video-de-presentation/,vz connect,0,4,0,20.3
https://www.bluevistaprod.com/realisation-de-film-evenements/,geneva video production,0,4,0,7.8
https://www.bluevistaprod.com/realisation-de-film-evenements/,vidaste geneve,0,4,0,90
https://www.bluevistaprod.com/realisation-de-film-evenements/,vidéaste pour pme genève,0,4,0,41.5
https://www.bluevistaprod.com/realisation-film-entreprise-lyon/,agence de prod,0,4,0,88.8
https://www.bluevistaprod.com/realisation-film-entreprise-lyon/,agence vidéo corporate santé lyon,0,4,0,22.5
https://www.bluevistaprod.com/realisation-film-entreprise-lyon/,agence vidéo entreprise,0,4,0,43
https://www.bluevistaprod.com/realisation-film-entreprise-lyon/,conception de vidéos sur mesure lyon,0,4,0,33.5
https://www.bluevistaprod.com/realisation-film-entreprise-lyon/,devis réalisation vidéo,0,4,0,72
https://www.bluevistaprod.com/realisation-film-entreprise-lyon/,tarif film entreprise,0,4,0,98.3
https://www.bluevistaprod.com/realisation-film-entreprise-lyon/,videaste lyon,0,4,0,70.5
https://www.bluevistaprod.com/realisation-film-entreprise-lyon/,video and film,0,4,0,76.3
https://www.bluevistaprod.com/realisation-film-entreprise-lyon/,vidéo d'entreprise,0,4,0,33
https://www.bluevistaprod.com/realisation-film-lancement-produit/,bluevista production,0,4,0,3
https://www.bluevistaprod.com/realisation-film-lancement-produit/,lancement de produit paris,0,4,0,88
https://www.bluevistaprod.com/realisation-film-lancement-produit/,realisation de,0,4,0,76.8
https://www.bluevistaprod.com/realisation-film-sante/,film entreprise lyon,0,4,0,69.5
https://www.bluevistaprod.com/realisation-film-territoires/,bluevista,0,4,0,1.5
https://www.bluevistaprod.com/realisation-film-territoires/,film promotion territoire,0,4,0,32.3
https://www.bluevistaprod.com/realisation-video-geneve/,film corporate haut de gamme,0,4,0,68.8
https://www.bluevistaprod.com/realisation-video-geneve/,réalisation vidéo entreprise,0,4,0,18.8
https://www.bluevistaprod.com/realisation-video-geneve/,vidaste geneve,0,4,0,71.8
https://www.bluevistaprod.com/realisation-video-geneve/,vistaprod.net,0,4,0,67.8
https://www.bluevistaprod.com/studio-animation-3d-lyon/,animation 3d architecture lyon,0,4,0,25.3
https://www.bluevistaprod.com/studio-animation-3d-lyon/,animations studio,0,4,0,60.8
https://www.bluevistaprod.com/studio-animation-3d-lyon/,entreprise animation 2d,0,4,0,60.8
https://www.bluevistaprod.com/studio-animation-3d-lyon/,société animation,0,4,0,76.5
https://www.bluevistaprod.com/studio-animation-3d-lyon/,société d animation,0,4,0,32.8
https://www.bluevistaprod.com/studio-animation-3d-lyon/,studio 3d france,0,4,0,73.3
https://www.bluevistaprod.com/studio-animation-3d-lyon/,studio modélisation 3d,0,4,0,18.5
https://www.bluevistaprod.com/studio-animation-3d-paris/,agence dessin animé,0,4,0,51.3
https://www.bluevistaprod.com/studio-animation-3d-paris/,animation 3d genève,0,4,0,79.5
https://www.bluevistaprod.com/studio-animation-3d-paris/,motion design studio paris,0,4,0,98.5
https://www.bluevistaprod.com/studio-animation-3d-paris/,studio animation 3d lyon,0,4,0,58
https://www.bluevistaprod.com/video-promotionnelle/,agence marketing vidéo lyon,0,4,0,67.8
https://www.bluevistaprod.com/video-publicitaire/,agence communication publicitaire,0,4,0,53.3
https://www.bluevistaprod.com/video-publicitaire/,agence communication vidéo lyon,0,4,0,35.3
https://www.bluevistaprod.com/video-publicitaire/,agence de production video,0,4,0,13.3
https://www.bluevistaprod.com/video-publicitaire/,agence marketing video toulouse,0,4,0,55.8
https://www.bluevistaprod.com/video-publicitaire/,agence publicitaire,0,4,0,96.5
https://www.bluevistaprod.com/video-publicitaire/,agence video lyon,0,4,0,26.3
https://www.bluevistaprod.com/video-publicitaire/,agence vidéo corporate,0,4,0,12.5
https://www.bluevistaprod.com/video-publicitaire/,agence vidéo d⠹entreprise à paris,0,4,0,13.3
https://www.bluevistaprod.com/video-publicitaire/,agence vidéo stratégique,0,4,0,22.3
https://www.bluevistaprod.com/video-publicitaire/,boite de production lyon,0,4,0,4.3
https://www.bluevistaprod.com/video-publicitaire/,caméra publicitaire,0,4,0,21.5
https://www.bluevistaprod.com/video-publicitaire/,conception de vidéos sur mesure monts du lyonnais,0,4,0,6.8
https://www.bluevistaprod.com/video-publicitaire/,création de vidéo publicitaire metz,0,4,0,51.5
https://www.bluevistaprod.com/video-publicitaire/,prestataire film promotionnel,0,4,0,35.5
https://www.bluevistaprod.com/video-publicitaire/,prod video,0,4,0,88.3
https://www.bluevistaprod.com/video-publicitaire/,production vidéo b2b,0,4,0,35
https://www.bluevistaprod.com/video-publicitaire/,production vidéo blois,0,4,0,12.8
https://www.bluevistaprod.com/video-publicitaire/,société de production film promotionnel,0,4,0,21.5
https://www.bluevistaprod.com/video-publicitaire/,tournages+vidéos+publicitaires,0,4,0,15.3
https://www.bluevistaprod.com/video-publicitaire/,vidéo pour entreprises monts du lyonnais,0,4,0,28.8
https://www.bluevistaprod.com/video-publicitaire/,vidéo publicitaire industrie lyon,0,4,0,13.5
https://www.bluevistaprod.com/video-publicitaire/,vidéo publicitaire sur mesure,0,4,0,1
http://www.bluevistaprod.com/,agence de production vidéo,0,3,0,12
http://www.bluevistaprod.com/,agence pour réalisateurs 3d,0,3,0,41
http://www.bluevistaprod.com/,agence video,0,3,0,4.3
http://www.bluevistaprod.com/,audiovisuelle,0,3,0,3
http://www.bluevistaprod.com/,blu vista,0,3,0,5.3
http://www.bluevistaprod.com/,corporate video lyon,0,3,0,31
http://www.bluevistaprod.com/,entreprise audiovisuel,0,3,0,4
http://www.bluevistaprod.com/,société audiovisuel,0,3,0,2.7
http://www.bluevistaprod.com/,studio animation 2d lyon,0,3,0,11
https://en.bluevistaprod.com/,blue carrot video production,0,3,0,41.3
https://en.bluevistaprod.com/,blue vista chicago,0,3,0,10.7
https://en.bluevistaprod.com/,blue vista company,0,3,0,4
https://en.bluevistaprod.com/,pour vista,0,3,0,44.3
https://en.bluevistaprod.com/,supervista,0,3,0,42.3
https://en.bluevistaprod.com/,the agency full hd film,0,3,0,58.7
https://en.bluevistaprod.com/,vistaprod,0,3,0,5.3
https://en.bluevistaprod.com/actualites/360-video-production-project/,video 360 drone,0,3,0,64.7
https://en.bluevistaprod.com/actualites/aravi-season-2022-2023/,aravi racing,0,3,0,7
https://en.bluevistaprod.com/actualites/aravi-season-2022-2023/,team aravi,0,3,0,6.7
https://en.bluevistaprod.com/actualites/clip-corporate-bos-equipement/,vistaprod.net,0,3,0,93
https://en.bluevistaprod.com/actualites/guitare-en-scene-2023/,guitare en scene,0,3,0,30.7
https://en.bluevistaprod.com/actualites/mase-rhone-alpes-motions/,mase rhone alpes,0,3,0,7.3
https://en.bluevistaprod.com/corporate-film-in-lyon/,corporate video lyon,0,3,0,27.7
https://en.bluevistaprod.com/film-production-product-launch/,produkt film produktion,0,3,0,59.3
https://en.bluevistaprod.com/film-production-product-launch/,produktfilm produktion,0,3,0,27.7
https://en.bluevistaprod.com/geneva-event-video-production/,videographer for small business geneva,0,3,0,80.7
https://en.bluevistaprod.com/metaverse/,vistaprod.com,0,3,0,64
https://en.bluevistaprod.com/news/,bluevista tv,0,3,0,28.7
https://en.bluevistaprod.com/nos-realisations/abb-snk-3d-solar/,snk 3d,0,3,0,21.3
https://en.bluevistaprod.com/nos-realisations/bluevista-creative-a-real-team-3-productivity/,bluevista production,0,3,0,7
https://en.bluevistaprod.com/nos-realisations/e-xpert-solutions-zero-trust/,e xpert solutions,0,3,0,36.7
https://en.bluevistaprod.com/nos-realisations/engie-home-services-migo-thermostat-video/,engie thermostaat,0,3,0,40
https://en.bluevistaprod.com/nos-realisations/engie-home-services-migo-thermostat-video/,thermostaat engie,0,3,0,41.7
https://en.bluevistaprod.com/nos-realisations/engie-home-services-migo-thermostat-video/,vistaprod.net,0,3,0,61
https://en.bluevistaprod.com/nos-realisations/hitachi-cs-net/,hitachi cs,0,3,0,46
https://en.bluevistaprod.com/nos-realisations/hitachi-film-catalogue-2021/,hitachi film,0,3,0,8
https://en.bluevistaprod.com/nos-realisations/koesio-greetings-2024/,vistaprod.com,0,3,0,78.3
https://en.bluevistaprod.com/nos-realisations/pisten-bully-360-vr-snowcat/,360 snowcat,0,3,0,9
https://en.bluevistaprod.com/nos-realisations/spc/,spc film,0,3,0,78.3
https://en.bluevistaprod.com/nos-realisations/stann-the-business-management-application/,bluevista,0,3,0,36.7
https://en.bluevistaprod.com/nos-realisations/stann-the-business-management-application/,stann app,0,3,0,5.3
https://en.bluevistaprod.com/nos-realisations/we-see-big/,@gfms.com contact,0,3,0,50.3
https://en.bluevistaprod.com/our-skills/3d-animation/,3d animated graphics,0,3,0,83
https://en.bluevistaprod.com/our-skills/3d-animation/,3d technical animation,0,3,0,94.7
https://en.bluevistaprod.com/our-skills/3d-animation/,3d technical animation company,0,3,0,6.7
https://en.bluevistaprod.com/our-skills/3d-animation/,animation 3d lyon,0,3,0,26.7
https://en.bluevistaprod.com/our-skills/corporate-video-corporate-film/,corporate video film,0,3,0,57.3
https://en.bluevistaprod.com/our-skills/live-streaming-webtv/,live webtv,0,3,0,12
https://en.bluevistaprod.com/our-skills/live-streaming-webtv/,webtv,0,3,0,55.7
https://en.bluevistaprod.com/our-skills/live-streaming-webtv/,webtv networks,0,3,0,20
https://en.bluevistaprod.com/video-production-in-geneva/,audiovisual agency geneva,0,3,0,72
https://www.bluevistaprod.com/,agence création de video,0,3,0,90.3
https://www.bluevistaprod.com/,agence de creation video,0,3,0,61.3
https://www.bluevistaprod.com/,agence de production audiovisuelle,0,3,0,15.3
https://www.bluevistaprod.com/,agence video entreprise lyon,0,3,0,89.7
https://www.bluevistaprod.com/,agence video genève,0,3,0,2.3
https://www.bluevistaprod.com/,agence vidéo industrie lyon,0,3,0,19.3
https://www.bluevistaprod.com/,bleu nuit lyon,0,3,0,78.7
https://www.bluevistaprod.com/,blue film site,0,3,0,46.3
https://www.bluevistaprod.com/,blue lyon,0,3,0,57.3
https://www.bluevistaprod.com/,bluevisio,0,3,0,7.7
https://www.bluevistaprod.com/,bluevista.tv,0,3,0,26
https://www.bluevistaprod.com/,boite de prod réalisation film corporate,0,3,0,47.7
https://www.bluevistaprod.com/,boite de production,0,3,0,25
https://www.bluevistaprod.com/,boite de production youtube,0,3,0,51
https://www.bluevistaprod.com/,devis vidéo d'entreprise lyon,0,3,0,75
https://www.bluevistaprod.com/,dolcevista,0,3,0,27.7
https://www.bluevistaprod.com/,entreprise audiovisuel genève,0,3,0,3
https://www.bluevistaprod.com/,entreprise graphisme lyon,0,3,0,5
https://www.bluevistaprod.com/,film corporate lyon,0,3,0,70.3
https://www.bluevistaprod.com/,kinovista,0,3,0,14
https://www.bluevistaprod.com/,live streaming entreprise geneve,0,3,0,5.3
https://www.bluevistaprod.com/,post production genève,0,3,0,33.7
https://www.bluevistaprod.com/,reactiver vista,0,3,0,62.3
https://www.bluevistaprod.com/,société de production audiovisuelle innovante,0,3,0,97
https://www.bluevistaprod.com/,studio animation lyon,0,3,0,21.3
https://www.bluevistaprod.com/,studio de production vidéo,0,3,0,59.3
https://www.bluevistaprod.com/,studio production video,0,3,0,73.7
https://www.bluevistaprod.com/,video production site,0,3,0,31.7
https://www.bluevistaprod.com/,videography production,0,3,0,50
https://www.bluevistaprod.com/,vidéaste lyon,0,3,0,1.3
https://www.bluevistaprod.com/,vidéo entreprise lyon,0,3,0,32.7
https://www.bluevistaprod.com/,vista creation,0,3,0,45.7
https://www.bluevistaprod.com/actualites/,pmwigvista,0,3,0,6.3
https://www.bluevistaprod.com/actualites/,tubevista,0,3,0,40.7
https://www.bluevistaprod.com/actualites/50ans-de-lpa-une-histoire-lyonnaise/,lpa:1$$,0,3,0,4
https://www.bluevistaprod.com/actualites/animation-3d-produit-hitachi-csnet-manager/,csnet manager 2,0,3,0,14.7
https://www.bluevistaprod.com/actualites/bluevista-le-motion-design/,le motion,0,3,0,32.7
https://www.bluevistaprod.com/actualites/bluevista-le-motion-design/,motion design film,0,3,0,73.3
https://www.bluevistaprod.com/actualites/bluevista-le-motion-design/,motion design geneve,0,3,0,63.7
https://www.bluevistaprod.com/actualites/bluevista-le-motion-design/,motion designs,0,3,0,48
https://www.bluevistaprod.com/actualites/bluevista-le-motion-design/,qu'est ce que le motion design,0,3,0,9
https://www.bluevistaprod.com/actualites/bluevista-video-showreel-2021/,showreel video,0,3,0,43
https://www.bluevistaprod.com/actualites/bluevista-video-showreel-2023/,film showreel 2023,0,3,0,5.7
https://www.bluevistaprod.com/actualites/bluevista-video-showreel-2023/,motion designers monts du lyonnais,0,3,0,29
https://www.bluevistaprod.com/actualites/category/animation_3d/,animation 3d genève,0,3,0,78.3
https://www.bluevistaprod.com/actualites/category/video-360-vr/,360 vr 3d videos,0,3,0,38
https://www.bluevistaprod.com/actualites/category/video-360-vr/,animation 360 degrés,0,3,0,68.3
https://www.bluevistaprod.com/actualites/category/video-360-vr/,video 360 vr,0,3,0,34
https://www.bluevistaprod.com/actualites/category/video-360-vr/,vr 360 degree,0,3,0,12
https://www.bluevistaprod.com/actualites/category/videomapping/,mapping vidéo scénographie,0,3,0,98.3
https://www.bluevistaprod.com/actualites/getlive-tv-3-0-la-wbe-tv-selon-bluevista/,getlive.com,0,3,0,4
https://www.bluevistaprod.com/actualites/inauguration-intercontinental-lyon-grand-hotel-dieu/,dome hotel dieu lyon,0,3,0,59.7
https://www.bluevistaprod.com/actualites/koesio-carte-de-voeux-2023/,carte de voeux association humanitaire,0,3,0,95.7
https://www.bluevistaprod.com/actualites/koesio-carte-de-voeux-2023/,carte de voeux video,0,3,0,80
https://www.bluevistaprod.com/actualites/la-realite-virtuelle-oculus-a-bluevista/,oculus1,0,3,0,7.7
https://www.bluevistaprod.com/actualites/nouveau-materiel-motion-control-kessler/,kessler motion control,0,3,0,18
https://www.bluevistaprod.com/actualites/realisation-immersion-360-degres-dameuse-pisten-bully/,c'est quoi une dameuse,0,3,0,42.3
https://www.bluevistaprod.com/actualites/realisation-immersion-360-degres-dameuse-pisten-bully/,dameuse nuit,0,3,0,75.7
https://www.bluevistaprod.com/actualites/realisation-immersion-360-degres-dameuse-pisten-bully/,dameuse pistenbully,0,3,0,46.7
https://www.bluevistaprod.com/actualites/realisation-immersion-360-degres-dameuse-pisten-bully/,kässbohrer dameuse,0,3,0,68.7
https://www.bluevistaprod.com/actualites/santos-i-grind/,moulin café santos,0,3,0,70.3
https://www.bluevistaprod.com/actualites/santos-i-grind/,moulin à café professionnel santos,0,3,0,58.3
https://www.bluevistaprod.com/actualites/show-reel-motion-design/,showreel design,0,3,0,37
https://www.bluevistaprod.com/actualites/showroom-virtuel-gf-machining-solutions/,machine gf,0,3,0,51.7
https://www.bluevistaprod.com/actualites/tag/after-movie/,aftermovie lyon,0,3,0,52.3
https://www.bluevistaprod.com/actualites/tag/salon/,equita lyon 2019 date,0,3,0,54.7
https://www.bluevistaprod.com/actualites/video-immersive-360/,360 immersive video,0,3,0,13
https://www.bluevistaprod.com/actualites/video-immersive-360/,360 videography,0,3,0,38
https://www.bluevistaprod.com/actualites/video-immersive-360/,camera immersive,0,3,0,68.7
https://www.bluevistaprod.com/actualites/video-immersive-360/,films 360,0,3,0,13.3
https://www.bluevistaprod.com/actualites/video-immersive-360/,immerse 360,0,3,0,5
https://www.bluevistaprod.com/actualites/video-immersive-360/,showreel definition,0,3,0,11.3
https://www.bluevistaprod.com/actualites/video-immersive-360/,video 360°,0,3,0,9.3
https://www.bluevistaprod.com/actualites/video-immersive-360/,video immersive 360,0,3,0,11.3
https://www.bluevistaprod.com/agence/,agence audiovisuelle lyon,0,3,0,1.7
https://www.bluevistaprod.com/agence/,agence communication video lyon,0,3,0,47.3
https://www.bluevistaprod.com/agence/,agence graphisme lyon,0,3,0,11.3
https://www.bluevistaprod.com/agence/,agence video lyon,0,3,0,14.7
https://www.bluevistaprod.com/agence/,agence vidéo lyon,0,3,0,13
https://www.bluevistaprod.com/agence/,audiovisuel lyon,0,3,0,1
https://www.bluevistaprod.com/agence/,blu vista,0,3,0,4.7
https://www.bluevistaprod.com/agence/,blue agence,0,3,0,65.3
https://www.bluevistaprod.com/agence/,blue vista capital,0,3,0,56.7
https://www.bluevistaprod.com/agence/,corporate video production geneva,0,3,0,17.7
https://www.bluevistaprod.com/agence/,entreprise audiovisuel lyon,0,3,0,15
https://www.bluevistaprod.com/agence/,production audiovisuelle lyon,0,3,0,1.7
https://www.bluevistaprod.com/agence/,production vidéo corporate genève,0,3,0,19
https://www.bluevistaprod.com/bluevista-agence-metaverse/,frlorevista,0,3,0,13
https://www.bluevistaprod.com/bluevista-agence-metaverse/,metaverse production,0,3,0,7
https://www.bluevistaprod.com/bluevista-agence-metaverse/,prestataire realite virtuelle,0,3,0,29.3
https://www.bluevistaprod.com/bluevista-agence-metaverse/,tealite blue,0,3,0,36.3
https://www.bluevistaprod.com/film-corporate-lyon-depuis-2004/,agence video corporate,0,3,0,43.3
https://www.bluevistaprod.com/film-corporate-lyon-depuis-2004/,vidéo entreprise lyon,0,3,0,92.3
https://www.bluevistaprod.com/film-d-entreprise-paris-15-ans-d-experience/,agence motion design idf,0,3,0,83
https://www.bluevistaprod.com/film-d-entreprise-paris-15-ans-d-experience/,creation de decors pour youtube en ile de france,0,3,0,65
https://www.bluevistaprod.com/film-d-entreprise-paris-15-ans-d-experience/,film d⠹entreprise industrie paris,0,3,0,3.3
https://www.bluevistaprod.com/film-d-entreprise-paris-15-ans-d-experience/,film présentation entreprise,0,3,0,98.7
https://www.bluevistaprod.com/film-entreprise-lyon-15-ans-experience/,film expérience,0,3,0,98
https://www.bluevistaprod.com/mentions-legales/,agence vidéo genève,0,3,0,51
https://www.bluevistaprod.com/mentions-legales/,vista blue,0,3,0,80.7
https://www.bluevistaprod.com/nos-competences/aftermovie-captation-evenementielle/,after movir,0,3,0,3.3
https://www.bluevistaprod.com/nos-competences/aftermovie-captation-evenementielle/,aftermovie event,0,3,0,6.7
https://www.bluevistaprod.com/nos-competences/aftermovie-captation-evenementielle/,aftermovie festival,0,3,0,54.7
https://www.bluevistaprod.com/nos-competences/aftermovie-captation-evenementielle/,aftermovie événement,0,3,0,10.3
https://www.bluevistaprod.com/nos-competences/aftermovie-captation-evenementielle/,agence réalisation de clip aftermovie,0,3,0,14.3
https://www.bluevistaprod.com/nos-competences/aftermovie-captation-evenementielle/,boite de production clip aftermovie,0,3,0,10
https://www.bluevistaprod.com/nos-competences/aftermovie-captation-evenementielle/,boite de production réalisation de clip aftermovie,0,3,0,12.7
https://www.bluevistaprod.com/nos-competences/aftermovie-captation-evenementielle/,film evenementiel,0,3,0,68
https://www.bluevistaprod.com/nos-competences/aftermovie-captation-evenementielle/,film évènementiel pour conférence,0,3,0,88
https://www.bluevistaprod.com/nos-competences/aftermovie-captation-evenementielle/,prestataire audiovisuel réalisation de clip aftermovie,0,3,0,13
https://www.bluevistaprod.com/nos-competences/aftermovie-captation-evenementielle/,réalisation d'un film événementiel,0,3,0,99.3
https://www.bluevistaprod.com/nos-competences/aftermovie-captation-evenementielle/,vidéo d'entreprise à cannes,0,3,0,97.7
https://www.bluevistaprod.com/nos-competences/animation-3d/,animation 3 d,0,3,0,83
https://www.bluevistaprod.com/nos-competences/live-streaming-webtv/,un live web tv,0,3,0,9.3
https://www.bluevistaprod.com/nos-competences/live-streaming-webtv/,video web tv,0,3,0,67.3
https://www.bluevistaprod.com/nos-competences/live-streaming-webtv/,web streaming,0,3,0,80.7
https://www.bluevistaprod.com/nos-competences/live-streaming-webtv/,web v,0,3,0,52
https://www.bluevistaprod.com/nos-competences/live-streaming-webtv/,webrtv,0,3,0,71
https://www.bluevistaprod.com/nos-competences/motion-design/,agence de motion graphics,0,3,0,54.3
https://www.bluevistaprod.com/nos-competences/motion-design/,agence dessin animé,0,3,0,35.3
https://www.bluevistaprod.com/nos-competences/motion-design/,agence motion design kif60,0,3,0,92
https://www.bluevistaprod.com/nos-competences/motion-design/,agence vidéo design,0,3,0,94
https://www.bluevistaprod.com/nos-competences/motion-design/,high-end motion design,0,3,0,48
https://www.bluevistaprod.com/nos-competences/motion-design/,motion design application,0,3,0,71.7
https://www.bluevistaprod.com/nos-competences/motion-design/,motion design brest,0,3,0,57.3
https://www.bluevistaprod.com/nos-competences/motion-design/,motion design la réunion,0,3,0,44.7
https://www.bluevistaprod.com/nos-competences/motion-design/,motion designer2,0,3,0,50.7
https://www.bluevistaprod.com/nos-competences/motion-design/,motion graphics agency,0,3,0,47.3
https://www.bluevistaprod.com/nos-competences/motion-design/,realisation video motion design,0,3,0,46.7
https://www.bluevistaprod.com/nos-competences/motion-design/,videos motion design,0,3,0,90.3
https://www.bluevistaprod.com/nos-competences/motion-design/,vidéo d'entreprise en motion design,0,3,0,68
https://www.bluevistaprod.com/nos-competences/video-aerienne-drone/,banque de video aérienne,0,3,0,40.3
https://www.bluevistaprod.com/nos-competences/video-aerienne-drone/,brevet drone 2018,0,3,0,97
https://www.bluevistaprod.com/nos-competences/video-aerienne-drone/,dron de video,0,3,0,54.7
https://www.bluevistaprod.com/nos-competences/video-aerienne-drone/,drone audiovisuel,0,3,0,78.7
https://www.bluevistaprod.com/nos-competences/video-aerienne-drone/,drone video services,0,3,0,64.3
https://www.bluevistaprod.com/nos-competences/video-aerienne-drone/,drone videografie,0,3,0,41
https://www.bluevistaprod.com/nos-competences/video-aerienne-drone/,drones for video,0,3,0,55.3
https://www.bluevistaprod.com/nos-competences/video-aerienne-drone/,video 360 drone,0,3,0,67
https://www.bluevistaprod.com/nos-competences/video-aerienne-drone/,vidéo aérienne drone,0,3,0,80
https://www.bluevistaprod.com/nos-competences/video-corporate-film-dentreprise/,corporate video lyon,0,3,0,56.7
https://www.bluevistaprod.com/nos-competences/video-corporate-film-dentreprise/,création video corporate deauville,0,3,0,47.7
https://www.bluevistaprod.com/nos-competences/video-corporate-film-dentreprise/,film institutionnel d entreprise,0,3,0,80
https://www.bluevistaprod.com/nos-competences/video-corporate-film-dentreprise/,production film d'entreprise,0,3,0,38.7
https://www.bluevistaprod.com/nos-competences/video-corporate-film-dentreprise/,production vidéo annemasse,0,3,0,42
https://www.bluevistaprod.com/nos-competences/video-corporate-film-dentreprise/,réalisation film corporate entreprise,0,3,0,61.7
https://www.bluevistaprod.com/nos-competences/video-corporate-film-dentreprise/,tournage vidéo corporatif,0,3,0,72.3
https://www.bluevistaprod.com/nos-competences/video-corporate-film-dentreprise/,video corporate paris,0,3,0,40.7
https://www.bluevistaprod.com/nos-competences/video-corporate-film-dentreprise/,vidéaste entreprise,0,3,0,39.7
https://www.bluevistaprod.com/nos-competences/video-corporate-film-dentreprise/,vidéo cinématique entreprise,0,3,0,30
https://www.bluevistaprod.com/nos-competences/video-corporate-film-dentreprise/,vidéo corporate ile de france,0,3,0,21.7
https://www.bluevistaprod.com/nos-competences/video-corporate-film-dentreprise/,vidéo corporate réunion,0,3,0,50.7
https://www.bluevistaprod.com/nos-competences/video-corporate-film-dentreprise/,vidéo corporate troyes,0,3,0,56.3
https://www.bluevistaprod.com/nos-competences/video-mapping/,a mapping,0,3,0,58.3
https://www.bluevistaprod.com/nos-competences/video-mapping/,création vidéo mapping angers,0,3,0,12.3
https://www.bluevistaprod.com/nos-competences/video-mapping/,mapping achitectural,0,3,0,15.7
https://www.bluevistaprod.com/nos-competences/video-mapping/,mapping genève,0,3,0,17
https://www.bluevistaprod.com/nos-competences/video-mapping/,mapping vidéo projecteur,0,3,0,72
https://www.bluevistaprod.com/nos-competences/video-mapping/,mapping vidéo tarif,0,3,0,19
https://www.bluevistaprod.com/nos-competences/video-mapping/,production video luxe france suisse,0,3,0,81.3
https://www.bluevistaprod.com/nos-competences/video-mapping/,projection video mapping,0,3,0,58.7
https://www.bluevistaprod.com/nos-competences/video-mapping/,qu'est ce que le mapping vidéo,0,3,0,21
https://www.bluevistaprod.com/nos-competences/video-mapping/,video maping,0,3,0,43
https://www.bluevistaprod.com/nos-competences/video-mapping/,video mapping 2d,0,3,0,8.7
https://www.bluevistaprod.com/nos-competences/video-mapping/,video mapping definition,0,3,0,45
https://www.bluevistaprod.com/nos-competences/video-mapping/,vidéo mapping événementiel,0,3,0,17.3
https://www.bluevistaprod.com/nos-realisations/amplitude-amplivision/,amplitude prothèse,0,3,0,29.7
https://www.bluevistaprod.com/nos-realisations/amplitude-amplivision/,amplitude surgical,0,3,0,56.3
https://www.bluevistaprod.com/nos-realisations/amplitude-amplivision/,société amplitude,0,3,0,44.7
https://www.bluevistaprod.com/nos-realisations/bluevista-creative-la-pizza/,bluevista lyon,0,3,0,5
https://www.bluevistaprod.com/nos-realisations/bluevista-creative-la-pizza/,realisation video suisse,0,3,0,1.7
https://www.bluevistaprod.com/nos-realisations/bluevista-creative-un-monde-virtuel-1-la-moto/,frlorevista,0,3,0,21.3
https://www.bluevistaprod.com/nos-realisations/bluevista-creative-un-monde-virtuel-1-la-moto/,moto vista,0,3,0,23.7
https://www.bluevistaprod.com/nos-realisations/bluevista-motion-design/,motion design geneve,0,3,0,58
https://www.bluevistaprod.com/nos-realisations/bluevista-showreel-2025/,bluevista lyon,0,3,0,5
https://www.bluevistaprod.com/nos-realisations/bluevista-showreel-2025/,bluvista.de,0,3,0,2
https://www.bluevistaprod.com/nos-realisations/cera-agence-innovation/,cera lyon,0,3,0,59
https://www.bluevistaprod.com/nos-realisations/deko-film-de-presentation/,deko,0,3,0,54.7
https://www.bluevistaprod.com/nos-realisations/deko-film-de-presentation/,dekofilm,0,3,0,4.7
https://www.bluevistaprod.com/nos-realisations/dromis-equans-ineo/,entreprise ineo,0,3,0,81.3
https://www.bluevistaprod.com/nos-realisations/dromis-equans-ineo/,equans siège social,0,3,0,73.3
https://www.bluevistaprod.com/nos-realisations/dromis-equans-ineo/,ineo centre,0,3,0,23.3
https://www.bluevistaprod.com/nos-realisations/dromis-equans-ineo/,ineo ferroviaire,0,3,0,28
https://www.bluevistaprod.com/nos-realisations/e-xpert-solutions-devsecops/,e xpert solutions,0,3,0,13
https://www.bluevistaprod.com/nos-realisations/elistair-orion/,orion video,0,3,0,8
https://www.bluevistaprod.com/nos-realisations/engie-home-services-video-thermostat-migo/,engie connecte,0,3,0,7.3
https://www.bluevistaprod.com/nos-realisations/engie-home-services-video-thermostat-migo/,engie home service thermostat connecté,0,3,0,7.3
https://www.bluevistaprod.com/nos-realisations/engie-home-services-video-thermostat-migo/,engie thermostat gaz,0,3,0,43.7
https://www.bluevistaprod.com/nos-realisations/engie-home-services-video-thermostat-migo/,migo app,0,3,0,58
https://www.bluevistaprod.com/nos-realisations/engie-home-services-video-thermostat-migo/,migo termostat,0,3,0,7.7
https://www.bluevistaprod.com/nos-realisations/film-corporate-gf-core/,core the film,0,3,0,61
https://www.bluevistaprod.com/nos-realisations/gf-gs/,film gf,0,3,0,7.3
https://www.bluevistaprod.com/nos-realisations/ghi/,ghi ch,0,3,0,12
https://www.bluevistaprod.com/nos-realisations/ghi/,ghi contact,0,3,0,18.7
https://www.bluevistaprod.com/nos-realisations/hitachi-cs-net/,cs .net,0,3,0,7.3
https://www.bluevistaprod.com/nos-realisations/hitachi-cs-net/,cs manager,0,3,0,74.3
https://www.bluevistaprod.com/nos-realisations/hitachi-cs-net/,cs-net,0,3,0,9.7
https://www.bluevistaprod.com/nos-realisations/hitachi-cs-net/,csnet manager 2,0,3,0,16.3
https://www.bluevistaprod.com/nos-realisations/hitachi-yutaki/,hitachi 3d,0,3,0,4.7
https://www.bluevistaprod.com/nos-realisations/icsi-briefing-debriefing-minute-darret-2/,brief debrief,0,3,0,53.3
https://www.bluevistaprod.com/nos-realisations/mlt-superscrew/,mlt superscrew,0,3,0,20
https://www.bluevistaprod.com/nos-realisations/olinn-video-publicitaire/,vidéaste cambrai,0,3,0,45
https://www.bluevistaprod.com/nos-realisations/printemps-mapping/,video mapping lyon,0,3,0,97
https://www.bluevistaprod.com/nos-realisations/qwartz/,4 boulevard gallieni 92390 villeneuve la garenne,0,3,0,68
https://www.bluevistaprod.com/nos-realisations/qwartz/,centre commercial la garenne,0,3,0,72.3
https://www.bluevistaprod.com/nos-realisations/qwartz/,centre commercial qwartz villeneuve la garenne,0,3,0,49.7
https://www.bluevistaprod.com/nos-realisations/qwartz/,cinema qwartz,0,3,0,22.3
https://www.bluevistaprod.com/nos-realisations/qwartz/,le qwartz centre commercial,0,3,0,38.3
https://www.bluevistaprod.com/nos-realisations/qwartz/,qwardz,0,3,0,43
https://www.bluevistaprod.com/nos-realisations/radisson-360-vr/,radisson 360,0,3,0,20.3
https://www.bluevistaprod.com/nos-realisations/santos-i-grind-coffee-grinder-teaser/,grind coffee grinder,0,3,0,10.7
https://www.bluevistaprod.com/nos-realisations/stann-lapplication-de-gestion-dentreprise/,app stan,0,3,0,10.3
https://www.bluevistaprod.com/nos-realisations/stann-lapplication-de-gestion-dentreprise/,dtann,0,3,0,7.7
https://www.bluevistaprod.com/nos-realisations/stann-lapplication-de-gestion-dentreprise/,gestan,0,3,0,19
https://www.bluevistaprod.com/nos-realisations/stann-lapplication-de-gestion-dentreprise/,sann,0,3,0,53.7
https://www.bluevistaprod.com/nos-realisations/stann-lapplication-de-gestion-dentreprise/,stann le,0,3,0,11
https://www.bluevistaprod.com/nos-realisations/stann-lapplication-de-gestion-dentreprise/,sttan,0,3,0,76.3
https://www.bluevistaprod.com/nos-realisations/thx-medical-dosamat-digital-2-0/,film d'animation médical,0,3,0,93.7
https://www.bluevistaprod.com/nos-realisations/thx-medical-dosamat-digital-2-0/,thx 2.0,0,3,0,2.7
https://www.bluevistaprod.com/nos-realisations/thx-medical-dosamat-digital-2-0/,thx digital,0,3,0,3.7
https://www.bluevistaprod.com/nos-realisations/timelapse-lacleda/,la cleda,0,3,0,13
https://www.bluevistaprod.com/nos-realisations/verizon-connect-video-de-presentation/,veriszon,0,3,0,67.7
https://www.bluevistaprod.com/nos-realisations/verizon-connect-video-de-presentation/,verizn,0,3,0,47
https://www.bluevistaprod.com/nos-realisations/verizon-connect-video-de-presentation/,verizom,0,3,0,70
https://www.bluevistaprod.com/nos-realisations/verizon-connect-video-de-presentation/,verizon conn,0,3,0,4.7
https://www.bluevistaprod.com/nos-realisations/verizon-connect-video-de-presentation/,verizon en france,0,3,0,55.7
https://www.bluevistaprod.com/nos-realisations/verizon-connect-video-de-presentation/,verizon',0,3,0,49.7
https://www.bluevistaprod.com/nos-realisations/verizon-connect-video-de-presentation/,verizon.,0,3,0,66.7
https://www.bluevistaprod.com/nos-realisations/verizon-connect-video-de-presentation/,verizon.com,0,3,0,48.3
https://www.bluevistaprod.com/nos-realisations/verizon-connect-video-de-presentation/,verizonn,0,3,0,43.7
https://www.bluevistaprod.com/nos-realisations/verizon-connect-video-de-presentation/,verizô,0,3,0,7.7
https://www.bluevistaprod.com/nos-realisations/verizon-connect-video-de-presentation/,verozon,0,3,0,64
https://www.bluevistaprod.com/nos-realisations/verizon-connect-video-de-presentation/,verrizon,0,3,0,62.3
https://www.bluevistaprod.com/nos-realisations/verizon-connect-video-de-presentation/,veryzon,0,3,0,38.3
https://www.bluevistaprod.com/nos-realisations/verizon-connect-video-de-presentation/,vérizon,0,3,0,11.7
https://www.bluevistaprod.com/realisation-de-film-banques-assurances/,bluevista,0,3,0,1
https://www.bluevistaprod.com/realisation-de-film-evenements/,création de vidéos genève,0,3,0,94
https://www.bluevistaprod.com/realisation-de-film-evenements/,réalisation de films à genève,0,3,0,55
https://www.bluevistaprod.com/realisation-de-film-evenements/,société réalisation film genève,0,3,0,52.7
https://www.bluevistaprod.com/realisation-de-film-evenements/,vidéaste d'entreprise genève,0,3,0,83
https://www.bluevistaprod.com/realisation-de-film-evenements/,vidéaste genève,0,3,0,84.7
https://www.bluevistaprod.com/realisation-film-entreprise-lyon/,agence communication vidéo lyon,0,3,0,41.7
https://www.bluevistaprod.com/realisation-film-entreprise-lyon/,agence de film,0,3,0,9.3
https://www.bluevistaprod.com/realisation-film-entreprise-lyon/,agence film corporate,0,3,0,85.7
https://www.bluevistaprod.com/realisation-film-entreprise-lyon/,agence vidéo rhône,0,3,0,12
https://www.bluevistaprod.com/realisation-film-entreprise-lyon/,creation video lyon,0,3,0,58.7
https://www.bluevistaprod.com/realisation-film-entreprise-lyon/,création film entreprise,0,3,0,37.7
https://www.bluevistaprod.com/realisation-film-entreprise-lyon/,film d⠹entreprise santé lyon,0,3,0,16.7
https://www.bluevistaprod.com/realisation-film-entreprise-lyon/,la boite a film lyon,0,3,0,55.7
https://www.bluevistaprod.com/realisation-film-entreprise-lyon/,motion design video lyon,0,3,0,95.7
https://www.bluevistaprod.com/realisation-film-entreprise-lyon/,post production lyon,0,3,0,92
https://www.bluevistaprod.com/realisation-film-entreprise-lyon/,réalisation films corporate,0,3,0,67
https://www.bluevistaprod.com/realisation-film-evenementiel/,production vidéo event,0,3,0,81.3
https://www.bluevistaprod.com/realisation-film-industrie/,bluvista,0,3,0,79.3
https://www.bluevistaprod.com/realisation-film-lancement-produit/,accroche cameraman milieu vertigineux,0,3,0,39.7
https://www.bluevistaprod.com/realisation-film-lancement-produit/,product film,0,3,0,8.3
https://www.bluevistaprod.com/realisation-film-lancement-produit/,video realisation,0,3,0,68
https://www.bluevistaprod.com/realisation-video-geneve/,agence de réalisation vidéo,0,3,0,92.3
https://www.bluevistaprod.com/realisation-video-geneve/,cameraman genève,0,3,0,98.3
https://www.bluevistaprod.com/realisation-video-geneve/,production audiovisuelle geneve,0,3,0,32.3
https://www.bluevistaprod.com/realisation-video-geneve/,video realisation,0,3,0,68.3
https://www.bluevistaprod.com/studio-animation-3d-lyon/,anim studio,0,3,0,7.7
https://www.bluevistaprod.com/studio-animation-3d-lyon/,associations graphismes design 2d et 3d lyon,0,3,0,37.3
https://www.bluevistaprod.com/studio-animation-3d-lyon/,motion design video lyon,0,3,0,88
https://www.bluevistaprod.com/studio-animation-3d-lyon/,réalisation animation 3d,0,3,0,89.7
https://www.bluevistaprod.com/studio-animation-3d-lyon/,studio 3d audiovisuel,0,3,0,15.7
https://www.bluevistaprod.com/studio-animation-3d-lyon/,studio animation médicale 3d,0,3,0,83.7
https://www.bluevistaprod.com/studio-animation-3d-lyon/,studio d'animation 2d français,0,3,0,80.3
https://www.bluevistaprod.com/studio-animation-3d-lyon/,studio de dessin animé,0,3,0,11.7
https://www.bluevistaprod.com/studio-animation-3d-lyon/,studio d’animation,0,3,0,88
https://www.bluevistaprod.com/studio-animation-3d-paris/,3d motion design studio,0,3,0,98.7
https://www.bluevistaprod.com/studio-animation-3d-paris/,blue vista,0,3,0,4
https://www.bluevistaprod.com/studio-animation-3d-paris/,boite d animation,0,3,0,81.3
https://www.bluevistaprod.com/studio-animation-3d-paris/,entreprise d animation,0,3,0,35.7
https://www.bluevistaprod.com/studio-animation-3d-paris/,paris studio 3d,0,3,0,14.7
https://www.bluevistaprod.com/studio-animation-3d-paris/,studio d'animation france,0,3,0,77.7
https://www.bluevistaprod.com/studio-animation-3d-paris/,studio projection 3d,0,3,0,58.3
https://www.bluevistaprod.com/video-promotionnelle/,agence réalisation vidéo promotionnelle,0,3,0,9
https://www.bluevistaprod.com/video-promotionnelle/,boite de production film promotionnel,0,3,0,27.7
https://www.bluevistaprod.com/video-promotionnelle/,video promotionnelle entreprise,0,3,0,91.7
https://www.bluevistaprod.com/video-publicitaire/,agence de creation video,0,3,0,60.3
https://www.bluevistaprod.com/video-publicitaire/,agence de video marketing,0,3,0,14.7
https://www.bluevistaprod.com/video-publicitaire/,agence montage vidéo nantes,0,3,0,15.7
https://www.bluevistaprod.com/video-publicitaire/,agence réalisation de film promotionnel,0,3,0,10.7
https://www.bluevistaprod.com/video-publicitaire/,agence réalisation vidéo promotionnelle,0,3,0,7.3
https://www.bluevistaprod.com/video-publicitaire/,agence spots publicitaires,0,3,0,58.3
https://www.bluevistaprod.com/video-publicitaire/,agence vidéo 91,0,3,0,75.3
https://www.bluevistaprod.com/video-publicitaire/,agence vidéo essonne,0,3,0,11.3
https://www.bluevistaprod.com/video-publicitaire/,communication vidéo le havre,0,3,0,48.3
https://www.bluevistaprod.com/video-publicitaire/,devis réalisation vidéo d'entreprise lyon,0,3,0,88.3
https://www.bluevistaprod.com/video-publicitaire/,prix d'une vidéo publicitaire,0,3,0,61
https://www.bluevistaprod.com/video-publicitaire/,production pub vidéo vendée,0,3,0,57.7
https://www.bluevistaprod.com/video-publicitaire/,production vidéo brest,0,3,0,17
https://www.bluevistaprod.com/video-publicitaire/,publicité lyon,0,3,0,28
https://www.bluevistaprod.com/video-publicitaire/,publicité vidéo innove,0,3,0,10.7
https://www.bluevistaprod.com/video-publicitaire/,publicités vidéo en ligne,0,3,0,93
https://www.bluevistaprod.com/video-publicitaire/,société de production réalisation film promotionnel,0,3,0,10
https://www.bluevistaprod.com/video-publicitaire/,spot publicitaire video,0,3,0,61.7
https://www.bluevistaprod.com/video-publicitaire/,vidéo publicitaire industrie france,0,3,0,12
http://www.bluevistaprod.com/,agence audiovisuel lyon,0,2,0,36
http://www.bluevistaprod.com/,agence de production,0,2,0,7
http://www.bluevistaprod.com/,agence motion design lyon,0,2,0,16.5
http://www.bluevistaprod.com/,agence réalisateurs 3d,0,2,0,36
http://www.bluevistaprod.com/,agence vista,0,2,0,8
http://www.bluevistaprod.com/,blue media,0,2,0,8
http://www.bluevistaprod.com/,blue prod,0,2,0,12.5
http://www.bluevistaprod.com/,blue production,0,2,0,3
http://www.bluevistaprod.com/,blue project lyon,0,2,0,8
http://www.bluevistaprod.com/,blurvista,0,2,0,3
http://www.bluevistaprod.com/,boite de production audiovisuelle,0,2,0,16.5
http://www.bluevistaprod.com/,captation vidéo,0,2,0,31
http://www.bluevistaprod.com/,conception de vidéos sur mesure lyon,0,2,0,31
http://www.bluevistaprod.com/,ingénierie audiovisuelle,0,2,0,13
http://www.bluevistaprod.com/,keith blue et compagnie,0,2,0,12
http://www.bluevistaprod.com/,prestataire audiovisuel,0,2,0,3.5
http://www.bluevistaprod.com/,production audiovisuel lyon,0,2,0,22.5
http://www.bluevistaprod.com/,production video lyon,0,2,0,11
http://www.bluevistaprod.com/,réalisation vidéo,0,2,0,1
http://www.bluevistaprod.com/,société de prod,0,2,0,3
http://www.bluevistaprod.com/,société de production audiovisuel,0,2,0,2
http://www.bluevistaprod.com/,vista blu,0,2,0,1
http://www.bluevistaprod.com/,vista production,0,2,0,1.5
http://www.bluevistaprod.com/,vistz,0,2,0,8
https://en.bluevistaprod.com/,blu vista,0,2,0,1
https://en.bluevistaprod.com/,blue vist,0,2,0,2.5
https://en.bluevistaprod.com/,the blue vista,0,2,0,1.5
https://en.bluevistaprod.com/,the blue vista photos,0,2,0,2
https://en.bluevistaprod.com/,vista production,0,2,0,1.5
https://en.bluevistaprod.com/3d-animation-studio-in-lyon/,animation 3d lyon,0,2,0,23
https://en.bluevistaprod.com/3d-animation-studio-in-lyon/,studio 3d lyon,0,2,0,7
https://en.bluevistaprod.com/actualites/category/360-vr-video/,video en 360 vr lyon,0,2,0,38.5
https://en.bluevistaprod.com/actualites/category/360-vr-video/,vistaprod.net,0,2,0,69.5
https://en.bluevistaprod.com/actualites/clip-corporate-bos-equipement/,bos equipement,0,2,0,12.5
https://en.bluevistaprod.com/actualites/guitare-en-scene-2023/,festival guitare en scene,0,2,0,31
https://en.bluevistaprod.com/actualites/the-bluevista-metaverse-the-blueverse/,blueverse for manufacturing,0,2,0,48.5
https://en.bluevistaprod.com/contact-quotation/,bluevista,0,2,0,1
https://en.bluevistaprod.com/corporate-film-in-lyon/,corporate film production agency,0,2,0,34
https://en.bluevistaprod.com/film-production-health/,filmproduktion healthcare,0,2,0,24
https://en.bluevistaprod.com/film-production-health/,pharmaceutical video production,0,2,0,61.5
https://en.bluevistaprod.com/film-production-product-launch/,video production companies for product launches,0,2,0,5.5
https://en.bluevistaprod.com/metaverse/,agence animation 3d,0,2,0,83.5
https://en.bluevistaprod.com/news/,getlive1,0,2,0,8.5
https://en.bluevistaprod.com/nos-realisations/bbgr-360/,bbgr logo,0,2,0,69
https://en.bluevistaprod.com/nos-realisations/bluevista-creative-a-real-team-1-flexibility/,vistaprod.com,0,2,0,32
https://en.bluevistaprod.com/nos-realisations/bos/,vistaprod.net,0,2,0,54
https://en.bluevistaprod.com/nos-realisations/cpro-no-need-to-add-more/,vistaprod.com,0,2,0,47
https://en.bluevistaprod.com/nos-realisations/deko-presentation-film/,film deko,0,2,0,4
https://en.bluevistaprod.com/nos-realisations/deko-presentation-film/,vistaprod.com,0,2,0,72
https://en.bluevistaprod.com/nos-realisations/e-xpert-solutions-zero-trust/,vistaprod.com,0,2,0,30.5
https://en.bluevistaprod.com/nos-realisations/eiffage-energie-expercite/,expercité,0,2,0,10.5
https://en.bluevistaprod.com/nos-realisations/engie-home-services-migo-thermostat-video/,slimme thermostaat engie,0,2,0,39.5
https://en.bluevistaprod.com/nos-realisations/hitachi-cs-net/,cs hitachi,0,2,0,6
https://en.bluevistaprod.com/nos-realisations/hitachi-cs-net/,csnet lite,0,2,0,7.5
https://en.bluevistaprod.com/nos-realisations/hitachi-cs-net/,hitachi 3d,0,2,0,7.5
https://en.bluevistaprod.com/nos-realisations/hitachi-cs-net/,hitachi csnet web,0,2,0,12
https://en.bluevistaprod.com/nos-realisations/hitachi-cs-net/,new hitachi the animation,0,2,0,7
https://en.bluevistaprod.com/nos-realisations/koesio-greetings-2024/,koesio,0,2,0,9
https://en.bluevistaprod.com/nos-realisations/mase-rhone-alpes-motion-design/,"mase and motion, latest",0,2,0,17
https://en.bluevistaprod.com/nos-realisations/mase-rhone-alpes-motion-design/,mase rhone alpes,0,2,0,4
https://en.bluevistaprod.com/nos-realisations/opiiec/,vistaprod.com,0,2,0,42
https://en.bluevistaprod.com/nos-realisations/pisten-bully-360-vr-snowcat/,pistin bully,0,2,0,79
https://en.bluevistaprod.com/nos-realisations/tetro-fete-des-lumieres-2021/,tetro lyon,0,2,0,22.5
https://en.bluevistaprod.com/nos-realisations/tetro-fete-des-lumieres-2022/,tetro lyon,0,2,0,30.5
https://en.bluevistaprod.com/nos-realisations/tetro-stalactite-light-show/,vistaprod.com,0,2,0,34
https://en.bluevistaprod.com/nos-realisations/tetro-stalactite-light-show/,vistaprod.net,0,2,0,74
https://en.bluevistaprod.com/nos-realisations/tetro-stalactite-light-show/,クリストファー ファボン,0,2,0,26.5
https://en.bluevistaprod.com/nos-realisations/verizon-connect-video-presentation/,verizon connect offices,0,2,0,85.5
https://en.bluevistaprod.com/our-achievements/,agorythm,0,2,0,35.5
https://en.bluevistaprod.com/our-achievements/,expercité,0,2,0,37
https://en.bluevistaprod.com/our-skills/,bluevista,0,2,0,14.5
https://en.bluevistaprod.com/our-skills/3d-animation/,3d animation video company,0,2,0,4
https://en.bluevistaprod.com/our-skills/3d-animation/,3d product animation agency,0,2,0,95.5
https://en.bluevistaprod.com/our-skills/3d-animation/,vista animations,0,2,0,56.5
https://en.bluevistaprod.com/our-skills/aerial-video-drone/,uav services vista,0,2,0,66
https://en.bluevistaprod.com/our-skills/corporate-video-corporate-film/,corporate filming,0,2,0,90
https://en.bluevistaprod.com/our-skills/corporate-video-corporate-film/,video corporatif,0,2,0,63.5
https://en.bluevistaprod.com/our-skills/live-streaming-webtv/,bluevista tv,0,2,0,20.5
https://en.bluevistaprod.com/our-skills/live-streaming-webtv/,bluvista tv,0,2,0,31.5
https://en.bluevistaprod.com/our-skills/live-streaming-webtv/,web tv broadcast,0,2,0,25.5
https://en.bluevistaprod.com/our-skills/live-streaming-webtv/,web tv on live,0,2,0,18.5
https://en.bluevistaprod.com/our-skills/live-streaming-webtv/,what is web tv,0,2,0,33
https://en.bluevistaprod.com/our-skills/motion-design/,item motion designer,0,2,0,64.5
https://en.bluevistaprod.com/our-skills/motion-design/,motion design agency paris,0,2,0,16
https://en.bluevistaprod.com/our-skills/video-mapping/,animation video mapping,0,2,0,74.5
https://en.bluevistaprod.com/our-skills/video-mapping/,video mapping paris,0,2,0,30
https://en.bluevistaprod.com/the-agency/,luxury video agency geneva,0,2,0,13
https://en.bluevistaprod.com/video-production-in-geneva/,bluevista,0,2,0,6
https://www.bluevistaprod.com/,action prod studio,0,2,0,69.5
https://www.bluevistaprod.com/,agence cideo,0,2,0,7.5
https://www.bluevistaprod.com/,agence creation film,0,2,0,17.5
https://www.bluevistaprod.com/,agence de production vidéo genève,0,2,0,27.5
https://www.bluevistaprod.com/,agence de vidéos paris,0,2,0,49
https://www.bluevistaprod.com/,agence motion design lyon,0,2,0,2
https://www.bluevistaprod.com/,agence multimédia montpellier,0,2,0,97.5
https://www.bluevistaprod.com/,agence prod media,0,2,0,78
https://www.bluevistaprod.com/,agence veo,0,2,0,73
https://www.bluevistaprod.com/,agence video 360,0,2,0,42
https://www.bluevistaprod.com/,agence vidéo animation,0,2,0,75
https://www.bluevistaprod.com/,agence vidéo explicative,0,2,0,17
https://www.bluevistaprod.com/,agence vidéo tech,0,2,0,11
https://www.bluevistaprod.com/,audiovisual production studio,0,2,0,28.5
https://www.bluevistaprod.com/,bailvista,0,2,0,3
https://www.bluevistaprod.com/,bienvista,0,2,0,53
https://www.bluevistaprod.com/,blue video.com,0,2,0,11.5
https://www.bluevistaprod.com/,blue vidéo,0,2,0,24
https://www.bluevistaprod.com/,blue view,0,2,0,84.5
https://www.bluevistaprod.com/,blue vistas,0,2,0,5
https://www.bluevistaprod.com/,bluemediafilesforg,0,2,0,13
https://www.bluevistaprod.com/,bluproduction ( agence de production audiovisuelle ) الدار البيضاء,0,2,0,10.5
https://www.bluevistaprod.com/,bluvista.tv,0,2,0,87.5
https://www.bluevistaprod.com/,brovista,0,2,0,4
https://www.bluevistaprod.com/,captation vidéo suisse,0,2,0,79.5
https://www.bluevistaprod.com/,clara vista,0,2,0,41.5
https://www.bluevistaprod.com/,entreprise jeux vidéo lyon,0,2,0,1.5
https://www.bluevistaprod.com/,film entreprise geneve,0,2,0,51
https://www.bluevistaprod.com/,film publicitaire genève,0,2,0,36
https://www.bluevistaprod.com/,film vista,0,2,0,62
https://www.bluevistaprod.com/,full-service video production,0,2,0,7
https://www.bluevistaprod.com/,groupe primavista,0,2,0,56.5
https://www.bluevistaprod.com/,intervista,0,2,0,55
https://www.bluevistaprod.com/,intervista prod,0,2,0,21.5
https://www.bluevistaprod.com/,lyons blue,0,2,0,60.5
https://www.bluevistaprod.com/,milan video production,0,2,0,56
https://www.bluevistaprod.com/,millevista,0,2,0,30
https://www.bluevistaprod.com/,motion design video lyon,0,2,0,54
https://www.bluevistaprod.com/,production audiovisuelle,0,2,0,2
https://www.bluevistaprod.com/,production audiovisuelle annemasse,0,2,0,31
https://www.bluevistaprod.com/,production cinéma lyon,0,2,0,57.5
https://www.bluevistaprod.com/,production film entreprise,0,2,0,61
https://www.bluevistaprod.com/,production lyon,0,2,0,47.5
https://www.bluevistaprod.com/,production video company,0,2,0,21
https://www.bluevistaprod.com/,production video entreprise,0,2,0,51.5
https://www.bluevistaprod.com/,production video services,0,2,0,64
https://www.bluevistaprod.com/,production vidéo institutionnelle givors,0,2,0,15
https://www.bluevistaprod.com/,prospection sociétés de production vidéo,0,2,0,97.5
https://www.bluevistaprod.com/,réalisation de vidéo en live,0,2,0,99
https://www.bluevistaprod.com/,societe montage video,0,2,0,50
https://www.bluevistaprod.com/,société audiovisuelle genève,0,2,0,25
https://www.bluevistaprod.com/,société de montage audiovisuel,0,2,0,39
https://www.bluevistaprod.com/,société production audiovisuelle genève,0,2,0,9
https://www.bluevistaprod.com/,studio animation 3d lyon,0,2,0,16.5
https://www.bluevistaprod.com/,studio d'animation 3d,0,2,0,1
https://www.bluevistaprod.com/,studio de création vidéo,0,2,0,55.5
https://www.bluevistaprod.com/,studio de production video,0,2,0,82
https://www.bluevistaprod.com/,studio graphisme lyon,0,2,0,2
https://www.bluevistaprod.com/,studio tournage lyon,0,2,0,1
https://www.bluevistaprod.com/,studio tv lyon,0,2,0,59.5
https://www.bluevistaprod.com/,studio video lyon,0,2,0,1
https://www.bluevistaprod.com/,the blue vista photos,0,2,0,1
https://www.bluevistaprod.com/,vista video,0,2,0,21
https://www.bluevistaprod.com/,voir paris etc. en streaming,0,2,0,47.5
https://www.bluevistaprod.com/,website videos production,0,2,0,88.5
https://www.bluevistaprod.com/actualites/,video en 360 vr lyon,0,2,0,95
https://www.bluevistaprod.com/actualites/50ans-de-lpa-une-histoire-lyonnaise/,parc automobile lyon,0,2,0,69
https://www.bluevistaprod.com/actualites/animation-3d-grande-arche-de-la-defense/,la defense 3d,0,2,0,7.5
https://www.bluevistaprod.com/actualites/animation-3d-produit-hitachi-csnet-manager/,animation manager,0,2,0,76.5
https://www.bluevistaprod.com/actualites/animation-3d-produit-hitachi-csnet-manager/,csnet hitachi,0,2,0,20
https://www.bluevistaprod.com/actualites/barpi-prevention-accidents/,barpiu,0,2,0,22.5
https://www.bluevistaprod.com/actualites/barpi-prevention-accidents/,film de sécurité pour prévention des accidents,0,2,0,34.5
https://www.bluevistaprod.com/actualites/bluevista-le-motion-design/,c'est quoi une motion,0,2,0,63
https://www.bluevistaprod.com/actualites/bluevista-le-motion-design/,we are motion,0,2,0,55
https://www.bluevistaprod.com/actualites/bluevista-video-showreel-2020/,bluevista production,0,2,0,4
https://www.bluevistaprod.com/actualites/bluevista-video-showreel-2023/,bluevista lyon,0,2,0,3.5
https://www.bluevistaprod.com/actualites/bluevista-video-showreel-2023/,budvista,0,2,0,1.5
https://www.bluevistaprod.com/actualites/bluevista-video-showreel-2023/,studio fond vert lyon,0,2,0,57
https://www.bluevistaprod.com/actualites/bluevista-video-showreel-2023/,the blue vista photos,0,2,0,6
https://www.bluevistaprod.com/actualites/bluevista-video-showreel-2023/,tubevista,0,2,0,6.5
https://www.bluevistaprod.com/actualites/bluevista-video-showreel-2023/,video vista,0,2,0,37
https://www.bluevistaprod.com/actualites/bluevista-video-showreel-2023/,vistaprod.net,0,2,0,4
https://www.bluevistaprod.com/actualites/category/publicite/,studio fond vert lyon,0,2,0,94
https://www.bluevistaprod.com/actualites/category/video-360-vr/,drone vr 360,0,2,0,70
https://www.bluevistaprod.com/actualites/category/video-360-vr/,films vr 360,0,2,0,82.5
https://www.bluevistaprod.com/actualites/category/video-360-vr/,prod 360,0,2,0,85.5
https://www.bluevistaprod.com/actualites/category/video-360-vr/,video 3d vr,0,2,0,39
https://www.bluevistaprod.com/actualites/category/video-360-vr/,video en vr 360,0,2,0,29.5
https://www.bluevistaprod.com/actualites/category/video-360-vr/,vr 360 videos,0,2,0,6.5
https://www.bluevistaprod.com/actualites/category/video-360-vr/,vr video 360,0,2,0,59.5
https://www.bluevistaprod.com/actualites/decouvrez-notre-nouvelle-bande-demo-3d/,demo 3d,0,2,0,24
https://www.bluevistaprod.com/actualites/getlive-tv-3-0-la-wbe-tv-selon-bluevista/,bluevista tv,0,2,0,19.5
https://www.bluevistaprod.com/actualites/getlive-tv-3-0-la-wbe-tv-selon-bluevista/,getlive.stream,0,2,0,8.5
https://www.bluevistaprod.com/actualites/guitare-en-scene-2023/,ges festival,0,2,0,43.5
https://www.bluevistaprod.com/actualites/guitare-en-scene-2023/,guitare en scene facebook,0,2,0,34.5
https://www.bluevistaprod.com/actualites/guitare-en-scene-2023/,guitares en scene,0,2,0,23
https://www.bluevistaprod.com/actualites/inauguration-intercontinental-lyon-grand-hotel-dieu/,hotel grand hotel dieu lyon,0,2,0,60.5
https://www.bluevistaprod.com/actualites/koesio-carte-de-voeux-2023/,carte 2023,0,2,0,98
https://www.bluevistaprod.com/actualites/koesio-carte-de-voeux-2023/,carte bonne année 2023,0,2,0,94
https://www.bluevistaprod.com/actualites/koesio-carte-de-voeux-2023/,carte de voeux 2023 entreprise,0,2,0,39
https://www.bluevistaprod.com/actualites/koesio-carte-de-voeux-2023/,carte de vœux vidéo,0,2,0,86.5
https://www.bluevistaprod.com/actualites/koesio-carte-de-voeux-2023/,koesio champagne,0,2,0,26
https://www.bluevistaprod.com/actualites/live-video-homeserve-20ans/,"""homeserve"" -site:corporama.com -site:verif.com -site:manageo.fr -site:bilansgratuits.fr -site:societe.com -site:kompass.com -site:lefigaro.fr -site:data.gouv.fr -site:pappers.fr -site:score3.fr -site:rocketlead.fr",0,2,0,31.5
https://www.bluevistaprod.com/actualites/live-video-homeserve-20ans/,homeserve,0,2,0,5.5
https://www.bluevistaprod.com/actualites/mapping-printemps-lyon/,photos de printemps lyon,0,2,0,4
https://www.bluevistaprod.com/actualites/motion-design-3d-et-mapping-a-paris-au-musee-rodin/,agence 3d paris,0,2,0,78.5
https://www.bluevistaprod.com/actualites/motion-design-3d-et-mapping-a-paris-au-musee-rodin/,mapping architectural,0,2,0,83.5
https://www.bluevistaprod.com/actualites/nos-dernieres-interviews/,bluevista production,0,2,0,1
https://www.bluevistaprod.com/actualites/projet-de-realisation-video-360/,drone s1000,0,2,0,31
https://www.bluevistaprod.com/actualites/projet-de-realisation-video-360/,production vidéo 360,0,2,0,12.5
https://www.bluevistaprod.com/actualites/projet-de-realisation-video-360/,video vista,0,2,0,94.5
https://www.bluevistaprod.com/actualites/realisation-immersion-360-degres-dameuse-pisten-bully/,dameuse val thorens,0,2,0,40.5
https://www.bluevistaprod.com/actualites/santos-i-grind/,moulin à café santos,0,2,0,80.5
https://www.bluevistaprod.com/actualites/santos-i-grind/,santos moulin à café,0,2,0,80
https://www.bluevistaprod.com/actualites/show-reel-motion-design/,design reel,0,2,0,27
https://www.bluevistaprod.com/actualites/sport-boules-16eme-trophee-emile-terrier/,sport boule diffusion direct,0,2,0,33.5
https://www.bluevistaprod.com/actualites/sport-boules-16eme-trophee-emile-terrier/,terrier boule,0,2,0,74.5
https://www.bluevistaprod.com/actualites/sport-boules-16eme-trophee-emile-terrier/,trophée boules lyonnaise,0,2,0,48.5
https://www.bluevistaprod.com/actualites/stann/,devis film d'entreprise,0,2,0,64.5
https://www.bluevistaprod.com/actualites/stann/,logiciel stann,0,2,0,8.5
https://www.bluevistaprod.com/actualites/stann/,stann.,0,2,0,5.5
https://www.bluevistaprod.com/actualites/tag/after-movie/,after this movie,0,2,0,81.5
https://www.bluevistaprod.com/actualites/vercors-les-chemins-de-la-liberte/,les chemins de la liberte film,0,2,0,89.5
https://www.bluevistaprod.com/actualites/vercors-les-chemins-de-la-liberte/,les chemins de la liberté film complet,0,2,0,66
https://www.bluevistaprod.com/actualites/video-immersive-360/,360 immersive,0,2,0,11.5
https://www.bluevistaprod.com/actualites/video-immersive-360/,3d immersive video,0,2,0,24
https://www.bluevistaprod.com/actualites/video-immersive-360/,agence vidéo 360,0,2,0,38.5
https://www.bluevistaprod.com/actualites/video-immersive-360/,film 360 vr,0,2,0,10
https://www.bluevistaprod.com/actualites/video-immersive-360/,immersive 360 experience,0,2,0,11.5
https://www.bluevistaprod.com/actualites/video-immersive-360/,immersive videos,0,2,0,6
https://www.bluevistaprod.com/actualites/video-immersive-360/,interactive immersive video,0,2,0,8
https://www.bluevistaprod.com/actualites/video-immersive-360/,video bv,0,2,0,20.5
https://www.bluevistaprod.com/actualites/video-immersive-360/,video in 360,0,2,0,30
https://www.bluevistaprod.com/actualites/video-immersive-360/,video vista,0,2,0,65.5
https://www.bluevistaprod.com/actualites/video-immersive-360/,video360,0,2,0,28.5
https://www.bluevistaprod.com/actualites/video-immersive-360/,visite virtuelle 360 lyon,0,2,0,82.5
https://www.bluevistaprod.com/actualites/video-immersive-360/,vr immersive video,0,2,0,8
https://www.bluevistaprod.com/agence/,agence blue,0,2,0,9
https://www.bluevistaprod.com/agence/,agence communication vidéo genève,0,2,0,21
https://www.bluevistaprod.com/agence/,agence communication vidéo paris,0,2,0,62.5
https://www.bluevistaprod.com/agence/,agence motion design lyon,0,2,0,2
https://www.bluevistaprod.com/agence/,agence pour réalisateurs 3d,0,2,0,67.5
https://www.bluevistaprod.com/agence/,agence production audiovisuelle lyon,0,2,0,1.5
https://www.bluevistaprod.com/agence/,agence vidéo corporate btp lyon,0,2,0,24.5
https://www.bluevistaprod.com/agence/,entreprise graphisme lyon,0,2,0,2
https://www.bluevistaprod.com/agence/,entreprise jeux vidéo lyon,0,2,0,1.5
https://www.bluevistaprod.com/agence/,motion designer lyon,0,2,0,2
https://www.bluevistaprod.com/agence/,photographe paris 12,0,2,0,1
https://www.bluevistaprod.com/agence/,production audiovisuelle,0,2,0,2
https://www.bluevistaprod.com/agence/,production audiovisuelle genève,0,2,0,74.5
https://www.bluevistaprod.com/agence/,société de production lyon,0,2,0,1.5
https://www.bluevistaprod.com/agence/,studio animation lyon,0,2,0,31.5
https://www.bluevistaprod.com/agence/,video agence de communication,0,2,0,48
https://www.bluevistaprod.com/agence/,vidéaste lyon,0,2,0,1.5
https://www.bluevistaprod.com/bluevista-agence-metaverse/,agence 3d paris,0,2,0,77
https://www.bluevistaprod.com/bluevista-agence-metaverse/,agence contenu interactif,0,2,0,93.5
https://www.bluevistaprod.com/bluevista-agence-metaverse/,agence française réalité virtuel,0,2,0,83
https://www.bluevistaprod.com/bluevista-agence-metaverse/,application metaverse,0,2,0,52
https://www.bluevistaprod.com/bluevista-agence-metaverse/,bs production vr,0,2,0,8.5
https://www.bluevistaprod.com/bluevista-agence-metaverse/,metaverse studio,0,2,0,69
https://www.bluevistaprod.com/bluevista-agence-metaverse/,virtual reality agency,0,2,0,83
https://www.bluevistaprod.com/film-corporate-lyon-depuis-2004/,agence vidéo corporative,0,2,0,87.5
https://www.bluevistaprod.com/film-d-entreprise-paris-15-ans-d-experience/,agence de communication paris 15,0,2,0,94
https://www.bluevistaprod.com/film-d-entreprise-paris-15-ans-d-experience/,agence film corporate paris,0,2,0,20.5
https://www.bluevistaprod.com/film-d-entreprise-paris-15-ans-d-experience/,agence video corporate,0,2,0,49
https://www.bluevistaprod.com/film-d-entreprise-paris-15-ans-d-experience/,agence vidéo corporate industrie paris,0,2,0,15.5
https://www.bluevistaprod.com/film-d-entreprise-paris-15-ans-d-experience/,bluevista,0,2,0,1
https://www.bluevistaprod.com/film-d-entreprise-paris-15-ans-d-experience/,création video corporate deauville,0,2,0,77.5
https://www.bluevistaprod.com/film-d-entreprise-paris-15-ans-d-experience/,film corporate entreprise,0,2,0,63
https://www.bluevistaprod.com/film-d-entreprise-paris-15-ans-d-experience/,film entreprises,0,2,0,40
https://www.bluevistaprod.com/film-d-entreprise-paris-15-ans-d-experience/,paris production audiovisuelle film entreprises,0,2,0,81.5
https://www.bluevistaprod.com/film-d-entreprise-paris-15-ans-d-experience/,photographe paris 12,0,2,0,1
https://www.bluevistaprod.com/film-d-entreprise-paris-15-ans-d-experience/,reportage vidéo entreprise 77,0,2,0,71
https://www.bluevistaprod.com/film-d-entreprise-paris-15-ans-d-experience/,studio de tournage ile-de-france,0,2,0,89.5
https://www.bluevistaprod.com/film-d-entreprise-paris-15-ans-d-experience/,tournages corporate,0,2,0,76.5
https://www.bluevistaprod.com/mentions-legales/,blue vista chicago,0,2,0,68.5
https://www.bluevistaprod.com/mentions-legales/,bluvista,0,2,0,68.5
https://www.bluevistaprod.com/nos-competences/aftermovie-captation-evenementielle/,affter movie,0,2,0,11
https://www.bluevistaprod.com/nos-competences/aftermovie-captation-evenementielle/,aftermovie séminaire entreprise,0,2,0,42
https://www.bluevistaprod.com/nos-competences/aftermovie-captation-evenementielle/,captation vidéo contact,0,2,0,197
https://www.bluevistaprod.com/nos-competences/aftermovie-captation-evenementielle/,films événementiels,0,2,0,54
https://www.bluevistaprod.com/nos-competences/aftermovie-captation-evenementielle/,prestataire audiovisuel réalisation clip aftermovie,0,2,0,12
https://www.bluevistaprod.com/nos-competences/aftermovie-captation-evenementielle/,prestataire clip aftermovie,0,2,0,17
https://www.bluevistaprod.com/nos-competences/aftermovie-captation-evenementielle/,video after movie,0,2,0,10.5
https://www.bluevistaprod.com/nos-competences/aftermovie-captation-evenementielle/,vidéo aftermovie événement entreprise,0,2,0,17.5
https://www.bluevistaprod.com/nos-competences/aftermovie-captation-evenementielle/,vidéographie événementielle,0,2,0,54
https://www.bluevistaprod.com/nos-competences/animation-3d/,3d animators,0,2,0,80
https://www.bluevistaprod.com/nos-competences/animation-3d/,3d motion design studio,0,2,0,81
https://www.bluevistaprod.com/nos-competences/animation-3d/,3d+animation+studio,0,2,0,27.5
https://www.bluevistaprod.com/nos-competences/animation-3d/,agence 3d,0,2,0,63.5
https://www.bluevistaprod.com/nos-competences/animation-3d/,anim 3d,0,2,0,78.5
https://www.bluevistaprod.com/nos-competences/animation-3d/,entreprise d'animation 3d,0,2,0,42
https://www.bluevistaprod.com/nos-competences/animation-3d/,films animation 3d,0,2,0,76
https://www.bluevistaprod.com/nos-competences/animation-3d/,production vidéo et 3d,0,2,0,99
https://www.bluevistaprod.com/nos-competences/animation-3d/,studio d'animation 2d 3d,0,2,0,11
https://www.bluevistaprod.com/nos-competences/animation-3d/,studio de motion design,0,2,0,77
https://www.bluevistaprod.com/nos-competences/creation-immersive-realite-virtuelle/,agence video 360,0,2,0,95.5
https://www.bluevistaprod.com/nos-competences/creation-immersive-realite-virtuelle/,creation showroom,0,2,0,87
https://www.bluevistaprod.com/nos-competences/creation-immersive-realite-virtuelle/,création réalité virtuelle,0,2,0,35
https://www.bluevistaprod.com/nos-competences/creation-immersive-realite-virtuelle/,entreprise de réalité virtuelle,0,2,0,102
https://www.bluevistaprod.com/nos-competences/creation-immersive-realite-virtuelle/,entreprise réalité virtuel,0,2,0,69
https://www.bluevistaprod.com/nos-competences/creation-immersive-realite-virtuelle/,prestation vr,0,2,0,34.5
https://www.bluevistaprod.com/nos-competences/creation-immersive-realite-virtuelle/,production video immersive,0,2,0,50.5
https://www.bluevistaprod.com/nos-competences/creation-immersive-realite-virtuelle/,virtuelt showroom,0,2,0,98
https://www.bluevistaprod.com/nos-competences/live-streaming-webtv/,chaine web tv,0,2,0,57
https://www.bluevistaprod.com/nos-competences/live-streaming-webtv/,chaîne web tv,0,2,0,64.5
https://www.bluevistaprod.com/nos-competences/live-streaming-webtv/,diffusion streaming,0,2,0,96.5
https://www.bluevistaprod.com/nos-competences/live-streaming-webtv/,internet web tv,0,2,0,73.5
https://www.bluevistaprod.com/nos-competences/live-streaming-webtv/,live tv diffusion,0,2,0,72
https://www.bluevistaprod.com/nos-competences/live-streaming-webtv/,live web tv streaming,0,2,0,6.5
https://www.bluevistaprod.com/nos-competences/live-streaming-webtv/,nos live streaming,0,2,0,31.5
https://www.bluevistaprod.com/nos-competences/live-streaming-webtv/,plateforme live stream,0,2,0,53
https://www.bluevistaprod.com/nos-competences/live-streaming-webtv/,stream web tv,0,2,0,5
https://www.bluevistaprod.com/nos-competences/live-streaming-webtv/,vista streaming,0,2,0,12
https://www.bluevistaprod.com/nos-competences/live-streaming-webtv/,web tv channel,0,2,0,26
https://www.bluevistaprod.com/nos-competences/live-streaming-webtv/,web+tv,0,2,0,79
https://www.bluevistaprod.com/nos-competences/live-streaming-webtv/,webtv interne,0,2,0,21
https://www.bluevistaprod.com/nos-competences/motion-design/,2d motion designer,0,2,0,69.5
https://www.bluevistaprod.com/nos-competences/motion-design/,agence motion design 77,0,2,0,99
https://www.bluevistaprod.com/nos-competences/motion-design/,agence motion design annecy,0,2,0,83
https://www.bluevistaprod.com/nos-competences/motion-design/,agence motion design low cost,0,2,0,46.5
https://www.bluevistaprod.com/nos-competences/motion-design/,agence motion design pas cher,0,2,0,28
https://www.bluevistaprod.com/nos-competences/motion-design/,agence motion design saint-étienne,0,2,0,87.5
https://www.bluevistaprod.com/nos-competences/motion-design/,agence video d animation,0,2,0,43.5
https://www.bluevistaprod.com/nos-competences/motion-design/,agence video explicative,0,2,0,51
https://www.bluevistaprod.com/nos-competences/motion-design/,agence video motion kif60,0,2,0,8.5
https://www.bluevistaprod.com/nos-competences/motion-design/,animations design,0,2,0,69.5
https://www.bluevistaprod.com/nos-competences/motion-design/,blue vista,0,2,0,20
https://www.bluevistaprod.com/nos-competences/motion-design/,bluevista production,0,2,0,24
https://www.bluevistaprod.com/nos-competences/motion-design/,creation motion design valence,0,2,0,64
https://www.bluevistaprod.com/nos-competences/motion-design/,creation video motion design,0,2,0,60
https://www.bluevistaprod.com/nos-competences/motion-design/,création motion design idf,0,2,0,38
https://www.bluevistaprod.com/nos-competences/motion-design/,exemple motion design,0,2,0,89.5
https://www.bluevistaprod.com/nos-competences/motion-design/,motion and animation,0,2,0,85
https://www.bluevistaprod.com/nos-competences/motion-design/,motion design 2d animation,0,2,0,40
https://www.bluevistaprod.com/nos-competences/motion-design/,motion design sarthe,0,2,0,90
https://www.bluevistaprod.com/nos-competences/motion-design/,motion design suisse,0,2,0,53.5
https://www.bluevistaprod.com/nos-competences/motion-design/,motion design video 2d marrakech,0,2,0,29.5
https://www.bluevistaprod.com/nos-competences/motion-design/,motion designer la réunion,0,2,0,66
https://www.bluevistaprod.com/nos-competences/motion-design/,motion designers lyon,0,2,0,37.5
https://www.bluevistaprod.com/nos-competences/motion-design/,motion graphics 2d,0,2,0,71.5
https://www.bluevistaprod.com/nos-competences/motion-design/,motion graphics studio,0,2,0,73
https://www.bluevistaprod.com/nos-competences/motion-design/,pub motion design,0,2,0,61.5
https://www.bluevistaprod.com/nos-competences/motion-design/,studio motion design lyon,0,2,0,79.5
https://www.bluevistaprod.com/nos-competences/motion-design/,top agence motion design,0,2,0,34.5
https://www.bluevistaprod.com/nos-competences/motion-design/,video motion design exemple,0,2,0,72.5
https://www.bluevistaprod.com/nos-competences/motion-design/,wapiyeah agence motion design,0,2,0,28.5
https://www.bluevistaprod.com/nos-competences/video-aerienne-drone/,drone agence,0,2,0,62
https://www.bluevistaprod.com/nos-competences/video-aerienne-drone/,drone video service,0,2,0,12
https://www.bluevistaprod.com/nos-competences/video-aerienne-drone/,location drone video,0,2,0,65.5
https://www.bluevistaprod.com/nos-competences/video-aerienne-drone/,prestataire drone,0,2,0,68.5
https://www.bluevistaprod.com/nos-competences/video-aerienne-drone/,prestation audiovisuelle par drone,0,2,0,40
https://www.bluevistaprod.com/nos-competences/video-aerienne-drone/,prise de vue aerienne drone,0,2,0,35
https://www.bluevistaprod.com/nos-competences/video-aerienne-drone/,prise de vue aérienne drone,0,2,0,51.5
https://www.bluevistaprod.com/nos-competences/video-aerienne-drone/,prise de vue drone france,0,2,0,101
https://www.bluevistaprod.com/nos-competences/video-aerienne-drone/,prise de vue drone le mans,0,2,0,33.5
https://www.bluevistaprod.com/nos-competences/video-aerienne-drone/,production vidéo drone,0,2,0,30.5
https://www.bluevistaprod.com/nos-competences/video-aerienne-drone/,video aerienne par drone,0,2,0,80.5
https://www.bluevistaprod.com/nos-competences/video-aerienne-drone/,vidéos drone,0,2,0,77
https://www.bluevistaprod.com/nos-competences/video-corporate-film-dentreprise/,agence film institutionnel,0,2,0,42.5
https://www.bluevistaprod.com/nos-competences/video-corporate-film-dentreprise/,agence video 91,0,2,0,47
https://www.bluevistaprod.com/nos-competences/video-corporate-film-dentreprise/,clip d entreprise,0,2,0,31
https://www.bluevistaprod.com/nos-competences/video-corporate-film-dentreprise/,cohérence visuelle vidéo corporate,0,2,0,60
https://www.bluevistaprod.com/nos-competences/video-corporate-film-dentreprise/,corporate audiovisual company,0,2,0,30.5
https://www.bluevistaprod.com/nos-competences/video-corporate-film-dentreprise/,corporate film services,0,2,0,64.5
https://www.bluevistaprod.com/nos-competences/video-corporate-film-dentreprise/,corporate filmmaking,0,2,0,51
https://www.bluevistaprod.com/nos-competences/video-corporate-film-dentreprise/,corporate movie,0,2,0,93
https://www.bluevistaprod.com/nos-competences/video-corporate-film-dentreprise/,corporate video agency,0,2,0,34.5
https://www.bluevistaprod.com/nos-competences/video-corporate-film-dentreprise/,corporate video company,0,2,0,15.5
https://www.bluevistaprod.com/nos-competences/video-corporate-film-dentreprise/,corporate videos,0,2,0,67
https://www.bluevistaprod.com/nos-competences/video-corporate-film-dentreprise/,création vidéo corporate,0,2,0,61.5
https://www.bluevistaprod.com/nos-competences/video-corporate-film-dentreprise/,création vidéo d'entreprise rouen,0,2,0,46.5
https://www.bluevistaprod.com/nos-competences/video-corporate-film-dentreprise/,création vidéo entreprise réunion,0,2,0,50.5
https://www.bluevistaprod.com/nos-competences/video-corporate-film-dentreprise/,devis film entreprise,0,2,0,34
https://www.bluevistaprod.com/nos-competences/video-corporate-film-dentreprise/,entreprise vidéo,0,2,0,89.5
https://www.bluevistaprod.com/nos-competences/video-corporate-film-dentreprise/,film corporate,0,2,0,55
https://www.bluevistaprod.com/nos-competences/video-corporate-film-dentreprise/,films entreprise,0,2,0,79.5
https://www.bluevistaprod.com/nos-competences/video-corporate-film-dentreprise/,production film corporate professionnel,0,2,0,70.5
https://www.bluevistaprod.com/nos-competences/video-corporate-film-dentreprise/,réalisation vidéo genève,0,2,0,18.5
https://www.bluevistaprod.com/nos-competences/video-corporate-film-dentreprise/,videaste entreprise,0,2,0,39.5
https://www.bluevistaprod.com/nos-competences/video-corporate-film-dentreprise/,video entreprises,0,2,0,30.5
https://www.bluevistaprod.com/nos-competences/video-corporate-film-dentreprise/,video pour entreprise,0,2,0,30
https://www.bluevistaprod.com/nos-competences/video-corporate-film-dentreprise/,video+entreprise,0,2,0,76
https://www.bluevistaprod.com/nos-competences/video-corporate-film-dentreprise/,vidéaste corporate bordeaux,0,2,0,41.5
https://www.bluevistaprod.com/nos-competences/video-corporate-film-dentreprise/,vidéo corporate exemple,0,2,0,84.5
https://www.bluevistaprod.com/nos-competences/video-corporate-film-dentreprise/,vidéo corporate finance france,0,2,0,37
https://www.bluevistaprod.com/nos-competences/video-corporate-film-dentreprise/,vidéo corporate transport france,0,2,0,27.5
https://www.bluevistaprod.com/nos-competences/video-corporate-film-dentreprise/,vidéo promotionnelle entreprise,0,2,0,54.5
https://www.bluevistaprod.com/nos-competences/video-mapping/,faire du mapping,0,2,0,93
https://www.bluevistaprod.com/nos-competences/video-mapping/,la mapping,0,2,0,67.5
https://www.bluevistaprod.com/nos-competences/video-mapping/,mapping architecture,0,2,0,21.5
https://www.bluevistaprod.com/nos-competences/video-mapping/,mapping evenementiel,0,2,0,7
https://www.bluevistaprod.com/nos-competences/video-mapping/,mapping vide,0,2,0,5
https://www.bluevistaprod.com/nos-competences/video-mapping/,mapping vidéo définition,0,2,0,30
https://www.bluevistaprod.com/nos-competences/video-mapping/,mapping vidéo et scénographie digitale,0,2,0,50
https://www.bluevistaprod.com/nos-competences/video-mapping/,projection video sur facade,0,2,0,80.5
https://www.bluevistaprod.com/nos-competences/video-mapping/,projection vidéo sur façade,0,2,0,73.5
https://www.bluevistaprod.com/nos-competences/video-mapping/,studio mapping,0,2,0,78
https://www.bluevistaprod.com/nos-competences/video-mapping/,video mapper,0,2,0,19.5
https://www.bluevistaprod.com/nos-competences/video-mapping/,video mapping companies,0,2,0,10.5
https://www.bluevistaprod.com/nos-competences/video-mapping/,video mapping company,0,2,0,11.5
https://www.bluevistaprod.com/nos-competences/video-mapping/,video mapping video,0,2,0,30.5
https://www.bluevistaprod.com/nos-competences/video-mapping/,video-mapping,0,2,0,37
https://www.bluevistaprod.com/nos-competences/video-mapping/,vidéo mapping 3d,0,2,0,47.5
https://www.bluevistaprod.com/nos-realisations/,blue vista capital,0,2,0,41.5
https://www.bluevistaprod.com/nos-realisations/,blue vista capital management,0,2,0,27
https://www.bluevistaprod.com/nos-realisations/,blue vistas,0,2,0,17.5
https://www.bluevistaprod.com/nos-realisations/,cliffvista,0,2,0,10
https://www.bluevistaprod.com/nos-realisations/,the blue vista photos,0,2,0,10
https://www.bluevistaprod.com/nos-realisations/abb-snk-3d-industrie/,abb snk,0,2,0,4.5
https://www.bluevistaprod.com/nos-realisations/abb-snk-3d-marine/,3d marine animation,0,2,0,91.5
https://www.bluevistaprod.com/nos-realisations/amplitude-amplivision/,amplitude,0,2,0,62
https://www.bluevistaprod.com/nos-realisations/amplitude-amplivision/,amplitude entreprise,0,2,0,67
https://www.bluevistaprod.com/nos-realisations/amplitude-voeux-2024/,amplitude lyon,0,2,0,101
https://www.bluevistaprod.com/nos-realisations/arrow-abox-memo/,laboratoire arrow,0,2,0,10.5
https://www.bluevistaprod.com/nos-realisations/assisqual/,blu3 vista,0,2,0,16.5
https://www.bluevistaprod.com/nos-realisations/bbgr-360/,video en 360 vr lyon,0,2,0,76
https://www.bluevistaprod.com/nos-realisations/bbgr-360/,www bbgr com,0,2,0,40.5
https://www.bluevistaprod.com/nos-realisations/bbgr-360/,www.bbgr.com,0,2,0,6.5
https://www.bluevistaprod.com/nos-realisations/bluevista-creative-la-pizza/,blu vista,0,2,0,6
https://www.bluevistaprod.com/nos-realisations/bluevista-creative-la-pizza/,pizza creative,0,2,0,10.5
https://www.bluevistaprod.com/nos-realisations/bluevista-creative-la-pizza/,the blue vista photos,0,2,0,9
https://www.bluevistaprod.com/nos-realisations/bluevista-creative-la-pizza/,vidéaste pour pme genève,0,2,0,1
https://www.bluevistaprod.com/nos-realisations/bluevista-creative-un-monde-virtuel-1-la-moto/,bluevista production,0,2,0,6.5
https://www.bluevistaprod.com/nos-realisations/bluevista-creative-une-vraie-equipe-1-la-flexibilite/,bluevista,0,2,0,1
https://www.bluevistaprod.com/nos-realisations/bluevista-creative-une-vraie-equipe-1-la-flexibilite/,bluvista.de,0,2,0,6.5
https://www.bluevistaprod.com/nos-realisations/bluevista-creative-unicorn-team/,blue unicorn,0,2,0,47.5
https://www.bluevistaprod.com/nos-realisations/bluevista-creative-unicorn-team/,budvista,0,2,0,4
https://www.bluevistaprod.com/nos-realisations/bluevista-creative-unicorn-team/,team licorne,0,2,0,74
https://www.bluevistaprod.com/nos-realisations/bluevista-showreel-2025/,showreel,0,2,0,12
https://www.bluevistaprod.com/nos-realisations/cera-agence-innovation/,cera caisse epargne,0,2,0,69.5
https://www.bluevistaprod.com/nos-realisations/clasquin-convention-2024/,vidéo fooh,0,2,0,87
https://www.bluevistaprod.com/nos-realisations/dromis-equans-ineo/,ineo logo,0,2,0,26
https://www.bluevistaprod.com/nos-realisations/dromis-equans-ineo/,ineo reseau,0,2,0,5
https://www.bluevistaprod.com/nos-realisations/dromis-equans-ineo/,logo ineo,0,2,0,1
https://www.bluevistaprod.com/nos-realisations/e-xpert-solutions-at-defense/,e-xpert solutions,0,2,0,84
https://www.bluevistaprod.com/nos-realisations/e-xpert-solutions-devsecops/,e-xpert,0,2,0,30
https://www.bluevistaprod.com/nos-realisations/e-xpert-solutions-ecd/,blue xpert,0,2,0,61.5
https://www.bluevistaprod.com/nos-realisations/eiffage-energie-expercite/,effitec,0,2,0,45.5
https://www.bluevistaprod.com/nos-realisations/eiffage-energie-expercite/,eiffages energies,0,2,0,77.5
https://www.bluevistaprod.com/nos-realisations/engie-home-services-video-thermostat-migo/,@migo,0,2,0,5
https://www.bluevistaprod.com/nos-realisations/engie-home-services-video-thermostat-migo/,a migo,0,2,0,28
https://www.bluevistaprod.com/nos-realisations/engie-home-services-video-thermostat-migo/,application migo,0,2,0,15.5
https://www.bluevistaprod.com/nos-realisations/engie-home-services-video-thermostat-migo/,engie home services,0,2,0,73
https://www.bluevistaprod.com/nos-realisations/engie-home-services-video-thermostat-migo/,engie thermostat gratuit,0,2,0,30.5
https://www.bluevistaprod.com/nos-realisations/engie-home-services-video-thermostat-migo/,migo connect,0,2,0,14.5
https://www.bluevistaprod.com/nos-realisations/engie-home-services-video-thermostat-migo/,migo smart,0,2,0,1
https://www.bluevistaprod.com/nos-realisations/engie-home-services-video-thermostat-migo/,saunier duval migo thermostat,0,2,0,10
https://www.bluevistaprod.com/nos-realisations/engie-home-services-video-thermostat-migo/,service illigo engie,0,2,0,27.5
https://www.bluevistaprod.com/nos-realisations/engie-home-services-video-thermostat-migo/,thermostat connecté saunier duval,0,2,0,4.5
https://www.bluevistaprod.com/nos-realisations/engie-home-services-video-thermostat-migo/,thermostat saunier duval,0,2,0,8.5
https://www.bluevistaprod.com/nos-realisations/film-corporate-gf-core/,gfcore,0,2,0,7
https://www.bluevistaprod.com/nos-realisations/hitachi-cs-net/,cs.net,0,2,0,10
https://www.bluevistaprod.com/nos-realisations/hitachi-cs-net/,hitachi animation,0,2,0,6
https://www.bluevistaprod.com/nos-realisations/hitachi-cs-net/,hitachi film,0,2,0,18.5
https://www.bluevistaprod.com/nos-realisations/hitachi-cs-net/,vistaprod.net,0,2,0,12
https://www.bluevistaprod.com/nos-realisations/hitachi-hikumo/,blu3 vista,0,2,0,11
https://www.bluevistaprod.com/nos-realisations/hitachi-hikumo/,hi-kumo,0,2,0,26
https://www.bluevistaprod.com/nos-realisations/hitachi-triple-c/,hitachiclimat,0,2,0,14.5
https://www.bluevistaprod.com/nos-realisations/hitachi-yutaki/,hitachi lyon,0,2,0,50
https://www.bluevistaprod.com/nos-realisations/icsi-briefing-debriefing-minute-darret-2/,briefing e debriefing,0,2,0,74
https://www.bluevistaprod.com/nos-realisations/icsi-briefing-debriefing-minute-darret-2/,debriefing and briefing,0,2,0,74.5
https://www.bluevistaprod.com/nos-realisations/icsi-briefing-debriefing-minute-darret-2/,debriefing et briefing,0,2,0,61
https://www.bluevistaprod.com/nos-realisations/icsi-briefing-debriefing-minute-darret/,briefing debriefing,0,2,0,58.5
https://www.bluevistaprod.com/nos-realisations/icsi-briefing-debriefing-minute-darret/,mathilde dhondt,0,2,0,38
https://www.bluevistaprod.com/nos-realisations/irisolaris-presentation-groupe-2024/,irisolaris,0,2,0,26.5
https://www.bluevistaprod.com/nos-realisations/irisolaris-presentation-groupe-2024/,irisolaris groupe,0,2,0,19
https://www.bluevistaprod.com/nos-realisations/mase-motion-design/,animation mase,0,2,0,75
https://www.bluevistaprod.com/nos-realisations/mlt-superscrew/,superscrew,0,2,0,9.5
https://www.bluevistaprod.com/nos-realisations/presentation-video-cpro-en-1-minute/,c pro groupe,0,2,0,42
https://www.bluevistaprod.com/nos-realisations/presentation-video-cpro-en-1-minute/,c pro informatique,0,2,0,78
https://www.bluevistaprod.com/nos-realisations/printemps-nouvelle-identite/,logo printemps haussmann,0,2,0,84.5
https://www.bluevistaprod.com/nos-realisations/printemps-nouvelle-identite/,marque printemps,0,2,0,42.5
https://www.bluevistaprod.com/nos-realisations/printemps-nouvelle-identite/,printemps haussmann marque,0,2,0,56.5
https://www.bluevistaprod.com/nos-realisations/qwartz/,centre commercial daumesnil,0,2,0,14
https://www.bluevistaprod.com/nos-realisations/qwartz/,centre commercial qwartz magasin,0,2,0,97
https://www.bluevistaprod.com/nos-realisations/qwartz/,centre commercial villeneuve-la-garenne,0,2,0,72
https://www.bluevistaprod.com/nos-realisations/qwartz/,le qwartz paris,0,2,0,55
https://www.bluevistaprod.com/nos-realisations/qwartz/,quartz centre co,0,2,0,54
https://www.bluevistaprod.com/nos-realisations/qwartz/,qwarts,0,2,0,3
https://www.bluevistaprod.com/nos-realisations/qwartz/,qwartz centre commercial,0,2,0,64
https://www.bluevistaprod.com/nos-realisations/qwartz/,qwartz centre commercial paris,0,2,0,54.5
https://www.bluevistaprod.com/nos-realisations/qwartz/,villeneuve centre commercial,0,2,0,96.5
https://www.bluevistaprod.com/nos-realisations/radisson-360-vr/,hotel lyon radisson blu,0,2,0,88.5
https://www.bluevistaprod.com/nos-realisations/radisson-360-vr/,hotel lyon radisson blue,0,2,0,37.5
https://www.bluevistaprod.com/nos-realisations/radisson-360-vr/,hotel radisson part dieu,0,2,0,65.5
https://www.bluevistaprod.com/nos-realisations/radisson-360-vr/,radisson blu lyon,0,2,0,71.5
https://www.bluevistaprod.com/nos-realisations/radisson-360-vr/,radisson blu lyon telephone,0,2,0,89.5
https://www.bluevistaprod.com/nos-realisations/radisson-360-vr/,tour crayon lyon hotel,0,2,0,82
https://www.bluevistaprod.com/nos-realisations/sfs-enveloppe-structure/,sfs genève,0,2,0,20
https://www.bluevistaprod.com/nos-realisations/stann-lapplication-de-gestion-dentreprise/,application sta,0,2,0,10.5
https://www.bluevistaprod.com/nos-realisations/stann-lapplication-de-gestion-dentreprise/,appstain,0,2,0,10.5
https://www.bluevistaprod.com/nos-realisations/stann-lapplication-de-gestion-dentreprise/,retann,0,2,0,18
https://www.bluevistaprod.com/nos-realisations/stann-lapplication-de-gestion-dentreprise/,sdan,0,2,0,31.5
https://www.bluevistaprod.com/nos-realisations/stann-lapplication-de-gestion-dentreprise/,st5an,0,2,0,5.5
https://www.bluevistaprod.com/nos-realisations/stann-lapplication-de-gestion-dentreprise/,sta n,0,2,0,25
https://www.bluevistaprod.com/nos-realisations/stann-lapplication-de-gestion-dentreprise/,staine,0,2,0,51
https://www.bluevistaprod.com/nos-realisations/stann-lapplication-de-gestion-dentreprise/,stan.,0,2,0,17.5
https://www.bluevistaprod.com/nos-realisations/stann-lapplication-de-gestion-dentreprise/,stanen,0,2,0,29.5
https://www.bluevistaprod.com/nos-realisations/stann-lapplication-de-gestion-dentreprise/,stannplan,0,2,0,5.5
https://www.bluevistaprod.com/nos-realisations/stann-lapplication-de-gestion-dentreprise/,stannt,0,2,0,6.5
https://www.bluevistaprod.com/nos-realisations/stann-lapplication-de-gestion-dentreprise/,steann,0,2,0,6.5
https://www.bluevistaprod.com/nos-realisations/stann-lapplication-de-gestion-dentreprise/,stedan,0,2,0,54.5
https://www.bluevistaprod.com/nos-realisations/stann-lapplication-de-gestion-dentreprise/,steman,0,2,0,17
https://www.bluevistaprod.com/nos-realisations/tetro-grand-hotel-dieu/,grand hotel movie,0,2,0,81
https://www.bluevistaprod.com/nos-realisations/tetro-grand-hotel-dieu/,tetro lyon,0,2,0,20.5
https://www.bluevistaprod.com/nos-realisations/thx-medical-dosamat-digital-2-0/,digital 2.0,0,2,0,14
https://www.bluevistaprod.com/nos-realisations/verizon-connect-video-de-presentation/,b2bverizon,0,2,0,18
https://www.bluevistaprod.com/nos-realisations/verizon-connect-video-de-presentation/,connect verizon,0,2,0,3
https://www.bluevistaprod.com/nos-realisations/verizon-connect-video-de-presentation/,varizon,0,2,0,93
https://www.bluevistaprod.com/nos-realisations/verizon-connect-video-de-presentation/,ve ri zon,0,2,0,19.5
https://www.bluevistaprod.com/nos-realisations/verizon-connect-video-de-presentation/,veizon,0,2,0,54
https://www.bluevistaprod.com/nos-realisations/verizon-connect-video-de-presentation/,verezon,0,2,0,9.5
https://www.bluevistaprod.com/nos-realisations/verizon-connect-video-de-presentation/,verizon connect reveal france,0,2,0,47.5
https://www.bluevistaprod.com/nos-realisations/verizon-connect-video-de-presentation/,verizon connect telephone,0,2,0,30
https://www.bluevistaprod.com/nos-realisations/verizon-connect-video-de-presentation/,verizon connnect,0,2,0,5
https://www.bluevistaprod.com/nos-realisations/verizon-connect-video-de-presentation/,verizon film,0,2,0,9.5
https://www.bluevistaprod.com/nos-realisations/verizon-connect-video-de-presentation/,verizon paris,0,2,0,24
https://www.bluevistaprod.com/nos-realisations/verizon-connect-video-de-presentation/,verizon videos,0,2,0,9
https://www.bluevistaprod.com/nos-realisations/verizon-connect-video-de-presentation/,verizon web,0,2,0,36
https://www.bluevistaprod.com/nos-realisations/verizon-connect-video-de-presentation/,vermizon,0,2,0,13
https://www.bluevistaprod.com/realisation-de-film-evenements/,video evenement,0,2,0,13.5
https://www.bluevistaprod.com/realisation-de-film-evenements/,vista evenements,0,2,0,26.5
https://www.bluevistaprod.com/realisation-film-entreprise-lyon/,agence de communication rue victor hugo lyon,0,2,0,93.5
https://www.bluevistaprod.com/realisation-film-entreprise-lyon/,bluvista,0,2,0,78
https://www.bluevistaprod.com/realisation-film-entreprise-lyon/,boite de prod réalisation film corporate,0,2,0,13.5
https://www.bluevistaprod.com/realisation-film-entreprise-lyon/,boite de production lyon,0,2,0,1
https://www.bluevistaprod.com/realisation-film-entreprise-lyon/,film d'animation lyon,0,2,0,94.5
https://www.bluevistaprod.com/realisation-film-entreprise-lyon/,film d'entreprises,0,2,0,64.5
https://www.bluevistaprod.com/realisation-film-entreprise-lyon/,film sur entreprise,0,2,0,68
https://www.bluevistaprod.com/realisation-film-entreprise-lyon/,l'entreprise film,0,2,0,70.5
https://www.bluevistaprod.com/realisation-film-entreprise-lyon/,montage vidéo lyon,0,2,0,78
https://www.bluevistaprod.com/realisation-film-entreprise-lyon/,post-production à lyon,0,2,0,97.5
https://www.bluevistaprod.com/realisation-film-entreprise-lyon/,réalisateur video lyon 7,0,2,0,80
https://www.bluevistaprod.com/realisation-film-entreprise-lyon/,réalisation vidéo d entreprise,0,2,0,43
https://www.bluevistaprod.com/realisation-film-entreprise-lyon/,société de production réalisation de film corporate,0,2,0,30
https://www.bluevistaprod.com/realisation-film-entreprise-lyon/,société réalisation film,0,2,0,66.5
https://www.bluevistaprod.com/realisation-film-entreprise-lyon/,tournages corporate,0,2,0,87
https://www.bluevistaprod.com/realisation-film-entreprise-lyon/,video corporate entreprise haute garonne,0,2,0,84.5
https://www.bluevistaprod.com/realisation-film-entreprise-lyon/,video présentation entreprise lyon,0,2,0,41.5
https://www.bluevistaprod.com/realisation-film-entreprise-lyon/,vidéo publicitaire lyon,0,2,0,35.5
https://www.bluevistaprod.com/realisation-film-evenementiel/,production vidéo événement,0,2,0,89.5
https://www.bluevistaprod.com/realisation-film-industrie/,devis convaincants,0,2,0,94
https://www.bluevistaprod.com/realisation-film-industrie/,filmindustrie,0,2,0,4.5
https://www.bluevistaprod.com/realisation-film-lancement-produit/,agence lancement de produit,0,2,0,91
https://www.bluevistaprod.com/realisation-film-lancement-produit/,bluevista,0,2,0,1
https://www.bluevistaprod.com/realisation-film-lancement-produit/,lancements produits paris,0,2,0,58
https://www.bluevistaprod.com/realisation-film-lancement-produit/,product cinematic,0,2,0,17.5
https://www.bluevistaprod.com/realisation-film-lancement-produit/,product video services,0,2,0,53.5
https://www.bluevistaprod.com/realisation-film-lancement-produit/,vidéographie du produit,0,2,0,30
https://www.bluevistaprod.com/realisation-film-sante/,accroche cameraman milieu vertigineux,0,2,0,94
https://www.bluevistaprod.com/realisation-film-sante/,bluevista lyon,0,2,0,1
https://www.bluevistaprod.com/realisation-film-sante/,vista santé,0,2,0,87
https://www.bluevistaprod.com/realisation-film-territoires/,blue vista,0,2,0,1
https://www.bluevistaprod.com/realisation-video-geneve/,agence de montage video,0,2,0,88.5
https://www.bluevistaprod.com/realisation-video-geneve/,création de vidéos genève,0,2,0,16.5
https://www.bluevistaprod.com/realisation-video-geneve/,société montage vidéo,0,2,0,101
https://www.bluevistaprod.com/studio-animation-3d-lyon/,2d 3d animation studio,0,2,0,77
https://www.bluevistaprod.com/studio-animation-3d-lyon/,3d animation company,0,2,0,71.5
https://www.bluevistaprod.com/studio-animation-3d-lyon/,3d studio animation,0,2,0,19
https://www.bluevistaprod.com/studio-animation-3d-lyon/,agence motion design villeurbanne,0,2,0,55
https://www.bluevistaprod.com/studio-animation-3d-lyon/,animation studios near me,0,2,0,7
https://www.bluevistaprod.com/studio-animation-3d-lyon/,cinéma d animation 3d,0,2,0,82.5
https://www.bluevistaprod.com/studio-animation-3d-lyon/,film 3d promotion immobilière lyon,0,2,0,18.5
https://www.bluevistaprod.com/studio-animation-3d-lyon/,film animation studios,0,2,0,68
https://www.bluevistaprod.com/studio-animation-3d-lyon/,hocus pocus lyon,0,2,0,67
https://www.bluevistaprod.com/studio-animation-3d-lyon/,studio dessins animés,0,2,0,96.5
https://www.bluevistaprod.com/studio-animation-3d-lyon/,studio jeu video lyon,0,2,0,96
https://www.bluevistaprod.com/studio-animation-3d-paris/,3d animation production,0,2,0,92
https://www.bluevistaprod.com/studio-animation-3d-paris/,3d machine animation agency,0,2,0,65.5
https://www.bluevistaprod.com/studio-animation-3d-paris/,3d product animation agency,0,2,0,85.5
https://www.bluevistaprod.com/studio-animation-3d-paris/,3d studios,0,2,0,28.5
https://www.bluevistaprod.com/studio-animation-3d-paris/,3d video production,0,2,0,94
https://www.bluevistaprod.com/studio-animation-3d-paris/,anime studio 3d,0,2,0,46.5
https://www.bluevistaprod.com/studio-animation-3d-paris/,blue vista game,0,2,0,5.5
https://www.bluevistaprod.com/studio-animation-3d-paris/,fost studio paris,0,2,0,50
https://www.bluevistaprod.com/studio-animation-3d-paris/,paris animation studio,0,2,0,42.5
https://www.bluevistaprod.com/studio-animation-3d-paris/,production 3d,0,2,0,74
https://www.bluevistaprod.com/studio-animation-3d-paris/,societe animation,0,2,0,81.5
https://www.bluevistaprod.com/studio-animation-3d-paris/,studio animation 2d france,0,2,0,66.5
https://www.bluevistaprod.com/studio-animation-3d-paris/,studio animation france,0,2,0,84.5
https://www.bluevistaprod.com/studio-animation-3d-paris/,studio d'animation en france,0,2,0,91
https://www.bluevistaprod.com/studio-animation-3d-paris/,studio de dessin,0,2,0,94.5
https://www.bluevistaprod.com/studio-animation-3d-paris/,studio de visualisation 3d haut de gamme,0,2,0,57.5
https://www.bluevistaprod.com/studio-animation-3d-paris/,studio infographie 3d,0,2,0,46.5
https://www.bluevistaprod.com/studio-animation-3d-paris/,studios d'animation,0,2,0,60.5
https://www.bluevistaprod.com/video-promotionnelle/,agence film promotionnel,0,2,0,17
https://www.bluevistaprod.com/video-promotionnelle/,agence vidéo genève,0,2,0,96.5
https://www.bluevistaprod.com/video-promotionnelle/,bluvista,0,2,0,76.5
https://www.bluevistaprod.com/video-promotionnelle/,boite de prod réalisation de film promotionnel,0,2,0,18
https://www.bluevistaprod.com/video-promotionnelle/,boite de prod réalisation film promotionnel,0,2,0,8
https://www.bluevistaprod.com/video-promotionnelle/,captation vidéo geneve,0,2,0,46.5
https://www.bluevistaprod.com/video-promotionnelle/,promotionels,0,2,0,65
https://www.bluevistaprod.com/video-promotionnelle/,videofilms,0,2,0,17.5
https://www.bluevistaprod.com/video-publicitaire/,agence animation video,0,2,0,10
https://www.bluevistaprod.com/video-publicitaire/,agence creation vidéo,0,2,0,58
https://www.bluevistaprod.com/video-publicitaire/,agence création de video,0,2,0,31.5
https://www.bluevistaprod.com/video-publicitaire/,agence de contenu vidéo,0,2,0,19
https://www.bluevistaprod.com/video-publicitaire/,agence de creation de vidéo promotionnelle animée,0,2,0,1.5
https://www.bluevistaprod.com/video-publicitaire/,agence de video creative,0,2,0,86.5
https://www.bluevistaprod.com/video-publicitaire/,agence de vidéo,0,2,0,11
https://www.bluevistaprod.com/video-publicitaire/,agence film promotionnel,0,2,0,28
https://www.bluevistaprod.com/video-publicitaire/,agence réalisation film promotionnel,0,2,0,13.5
https://www.bluevistaprod.com/video-publicitaire/,agence video 91,0,2,0,46
https://www.bluevistaprod.com/video-publicitaire/,agence video b2b,0,2,0,10
https://www.bluevistaprod.com/video-publicitaire/,agence video entreprise lyon,0,2,0,43
https://www.bluevistaprod.com/video-publicitaire/,agence video france,0,2,0,15
https://www.bluevistaprod.com/video-publicitaire/,agence vidéo captation clermont-ferrand,0,2,0,13
https://www.bluevistaprod.com/video-publicitaire/,agence vidéo institutionnelle,0,2,0,33.5
https://www.bluevistaprod.com/video-publicitaire/,agence vidéo lyon,0,2,0,12
https://www.bluevistaprod.com/video-publicitaire/,agence vidéo santé,0,2,0,22
https://www.bluevistaprod.com/video-publicitaire/,boite de prod lyon,0,2,0,2
https://www.bluevistaprod.com/video-publicitaire/,captation vidéo geneve,0,2,0,91.5
https://www.bluevistaprod.com/video-publicitaire/,création vidéo promotionnelle,0,2,0,55
https://www.bluevistaprod.com/video-publicitaire/,devis film publicitaire,0,2,0,33.5
https://www.bluevistaprod.com/video-publicitaire/,montage vidéo lyon,0,2,0,52.5
https://www.bluevistaprod.com/video-publicitaire/,production film promotionnel,0,2,0,70
https://www.bluevistaprod.com/video-publicitaire/,production spot publicitaire,0,2,0,26.5
https://www.bluevistaprod.com/video-publicitaire/,production video lyon,0,2,0,30
https://www.bluevistaprod.com/video-publicitaire/,promotional video production,0,2,0,70.5
https://www.bluevistaprod.com/video-publicitaire/,publicité vidéo toulouse,0,2,0,21
https://www.bluevistaprod.com/video-publicitaire/,réalisation vidéo strasbourg,0,2,0,13.5
https://www.bluevistaprod.com/video-publicitaire/,société de production vidéo,0,2,0,50
https://www.bluevistaprod.com/video-publicitaire/,société vidéo,0,2,0,21.5
https://www.bluevistaprod.com/video-publicitaire/,tournage spot publicitaire,0,2,0,20
https://www.bluevistaprod.com/video-publicitaire/,video entreprise paris,0,2,0,9.5
https://www.bluevistaprod.com/video-publicitaire/,video marketing bureau,0,2,0,59.5
https://www.bluevistaprod.com/video-publicitaire/,videopromotion,0,2,0,28
https://www.bluevistaprod.com/video-publicitaire/,vidéo agency,0,2,0,73
https://www.bluevistaprod.com/video-publicitaire/,vidéo promotionnelle entrepriseagence de pub en ligne,0,2,0,6
http://www.bluevistaprod.com/,ablue movie,0,1,0,12
http://www.bluevistaprod.com/,agence blue,0,1,0,13
http://www.bluevistaprod.com/,agence de cinema,0,1,0,3
http://www.bluevistaprod.com/,agence de montage vidéo,0,1,0,5
http://www.bluevistaprod.com/,agence de video,0,1,0,22
http://www.bluevistaprod.com/,agence location lieux de tournage,0,1,0,14
http://www.bluevistaprod.com/,agence multimédia lyon,0,1,0,13
http://www.bluevistaprod.com/,agence production,0,1,0,6
http://www.bluevistaprod.com/,agence production audiovisuelle,0,1,0,13
http://www.bluevistaprod.com/,agence production video,0,1,0,3
http://www.bluevistaprod.com/,agence vidéo 3d,0,1,0,9
http://www.bluevistaprod.com/,agences de production audiovisuelle,0,1,0,1
http://www.bluevistaprod.com/,animation 2d 3d,0,1,0,4
http://www.bluevistaprod.com/,astavista vr,0,1,0,5
http://www.bluevistaprod.com/,audio-visuel,0,1,0,1
http://www.bluevistaprod.com/,audiovisuel et multimédia,0,1,0,13
http://www.bluevistaprod.com/,autovisuel,0,1,0,9
http://www.bluevistaprod.com/,bertrand bluet,0,1,0,13
http://www.bluevistaprod.com/,bli,0,1,0,3
http://www.bluevistaprod.com/,blue animation studio,0,1,0,13
http://www.bluevistaprod.com/,blue cinema,0,1,0,7
http://www.bluevistaprod.com/,blue mont,0,1,0,12
http://www.bluevistaprod.com/,blue movie production,0,1,0,9
http://www.bluevistaprod.com/,bluebird film,0,1,0,13
http://www.bluevistaprod.com/,bluevista dive,0,1,0,12
http://www.bluevistaprod.com/,bluvista store,0,1,0,1
http://www.bluevistaprod.com/,boite de production audiovisuelle paris,0,1,0,2
http://www.bluevistaprod.com/,boite de production documentaire lyon,0,1,0,4
http://www.bluevistaprod.com/,boite de production film,0,1,0,3
http://www.bluevistaprod.com/,boite de production video,0,1,0,1
http://www.bluevistaprod.com/,buevista,0,1,0,2
http://www.bluevistaprod.com/,cindy levy production,0,1,0,13
http://www.bluevistaprod.com/,cine champagne,0,1,0,11
http://www.bluevistaprod.com/,conception de vidéos sur mesure givors,0,1,0,6
http://www.bluevistaprod.com/,conception de vidéos sur mesure oullins-pierre-bénite,0,1,0,31
http://www.bluevistaprod.com/,entreprise d'audiovisuel,0,1,0,5
http://www.bluevistaprod.com/,entreprise de cinema,0,1,0,2
http://www.bluevistaprod.com/,entreprise de montage vidéo pour particulier,0,1,0,5
http://www.bluevistaprod.com/,entreprise montage video lyon,0,1,0,3
http://www.bluevistaprod.com/,entreprise montage vidéo,0,1,0,111
http://www.bluevistaprod.com/,entreprise production audiovisuelle lyon,0,1,0,3
http://www.bluevistaprod.com/,entreprise video,0,1,0,1
http://www.bluevistaprod.com/,film d'animation lyon,0,1,0,41
http://www.bluevistaprod.com/,film d'entreprise lyon,0,1,0,4
http://www.bluevistaprod.com/,film vista,0,1,0,12
http://www.bluevistaprod.com/,icu,0,1,0,5
http://www.bluevistaprod.com/,integration audiovisuelle,0,1,0,8
http://www.bluevistaprod.com/,la prod,0,1,0,13
http://www.bluevistaprod.com/,lavista prod,0,1,0,7
http://www.bluevistaprod.com/,location audiovisuel,0,1,0,2
http://www.bluevistaprod.com/,location audiovisuel lyon,0,1,0,41
http://www.bluevistaprod.com/,lyon vista,0,1,0,9
http://www.bluevistaprod.com/,media blue,0,1,0,11
http://www.bluevistaprod.com/,montage video entreprise,0,1,0,10
http://www.bluevistaprod.com/,montage video lyon,0,1,0,31
http://www.bluevistaprod.com/,montage vidéo entreprise,0,1,0,1
http://www.bluevistaprod.com/,montage vidéo lyon,0,1,0,4
http://www.bluevistaprod.com/,motion designer lyon,0,1,0,2
http://www.bluevistaprod.com/,nubevista,0,1,0,5
http://www.bluevistaprod.com/,nuits bleues production,0,1,0,2
http://www.bluevistaprod.com/,plateau tv à lyon,0,1,0,16
http://www.bluevistaprod.com/,prestataire vidéo,0,1,0,5
http://www.bluevistaprod.com/,prestation audiovisuelle,0,1,0,1
http://www.bluevistaprod.com/,producteur d'effet speciaux,0,1,0,10
http://www.bluevistaprod.com/,producteur effet spéciaux,0,1,0,4
http://www.bluevistaprod.com/,producteur video,0,1,0,4
http://www.bluevistaprod.com/,production,0,1,0,6
http://www.bluevistaprod.com/,productions,0,1,0,3
http://www.bluevistaprod.com/,r-diffusion.org,0,1,0,1
http://www.bluevistaprod.com/,realisation video,0,1,0,1
http://www.bluevistaprod.com/,robluv robluv,0,1,0,9
http://www.bluevistaprod.com/,réalisateur lyon,0,1,0,31
http://www.bluevistaprod.com/,réalisation vidéo lyon,0,1,0,11
http://www.bluevistaprod.com/,societe audiovisuel,0,1,0,21
http://www.bluevistaprod.com/,societe de production de film,0,1,0,5
http://www.bluevistaprod.com/,societe de publicite audiovisuelle,0,1,0,13
http://www.bluevistaprod.com/,societe production,0,1,0,7
http://www.bluevistaprod.com/,société audiovisuelle,0,1,0,1
http://www.bluevistaprod.com/,société de production cinéma,0,1,0,10
http://www.bluevistaprod.com/,société de production documentaire,0,1,0,31
http://www.bluevistaprod.com/,société de production film,0,1,0,1
http://www.bluevistaprod.com/,société de production vidéo,0,1,0,1
http://www.bluevistaprod.com/,société montage vidéo,0,1,0,14
http://www.bluevistaprod.com/,studio 3d lyon,0,1,0,2
http://www.bluevistaprod.com/,t'as vu production,0,1,0,12
http://www.bluevistaprod.com/,the blue vista,0,1,0,1
http://www.bluevistaprod.com/,udvista,0,1,0,1
http://www.bluevistaprod.com/,videaste entreprise,0,1,0,1
http://www.bluevistaprod.com/,video agence de communication,0,1,0,12
http://www.bluevistaprod.com/,video c,0,1,0,12
http://www.bluevistaprod.com/,video service,0,1,0,13
http://www.bluevistaprod.com/,vidéo anniversaire entreprise,0,1,0,11
http://www.bluevistaprod.com/,vista agence,0,1,0,18
http://www.bluevistaprod.com/,vista vision films,0,1,0,6
http://www.bluevistaprod.com/,vistafilm,0,1,0,1
http://www.bluevistaprod.com/,vistavision,0,1,0,8
http://www.bluevistaprod.com/,vistavision the brutalist,0,1,0,10
https://en.bluevistaprod.com/,bloviste,0,1,0,1
https://en.bluevistaprod.com/,blu3 vista,0,1,0,4
https://en.bluevistaprod.com/,blue net vista inc,0,1,0,24
https://en.bluevistaprod.com/,blue vista game,0,1,0,8
https://en.bluevistaprod.com/,blue vista official website,0,1,0,1
https://en.bluevistaprod.com/,bluebush productions,0,1,0,99
https://en.bluevistaprod.com/,bluefield production house,0,1,0,48
https://en.bluevistaprod.com/,bluevis,0,1,0,23
https://en.bluevistaprod.com/,bluevitta,0,1,0,11
https://en.bluevistaprod.com/,bluvista girl,0,1,0,24
https://en.bluevistaprod.com/,corporate video lyon,0,1,0,80
https://en.bluevistaprod.com/,production vidéo paris,0,1,0,82
https://en.bluevistaprod.com/,studio animation suisse,0,1,0,3
https://en.bluevistaprod.com/,tube vista,0,1,0,37
https://en.bluevistaprod.com/,video agency paris,0,1,0,5
https://en.bluevistaprod.com/,video companies orlando,0,1,0,20
https://en.bluevistaprod.com/,video vista,0,1,0,4
https://en.bluevistaprod.com/,virtual services,0,1,0,2
https://en.bluevistaprod.com/,vista blue photos,0,1,0,5
https://en.bluevistaprod.com/,www.bluvista.tv,0,1,0,11
https://en.bluevistaprod.com/3d-animation-studio-in-lyon/,3d animation studios in switzerland,0,1,0,51
https://en.bluevistaprod.com/3d-animation-studio-in-lyon/,3d lyon,0,1,0,59
https://en.bluevistaprod.com/3d-animation-studio-in-lyon/,animation studios in switzerland,0,1,0,98
https://en.bluevistaprod.com/3d-animation-studio-in-lyon/,animations lyon,0,1,0,11
https://en.bluevistaprod.com/3d-animation-studio-in-lyon/,film 3d lyon,0,1,0,4
https://en.bluevistaprod.com/3d-animation-studio-in-lyon/,studio animation lyon,0,1,0,10
https://en.bluevistaprod.com/3d-animation-studio-in-paris/,3d animasjon studio,0,1,0,80
https://en.bluevistaprod.com/3d-animation-studio-in-paris/,3d animation agency,0,1,0,7
https://en.bluevistaprod.com/3d-animation-studio-in-paris/,3d animation studios,0,1,0,64
https://en.bluevistaprod.com/3d-animation-studio-in-paris/,3d machine animation agency,0,1,0,17
https://en.bluevistaprod.com/3d-animation-studio-in-paris/,animation 3d lyon,0,1,0,82
https://en.bluevistaprod.com/3d-animation-studio-in-paris/,animation paris,0,1,0,69
https://en.bluevistaprod.com/3d-animation-studio-in-paris/,animation studio lyon,0,1,0,187
https://en.bluevistaprod.com/3d-animation-studio-in-paris/,paris animation,0,1,0,96
https://en.bluevistaprod.com/3d-animation-studio-in-paris/,stage animation 3d paris,0,1,0,4
https://en.bluevistaprod.com/3d-animation-studio-in-paris/,studio d'animation lyon,0,1,0,56
https://en.bluevistaprod.com/actualites/360-degree-immersion-realization-pisten-bully-snow-groomer/,pisten heads,0,1,0,47
https://en.bluevistaprod.com/actualites/360-degree-immersion-realization-pisten-bully-snow-groomer/,vistaprod.com,0,1,0,50
https://en.bluevistaprod.com/actualites/360-immersive-video/,fibois 01,0,1,0,58
https://en.bluevistaprod.com/actualites/360-immersive-video/,fibois 38,0,1,0,58
https://en.bluevistaprod.com/actualites/360-immersive-video/,immersive 3d video,0,1,0,76
https://en.bluevistaprod.com/actualites/360-immersive-video/,yves rocher 75012,0,1,0,15
https://en.bluevistaprod.com/actualites/360-video-production-project/,dji 360 video,0,1,0,73
https://en.bluevistaprod.com/actualites/3d-motion-design-and-mapping-in-paris-at-the-rodin-museum/,projection mapping paris,0,1,0,58
https://en.bluevistaprod.com/actualites/3d-motion-design-and-mapping-in-paris-at-the-rodin-museum/,vistaprod.com,0,1,0,90
https://en.bluevistaprod.com/actualites/50-years-of-lpa-a-lyonnaise-story/,50 lpa,0,1,0,9
https://en.bluevistaprod.com/actualites/50-years-of-lpa-a-lyonnaise-story/,lpa 50,0,1,0,66
https://en.bluevistaprod.com/actualites/50-years-of-lpa-a-lyonnaise-story/,lyon lpa,0,1,0,9
https://en.bluevistaprod.com/actualites/bluevista-creative-video-a-real-team-3-productivity/,realteam3,0,1,0,17
https://en.bluevistaprod.com/actualites/bluevista-creative-video-a-virtual-world-1-motorcycles/,vistaprod.com,0,1,0,44
https://en.bluevistaprod.com/actualites/category/corporate-en/,homeserve lyon,0,1,0,48
https://en.bluevistaprod.com/actualites/clip-corporate-bos-equipement/,bos equipement paris,0,1,0,34
https://en.bluevistaprod.com/actualites/clip-corporate-bos-equipement/,vistaprod.com,0,1,0,64
https://en.bluevistaprod.com/actualites/getlive-tv-3-0-wbe-tv-according-to-bluevista/,bluevista.tv,0,1,0,38
https://en.bluevistaprod.com/actualites/getlive-tv-3-0-wbe-tv-according-to-bluevista/,getlive,0,1,0,3
https://en.bluevistaprod.com/actualites/getlive-tv-3-0-wbe-tv-according-to-bluevista/,getlovi,0,1,0,8
https://en.bluevistaprod.com/actualites/getlive-tv-3-0-wbe-tv-according-to-bluevista/,vistaprod.net,0,1,0,20
https://en.bluevistaprod.com/actualites/gf-machining-solutions-virtual-showroom/,showroom gf,0,1,0,5
https://en.bluevistaprod.com/actualites/inauguration-intercontinental-lyon-grand-hotel-dieu/,architecte hotel dieu lyon,0,1,0,102
https://en.bluevistaprod.com/actualites/inauguration-intercontinental-lyon-grand-hotel-dieu/,dome hotel dieu lyon,0,1,0,69
https://en.bluevistaprod.com/actualites/inauguration-intercontinental-lyon-grand-hotel-dieu/,lyon grand hotel dieu,0,1,0,34
https://en.bluevistaprod.com/actualites/inauguration-intercontinental-lyon-grand-hotel-dieu/,tetro lyon,0,1,0,9
https://en.bluevistaprod.com/actualites/koesio-greeting-card-2023/,koesio france,0,1,0,45
https://en.bluevistaprod.com/actualites/koesio-greeting-card-2023/,koesio linkedin,0,1,0,42
https://en.bluevistaprod.com/actualites/live-video-homeserve-20ans/,homeserve chat,0,1,0,32
https://en.bluevistaprod.com/actualites/live-video-homeserve-20ans/,homeserve france,0,1,0,40
https://en.bluevistaprod.com/actualites/new-hardware-motion-control-kessler/,kessler crane second shooter,0,1,0,43
https://en.bluevistaprod.com/actualites/peninsula-pink-october/,camille de foresta,0,1,0,48
https://en.bluevistaprod.com/actualites/peninsula-pink-october/,faustine bollaert facebook,0,1,0,72
https://en.bluevistaprod.com/actualites/sport-boules-16th-emile-terrier-trophy/,sport boules tv,0,1,0,56
https://en.bluevistaprod.com/actualites/studio-shooting-santos-film/,studio vidéo lyon,0,1,0,52
https://en.bluevistaprod.com/actualites/the-bluevista-metaverse-the-blueverse/,blu3 vista game,0,1,0,5
https://en.bluevistaprod.com/actualites/the-bluevista-metaverse-the-blueverse/,blue vista official website,0,1,0,6
https://en.bluevistaprod.com/actualites/the-bluevista-metaverse-the-blueverse/,blueverse,0,1,0,10
https://en.bluevistaprod.com/actualites/video-mapping-lyon-intercontinental-grand-hotel-dieu/,mapping lyon,0,1,0,101
https://en.bluevistaprod.com/advertising-video/,bluevista,0,1,0,22
https://en.bluevistaprod.com/advertising-video/,bluevista production,0,1,0,1
https://en.bluevistaprod.com/advertising-video/,bos équipement,0,1,0,60
https://en.bluevistaprod.com/contact-quotation/,bluvista,0,1,0,78
https://en.bluevistaprod.com/corporate-film-in-lyon/,corporate film geneva,0,1,0,68
https://en.bluevistaprod.com/corporate-film-in-lyon/,corporate film production switzerland,0,1,0,78
https://en.bluevistaprod.com/corporate-film-in-lyon/,tetro lyon,0,1,0,24
https://en.bluevistaprod.com/corporate-film-paris-15-years-of-experience/,agence film corporate,0,1,0,80
https://en.bluevistaprod.com/film-production-product-launch/,product launch video,0,1,0,7
https://en.bluevistaprod.com/film-production-territories/,film territories,0,1,0,92
https://en.bluevistaprod.com/geneva-event-video-production/,corporate video geneva,0,1,0,41
https://en.bluevistaprod.com/geneva-event-video-production/,corporate videographer geneva,0,1,0,20
https://en.bluevistaprod.com/geneva-event-video-production/,live event video production company in lake geneva,0,1,0,25
https://en.bluevistaprod.com/metaverse/,agence 3d lyon,0,1,0,72
https://en.bluevistaprod.com/metaverse/,agence de communication 3d,0,1,0,73
https://en.bluevistaprod.com/metaverse/,aventurier féminin,0,1,0,26
https://en.bluevistaprod.com/metaverse/,bluevista,0,1,0,5
https://en.bluevistaprod.com/news/,blueverse for manufacturing,0,1,0,94
https://en.bluevistaprod.com/news/,bluevista,0,1,0,9
https://en.bluevistaprod.com/news/,bos équipement,0,1,0,72
https://en.bluevistaprod.com/news/,homeserve lyon,0,1,0,70
https://en.bluevistaprod.com/news/,vistaprod.com,0,1,0,19
https://en.bluevistaprod.com/nos-realisations/abb-snk-3d-solar/,8 rue abb,0,1,0,10
https://en.bluevistaprod.com/nos-realisations/abb-snk-3d-solar/,abb solaire,0,1,0,3
https://en.bluevistaprod.com/nos-realisations/arrow-abox-memo/,abox agency,0,1,0,35
https://en.bluevistaprod.com/nos-realisations/arrow-abox-memo/,vistaprod.com,0,1,0,85
https://en.bluevistaprod.com/nos-realisations/bbgr-360/,bbgr contact,0,1,0,11
https://en.bluevistaprod.com/nos-realisations/bbgr-360/,bbgr lenses,0,1,0,76
https://en.bluevistaprod.com/nos-realisations/bbgr-360/,bbgr pro,0,1,0,34
https://en.bluevistaprod.com/nos-realisations/bbgr-360/,bbgr provins,0,1,0,19
https://en.bluevistaprod.com/nos-realisations/bbgr-360/,nikon bbgr,0,1,0,10
https://en.bluevistaprod.com/nos-realisations/bbgr-360/,nikon verre optique,0,1,0,9
https://en.bluevistaprod.com/nos-realisations/bbgr-360/,verre bbgr nikon,0,1,0,4
https://en.bluevistaprod.com/nos-realisations/bluevista-creative-a-real-team-1-flexibility/,vistaprod.net,0,1,0,72
https://en.bluevistaprod.com/nos-realisations/bluevista-creative-a-real-team-3-productivity/,bluevista,0,1,0,9
https://en.bluevistaprod.com/nos-realisations/bos/,xvideo bos,0,1,0,14
https://en.bluevistaprod.com/nos-realisations/cpro-film-corpo/,pró-corpo,0,1,0,97
https://en.bluevistaprod.com/nos-realisations/deko-presentation-film/,deko präsentation,0,1,0,3
https://en.bluevistaprod.com/nos-realisations/deko-presentation-film/,louma crane,0,1,0,82
https://en.bluevistaprod.com/nos-realisations/deko-presentation-film/,movie deko,0,1,0,7
https://en.bluevistaprod.com/nos-realisations/dromis-equans-ineo/,equans ineo,0,1,0,25
https://en.bluevistaprod.com/nos-realisations/dromis-equans-ineo/,ineo equans,0,1,0,25
https://en.bluevistaprod.com/nos-realisations/dromis-equans-ineo/,ineo paris,0,1,0,1
https://en.bluevistaprod.com/nos-realisations/dromis-equans-ineo/,inéo equans,0,1,0,40
https://en.bluevistaprod.com/nos-realisations/e-xpert-solutions-zero-trust/,xpert office solutions,0,1,0,86
https://en.bluevistaprod.com/nos-realisations/eiffage-energie-expercite/,eiffage présentation,0,1,0,91
https://en.bluevistaprod.com/nos-realisations/eiffage-energie-expercite/,eiffage vie,0,1,0,12
https://en.bluevistaprod.com/nos-realisations/eiffage-energie-expercite/,energir demenagement,0,1,0,43
https://en.bluevistaprod.com/nos-realisations/eiffage-energie-expercite/,vistaprod.com,0,1,0,66
https://en.bluevistaprod.com/nos-realisations/eiffage-energie-expercite/,vistaprod.net,0,1,0,84
https://en.bluevistaprod.com/nos-realisations/elistair-orion/,vistaprod.com,0,1,0,46
https://en.bluevistaprod.com/nos-realisations/engie-home-services-migo-thermostat-video/,engie home services lyon,0,1,0,15
https://en.bluevistaprod.com/nos-realisations/engie-home-services-migo-thermostat-video/,engie thermostat connecté,0,1,0,52
https://en.bluevistaprod.com/nos-realisations/engie-home-services-migo-thermostat-video/,home services engie,0,1,0,90
https://en.bluevistaprod.com/nos-realisations/engie-home-services-migo-thermostat-video/,illigo engie,0,1,0,18
https://en.bluevistaprod.com/nos-realisations/engie-home-services-migo-thermostat-video/,logo engie home services,0,1,0,62
https://en.bluevistaprod.com/nos-realisations/engie-home-services-migo-thermostat-video/,migo home,0,1,0,51
https://en.bluevistaprod.com/nos-realisations/engie-home-services-migo-thermostat-video/,thermostat connecté engie,0,1,0,56
https://en.bluevistaprod.com/nos-realisations/engie-home-services-migo-thermostat-video/,thermostat engie home service,0,1,0,4
https://en.bluevistaprod.com/nos-realisations/gf-core-corporate-film/,corporate film geneva,0,1,0,47
https://en.bluevistaprod.com/nos-realisations/gf-core-corporate-film/,gf core,0,1,0,8
https://en.bluevistaprod.com/nos-realisations/ghi/,bluevista tv,0,1,0,10
https://en.bluevistaprod.com/nos-realisations/ghi/,ghi ch,0,1,0,6
https://en.bluevistaprod.com/nos-realisations/hdi-moving-to-the-new-tower/,demenagement 64,0,1,0,36
https://en.bluevistaprod.com/nos-realisations/hitachi-cs-net/,cartoon hitachi,0,1,0,8
https://en.bluevistaprod.com/nos-realisations/hitachi-cs-net/,csnet lite hitachi,0,1,0,17
https://en.bluevistaprod.com/nos-realisations/hitachi-cs-net/,video images,0,1,0,9
https://en.bluevistaprod.com/nos-realisations/hitachi-cs-net/,商業空間,0,1,0,13
https://en.bluevistaprod.com/nos-realisations/hitachi-yutaki/,hitachi hdi,0,1,0,88
https://en.bluevistaprod.com/nos-realisations/hitachi-yutaki/,vistaprod.com,0,1,0,36
https://en.bluevistaprod.com/nos-realisations/koesio-greetings-2024/,vistaprod.net,0,1,0,98
https://en.bluevistaprod.com/nos-realisations/mase-rhone-alpes-motion-design/,mase design,0,1,0,77
https://en.bluevistaprod.com/nos-realisations/mase-rhone-alpes-motion-design/,mase designs,0,1,0,54
https://en.bluevistaprod.com/nos-realisations/mase-rhone-alpes-motion-design/,mase in design,0,1,0,49
https://en.bluevistaprod.com/nos-realisations/mase-rhone-alpes-motion-design/,vistaprod.com,0,1,0,84
https://en.bluevistaprod.com/nos-realisations/naos-contributor-interview-2/,naos jeans,0,1,0,40
https://en.bluevistaprod.com/nos-realisations/naos-contributor-interview/,naos lyon,0,1,0,44
https://en.bluevistaprod.com/nos-realisations/pisten-bully-360-vr-snowcat/,bully 360,0,1,0,50
https://en.bluevistaprod.com/nos-realisations/pisten-bully-360-vr-snowcat/,bully vr,0,1,0,15
https://en.bluevistaprod.com/nos-realisations/pisten-bully-360-vr-snowcat/,snowcat pistenbully,0,1,0,13
https://en.bluevistaprod.com/nos-realisations/pisten-bully-360-vr-snowcat/,vistaprod.com,0,1,0,48
https://en.bluevistaprod.com/nos-realisations/qwartz/,action qwartz,0,1,0,15
https://en.bluevistaprod.com/nos-realisations/qwartz/,qwartz paris,0,1,0,86
https://en.bluevistaprod.com/nos-realisations/qwartz/,qwartz villeneuve-la-garenne,0,1,0,54
https://en.bluevistaprod.com/nos-realisations/radisson-360-vr/,radisson blue lyon,0,1,0,15
https://en.bluevistaprod.com/nos-realisations/riso-comcolor/,vistaprod.com,0,1,0,80
https://en.bluevistaprod.com/nos-realisations/santos-i-grind-coffee-grinder-reveal/,santos induction,0,1,0,35
https://en.bluevistaprod.com/nos-realisations/spring-mapping/,déménagement lyon paris,0,1,0,71
https://en.bluevistaprod.com/nos-realisations/spring-mapping/,déménager à lyon,0,1,0,91
https://en.bluevistaprod.com/nos-realisations/spring-new-identity/,déménagement lyon paris,0,1,0,100
https://en.bluevistaprod.com/nos-realisations/spring-new-identity/,déménager à lyon,0,1,0,96
https://en.bluevistaprod.com/nos-realisations/stann-the-business-management-application/,application de déménagement,0,1,0,74
https://en.bluevistaprod.com/nos-realisations/tetro-fete-des-lumieres-2022/,tetro agency,0,1,0,17
https://en.bluevistaprod.com/nos-realisations/tetro-navya/,blue film navya,0,1,0,10
https://en.bluevistaprod.com/nos-realisations/tetro-stalactite-light-show/,tetro agency,0,1,0,9
https://en.bluevistaprod.com/nos-realisations/thx-medical-dosamat-digital-2-0/,dosamatic,0,1,0,42
https://en.bluevistaprod.com/nos-realisations/time-lapse-la-cleda/,la cleda,0,1,0,8
https://en.bluevistaprod.com/nos-realisations/time-lapse-la-cleda/,vistaprod.com,0,1,0,76
https://en.bluevistaprod.com/nos-realisations/verizon-connect-video-presentation/,verizon connect video,0,1,0,76
https://en.bluevistaprod.com/nos-realisations/verizon-connect-video-presentation/,verizon connect youtube,0,1,0,37
https://en.bluevistaprod.com/nos-realisations/verizon-connect-video-presentation/,verizon presentation,0,1,0,27
https://en.bluevistaprod.com/nos-realisations/wallmapping-tokys-mesaventures/,tokys,0,1,0,25
https://en.bluevistaprod.com/nos-realisations/we-see-big/,contact /gfms.com,0,1,0,91
https://en.bluevistaprod.com/our-achievements/,bluevista,0,1,0,1
https://en.bluevistaprod.com/our-achievements/,demenagement engie,0,1,0,80
https://en.bluevistaprod.com/our-achievements/,déménagement engie,0,1,0,66
https://en.bluevistaprod.com/our-achievements/,expercite,0,1,0,19
https://en.bluevistaprod.com/our-achievements/,pizza hut carre senart,0,1,0,35
https://en.bluevistaprod.com/our-skills/3d-animation/,film 3d lyon,0,1,0,53
https://en.bluevistaprod.com/our-skills/aerial-video-drone/,aerial camera drone,0,1,0,49
https://en.bluevistaprod.com/our-skills/aerial-video-drone/,aerial video production,0,1,0,8
https://en.bluevistaprod.com/our-skills/aerial-video-drone/,drone audiovisual,0,1,0,101
https://en.bluevistaprod.com/our-skills/aerial-video-drone/,drone s1 s2 s3,0,1,0,33
https://en.bluevistaprod.com/our-skills/aerial-video-drone/,drones audiovisual,0,1,0,46
https://en.bluevistaprod.com/our-skills/aerial-video-drone/,lyon drone service,0,1,0,20
https://en.bluevistaprod.com/our-skills/aerial-video-drone/,photographe drone lyon,0,1,0,53
https://en.bluevistaprod.com/our-skills/aerial-video-drone/,uav company vista,0,1,0,80
https://en.bluevistaprod.com/our-skills/aftermovie-event-capture/,conference aftermovie,0,1,0,7
https://en.bluevistaprod.com/our-skills/aftermovie-event-capture/,vistaprod.com,0,1,0,86
https://en.bluevistaprod.com/our-skills/aftermovie-event-capture/,what is an aftermovie,0,1,0,15
https://en.bluevistaprod.com/our-skills/corporate-video-corporate-film/,corporate video lyon,0,1,0,23
https://en.bluevistaprod.com/our-skills/corporate-video-corporate-film/,filming corporate videos,0,1,0,98
https://en.bluevistaprod.com/our-skills/green-screen-studio-compositing/,green screen compositing studio,0,1,0,2
https://en.bluevistaprod.com/our-skills/green-screen-studio-compositing/,mobiele greenscreen studio,0,1,0,102
https://en.bluevistaprod.com/our-skills/immersive-creation-virtual-reality/,bd viewer vr,0,1,0,35
https://en.bluevistaprod.com/our-skills/immersive-creation-virtual-reality/,blue vista game,0,1,0,5
https://en.bluevistaprod.com/our-skills/immersive-creation-virtual-reality/,how can virtual reality be used in exhibitions,0,1,0,1
https://en.bluevistaprod.com/our-skills/immersive-creation-virtual-reality/,immersive 360 experience,0,1,0,97
https://en.bluevistaprod.com/our-skills/immersive-creation-virtual-reality/,vista vr,0,1,0,74
https://en.bluevistaprod.com/our-skills/live-streaming-webtv/,bluvista.tv,0,1,0,3
https://en.bluevistaprod.com/our-skills/live-streaming-webtv/,fond vert streaming,0,1,0,16
https://en.bluevistaprod.com/our-skills/live-streaming-webtv/,live web tv,0,1,0,112
https://en.bluevistaprod.com/our-skills/live-streaming-webtv/,tv internet online,0,1,0,2
https://en.bluevistaprod.com/our-skills/live-streaming-webtv/,web tv live streaming,0,1,0,18
https://en.bluevistaprod.com/our-skills/live-streaming-webtv/,webhtv,0,1,0,10
https://en.bluevistaprod.com/our-skills/live-streaming-webtv/,webtvlive,0,1,0,10
https://en.bluevistaprod.com/our-skills/live-streaming-webtv/,what is a web tv,0,1,0,49
https://en.bluevistaprod.com/our-skills/motion-design/,animated background vista,0,1,0,93
https://en.bluevistaprod.com/our-skills/motion-design/,design & motion lyon,0,1,0,7
https://en.bluevistaprod.com/our-skills/motion-design/,engie home services lyon,0,1,0,29
https://en.bluevistaprod.com/our-skills/motion-design/,engiehomes,0,1,0,47
https://en.bluevistaprod.com/our-skills/motion-design/,motion design 2d animation,0,1,0,36
https://en.bluevistaprod.com/our-skills/motion-design/,motion design agentur services,0,1,0,83
https://en.bluevistaprod.com/our-skills/motion-design/,motion design pre-production planning and creating 2d artwork,0,1,0,78
https://en.bluevistaprod.com/our-skills/motion-design/,motion designer lyon,0,1,0,53
https://en.bluevistaprod.com/our-skills/motion-design/,studio motion design lyon,0,1,0,47
https://en.bluevistaprod.com/our-skills/motion-design/,vistaprod.com,0,1,0,47
https://en.bluevistaprod.com/our-skills/video-mapping/,video mapping 2d,0,1,0,91
https://en.bluevistaprod.com/the-agency/,bluevista.tv,0,1,0,1
https://en.bluevistaprod.com/video-production-in-geneva/,production video geneve,0,1,0,28
https://en.bluevistaprod.com/video-production-in-geneva/,production vidéo lyon,0,1,0,63
https://en.bluevistaprod.com/video-production-in-geneva/,studio animation suisse,0,1,0,3
https://www.bluevistaprod.com/,adapter les ventes à la réalité de la production,0,1,0,63
https://www.bluevistaprod.com/,adultvista,0,1,0,16
https://www.bluevistaprod.com/,aftermovie définition,0,1,0,69
https://www.bluevistaprod.com/,agence blue,0,1,0,81
https://www.bluevistaprod.com/,agence conception de videos,0,1,0,62
https://www.bluevistaprod.com/,agence création vidéo bruxelles,0,1,0,102
https://www.bluevistaprod.com/,agence création vidéo orléans,0,1,0,94
https://www.bluevistaprod.com/,agence créative spécialisée dans la création de vidéo,0,1,0,46
https://www.bluevistaprod.com/,agence de cinema,0,1,0,1
https://www.bluevistaprod.com/,agence de contenu vidéo,0,1,0,28
https://www.bluevistaprod.com/,agence de création audiovisuelle,0,1,0,77
https://www.bluevistaprod.com/,agence de graphisme,0,1,0,11
https://www.bluevistaprod.com/,agence de graphisme grenoble,0,1,0,1
https://www.bluevistaprod.com/,agence de graphisme lyon,0,1,0,2
https://www.bluevistaprod.com/,agence de production paris,0,1,0,151
https://www.bluevistaprod.com/,agence de production photos et vidéos,0,1,0,102
https://www.bluevistaprod.com/,agence de production vidéo saint quay portrieux,0,1,0,79
https://www.bluevistaprod.com/,agence de pub lyonnaise,0,1,0,11
https://www.bluevistaprod.com/,agence de video creative,0,1,0,44
https://www.bluevistaprod.com/,agence du film 64,0,1,0,43
https://www.bluevistaprod.com/,agence evenementiel lyon,0,1,0,31
https://www.bluevistaprod.com/,agence film entreprise,0,1,0,23
https://www.bluevistaprod.com/,agence graphisme grenoble,0,1,0,1
https://www.bluevistaprod.com/,agence live streaming,0,1,0,49
https://www.bluevistaprod.com/,agence marketing lyon,0,1,0,1
https://www.bluevistaprod.com/,agence production audiovisuel,0,1,0,61
https://www.bluevistaprod.com/,agence production audiovisuelle aix les bains,0,1,0,62
https://www.bluevistaprod.com/,agence production audiovisuelle clermont ferrand,0,1,0,66
https://www.bluevistaprod.com/,agence production audiovisuelle villeurbanne,0,1,0,96
https://www.bluevistaprod.com/,agence production paris,0,1,0,90
https://www.bluevistaprod.com/,agence production video entreprise,0,1,0,44
https://www.bluevistaprod.com/,agence pub vidéo,0,1,0,70
https://www.bluevistaprod.com/,agence video cotes d'armor,0,1,0,101
https://www.bluevistaprod.com/,agence vidéo corporate industrie lyon,0,1,0,11
https://www.bluevistaprod.com/,agence vidéo corporate paris,0,1,0,53
https://www.bluevistaprod.com/,agence vidéo industrie france,0,1,0,5
https://www.bluevistaprod.com/,agence événementiel lyon,0,1,0,1
https://www.bluevistaprod.com/,agences genève,0,1,0,101
https://www.bluevistaprod.com/,ama vista,0,1,0,9
https://www.bluevistaprod.com/,ambelvist,0,1,0,1
https://www.bluevistaprod.com/,ambrosia films,0,1,0,83
https://www.bluevistaprod.com/,animation 3d lyon,0,1,0,1
https://www.bluevistaprod.com/,avvista,0,1,0,8
https://www.bluevistaprod.com/,bdsmvista,0,1,0,9
https://www.bluevistaprod.com/,bloorvista,0,1,0,1
https://www.bluevistaprod.com/,blue agence,0,1,0,96
https://www.bluevistaprod.com/,blue on,0,1,0,59
https://www.bluevistaprod.com/,blue productora,0,1,0,9
https://www.bluevistaprod.com/,blue vista mortgage,0,1,0,35
https://www.bluevistaprod.com/,bluevide,0,1,0,13
https://www.bluevistaprod.com/,bluevie,0,1,0,7
https://www.bluevistaprod.com/,bluevis,0,1,0,36
https://www.bluevistaprod.com/,bluevision plus,0,1,0,100
https://www.bluevistaprod.com/,bluevista dive,0,1,0,10
https://www.bluevistaprod.com/,blueyfilm,0,1,0,9
https://www.bluevistaprod.com/,bluvista store,0,1,0,4
https://www.bluevistaprod.com/,boite de communication lyon,0,1,0,2
https://www.bluevistaprod.com/,boite de prod paris,0,1,0,80
https://www.bluevistaprod.com/,boite de production audiovisuelle par satisfactiongroup,0,1,0,20
https://www.bluevistaprod.com/,boite de production audiovisuelle paris,0,1,0,2
https://www.bluevistaprod.com/,boite de production de film,0,1,0,74
https://www.bluevistaprod.com/,boite de production geneve,0,1,0,7
https://www.bluevistaprod.com/,boite de production suisse,0,1,0,10
https://www.bluevistaprod.com/,boite de production video,0,1,0,1
https://www.bluevistaprod.com/,boite production audiovisuelle,0,1,0,13
https://www.bluevistaprod.com/,boites de production,0,1,0,1
https://www.bluevistaprod.com/,boîte de prod,0,1,0,54
https://www.bluevistaprod.com/,boîte de production,0,1,0,1
https://www.bluevistaprod.com/,buevista,0,1,0,1
https://www.bluevistaprod.com/,busevista,0,1,0,1
https://www.bluevistaprod.com/,cinema vista productions,0,1,0,9
https://www.bluevistaprod.com/,cinevista limited,0,1,0,37
https://www.bluevistaprod.com/,claravista,0,1,0,53
https://www.bluevistaprod.com/,communication multimédia lyon,0,1,0,100
https://www.bluevistaprod.com/,corporate film geneva,0,1,0,40
https://www.bluevistaprod.com/,devis de production,0,1,0,38
https://www.bluevistaprod.com/,devis motion design,0,1,0,44
https://www.bluevistaprod.com/,devis réalisation vidéo,0,1,0,61
https://www.bluevistaprod.com/,devis vidéo corporate,0,1,0,89
https://www.bluevistaprod.com/,em lyon,0,1,0,94
https://www.bluevistaprod.com/,entreprise audiovisuel,0,1,0,2
https://www.bluevistaprod.com/,entreprise de création vidéo,0,1,0,51
https://www.bluevistaprod.com/,entreprise de graphisme,0,1,0,1
https://www.bluevistaprod.com/,entreprise de montage video,0,1,0,29
https://www.bluevistaprod.com/,entreprise de production,0,1,0,11
https://www.bluevistaprod.com/,entreprise de production graphique,0,1,0,2
https://www.bluevistaprod.com/,entreprise montage video iste,0,1,0,101
https://www.bluevistaprod.com/,entreprise production audiovisuelle,0,1,0,72
https://www.bluevistaprod.com/,entreprise production audiovisuelle lyon,0,1,0,1
https://www.bluevistaprod.com/,entreprises audiovisuel,0,1,0,75
https://www.bluevistaprod.com/,fidélité productions,0,1,0,95
https://www.bluevistaprod.com/,film d entreprise 64,0,1,0,30
https://www.bluevistaprod.com/,film d'entreprise geneve,0,1,0,19
https://www.bluevistaprod.com/,film institutionnel lyon,0,1,0,71
https://www.bluevistaprod.com/,film metaverse,0,1,0,61
https://www.bluevistaprod.com/,film publicitaire lyon,0,1,0,77
https://www.bluevistaprod.com/,filmgeneva,0,1,0,10
https://www.bluevistaprod.com/,graphiste lyon,0,1,0,11
https://www.bluevistaprod.com/,graphiste villeurbanne,0,1,0,2
https://www.bluevistaprod.com/,infographiste 3d lyon,0,1,0,2
https://www.bluevistaprod.com/,infographistes lyon,0,1,0,8
https://www.bluevistaprod.com/,intégration audiovisuelle,0,1,0,97
https://www.bluevistaprod.com/,"je cherche une société de production vidéo pour réaliser un film corporate premium en suisse romande, quelles sont les références ?",0,1,0,1
https://www.bluevistaprod.com/,la boite a film lyon,0,1,0,102
https://www.bluevistaprod.com/,lbuprovista,0,1,0,9
https://www.bluevistaprod.com/,location audiovisuel lyon,0,1,0,41
https://www.bluevistaprod.com/,location matériel vidéo lyon,0,1,0,2
https://www.bluevistaprod.com/,lua vista,0,1,0,30
https://www.bluevistaprod.com/,luavista,0,1,0,40
https://www.bluevistaprod.com/,mapping vidéo lyon,0,1,0,1
https://www.bluevistaprod.com/,montage video agence,0,1,0,89
https://www.bluevistaprod.com/,montage video lyon,0,1,0,1
https://www.bluevistaprod.com/,"montage vidéo à paris, france",0,1,0,48
https://www.bluevistaprod.com/,"mp development – design web, audio, vidéo et production lyon",0,1,0,9
https://www.bluevistaprod.com/,multivista,0,1,0,15
https://www.bluevistaprod.com/,multivistas,0,1,0,79
https://www.bluevistaprod.com/,omnivista productions,0,1,0,24
https://www.bluevistaprod.com/,paris etc. en streaming,0,1,0,48
https://www.bluevistaprod.com/,pixovista,0,1,0,9
https://www.bluevistaprod.com/,plus de prod,0,1,0,32
https://www.bluevistaprod.com/,prestataire vidéo paris,0,1,0,55
https://www.bluevistaprod.com/,primavista,0,1,0,52
https://www.bluevistaprod.com/,producteur documentaire,0,1,0,1
https://www.bluevistaprod.com/,production audiovisuel paris,0,1,0,89
https://www.bluevistaprod.com/,production audiovisuelle entreprise,0,1,0,46
https://www.bluevistaprod.com/,production de cinema,0,1,0,1
https://www.bluevistaprod.com/,production de film 64,0,1,0,67
https://www.bluevistaprod.com/,production de vidéo,0,1,0,94
https://www.bluevistaprod.com/,production film entreprise lyon,0,1,0,52
https://www.bluevistaprod.com/,production vidéos,0,1,0,79
https://www.bluevistaprod.com/,promovi studios,0,1,0,8
https://www.bluevistaprod.com/,public production,0,1,0,79
https://www.bluevistaprod.com/,realisation video,0,1,0,62
https://www.bluevistaprod.com/,réalisation video entreprise,0,1,0,95
https://www.bluevistaprod.com/,réalisation vidéo entreprise lyon,0,1,0,52
https://www.bluevistaprod.com/,réalisation vidéo high tech,0,1,0,94
https://www.bluevistaprod.com/,réalisation vidéo sud france,0,1,0,101
https://www.bluevistaprod.com/,service de production vidéo,0,1,0,31
https://www.bluevistaprod.com/,services de production audiovisuelle,0,1,0,64
https://www.bluevistaprod.com/,societe de production film,0,1,0,93
https://www.bluevistaprod.com/,société audiovisuel,0,1,0,63
https://www.bluevistaprod.com/,société de production audiovisuelle,0,1,0,1
https://www.bluevistaprod.com/,société de production audiovisuelle paris,0,1,0,10
https://www.bluevistaprod.com/,société de production vidéo,0,1,0,1
https://www.bluevistaprod.com/,société réalisation film,0,1,0,98
https://www.bluevistaprod.com/,studio 3d lyon,0,1,0,1
https://www.bluevistaprod.com/,studio animation 2d lyon,0,1,0,2
https://www.bluevistaprod.com/,studio blou,0,1,0,59
https://www.bluevistaprod.com/,studio cinema lyon,0,1,0,11
https://www.bluevistaprod.com/,studio creation video,0,1,0,34
https://www.bluevistaprod.com/,studio de musique,0,1,0,1
https://www.bluevistaprod.com/,studio de tournage lyon,0,1,0,4
https://www.bluevistaprod.com/,studio jeux vidéo lyon,0,1,0,11
https://www.bluevistaprod.com/,studio motion design lyon,0,1,0,48
https://www.bluevistaprod.com/,studio multimedia nantes,0,1,0,99
https://www.bluevistaprod.com/,studio production,0,1,0,1
https://www.bluevistaprod.com/,studio production paris,0,1,0,62
https://www.bluevistaprod.com/,studio production vidéo paris,0,1,0,70
https://www.bluevistaprod.com/,supervista,0,1,0,16
https://www.bluevistaprod.com/,supervista ag,0,1,0,15
https://www.bluevistaprod.com/,unvista,0,1,0,18
https://www.bluevistaprod.com/,upperview productions,0,1,0,44
https://www.bluevistaprod.com/,veo vista,0,1,0,1
https://www.bluevistaprod.com/,vidaste geneve,0,1,0,46
https://www.bluevistaprod.com/,videaste lyon,0,1,0,2
https://www.bluevistaprod.com/,video motion video lyon,0,1,0,78
https://www.bluevistaprod.com/,video production lyon,0,1,0,11
https://www.bluevistaprod.com/,video production studio milan,0,1,0,98
https://www.bluevistaprod.com/,video produktionen,0,1,0,26
https://www.bluevistaprod.com/,video publicitaire lyon,0,1,0,98
https://www.bluevistaprod.com/,vidéaste d'entreprise genève,0,1,0,6
https://www.bluevistaprod.com/,vidéaste grenoble,0,1,0,1
https://www.bluevistaprod.com/,viewvista,0,1,0,9
https://www.bluevistaprod.com/,vista bleu,0,1,0,1
https://www.bluevistaprod.com/,vista evenements,0,1,0,5
https://www.bluevistaprod.com/,vista films,0,1,0,11
https://www.bluevistaprod.com/,vista paris,0,1,0,53
https://www.bluevistaprod.com/,vista studios,0,1,0,38
https://www.bluevistaprod.com/,vistaprod.com,0,1,0,5
https://www.bluevistaprod.com/,www.blue video.com,0,1,0,10
https://www.bluevistaprod.com/,équipe de prooduction vidéo,0,1,0,99
https://www.bluevistaprod.com/actualites/,blu3 vista,0,1,0,8
https://www.bluevistaprod.com/actualites/,bluevista dive,0,1,0,6
https://www.bluevistaprod.com/actualites/,bluevista.tv,0,1,0,36
https://www.bluevistaprod.com/actualites/,fubiz studio,0,1,0,69
https://www.bluevistaprod.com/actualites/,gf vip streaming,0,1,0,7
https://www.bluevistaprod.com/actualites/,kinovista,0,1,0,24
https://www.bluevistaprod.com/actualites/,livevista,0,1,0,4
https://www.bluevistaprod.com/actualites/50ans-de-lpa-une-histoire-lyonnaise/,50 lpa,0,1,0,9
https://www.bluevistaprod.com/actualites/50ans-de-lpa-une-histoire-lyonnaise/,lpa genève,0,1,0,31
https://www.bluevistaprod.com/actualites/50ans-de-lpa-une-histoire-lyonnaise/,lpa lyon,0,1,0,9
https://www.bluevistaprod.com/actualites/animation-3d-grande-arche-de-la-defense/,animation 3d genève,0,1,0,93
https://www.bluevistaprod.com/actualites/animation-3d-produit-hitachi-csnet-manager/,cs manager,0,1,0,59
https://www.bluevistaprod.com/actualites/animation-3d-produit-hitachi-csnet-manager/,hitachi 3d,0,1,0,6
https://www.bluevistaprod.com/actualites/animation-3d-produit-hitachi-csnet-manager/,hitachi csnet,0,1,0,17
https://www.bluevistaprod.com/actualites/aravi-saison-2022-2023/,aravi aravi,0,1,0,6
https://www.bluevistaprod.com/actualites/aravi-saison-2022-2023/,aravi d,0,1,0,9
https://www.bluevistaprod.com/actualites/aravi-saison-2022-2023/,team aravi racing,0,1,0,7
https://www.bluevistaprod.com/actualites/author/guillaume/page/4/,film les lyonnais en streaming,0,1,0,47
https://www.bluevistaprod.com/actualites/author/guillaume/page/4/,tweetwall,0,1,0,47
https://www.bluevistaprod.com/actualites/barpi-prevention-accidents/,accidents industriels,0,1,0,98
https://www.bluevistaprod.com/actualites/barpi-prevention-accidents/,bar pi,0,1,0,16
https://www.bluevistaprod.com/actualites/bluevista-creative-unicorn-team/,bluevista,0,1,0,8
https://www.bluevistaprod.com/actualites/bluevista-creative-video-un-monde-virtuel-1-la-moto/,serie monde virtuel,0,1,0,60
https://www.bluevistaprod.com/actualites/bluevista-creative-video-une-vraie-equipe-3-la-productivite/,une vraie equipe,0,1,0,7
https://www.bluevistaprod.com/actualites/bluevista-le-motion-design/,devi motion,0,1,0,38
https://www.bluevistaprod.com/actualites/bluevista-le-motion-design/,exemple devis motion design,0,1,0,84
https://www.bluevistaprod.com/actualites/bluevista-le-motion-design/,le motion design,0,1,0,1
https://www.bluevistaprod.com/actualites/bluevista-le-motion-design/,motion,0,1,0,7
https://www.bluevistaprod.com/actualites/bluevista-le-motion-design/,motion design définition,0,1,0,10
https://www.bluevistaprod.com/actualites/bluevista-le-motion-design/,motion design entreprise,0,1,0,25
https://www.bluevistaprod.com/actualites/bluevista-le-motion-design/,motion design monza,0,1,0,84
https://www.bluevistaprod.com/actualites/bluevista-le-motion-design/,motion design suisse,0,1,0,95
https://www.bluevistaprod.com/actualites/bluevista-le-motion-design/,motion picture c'est quoi,0,1,0,18
https://www.bluevistaprod.com/actualites/bluevista-le-motion-design/,publicité motion design,0,1,0,96
https://www.bluevistaprod.com/actualites/bluevista-le-motion-design/,tubevista,0,1,0,85
https://www.bluevistaprod.com/actualites/bluevista-le-motion-design/,vista motion,0,1,0,7
https://www.bluevistaprod.com/actualites/bluevista-video-showreel-2020/,showreel 2020,0,1,0,6
https://www.bluevistaprod.com/actualites/bluevista-video-showreel-2023/,agence réalité virtuelle lyon,0,1,0,52
https://www.bluevistaprod.com/actualites/bluevista-video-showreel-2023/,agence vidéo geneve,0,1,0,59
https://www.bluevistaprod.com/actualites/bluevista-video-showreel-2023/,blu vista,0,1,0,8
https://www.bluevistaprod.com/actualites/bluevista-video-showreel-2023/,blue production,0,1,0,90
https://www.bluevistaprod.com/actualites/bluevista-video-showreel-2023/,blue view,0,1,0,48
https://www.bluevistaprod.com/actualites/bluevista-video-showreel-2023/,blue vista capital,0,1,0,19
https://www.bluevistaprod.com/actualites/bluevista-video-showreel-2023/,bluevista dive,0,1,0,3
https://www.bluevistaprod.com/actualites/bluevista-video-showreel-2023/,buevista,0,1,0,1
https://www.bluevistaprod.com/actualites/bluevista-video-showreel-2023/,design motion lyon,0,1,0,51
https://www.bluevistaprod.com/actualites/bluevista-video-showreel-2023/,entreprise audiovisuelle lyon,0,1,0,48
https://www.bluevistaprod.com/actualites/bluevista-video-showreel-2023/,réalisation vidéo lyon,0,1,0,64
https://www.bluevistaprod.com/actualites/bluevista-video-showreel-2023/,showreel video,0,1,0,21
https://www.bluevistaprod.com/actualites/bluevista-video-showreel-2023/,video motion video lyon,0,1,0,39
https://www.bluevistaprod.com/actualites/bluevista-video-showreel-2023/,vista blue,0,1,0,80
https://www.bluevistaprod.com/actualites/bluevista-video-showreel-2023/,vistaprod.com,0,1,0,81
https://www.bluevistaprod.com/actualites/carte-de-voeux-video/,application carte de voeux,0,1,0,94
https://www.bluevistaprod.com/actualites/carte-de-voeux-video/,carte de voeux suisse,0,1,0,99
https://www.bluevistaprod.com/actualites/carte-de-voeux-video/,carte de voeux vide,0,1,0,35
https://www.bluevistaprod.com/actualites/category/animation_3d/,bluevista,0,1,0,4
https://www.bluevistaprod.com/actualites/category/motion_design/,bluevista,0,1,0,3
https://www.bluevistaprod.com/actualites/category/tournage-studio/,blue vista,0,1,0,10
https://www.bluevistaprod.com/actualites/category/tournage-studio/,bluevista production,0,1,0,1
https://www.bluevistaprod.com/actualites/category/tournage-studio/page/2/,agence vidéo aix en provence,0,1,0,100
https://www.bluevistaprod.com/actualites/category/video-360-vr/,360 film vr,0,1,0,54
https://www.bluevistaprod.com/actualites/category/video-360-vr/,360 vidéo,0,1,0,30
https://www.bluevistaprod.com/actualites/category/video-360-vr/,360 vr,0,1,0,6
https://www.bluevistaprod.com/actualites/category/video-360-vr/,360 vr hot,0,1,0,17
https://www.bluevistaprod.com/actualites/category/video-360-vr/,360 vr video,0,1,0,50
https://www.bluevistaprod.com/actualites/category/video-360-vr/,360vr,0,1,0,35
https://www.bluevistaprod.com/actualites/category/video-360-vr/,360vr video,0,1,0,10
https://www.bluevistaprod.com/actualites/category/video-360-vr/,animation oculus rift,0,1,0,80
https://www.bluevistaprod.com/actualites/category/video-360-vr/,bluevista,0,1,0,2
https://www.bluevistaprod.com/actualites/category/video-360-vr/,film 360 vr,0,1,0,13
https://www.bluevistaprod.com/actualites/category/video-360-vr/,film en vr 360,0,1,0,24
https://www.bluevistaprod.com/actualites/category/video-360-vr/,film vr 360,0,1,0,14
https://www.bluevistaprod.com/actualites/category/video-360-vr/,video a 360,0,1,0,56
https://www.bluevistaprod.com/actualites/category/video-360-vr/,video pour vr,0,1,0,51
https://www.bluevistaprod.com/actualites/category/video-360-vr/,videos vr 360,0,1,0,9
https://www.bluevistaprod.com/actualites/category/video-360-vr/,vidéo 360 vr,0,1,0,14
https://www.bluevistaprod.com/actualites/category/video-360-vr/,vidéo en vr,0,1,0,49
https://www.bluevistaprod.com/actualites/category/video-360-vr/,vidéo vr 360,0,1,0,57
https://www.bluevistaprod.com/actualites/category/video-360-vr/,vimeo 360,0,1,0,44
https://www.bluevistaprod.com/actualites/category/video-360-vr/,vr 360,0,1,0,88
https://www.bluevistaprod.com/actualites/category/video-360-vr/,vr 360 films,0,1,0,82
https://www.bluevistaprod.com/actualites/category/video-360-vr/,vr 360 video download,0,1,0,68
https://www.bluevistaprod.com/actualites/category/video-360-vr/,vr film 360,0,1,0,16
https://www.bluevistaprod.com/actualites/category/videomapping/,bluevista,0,1,0,7
https://www.bluevistaprod.com/actualites/category/videomapping/,video projection mapping,0,1,0,97
https://www.bluevistaprod.com/actualites/equita-lyon-dailynews/,date equita lyon,0,1,0,1
https://www.bluevistaprod.com/actualites/equita-lyon-dailynews/,equita lyon,0,1,0,92
https://www.bluevistaprod.com/actualites/equita-lyon-dailynews/,equita lyon exposant,0,1,0,84
https://www.bluevistaprod.com/actualites/equita-lyon-dailynews/,equitalyon,0,1,0,106
https://www.bluevistaprod.com/actualites/equita-lyon-dailynews/,voltige equestre lyon,0,1,0,71
https://www.bluevistaprod.com/actualites/guitare-en-scene-2023/,festival guitares en scene,0,1,0,87
https://www.bluevistaprod.com/actualites/guitare-en-scene-2023/,guitare en scene 2017,0,1,0,89
https://www.bluevistaprod.com/actualites/guitare-en-scene-2023/,guitare en scene 2018,0,1,0,37
https://www.bluevistaprod.com/actualites/guitare-en-scene-2023/,guitare en scene 2022,0,1,0,92
https://www.bluevistaprod.com/actualites/guitare-en-scene-2023/,guitare en scene festival,0,1,0,11
https://www.bluevistaprod.com/actualites/guitare-en-scene-2023/,guitare en scène 2022,0,1,0,99
https://www.bluevistaprod.com/actualites/guitare-en-scene-2023/,guitarre en scene,0,1,0,9
https://www.bluevistaprod.com/actualites/guitare-en-scene-2023/,scene 2023,0,1,0,9
https://www.bluevistaprod.com/actualites/inauguration-intercontinental-lyon-grand-hotel-dieu/,dome intercontinental,0,1,0,47
https://www.bluevistaprod.com/actualites/inauguration-intercontinental-lyon-grand-hotel-dieu/,hotel dieu lyon projet,0,1,0,100
https://www.bluevistaprod.com/actualites/inauguration-intercontinental-lyon-grand-hotel-dieu/,le dome hotel dieu,0,1,0,105
https://www.bluevistaprod.com/actualites/inauguration-intercontinental-lyon-grand-hotel-dieu/,le grand hotel dieu lyon,0,1,0,55
https://www.bluevistaprod.com/actualites/inauguration-intercontinental-lyon-grand-hotel-dieu/,lyon grand hotel,0,1,0,43
https://www.bluevistaprod.com/actualites/koesio-carte-de-voeux-2023/,carte de voeux 2024 entreprise,0,1,0,101
https://www.bluevistaprod.com/actualites/koesio-carte-de-voeux-2023/,carte de voeux d'entreprise,0,1,0,47
https://www.bluevistaprod.com/actualites/koesio-carte-de-voeux-2023/,carte de voeux vidéo entreprise,0,1,0,56
https://www.bluevistaprod.com/actualites/koesio-carte-de-voeux-2023/,carte de voeux vidéos,0,1,0,153
https://www.bluevistaprod.com/actualites/koesio-carte-de-voeux-2023/,carte voeux video,0,1,0,76
https://www.bluevistaprod.com/actualites/koesio-carte-de-voeux-2023/,koesio c'est quoi,0,1,0,21
https://www.bluevistaprod.com/actualites/koesio-carte-de-voeux-2023/,koesio champagne au mont d'or,0,1,0,34
https://www.bluevistaprod.com/actualites/koesio-carte-de-voeux-2023/,koesio grand est,0,1,0,55
https://www.bluevistaprod.com/actualites/koesio-carte-de-voeux-2023/,koesio paris,0,1,0,73
https://www.bluevistaprod.com/actualites/koesio-carte-de-voeux-2023/,vistaprod.net,0,1,0,56
https://www.bluevistaprod.com/actualites/koesio-carte-de-voeux-2023/,voeux solidaires clients,0,1,0,71
https://www.bluevistaprod.com/actualites/live-video-homeserve-20ans/,elive video,0,1,0,2
https://www.bluevistaprod.com/actualites/live-video-homeserve-20ans/,homeserve c'est quoi,0,1,0,39
https://www.bluevistaprod.com/actualites/live-video-homeserve-20ans/,xlive video,0,1,0,40
https://www.bluevistaprod.com/actualites/mapping-printemps-lyon/,bluevista lyon,0,1,0,1
https://www.bluevistaprod.com/actualites/mapping-printemps-lyon/,lyon au printemps,0,1,0,99
https://www.bluevistaprod.com/actualites/mapping-printemps-lyon/,printemps map,0,1,0,20
https://www.bluevistaprod.com/actualites/mapping-printemps-lyon/,printemps à lyon,0,1,0,96
https://www.bluevistaprod.com/actualites/mase-4-motions/,blue mase,0,1,0,6
https://www.bluevistaprod.com/actualites/mase-4-motions/,mase in design,0,1,0,9
https://www.bluevistaprod.com/actualites/mase-4-motions/,mase ra,0,1,0,46
https://www.bluevistaprod.com/actualites/motion-design-3d-et-mapping-a-paris-au-musee-rodin/,3d architectural mapping,0,1,0,44
https://www.bluevistaprod.com/actualites/motion-design-3d-et-mapping-a-paris-au-musee-rodin/,3d mapping,0,1,0,56
https://www.bluevistaprod.com/actualites/motion-design-3d-et-mapping-a-paris-au-musee-rodin/,agence motion design paris,0,1,0,50
https://www.bluevistaprod.com/actualites/motion-design-3d-et-mapping-a-paris-au-musee-rodin/,animation mapping,0,1,0,52
https://www.bluevistaprod.com/actualites/motion-design-3d-et-mapping-a-paris-au-musee-rodin/,motion design agence paris,0,1,0,51
https://www.bluevistaprod.com/actualites/motion-design-3d-et-mapping-a-paris-au-musee-rodin/,motion mue,0,1,0,11
https://www.bluevistaprod.com/actualites/nos-dernieres-interviews/,vista interview,0,1,0,10
https://www.bluevistaprod.com/actualites/peninsula-octobre-rose/,peninsula rose,0,1,0,9
https://www.bluevistaprod.com/actualites/projet-de-realisation-video-360/,360 cam videos,0,1,0,95
https://www.bluevistaprod.com/actualites/projet-de-realisation-video-360/,360 drone video,0,1,0,9
https://www.bluevistaprod.com/actualites/projet-de-realisation-video-360/,360 video drone,0,1,0,22
https://www.bluevistaprod.com/actualites/projet-de-realisation-video-360/,360drone,0,1,0,10
https://www.bluevistaprod.com/actualites/projet-de-realisation-video-360/,dji 360 drone,0,1,0,11
https://www.bluevistaprod.com/actualites/projet-de-realisation-video-360/,dji s1000,0,1,0,8
https://www.bluevistaprod.com/actualites/projet-de-realisation-video-360/,drone action 360,0,1,0,73
https://www.bluevistaprod.com/actualites/projet-de-realisation-video-360/,drone vr360,0,1,0,70
https://www.bluevistaprod.com/actualites/projet-de-realisation-video-360/,projet natal 360,0,1,0,22
https://www.bluevistaprod.com/actualites/projet-de-realisation-video-360/,vc 360,0,1,0,15
https://www.bluevistaprod.com/actualites/projet-de-realisation-video-360/,vista 360 camera,0,1,0,27
https://www.bluevistaprod.com/actualites/projet-de-realisation-video-360/,vistaprod.com,0,1,0,7
https://www.bluevistaprod.com/actualites/realisation-de-film-dentreprise-ou-corporate/,réalisation film corporate,0,1,0,31
https://www.bluevistaprod.com/actualites/realisation-immersion-360-degres-dameuse-pisten-bully/,cardboard qr code,0,1,0,30
https://www.bluevistaprod.com/actualites/realisation-immersion-360-degres-dameuse-pisten-bully/,dameuse,0,1,0,25
https://www.bluevistaprod.com/actualites/realisation-immersion-360-degres-dameuse-pisten-bully/,immersion 360,0,1,0,64
https://www.bluevistaprod.com/actualites/realisation-immersion-360-degres-dameuse-pisten-bully/,kassbohrer dameuse,0,1,0,59
https://www.bluevistaprod.com/actualites/santos-i-grind/,i grind,0,1,0,10
https://www.bluevistaprod.com/actualites/santos-i-grind/,information,0,1,0,6
https://www.bluevistaprod.com/actualites/serie-de-6-videos-promotionnelles-pour-les-produits-abb-snk/,abb serie,0,1,0,11
https://www.bluevistaprod.com/actualites/serie-de-6-videos-promotionnelles-pour-les-produits-abb-snk/,serie abb,0,1,0,8
https://www.bluevistaprod.com/actualites/show-reel-motion-design/,blue motion c'est quoi,0,1,0,57
https://www.bluevistaprod.com/actualites/show-reel-motion-design/,design a show,0,1,0,7
https://www.bluevistaprod.com/actualites/show-reel-motion-design/,motion showreel,0,1,0,33
https://www.bluevistaprod.com/actualites/show-reel-motion-design/,showreel c'est quoi,0,1,0,31
https://www.bluevistaprod.com/actualites/show-reel-motion-design/,showreel motion,0,1,0,25
https://www.bluevistaprod.com/actualites/showroom-virtuel-gf-machining-solutions/,gf exhibition,0,1,0,8
https://www.bluevistaprod.com/actualites/showroom-virtuel-gf-machining-solutions/,gf machining solutions,0,1,0,1
https://www.bluevistaprod.com/actualites/showroom-virtuel-gf-machining-solutions/,gf machining solutions management sa,0,1,0,1
https://www.bluevistaprod.com/actualites/showroom-virtuel-gf-machining-solutions/,gf machining solutions suisse,0,1,0,68
https://www.bluevistaprod.com/actualites/showroom-virtuel-gf-machining-solutions/,gfms.com,0,1,0,3
https://www.bluevistaprod.com/actualites/showroom-virtuel-gf-machining-solutions/,machining blue,0,1,0,38
https://www.bluevistaprod.com/actualites/showroom-virtuel-gf-machining-solutions/,showroom gf,0,1,0,10
https://www.bluevistaprod.com/actualites/showroom-virtuel-gf-machining-solutions/,virtuel gf,0,1,0,1
https://www.bluevistaprod.com/actualites/showroom-virtuel-gf-machining-solutions/,virtuel lyon,0,1,0,83
https://www.bluevistaprod.com/actualites/stann/,appstain,0,1,0,10
https://www.bluevistaprod.com/actualites/stann/,devis film entreprise,0,1,0,79
https://www.bluevistaprod.com/actualites/stann/,dtann,0,1,0,10
https://www.bluevistaprod.com/actualites/stann/,savistannn,0,1,0,5
https://www.bluevistaprod.com/actualites/stann/,stan logiciel,0,1,0,20
https://www.bluevistaprod.com/actualites/stann/,stsnn,0,1,0,6
https://www.bluevistaprod.com/actualites/tag/salon/,equita lyon 2019,0,1,0,47
https://www.bluevistaprod.com/actualites/tag/salon/,lyon salon du cheval,0,1,0,98
https://www.bluevistaprod.com/actualites/tag/salon/,salon equita,0,1,0,85
https://www.bluevistaprod.com/actualites/tag/salon/,salon equita lyon,0,1,0,73
https://www.bluevistaprod.com/actualites/tag/salon/,salon equitalyon,0,1,0,85
https://www.bluevistaprod.com/actualites/tag/services/,logiciel mase,0,1,0,96
https://www.bluevistaprod.com/actualites/tag/services/,stann logiciel,0,1,0,34
https://www.bluevistaprod.com/actualites/vercors-les-chemins-de-la-liberte/,film les chemins de la liberté,0,1,0,94
https://www.bluevistaprod.com/actualites/vercors-les-chemins-de-la-liberte/,les chemins de la liberté film,0,1,0,93
https://www.bluevistaprod.com/actualites/vercors-les-chemins-de-la-liberte/,les chemins de la liberté vercors,0,1,0,15
https://www.bluevistaprod.com/actualites/video-immersive-360/,360 immersive experience,0,1,0,10
https://www.bluevistaprod.com/actualites/video-immersive-360/,360 video presentation,0,1,0,12
https://www.bluevistaprod.com/actualites/video-immersive-360/,360 videos,0,1,0,83
https://www.bluevistaprod.com/actualites/video-immersive-360/,4k immersive,0,1,0,10
https://www.bluevistaprod.com/actualites/video-immersive-360/,bluvista.de,0,1,0,6
https://www.bluevistaprod.com/actualites/video-immersive-360/,film 360 vr video,0,1,0,66
https://www.bluevistaprod.com/actualites/video-immersive-360/,film vr360,0,1,0,21
https://www.bluevistaprod.com/actualites/video-immersive-360/,immersive 360 vr,0,1,0,11
https://www.bluevistaprod.com/actualites/video-immersive-360/,immersive definition,0,1,0,68
https://www.bluevistaprod.com/actualites/video-immersive-360/,immersive video experience,0,1,0,8
https://www.bluevistaprod.com/actualites/video-immersive-360/,immersive video meaning,0,1,0,10
https://www.bluevistaprod.com/actualites/video-immersive-360/,immersive vision,0,1,0,10
https://www.bluevistaprod.com/actualites/video-immersive-360/,immersive360,0,1,0,7
https://www.bluevistaprod.com/actualites/video-immersive-360/,video 3d immersive,0,1,0,10
https://www.bluevistaprod.com/actualites/video-immersive-360/,video immersive interactive,0,1,0,9
https://www.bluevistaprod.com/actualites/video-immersive-360/,video x 360,0,1,0,7
https://www.bluevistaprod.com/actualites/video-immersive-360/,video °360,0,1,0,11
https://www.bluevistaprod.com/actualites/video-immersive-360/,videos 360,0,1,0,12
https://www.bluevistaprod.com/actualites/video-immersive-360/,videos en 360,0,1,0,47
https://www.bluevistaprod.com/actualites/video-immersive-360/,vidio 360,0,1,0,51
https://www.bluevistaprod.com/actualites/video-immersive-360/,vidéo 360 formation immersive,0,1,0,25
https://www.bluevistaprod.com/actualites/video-immersive-360/,vidéo immersive 360 degrés entreprise,0,1,0,17
https://www.bluevistaprod.com/actualites/video-immersive-360/,vidéos 360,0,1,0,66
https://www.bluevistaprod.com/actualites/video-immersive-360/,visite virtuelle 360 genève,0,1,0,89
https://www.bluevistaprod.com/actualites/video-immersive-360/,vista 360 camera,0,1,0,8
https://www.bluevistaprod.com/actualites/video-immersive-360/,vr 360 video 3d,0,1,0,40
https://www.bluevistaprod.com/actualites/video-mapping-lyon-intercontinental-grand-hotel-dieu/,dome mapping,0,1,0,12
https://www.bluevistaprod.com/actualites/video-mapping-lyon-intercontinental-grand-hotel-dieu/,tetro lyon,0,1,0,76
https://www.bluevistaprod.com/actualites/video-mapping-lyon-intercontinental-grand-hotel-dieu/,tetro video,0,1,0,56
https://www.bluevistaprod.com/agence/,agence créative genève,0,1,0,96
https://www.bluevistaprod.com/agence/,agence de cinema,0,1,0,1
https://www.bluevistaprod.com/agence/,agence de graphisme,0,1,0,11
https://www.bluevistaprod.com/agence/,agence de graphisme lyon,0,1,0,2
https://www.bluevistaprod.com/agence/,agence de prod,0,1,0,70
https://www.bluevistaprod.com/agence/,agence de production audiovisuelle,0,1,0,2
https://www.bluevistaprod.com/agence/,agence de video,0,1,0,1
https://www.bluevistaprod.com/agence/,agence marketing lyon,0,1,0,1
https://www.bluevistaprod.com/agence/,animation 3d lyon,0,1,0,1
https://www.bluevistaprod.com/agence/,blue prod,0,1,0,92
https://www.bluevistaprod.com/agence/,blue vista capital management,0,1,0,66
https://www.bluevistaprod.com/agence/,bluvista tv,0,1,0,6
https://www.bluevistaprod.com/agence/,boite de prod,0,1,0,1
https://www.bluevistaprod.com/agence/,boite de prod genève,0,1,0,95
https://www.bluevistaprod.com/agence/,boite de production,0,1,0,2
https://www.bluevistaprod.com/agence/,boite de production audiovisuelle lyon,0,1,0,2
https://www.bluevistaprod.com/agence/,boite de production audiovisuelle paris,0,1,0,2
https://www.bluevistaprod.com/agence/,buevista,0,1,0,1
https://www.bluevistaprod.com/agence/,busevista,0,1,0,2
https://www.bluevistaprod.com/agence/,entreprise audiovisuel,0,1,0,2
https://www.bluevistaprod.com/agence/,entreprise de production graphique,0,1,0,2
https://www.bluevistaprod.com/agence/,graphiste lyon,0,1,0,11
https://www.bluevistaprod.com/agence/,graphiste villeurbanne,0,1,0,2
https://www.bluevistaprod.com/agence/,location matériel vidéo lyon,0,1,0,2
https://www.bluevistaprod.com/agence/,medin apartments bluvista,0,1,0,41
https://www.bluevistaprod.com/agence/,montage video lyon,0,1,0,1
https://www.bluevistaprod.com/agence/,production audiovisuel lyon,0,1,0,2
https://www.bluevistaprod.com/agence/,s agence geneve,0,1,0,78
https://www.bluevistaprod.com/agence/,société de production audiovisuelle,0,1,0,1
https://www.bluevistaprod.com/agence/,société de production audiovisuelle lyon,0,1,0,2
https://www.bluevistaprod.com/agence/,société de production cinéma lyon,0,1,0,1
https://www.bluevistaprod.com/agence/,société de production vidéo,0,1,0,1
https://www.bluevistaprod.com/agence/,studio animation 2d lyon,0,1,0,2
https://www.bluevistaprod.com/agence/,studio animation 3d lyon,0,1,0,31
https://www.bluevistaprod.com/agence/,studio d'animation lyon,0,1,0,2
https://www.bluevistaprod.com/agence/,studio tournage lyon,0,1,0,1
https://www.bluevistaprod.com/agence/,videaste lyon,0,1,0,2
https://www.bluevistaprod.com/agence/,vista production,0,1,0,8
https://www.bluevistaprod.com/bluevista-agence-metaverse/,3d vista,0,1,0,38
https://www.bluevistaprod.com/bluevista-agence-metaverse/,agence de développement de réalité mixte,0,1,0,24
https://www.bluevistaprod.com/bluevista-agence-metaverse/,agence de production vidéo ia,0,1,0,51
https://www.bluevistaprod.com/bluevista-agence-metaverse/,agence de voyage réalité virtuelle,0,1,0,87
https://www.bluevistaprod.com/bluevista-agence-metaverse/,buevista,0,1,0,1
https://www.bluevistaprod.com/bluevista-agence-metaverse/,metaverse studios,0,1,0,16
https://www.bluevistaprod.com/bluevista-agence-metaverse/,organiser un événement dans le metaverse,0,1,0,92
https://www.bluevistaprod.com/bluevista-agence-metaverse/,prestataire réalité virtuelle,0,1,0,29
https://www.bluevistaprod.com/bluevista-agence-metaverse/,réalité virtuelle,0,1,0,1
https://www.bluevistaprod.com/bluevista-agence-metaverse/,vardersity,0,1,0,26
https://www.bluevistaprod.com/contact-devis/,blue vista capital management,0,1,0,8
https://www.bluevistaprod.com/contact-devis/,buevista,0,1,0,1
https://www.bluevistaprod.com/contact-devis/,devis suisse,0,1,0,73
https://www.bluevistaprod.com/film-corporate-lyon-depuis-2004/,bluevista,0,1,0,3
https://www.bluevistaprod.com/film-corporate-lyon-depuis-2004/,bos equipement paris,0,1,0,57
https://www.bluevistaprod.com/film-corporate-lyon-depuis-2004/,film entreprise lyon,0,1,0,79
https://www.bluevistaprod.com/film-corporate-lyon-depuis-2004/,réalisation films corporate,0,1,0,87
https://www.bluevistaprod.com/film-d-entreprise-paris-15-ans-d-experience/,15 prod,0,1,0,80
https://www.bluevistaprod.com/film-d-entreprise-paris-15-ans-d-experience/,15 vidéos corporate,0,1,0,35
https://www.bluevistaprod.com/film-d-entreprise-paris-15-ans-d-experience/,agence film institutionnel,0,1,0,83
https://www.bluevistaprod.com/film-d-entreprise-paris-15-ans-d-experience/,agence streaming video paris,0,1,0,94
https://www.bluevistaprod.com/film-d-entreprise-paris-15-ans-d-experience/,agence tetro,0,1,0,27
https://www.bluevistaprod.com/film-d-entreprise-paris-15-ans-d-experience/,agence tournage film événementiel,0,1,0,67
https://www.bluevistaprod.com/film-d-entreprise-paris-15-ans-d-experience/,agences audiovisuelles ile de france,0,1,0,71
https://www.bluevistaprod.com/film-d-entreprise-paris-15-ans-d-experience/,boite de production audiovisuelle paris,0,1,0,2
https://www.bluevistaprod.com/film-d-entreprise-paris-15-ans-d-experience/,devis film entreprise,0,1,0,72
https://www.bluevistaprod.com/film-d-entreprise-paris-15-ans-d-experience/,devis vidéo d'entreprise,0,1,0,87
https://www.bluevistaprod.com/film-d-entreprise-paris-15-ans-d-experience/,film d'entreprise saint nazaire,0,1,0,103
https://www.bluevistaprod.com/film-d-entreprise-paris-15-ans-d-experience/,flim entreprise,0,1,0,13
https://www.bluevistaprod.com/film-d-entreprise-paris-15-ans-d-experience/,production film paris,0,1,0,87
https://www.bluevistaprod.com/film-d-entreprise-paris-15-ans-d-experience/,reportage vidéo entreprise seine-et-marne,0,1,0,84
https://www.bluevistaprod.com/film-d-entreprise-paris-15-ans-d-experience/,réalisation vidéo corporate,0,1,0,43
https://www.bluevistaprod.com/film-d-entreprise-paris-15-ans-d-experience/,tetro agence,0,1,0,28
https://www.bluevistaprod.com/film-d-entreprise-paris-15-ans-d-experience/,tournages vidéos paris,0,1,0,85
https://www.bluevistaprod.com/film-d-entreprise-paris-15-ans-d-experience/,video marketing paris,0,1,0,95
https://www.bluevistaprod.com/film-d-entreprise-paris-15-ans-d-experience/,vidéos d'entreprises. videoproduktion in luxemburg: dokumentarfilme,0,1,0,63
https://www.bluevistaprod.com/film-entreprise-lyon-15-ans-experience/,expérience film,0,1,0,71
https://www.bluevistaprod.com/mentions-legales/,agence marketing lyon,0,1,0,1
https://www.bluevistaprod.com/mentions-legales/,agence video genève,0,1,0,78
https://www.bluevistaprod.com/mentions-legales/,blue vio,0,1,0,56
https://www.bluevistaprod.com/mentions-legales/,blue vista capital management,0,1,0,24
https://www.bluevistaprod.com/mentions-legales/,blue vistas,0,1,0,65
https://www.bluevistaprod.com/mentions-legales/,blue vita,0,1,0,49
https://www.bluevistaprod.com/nos-competences/,blue vista capital,0,1,0,50
https://www.bluevistaprod.com/nos-competences/,bluevista dive,0,1,0,4
https://www.bluevistaprod.com/nos-competences/,live streaming entreprise geneve,0,1,0,11
https://www.bluevistaprod.com/nos-competences/aftermovie-captation-evenementielle/,afrer movie,0,1,0,10
https://www.bluevistaprod.com/nos-competences/aftermovie-captation-evenementielle/,aftee movie,0,1,0,11
https://www.bluevistaprod.com/nos-competences/aftermovie-captation-evenementielle/,aftemovie,0,1,0,9
https://www.bluevistaprod.com/nos-competences/aftermovie-captation-evenementielle/,after mivie,0,1,0,11
https://www.bluevistaprod.com/nos-competences/aftermovie-captation-evenementielle/,after movue,0,1,0,9
https://www.bluevistaprod.com/nos-competences/aftermovie-captation-evenementielle/,aftermov,0,1,0,10
https://www.bluevistaprod.com/nos-competences/aftermovie-captation-evenementielle/,aftermovie or after movie,0,1,0,10
https://www.bluevistaprod.com/nos-competences/aftermovie-captation-evenementielle/,aftermovie soirée brest,0,1,0,21
https://www.bluevistaprod.com/nos-competences/aftermovie-captation-evenementielle/,aftermovie streaming,0,1,0,15
https://www.bluevistaprod.com/nos-competences/aftermovie-captation-evenementielle/,aftermovie traduction,0,1,0,3
https://www.bluevistaprod.com/nos-competences/aftermovie-captation-evenementielle/,aftermovir,0,1,0,9
https://www.bluevistaprod.com/nos-competences/aftermovie-captation-evenementielle/,aftermovue,0,1,0,11
https://www.bluevistaprod.com/nos-competences/aftermovie-captation-evenementielle/,afterovie,0,1,0,10
https://www.bluevistaprod.com/nos-competences/aftermovie-captation-evenementielle/,afyer movie,0,1,0,11
https://www.bluevistaprod.com/nos-competences/aftermovie-captation-evenementielle/,captation d'événements,0,1,0,84
https://www.bluevistaprod.com/nos-competences/aftermovie-captation-evenementielle/,captation événementielle vidéo,0,1,0,42
https://www.bluevistaprod.com/nos-competences/aftermovie-captation-evenementielle/,evenementielle,0,1,0,1
https://www.bluevistaprod.com/nos-competences/aftermovie-captation-evenementielle/,fter movie,0,1,0,9
https://www.bluevistaprod.com/nos-competences/aftermovie-captation-evenementielle/,réaliser un clip aftermovie,0,1,0,24
https://www.bluevistaprod.com/nos-competences/aftermovie-captation-evenementielle/,société de production réalisation clip aftermovie,0,1,0,16
https://www.bluevistaprod.com/nos-competences/aftermovie-captation-evenementielle/,un aftermovie,0,1,0,10
https://www.bluevistaprod.com/nos-competences/aftermovie-captation-evenementielle/,vidéaste événementiel paris,0,1,0,66
https://www.bluevistaprod.com/nos-competences/aftermovie-captation-evenementielle/,vidéo événement entreprise aftermovie,0,1,0,24
https://www.bluevistaprod.com/nos-competences/animation-3d/,3d animations video,0,1,0,100
https://www.bluevistaprod.com/nos-competences/animation-3d/,3d porn videos,0,1,0,66
https://www.bluevistaprod.com/nos-competences/animation-3d/,3d studio animation,0,1,0,43
https://www.bluevistaprod.com/nos-competences/animation-3d/,animation 3d films,0,1,0,93
https://www.bluevistaprod.com/nos-competences/animation-3d/,animation 3d luxe,0,1,0,100
https://www.bluevistaprod.com/nos-competences/animation-3d/,animation 3d photoréaliste lyon,0,1,0,41
https://www.bluevistaprod.com/nos-competences/animation-3d/,animation 3d studio,0,1,0,6
https://www.bluevistaprod.com/nos-competences/animation-3d/,animation and 3d,0,1,0,98
https://www.bluevistaprod.com/nos-competences/animation-3d/,animation studio,0,1,0,84
https://www.bluevistaprod.com/nos-competences/animation-3d/,anime 3d film,0,1,0,99
https://www.bluevistaprod.com/nos-competences/animation-3d/,dessin animé en 3d,0,1,0,63
https://www.bluevistaprod.com/nos-competences/animation-3d/,image 3d animation,0,1,0,93
https://www.bluevistaprod.com/nos-competences/animation-3d/,image animation 3d,0,1,0,87
https://www.bluevistaprod.com/nos-competences/animation-3d/,studio animation 2d lyon,0,1,0,76
https://www.bluevistaprod.com/nos-competences/animation-3d/,studio animation lyon,0,1,0,47
https://www.bluevistaprod.com/nos-competences/animation-3d/,studio d'animation,0,1,0,71
https://www.bluevistaprod.com/nos-competences/animation-3d/,studio d'animation 3d paris,0,1,0,54
https://www.bluevistaprod.com/nos-competences/animation-3d/,studios 3d,0,1,0,96
https://www.bluevistaprod.com/nos-competences/creation-immersive-realite-virtuelle/,concept visite virtuelle,0,1,0,93
https://www.bluevistaprod.com/nos-competences/creation-immersive-realite-virtuelle/,création salon virtuel,0,1,0,50
https://www.bluevistaprod.com/nos-competences/creation-immersive-realite-virtuelle/,diffusion vr,0,1,0,86
https://www.bluevistaprod.com/nos-competences/creation-immersive-realite-virtuelle/,expérience immersive en réalité virtuelle,0,1,0,99
https://www.bluevistaprod.com/nos-competences/creation-immersive-realite-virtuelle/,immersion 3d,0,1,0,69
https://www.bluevistaprod.com/nos-competences/creation-immersive-realite-virtuelle/,realite augmenté b2b vr,0,1,0,99
https://www.bluevistaprod.com/nos-competences/creation-immersive-realite-virtuelle/,réalité virtuelle vidéo entreprise,0,1,0,24
https://www.bluevistaprod.com/nos-competences/creation-immersive-realite-virtuelle/,showroom vr,0,1,0,40
https://www.bluevistaprod.com/nos-competences/creation-immersive-realite-virtuelle/,virtual 360,0,1,0,53
https://www.bluevistaprod.com/nos-competences/creation-immersive-realite-virtuelle/,virtual reality creation,0,1,0,13
https://www.bluevistaprod.com/nos-competences/creation-immersive-realite-virtuelle/,vision virtuelle,0,1,0,86
https://www.bluevistaprod.com/nos-competences/creation-immersive-realite-virtuelle/,vr immersive,0,1,0,61
https://www.bluevistaprod.com/nos-competences/creation-immersive-realite-virtuelle/,vr immersive experience,0,1,0,43
https://www.bluevistaprod.com/nos-competences/creation-immersive-realite-virtuelle/,vr showroom,0,1,0,57
https://www.bluevistaprod.com/nos-competences/live-streaming-webtv/,blue live stream,0,1,0,6
https://www.bluevistaprod.com/nos-competences/live-streaming-webtv/,bluevista tv,0,1,0,10
https://www.bluevistaprod.com/nos-competences/live-streaming-webtv/,broadcasting streaming,0,1,0,101
https://www.bluevistaprod.com/nos-competences/live-streaming-webtv/,creation web tv,0,1,0,88
https://www.bluevistaprod.com/nos-competences/live-streaming-webtv/,diffusion live streaming,0,1,0,95
https://www.bluevistaprod.com/nos-competences/live-streaming-webtv/,diffusion video en direct,0,1,0,97
https://www.bluevistaprod.com/nos-competences/live-streaming-webtv/,direct web tv,0,1,0,61
https://www.bluevistaprod.com/nos-competences/live-streaming-webtv/,diretta web tv,0,1,0,11
https://www.bluevistaprod.com/nos-competences/live-streaming-webtv/,internet video broadcasting,0,1,0,94
https://www.bluevistaprod.com/nos-competences/live-streaming-webtv/,live streaming,0,1,0,101
https://www.bluevistaprod.com/nos-competences/live-streaming-webtv/,live tv diffusions,0,1,0,50
https://www.bluevistaprod.com/nos-competences/live-streaming-webtv/,plateforme live streaming,0,1,0,46
https://www.bluevistaprod.com/nos-competences/live-streaming-webtv/,streaming foot,0,1,0,65
https://www.bluevistaprod.com/nos-competences/live-streaming-webtv/,tv live web,0,1,0,55
https://www.bluevistaprod.com/nos-competences/live-streaming-webtv/,vidéo live streaming,0,1,0,92
https://www.bluevistaprod.com/nos-competences/live-streaming-webtv/,web live tv streaming,0,1,0,25
https://www.bluevistaprod.com/nos-competences/live-streaming-webtv/,web streaming video,0,1,0,79
https://www.bluevistaprod.com/nos-competences/live-streaming-webtv/,web tv entv,0,1,0,1
https://www.bluevistaprod.com/nos-competences/live-streaming-webtv/,web tv internet,0,1,0,67
https://www.bluevistaprod.com/nos-competences/motion-design/,@motiondesigners.2d,0,1,0,43
https://www.bluevistaprod.com/nos-competences/motion-design/,abbox,0,1,0,37
https://www.bluevistaprod.com/nos-competences/motion-design/,agence d'animation,0,1,0,90
https://www.bluevistaprod.com/nos-competences/motion-design/,agence graphisme design motion ille et vilaine,0,1,0,96
https://www.bluevistaprod.com/nos-competences/motion-design/,agence motion design casablnca,0,1,0,95
https://www.bluevistaprod.com/nos-competences/motion-design/,agence motion design france,0,1,0,113
https://www.bluevistaprod.com/nos-competences/motion-design/,agence motion design givors,0,1,0,63
https://www.bluevistaprod.com/nos-competences/motion-design/,agence motion design montreal,0,1,0,56
https://www.bluevistaprod.com/nos-competences/motion-design/,agence motion design nice,0,1,0,50
https://www.bluevistaprod.com/nos-competences/motion-design/,agence motion design saint etienne,0,1,0,46
https://www.bluevistaprod.com/nos-competences/motion-design/,agence motion design vendée,0,1,0,101
https://www.bluevistaprod.com/nos-competences/motion-design/,agence vidéo & motion design,0,1,0,94
https://www.bluevistaprod.com/nos-competences/motion-design/,agence vidéo motion design orléans,0,1,0,94
https://www.bluevistaprod.com/nos-competences/motion-design/,animated video design,0,1,0,84
https://www.bluevistaprod.com/nos-competences/motion-design/,animation and design,0,1,0,71
https://www.bluevistaprod.com/nos-competences/motion-design/,animation and film design,0,1,0,47
https://www.bluevistaprod.com/nos-competences/motion-design/,animation designer,0,1,0,71
https://www.bluevistaprod.com/nos-competences/motion-design/,animation designers,0,1,0,90
https://www.bluevistaprod.com/nos-competences/motion-design/,animation motion design entreprise,0,1,0,56
https://www.bluevistaprod.com/nos-competences/motion-design/,animation video agency,0,1,0,80
https://www.bluevistaprod.com/nos-competences/motion-design/,blue e motion,0,1,0,81
https://www.bluevistaprod.com/nos-competences/motion-design/,caddis motion design,0,1,0,37
https://www.bluevistaprod.com/nos-competences/motion-design/,creative motion design,0,1,0,44
https://www.bluevistaprod.com/nos-competences/motion-design/,design and motion,0,1,0,57
https://www.bluevistaprod.com/nos-competences/motion-design/,designer animated,0,1,0,28
https://www.bluevistaprod.com/nos-competences/motion-design/,designer animation,0,1,0,77
https://www.bluevistaprod.com/nos-competences/motion-design/,exemple devis motion design,0,1,0,52
https://www.bluevistaprod.com/nos-competences/motion-design/,film d entreprise motion design,0,1,0,65
https://www.bluevistaprod.com/nos-competences/motion-design/,how to design video,0,1,0,55
https://www.bluevistaprod.com/nos-competences/motion-design/,jérôme jomie | motion design 2d & 3d clichy,0,1,0,15
https://www.bluevistaprod.com/nos-competences/motion-design/,meilleure agence motion design,0,1,0,57
https://www.bluevistaprod.com/nos-competences/motion-design/,motion design agencies,0,1,0,96
https://www.bluevistaprod.com/nos-competences/motion-design/,motion design corporate,0,1,0,98
https://www.bluevistaprod.com/nos-competences/motion-design/,motion design immobilier,0,1,0,46
https://www.bluevistaprod.com/nos-competences/motion-design/,motion design nice,0,1,0,71
https://www.bluevistaprod.com/nos-competences/motion-design/,motion design presentation,0,1,0,80
https://www.bluevistaprod.com/nos-competences/motion-design/,motion design présentation entreprise,0,1,0,62
https://www.bluevistaprod.com/nos-competences/motion-design/,motion design pub,0,1,0,92
https://www.bluevistaprod.com/nos-competences/motion-design/,motion design pédagogique entreprise,0,1,0,67
https://www.bluevistaprod.com/nos-competences/motion-design/,motion design studio milano,0,1,0,52
https://www.bluevistaprod.com/nos-competences/motion-design/,motion designer connu,0,1,0,70
https://www.bluevistaprod.com/nos-competences/motion-design/,motion designers givors,0,1,0,42
https://www.bluevistaprod.com/nos-competences/motion-design/,motion designs,0,1,0,85
https://www.bluevistaprod.com/nos-competences/motion-design/,motion graphic design studio,0,1,0,96
https://www.bluevistaprod.com/nos-competences/motion-design/,motion graphic studio,0,1,0,69
https://www.bluevistaprod.com/nos-competences/motion-design/,motion graphics design studio,0,1,0,92
https://www.bluevistaprod.com/nos-competences/motion-design/,motion video design,0,1,0,29
https://www.bluevistaprod.com/nos-competences/motion-design/,motion vista,0,1,0,8
https://www.bluevistaprod.com/nos-competences/motion-design/,prix vidéo motion design,0,1,0,92
https://www.bluevistaprod.com/nos-competences/motion-design/,production design animation,0,1,0,93
https://www.bluevistaprod.com/nos-competences/motion-design/,service illigo engie,0,1,0,40
https://www.bluevistaprod.com/nos-competences/motion-design/,video design agence,0,1,0,99
https://www.bluevistaprod.com/nos-competences/motion-design/,videographer animation,0,1,0,43
https://www.bluevistaprod.com/nos-competences/motion-design/,vistaprod.net,0,1,0,63
https://www.bluevistaprod.com/nos-competences/motion-design/,waygoo,0,1,0,14
https://www.bluevistaprod.com/nos-competences/studio-fond-vert-compositing/,cyclo fond vert,0,1,0,78
https://www.bluevistaprod.com/nos-competences/studio-fond-vert-compositing/,micro fond vert,0,1,0,101
https://www.bluevistaprod.com/nos-competences/video-aerienne-drone/,360 video drone,0,1,0,57
https://www.bluevistaprod.com/nos-competences/video-aerienne-drone/,audiovisuel drone toulouse,0,1,0,21
https://www.bluevistaprod.com/nos-competences/video-aerienne-drone/,bedrijfsfilm met drone,0,1,0,35
https://www.bluevistaprod.com/nos-competences/video-aerienne-drone/,commercial drone videography,0,1,0,93
https://www.bluevistaprod.com/nos-competences/video-aerienne-drone/,création vidéo drone bordeaux,0,1,0,100
https://www.bluevistaprod.com/nos-competences/video-aerienne-drone/,drone,0,1,0,59
https://www.bluevistaprod.com/nos-competences/video-aerienne-drone/,drone bedrijfsfilm,0,1,0,28
https://www.bluevistaprod.com/nos-competences/video-aerienne-drone/,drone photographie aérienne,0,1,0,19
https://www.bluevistaprod.com/nos-competences/video-aerienne-drone/,drone video production,0,1,0,96
https://www.bluevistaprod.com/nos-competences/video-aerienne-drone/,drone vidéo prix,0,1,0,56
https://www.bluevistaprod.com/nos-competences/video-aerienne-drone/,drone visuals,0,1,0,35
https://www.bluevistaprod.com/nos-competences/video-aerienne-drone/,imagerie aérienne drone,0,1,0,65
https://www.bluevistaprod.com/nos-competences/video-aerienne-drone/,koesio carre senart,0,1,0,10
https://www.bluevistaprod.com/nos-competences/video-aerienne-drone/,prestation drone fpv,0,1,0,12
https://www.bluevistaprod.com/nos-competences/video-aerienne-drone/,prise de vue aérienne par drone,0,1,0,59
https://www.bluevistaprod.com/nos-competences/video-aerienne-drone/,prise de vues aeriennes drone,0,1,0,48
https://www.bluevistaprod.com/nos-competences/video-aerienne-drone/,production vidéo par drone haute-loire,0,1,0,48
https://www.bluevistaprod.com/nos-competences/video-aerienne-drone/,réalisation photos videos drone,0,1,0,78
https://www.bluevistaprod.com/nos-competences/video-aerienne-drone/,réalisation vidéo drone,0,1,0,61
https://www.bluevistaprod.com/nos-competences/video-aerienne-drone/,veo drone,0,1,0,10
https://www.bluevistaprod.com/nos-competences/video-aerienne-drone/,video avec drone,0,1,0,49
https://www.bluevistaprod.com/nos-competences/video-aerienne-drone/,vidéo 360 genève,0,1,0,21
https://www.bluevistaprod.com/nos-competences/video-aerienne-drone/,vidéo au drone fpv,0,1,0,74
https://www.bluevistaprod.com/nos-competences/video-aerienne-drone/,vidéo drone entreprise 4k,0,1,0,27
https://www.bluevistaprod.com/nos-competences/video-aerienne-drone/,vidéo drone laval,0,1,0,94
https://www.bluevistaprod.com/nos-competences/video-aerienne-drone/,vidéo drône,0,1,0,99
https://www.bluevistaprod.com/nos-competences/video-aerienne-drone/,vidéos de drone,0,1,0,73
https://www.bluevistaprod.com/nos-competences/video-aerienne-drone/,visualdrone,0,1,0,11
https://www.bluevistaprod.com/nos-competences/video-corporate-film-dentreprise/,agence film corporate lyon,0,1,0,20
https://www.bluevistaprod.com/nos-competences/video-corporate-film-dentreprise/,agence vidéo corporate immobilier france,0,1,0,18
https://www.bluevistaprod.com/nos-competences/video-corporate-film-dentreprise/,agence vidéo corporate industrie paris,0,1,0,17
https://www.bluevistaprod.com/nos-competences/video-corporate-film-dentreprise/,agence vidéo corporate santé france,0,1,0,40
https://www.bluevistaprod.com/nos-competences/video-corporate-film-dentreprise/,agence vidéo corporate santé lyon,0,1,0,25
https://www.bluevistaprod.com/nos-competences/video-corporate-film-dentreprise/,agence vidéo d⠹entreprise à paris,0,1,0,38
https://www.bluevistaprod.com/nos-competences/video-corporate-film-dentreprise/,agence vidéo entreprise,0,1,0,96
https://www.bluevistaprod.com/nos-competences/video-corporate-film-dentreprise/,agence vidéo yvelines,0,1,0,45
https://www.bluevistaprod.com/nos-competences/video-corporate-film-dentreprise/,clip corporate,0,1,0,74
https://www.bluevistaprod.com/nos-competences/video-corporate-film-dentreprise/,corporate film examples,0,1,0,56
https://www.bluevistaprod.com/nos-competences/video-corporate-film-dentreprise/,corporate film production company,0,1,0,46
https://www.bluevistaprod.com/nos-competences/video-corporate-film-dentreprise/,corporate mp4 movies,0,1,0,66
https://www.bluevistaprod.com/nos-competences/video-corporate-film-dentreprise/,corporate new films,0,1,0,22
https://www.bluevistaprod.com/nos-competences/video-corporate-film-dentreprise/,corporate new video,0,1,0,138
https://www.bluevistaprod.com/nos-competences/video-corporate-film-dentreprise/,corporate production video,0,1,0,27
https://www.bluevistaprod.com/nos-competences/video-corporate-film-dentreprise/,corporate video films,0,1,0,64
https://www.bluevistaprod.com/nos-competences/video-corporate-film-dentreprise/,corporate video making company,0,1,0,86
https://www.bluevistaprod.com/nos-competences/video-corporate-film-dentreprise/,corporate video production europe,0,1,0,67
https://www.bluevistaprod.com/nos-competences/video-corporate-film-dentreprise/,corporate video production france,0,1,0,47
https://www.bluevistaprod.com/nos-competences/video-corporate-film-dentreprise/,corporate video production service,0,1,0,28
https://www.bluevistaprod.com/nos-competences/video-corporate-film-dentreprise/,corporate video production services,0,1,0,14
https://www.bluevistaprod.com/nos-competences/video-corporate-film-dentreprise/,corporate video produktion,0,1,0,98
https://www.bluevistaprod.com/nos-competences/video-corporate-film-dentreprise/,corporate videographers,0,1,0,57
https://www.bluevistaprod.com/nos-competences/video-corporate-film-dentreprise/,custom corporate film,0,1,0,49
https://www.bluevistaprod.com/nos-competences/video-corporate-film-dentreprise/,devis film d'entreprise,0,1,0,31
https://www.bluevistaprod.com/nos-competences/video-corporate-film-dentreprise/,entreprise video,0,1,0,26
https://www.bluevistaprod.com/nos-competences/video-corporate-film-dentreprise/,entreprise vidéo strasbourg,0,1,0,46
https://www.bluevistaprod.com/nos-competences/video-corporate-film-dentreprise/,faire un film d'entreprise réunion,0,1,0,37
https://www.bluevistaprod.com/nos-competences/video-corporate-film-dentreprise/,film corporate troyes,0,1,0,78
https://www.bluevistaprod.com/nos-competences/video-corporate-film-dentreprise/,film d'entreprise sur mesure,0,1,0,32
https://www.bluevistaprod.com/nos-competences/video-corporate-film-dentreprise/,film de communication,0,1,0,32
https://www.bluevistaprod.com/nos-competences/video-corporate-film-dentreprise/,film entreprise paris,0,1,0,88
https://www.bluevistaprod.com/nos-competences/video-corporate-film-dentreprise/,grossiste video,0,1,0,20
https://www.bluevistaprod.com/nos-competences/video-corporate-film-dentreprise/,prestation vidéo entreprise,0,1,0,86
https://www.bluevistaprod.com/nos-competences/video-corporate-film-dentreprise/,prix vidéo corporate,0,1,0,73
https://www.bluevistaprod.com/nos-competences/video-corporate-film-dentreprise/,production film entreprise,0,1,0,92
https://www.bluevistaprod.com/nos-competences/video-corporate-film-dentreprise/,production video corporate,0,1,0,37
https://www.bluevistaprod.com/nos-competences/video-corporate-film-dentreprise/,production video entreprise,0,1,0,57
https://www.bluevistaprod.com/nos-competences/video-corporate-film-dentreprise/,production vidéo corporatif,0,1,0,72
https://www.bluevistaprod.com/nos-competences/video-corporate-film-dentreprise/,production vidéo entreprise,0,1,0,42
https://www.bluevistaprod.com/nos-competences/video-corporate-film-dentreprise/,réalisation film corporate,0,1,0,29
https://www.bluevistaprod.com/nos-competences/video-corporate-film-dentreprise/,services vidéo de qualité,0,1,0,27
https://www.bluevistaprod.com/nos-competences/video-corporate-film-dentreprise/,societé de production vidéo,0,1,0,54
https://www.bluevistaprod.com/nos-competences/video-corporate-film-dentreprise/,société vidéo réunion,0,1,0,49
https://www.bluevistaprod.com/nos-competences/video-corporate-film-dentreprise/,spécialiste vidéo entreprise réunion,0,1,0,43
https://www.bluevistaprod.com/nos-competences/video-corporate-film-dentreprise/,videaste corporate lille,0,1,0,45
https://www.bluevistaprod.com/nos-competences/video-corporate-film-dentreprise/,video agency,0,1,0,98
https://www.bluevistaprod.com/nos-competences/video-corporate-film-dentreprise/,video corporate cotes d'armor,0,1,0,38
https://www.bluevistaprod.com/nos-competences/video-corporate-film-dentreprise/,video corporate entreprise haute garonne,0,1,0,61
https://www.bluevistaprod.com/nos-competences/video-corporate-film-dentreprise/,video corporate jura,0,1,0,59
https://www.bluevistaprod.com/nos-competences/video-corporate-film-dentreprise/,video corporate montpellier,0,1,0,48
https://www.bluevistaprod.com/nos-competences/video-corporate-film-dentreprise/,video corporativo,0,1,0,60
https://www.bluevistaprod.com/nos-competences/video-corporate-film-dentreprise/,video entreprise paris,0,1,0,211
https://www.bluevistaprod.com/nos-competences/video-corporate-film-dentreprise/,video production company,0,1,0,48
https://www.bluevistaprod.com/nos-competences/video-corporate-film-dentreprise/,vidéaste corporate annecy,0,1,0,48
https://www.bluevistaprod.com/nos-competences/video-corporate-film-dentreprise/,vidéaste d'entreprise genève,0,1,0,41
https://www.bluevistaprod.com/nos-competences/video-corporate-film-dentreprise/,vidéaste film entreprise,0,1,0,41
https://www.bluevistaprod.com/nos-competences/video-corporate-film-dentreprise/,vidéo corporate efficace marne la vallée,0,1,0,10
https://www.bluevistaprod.com/nos-competences/video-corporate-film-dentreprise/,vidéo corporate formation professionnelle,0,1,0,88
https://www.bluevistaprod.com/nos-competences/video-corporate-film-dentreprise/,vidéo corporate industrie,0,1,0,100
https://www.bluevistaprod.com/nos-competences/video-corporate-film-dentreprise/,vidéo corporate industrie lyon,0,1,0,24
https://www.bluevistaprod.com/nos-competences/video-corporate-film-dentreprise/,vidéo corporate savoie,0,1,0,44
https://www.bluevistaprod.com/nos-competences/video-corporate-film-dentreprise/,vidéo corporate secteur industriel,0,1,0,58
https://www.bluevistaprod.com/nos-competences/video-corporate-film-dentreprise/,vidéo institutionnelle entreprise,0,1,0,97
https://www.bluevistaprod.com/nos-competences/video-mapping/,agence vidéo genève,0,1,0,51
https://www.bluevistaprod.com/nos-competences/video-mapping/,animation architecture,0,1,0,5
https://www.bluevistaprod.com/nos-competences/video-mapping/,facade mapping,0,1,0,8
https://www.bluevistaprod.com/nos-competences/video-mapping/,film mapping,0,1,0,32
https://www.bluevistaprod.com/nos-competences/video-mapping/,formation video mapping,0,1,0,94
https://www.bluevistaprod.com/nos-competences/video-mapping/,mapping design,0,1,0,97
https://www.bluevistaprod.com/nos-competences/video-mapping/,mapping spectacle,0,1,0,92
https://www.bluevistaprod.com/nos-competences/video-mapping/,mapping sur facade,0,1,0,10
https://www.bluevistaprod.com/nos-competences/video-mapping/,mapping teuf,0,1,0,64
https://www.bluevistaprod.com/nos-competences/video-mapping/,mapping vidéo marseille,0,1,0,23
https://www.bluevistaprod.com/nos-competences/video-mapping/,prestataire animation vidéo france,0,1,0,38
https://www.bluevistaprod.com/nos-competences/video-mapping/,produzione video mapping,0,1,0,12
https://www.bluevistaprod.com/nos-competences/video-mapping/,que es el video mapping,0,1,0,31
https://www.bluevistaprod.com/nos-competences/video-mapping/,video mapping eventos,0,1,0,24
https://www.bluevistaprod.com/nos-competences/video-mapping/,video mapping installation,0,1,0,7
https://www.bluevistaprod.com/nos-competences/video-mapping/,video mapping montreal,0,1,0,44
https://www.bluevistaprod.com/nos-competences/video-mapping/,video projection mapping,0,1,0,82
https://www.bluevistaprod.com/nos-competences/video-mapping/,videomappings,0,1,0,7
https://www.bluevistaprod.com/nos-competences/video-mapping/,videos mapping,0,1,0,10
https://www.bluevistaprod.com/nos-competences/video-mapping/,vidéo évènementiel genève,0,1,0,33
https://www.bluevistaprod.com/nos-realisations/,assisqual,0,1,0,40
https://www.bluevistaprod.com/nos-realisations/,blu vista,0,1,0,9
https://www.bluevistaprod.com/nos-realisations/,blue vista chicago,0,1,0,2
https://www.bluevistaprod.com/nos-realisations/,blue vista marine,0,1,0,8
https://www.bluevistaprod.com/nos-realisations/,blue vista official website,0,1,0,3
https://www.bluevistaprod.com/nos-realisations/,buena vista creative,0,1,0,46
https://www.bluevistaprod.com/nos-realisations/,buevista,0,1,0,1
https://www.bluevistaprod.com/nos-realisations/,medin apartments bluvista,0,1,0,33
https://www.bluevistaprod.com/nos-realisations/,pmwigvista,0,1,0,8
https://www.bluevistaprod.com/nos-realisations/,tetro agence,0,1,0,70
https://www.bluevistaprod.com/nos-realisations/,vista blue,0,1,0,10
https://www.bluevistaprod.com/nos-realisations/,waygoo,0,1,0,59
https://www.bluevistaprod.com/nos-realisations/abb-af-contactor/,contacteur abb af,0,1,0,19
https://www.bluevistaprod.com/nos-realisations/abb-snk-3d-industrie/,snk 3d,0,1,0,1
https://www.bluevistaprod.com/nos-realisations/abb-snk-3d-solaire/,snk animation,0,1,0,53
https://www.bluevistaprod.com/nos-realisations/abb-snk-3d-solaire/,snk studio d'animation,0,1,0,43
https://www.bluevistaprod.com/nos-realisations/amplitude-amplivision/,aamplitude,0,1,0,65
https://www.bluevistaprod.com/nos-realisations/amplitude-amplivision/,amplitude contact,0,1,0,82
https://www.bluevistaprod.com/nos-realisations/amplitude-amplivision/,amplitude france,0,1,0,26
https://www.bluevistaprod.com/nos-realisations/amplitude-amplivision/,amplitude pc,0,1,0,48
https://www.bluevistaprod.com/nos-realisations/amplitude-amplivision/,amplitude société,0,1,0,98
https://www.bluevistaprod.com/nos-realisations/amplitude-amplivision/,aplitude,0,1,0,58
https://www.bluevistaprod.com/nos-realisations/amplitude-voeux-2024/,amplitude contact,0,1,0,84
https://www.bluevistaprod.com/nos-realisations/amplitude-voeux-2024/,amplitudes 2023,0,1,0,77
https://www.bluevistaprod.com/nos-realisations/araymond-share/,devis motion design,0,1,0,94
https://www.bluevistaprod.com/nos-realisations/araymond-share/,share,0,1,0,61
https://www.bluevistaprod.com/nos-realisations/arrow-abox-memo/,3d arrow animation,0,1,0,9
https://www.bluevistaprod.com/nos-realisations/arrow-abox-memo/,abbox,0,1,0,31
https://www.bluevistaprod.com/nos-realisations/arrow-abox-memo/,abox 2025,0,1,0,5
https://www.bluevistaprod.com/nos-realisations/arrow-abox-memo/,abox memo,0,1,0,11
https://www.bluevistaprod.com/nos-realisations/arrow-abox-memo/,arrow contact,0,1,0,45
https://www.bluevistaprod.com/nos-realisations/arrow-abox-memo/,arrow lyon,0,1,0,75
https://www.bluevistaprod.com/nos-realisations/arrow-abox-memo/,arrows 3d,0,1,0,84
https://www.bluevistaprod.com/nos-realisations/arrow-abox-memo/,memo animation,0,1,0,91
https://www.bluevistaprod.com/nos-realisations/arrow-abox-memo/,presentation memo,0,1,0,87
https://www.bluevistaprod.com/nos-realisations/artcurial-mapping/,mapping artist,0,1,0,72
https://www.bluevistaprod.com/nos-realisations/assisqual/,devis motion design,0,1,0,48
https://www.bluevistaprod.com/nos-realisations/bbgr-360/,bbgr pro,0,1,0,36
https://www.bluevistaprod.com/nos-realisations/bbgr-360/,bbgr provins adresse,0,1,0,77
https://www.bluevistaprod.com/nos-realisations/bbgr-360/,usine bbgr,0,1,0,22
https://www.bluevistaprod.com/nos-realisations/bbgr-360/,verre optique bbgr,0,1,0,59
https://www.bluevistaprod.com/nos-realisations/bbgr-360/,verres optiques bbgr,0,1,0,89
https://www.bluevistaprod.com/nos-realisations/bluevista-creative-la-pizza/,blue pizza,0,1,0,38
https://www.bluevistaprod.com/nos-realisations/bluevista-creative-la-pizza/,film d'entreprise genève,0,1,0,1
https://www.bluevistaprod.com/nos-realisations/bluevista-creative-la-pizza/,pizza 250312,0,1,0,6
https://www.bluevistaprod.com/nos-realisations/bluevista-creative-la-pizza/,vista blue,0,1,0,103
https://www.bluevistaprod.com/nos-realisations/bluevista-creative-un-monde-virtuel-1-la-moto/,agence réalité virtuelle lyon,0,1,0,67
https://www.bluevistaprod.com/nos-realisations/bluevista-creative-un-monde-virtuel-1-la-moto/,moto creative,0,1,0,10
https://www.bluevistaprod.com/nos-realisations/bluevista-creative-un-monde-virtuel-1-la-moto/,un monde virtuel,0,1,0,48
https://www.bluevistaprod.com/nos-realisations/bluevista-creative-un-monde-virtuel-1-la-moto/,vista moto,0,1,0,6
https://www.bluevistaprod.com/nos-realisations/bluevista-creative-une-vraie-equipe-2-la-diversite/,une vraie equipe,0,1,0,4
https://www.bluevistaprod.com/nos-realisations/bluevista-creative-unicorn-team/,bloviste,0,1,0,8
https://www.bluevistaprod.com/nos-realisations/bluevista-creative-unicorn-team/,blue unicorns,0,1,0,70
https://www.bluevistaprod.com/nos-realisations/bluevista-creative-unicorn-team/,bluevista lyon,0,1,0,6
https://www.bluevistaprod.com/nos-realisations/bluevista-motion-design/,bluevista,0,1,0,8
https://www.bluevistaprod.com/nos-realisations/bluevista-showreel-2025/,kinovista,0,1,0,16
https://www.bluevistaprod.com/nos-realisations/bluevista-showreel-2025/,luxury video agency geneva,0,1,0,89
https://www.bluevistaprod.com/nos-realisations/bluevista-showreel-2025/,marvista,0,1,0,32
https://www.bluevistaprod.com/nos-realisations/cemoi-a-360/,cemoi.fr,0,1,0,32
https://www.bluevistaprod.com/nos-realisations/cemoi-a-360/,cemoia,0,1,0,10
https://www.bluevistaprod.com/nos-realisations/cemoi-a-360/,videos 3d vr 360,0,1,0,49
https://www.bluevistaprod.com/nos-realisations/cera-agence-innovation/,agence innova,0,1,0,42
https://www.bluevistaprod.com/nos-realisations/cera-agence-innovation/,la cera,0,1,0,7
https://www.bluevistaprod.com/nos-realisations/cisco-1/,5g cisco,0,1,0,68
https://www.bluevistaprod.com/nos-realisations/cisco-1/,5g design,0,1,0,91
https://www.bluevistaprod.com/nos-realisations/cisco-1/,cisco and 5g,0,1,0,65
https://www.bluevistaprod.com/nos-realisations/cisco-1/,cisco movi,0,1,0,41
https://www.bluevistaprod.com/nos-realisations/clasquin-convention-2024/,fooh ia,0,1,0,101
https://www.bluevistaprod.com/nos-realisations/deko-film-de-presentation/,banche deko,0,1,0,40
https://www.bluevistaprod.com/nos-realisations/deko-film-de-presentation/,louma grue,0,1,0,83
https://www.bluevistaprod.com/nos-realisations/deko-film-de-presentation/,panneau deko coffrage,0,1,0,82
https://www.bluevistaprod.com/nos-realisations/dromis-equans-ineo/,agence ineo,0,1,0,41
https://www.bluevistaprod.com/nos-realisations/dromis-equans-ineo/,ce ineo,0,1,0,74
https://www.bluevistaprod.com/nos-realisations/dromis-equans-ineo/,equans ineo,0,1,0,70
https://www.bluevistaprod.com/nos-realisations/dromis-equans-ineo/,ineo chambery,0,1,0,15
https://www.bluevistaprod.com/nos-realisations/dromis-equans-ineo/,ineo consult,0,1,0,11
https://www.bluevistaprod.com/nos-realisations/dromis-equans-ineo/,ineo entreprise,0,1,0,90
https://www.bluevistaprod.com/nos-realisations/dromis-equans-ineo/,ineo equans logo,0,1,0,75
https://www.bluevistaprod.com/nos-realisations/dromis-equans-ineo/,ineo medis,0,1,0,12
https://www.bluevistaprod.com/nos-realisations/dromis-equans-ineo/,ineo nanterre,0,1,0,11
https://www.bluevistaprod.com/nos-realisations/dromis-equans-ineo/,ineo uts,0,1,0,23
https://www.bluevistaprod.com/nos-realisations/dromis-equans-ineo/,logo ineo equans,0,1,0,67
https://www.bluevistaprod.com/nos-realisations/e-xpert-solutions-aftermovie-ecd-2022/,e-xpert,0,1,0,58
https://www.bluevistaprod.com/nos-realisations/e-xpert-solutions-devsecops/,e-xpert solutions,0,1,0,17
https://www.bluevistaprod.com/nos-realisations/e-xpert-solutions-ecd/,e-xpert,0,1,0,20
https://www.bluevistaprod.com/nos-realisations/eiffage-energie-expercite/,effiage,0,1,0,44
https://www.bluevistaprod.com/nos-realisations/eiffage-energie-expercite/,eiffage conscytec,0,1,0,35
https://www.bluevistaprod.com/nos-realisations/eiffage-energie-expercite/,eiffage siège social téléphone,0,1,0,12
https://www.bluevistaprod.com/nos-realisations/eiffage-energie-expercite/,equcity,0,1,0,54
https://www.bluevistaprod.com/nos-realisations/eiffage-energie-expercite/,expertiece,0,1,0,12
https://www.bluevistaprod.com/nos-realisations/eiffage-energie-expercite/,expertraite,0,1,0,3
https://www.bluevistaprod.com/nos-realisations/eiffage-energie-expercite/,exsite,0,1,0,51
https://www.bluevistaprod.com/nos-realisations/engie-home-services-video-thermostat-migo/,"""engie home services"" -site:corporama.com -site:verif.com -site:manageo.fr -site:bilansgratuits.fr -site:societe.com -site:kompass.com -site:lefigaro.fr -site:data.gouv.fr -site:pappers.fr -site:score3.fr -site:rocketlead.fr",0,1,0,87
https://www.bluevistaprod.com/nos-realisations/engie-home-services-video-thermostat-migo/,agence engie home services,0,1,0,13
https://www.bluevistaprod.com/nos-realisations/engie-home-services-video-thermostat-migo/,bulex migo,0,1,0,86
https://www.bluevistaprod.com/nos-realisations/engie-home-services-video-thermostat-migo/,connecter engie,0,1,0,8
https://www.bluevistaprod.com/nos-realisations/engie-home-services-video-thermostat-migo/,engie geneve,0,1,0,26
https://www.bluevistaprod.com/nos-realisations/engie-home-services-video-thermostat-migo/,engie home service chaudière,0,1,0,4
https://www.bluevistaprod.com/nos-realisations/engie-home-services-video-thermostat-migo/,engie mobile,0,1,0,100
https://www.bluevistaprod.com/nos-realisations/engie-home-services-video-thermostat-migo/,engie programmateur chauffage,0,1,0,10
https://www.bluevistaprod.com/nos-realisations/engie-home-services-video-thermostat-migo/,engie thermostaat,0,1,0,43
https://www.bluevistaprod.com/nos-realisations/engie-home-services-video-thermostat-migo/,engie wifi,0,1,0,1
https://www.bluevistaprod.com/nos-realisations/engie-home-services-video-thermostat-migo/,hom video,0,1,0,67
https://www.bluevistaprod.com/nos-realisations/engie-home-services-video-thermostat-migo/,home service video,0,1,0,10
https://www.bluevistaprod.com/nos-realisations/engie-home-services-video-thermostat-migo/,home services,0,1,0,9
https://www.bluevistaprod.com/nos-realisations/engie-home-services-video-thermostat-migo/,home services engie,0,1,0,95
https://www.bluevistaprod.com/nos-realisations/engie-home-services-video-thermostat-migo/,installation engie,0,1,0,77
https://www.bluevistaprod.com/nos-realisations/engie-home-services-video-thermostat-migo/,link 2025 engie,0,1,0,1
https://www.bluevistaprod.com/nos-realisations/engie-home-services-video-thermostat-migo/,link engie,0,1,0,7
https://www.bluevistaprod.com/nos-realisations/engie-home-services-video-thermostat-migo/,m8go,0,1,0,6
https://www.bluevistaprod.com/nos-realisations/engie-home-services-video-thermostat-migo/,migo home assistant,0,1,0,45
https://www.bluevistaprod.com/nos-realisations/engie-home-services-video-thermostat-migo/,migo link manual,0,1,0,6
https://www.bluevistaprod.com/nos-realisations/engie-home-services-video-thermostat-migo/,migo saunier duval,0,1,0,68
https://www.bluevistaprod.com/nos-realisations/engie-home-services-video-thermostat-migo/,migo select saunier duval,0,1,0,4
https://www.bluevistaprod.com/nos-realisations/engie-home-services-video-thermostat-migo/,migo service,0,1,0,8
https://www.bluevistaprod.com/nos-realisations/engie-home-services-video-thermostat-migo/,migo tel,0,1,0,5
https://www.bluevistaprod.com/nos-realisations/engie-home-services-video-thermostat-migo/,migo video,0,1,0,5
https://www.bluevistaprod.com/nos-realisations/engie-home-services-video-thermostat-migo/,mise en service engie,0,1,0,93
https://www.bluevistaprod.com/nos-realisations/engie-home-services-video-thermostat-migo/,passerelle de connectivité migo link,0,1,0,17
https://www.bluevistaprod.com/nos-realisations/engie-home-services-video-thermostat-migo/,saunier duval migo,0,1,0,92
https://www.bluevistaprod.com/nos-realisations/engie-home-services-video-thermostat-migo/,saunier duval thermostat connecté,0,1,0,96
https://www.bluevistaprod.com/nos-realisations/engie-home-services-video-thermostat-migo/,thermostat saunier duval connecté,0,1,0,3
https://www.bluevistaprod.com/nos-realisations/engie-home-services-video-thermostat-migo/,thermostat video,0,1,0,6
https://www.bluevistaprod.com/nos-realisations/engie-home-services-video-thermostat-migo/,wigo thermomatte,0,1,0,50
https://www.bluevistaprod.com/nos-realisations/film-corporate-gf-core/,gf core,0,1,0,10
https://www.bluevistaprod.com/nos-realisations/gf-ds-family/,3d gf,0,1,0,44
https://www.bluevistaprod.com/nos-realisations/gf-ds-family/,3d girlfriends,0,1,0,64
https://www.bluevistaprod.com/nos-realisations/gf-ds-family/,@gfms.com contact,0,1,0,41
https://www.bluevistaprod.com/nos-realisations/gf-ds-family/,ds vista,0,1,0,3
https://www.bluevistaprod.com/nos-realisations/gf-ds-family/,family ds,0,1,0,9
https://www.bluevistaprod.com/nos-realisations/gf-ds-family/,gf ds,0,1,0,4
https://www.bluevistaprod.com/nos-realisations/gf-gs/,@gfms.com contact,0,1,0,42
https://www.bluevistaprod.com/nos-realisations/gf-gs/,contact /gfms.com,0,1,0,76
https://www.bluevistaprod.com/nos-realisations/gf-gs/,contact/.gfms.com,0,1,0,86
https://www.bluevistaprod.com/nos-realisations/gf-gs/,gf,0,1,0,73
https://www.bluevistaprod.com/nos-realisations/gf-gs/,gf services,0,1,0,10
https://www.bluevistaprod.com/nos-realisations/gf-gs/,gfmovcs,0,1,0,9
https://www.bluevistaprod.com/nos-realisations/gf-gs/,gfvp,0,1,0,63
https://www.bluevistaprod.com/nos-realisations/gf-gs/,vidau gf,0,1,0,2
https://www.bluevistaprod.com/nos-realisations/gf-gs/,vistaprod.com,0,1,0,6
https://www.bluevistaprod.com/nos-realisations/ghi/,ghi annonces,0,1,0,23
https://www.bluevistaprod.com/nos-realisations/ghi/,ghi genève adresse,0,1,0,16
https://www.bluevistaprod.com/nos-realisations/ghi/,ghi.ch,0,1,0,10
https://www.bluevistaprod.com/nos-realisations/guitare-en-scene-edition-2023/,guitare en scène programme 2023,0,1,0,50
https://www.bluevistaprod.com/nos-realisations/guitare-en-scene-edition-2024/,guitar en scene 2024,0,1,0,38
https://www.bluevistaprod.com/nos-realisations/hitachi-cs-net/,cs net sp,0,1,0,36
https://www.bluevistaprod.com/nos-realisations/hitachi-cs-net/,cs. net,0,1,0,8
https://www.bluevistaprod.com/nos-realisations/hitachi-cs-net/,csnet home,0,1,0,55
https://www.bluevistaprod.com/nos-realisations/hitachi-cs-net/,fooh paris,0,1,0,100
https://www.bluevistaprod.com/nos-realisations/hitachi-cs-net/,hitachi acs,0,1,0,26
https://www.bluevistaprod.com/nos-realisations/hitachi-cs-net/,hitachi cs,0,1,0,7
https://www.bluevistaprod.com/nos-realisations/hitachi-cs-net/,hitachiclimat,0,1,0,31
https://www.bluevistaprod.com/nos-realisations/hitachi-cs-net/,isara net,0,1,0,27
https://www.bluevistaprod.com/nos-realisations/hitachi-cs-net/,manager cs,0,1,0,58
https://www.bluevistaprod.com/nos-realisations/hitachi-film-catalogue-2021/,hitachi film,0,1,0,7
https://www.bluevistaprod.com/nos-realisations/hitachi-hikumo/,hi-kumo hitachi installation,0,1,0,1
https://www.bluevistaprod.com/nos-realisations/hitachi-hikumo/,hitachiclimat,0,1,0,41
https://www.bluevistaprod.com/nos-realisations/hitachi-hikumo/,sfs lyon,0,1,0,60
https://www.bluevistaprod.com/nos-realisations/hitachi-triple-c/,le triple c,0,1,0,7
https://www.bluevistaprod.com/nos-realisations/hitachi-yutaki/,hitachi,0,1,0,14
https://www.bluevistaprod.com/nos-realisations/hitachi-yutaki/,hitachi animation,0,1,0,7
https://www.bluevistaprod.com/nos-realisations/hitachi-yutaki/,hitachi video,0,1,0,8
https://www.bluevistaprod.com/nos-realisations/hitachi-yutaki/,hitachi yutaki,0,1,0,53
https://www.bluevistaprod.com/nos-realisations/icsi-briefing-debriefing-minute-darret-2/,briefing and debriefing,0,1,0,91
https://www.bluevistaprod.com/nos-realisations/icsi-briefing-debriefing-minute-darret-2/,briefings,0,1,0,99
https://www.bluevistaprod.com/nos-realisations/icsi-briefing-debriefing-minute-darret-2/,d briefing,0,1,0,58
https://www.bluevistaprod.com/nos-realisations/icsi-briefing-debriefing-minute-darret-2/,debriefing ou briefing,0,1,0,50
https://www.bluevistaprod.com/nos-realisations/icsi-briefing-debriefing-minute-darret-2/,fooh paris,0,1,0,99
https://www.bluevistaprod.com/nos-realisations/icsi-briefing-debriefing-minute-darret-2/,mathilde dhondt,0,1,0,54
https://www.bluevistaprod.com/nos-realisations/icsi-briefing-debriefing-minute-darret/,arret minute,0,1,0,84
https://www.bluevistaprod.com/nos-realisations/icsi-briefing-debriefing-minute-darret/,briefing en debriefing,0,1,0,79
https://www.bluevistaprod.com/nos-realisations/icsi-briefing-debriefing-minute-darret/,briefing et debriefing,0,1,0,64
https://www.bluevistaprod.com/nos-realisations/icsi-briefing-debriefing-minute-darret/,briefing ou debriefing,0,1,0,80
https://www.bluevistaprod.com/nos-realisations/icsi-briefing-debriefing-minute-darret/,debriefing ou briefing,0,1,0,75
https://www.bluevistaprod.com/nos-realisations/koesio-voeux-2023/,koesio champagne au mont d'or,0,1,0,44
https://www.bluevistaprod.com/nos-realisations/koesio-voeux-2023/,koesio paris,0,1,0,83
https://www.bluevistaprod.com/nos-realisations/koesio-voeux-2025/,fooh paris,0,1,0,97
https://www.bluevistaprod.com/nos-realisations/lpa-50ans/,50 lpa,0,1,0,8
https://www.bluevistaprod.com/nos-realisations/mlt-superscrew/,super screw mlt,0,1,0,8
https://www.bluevistaprod.com/nos-realisations/mlt-superscrew/,superscrew mlt,0,1,0,5
https://www.bluevistaprod.com/nos-realisations/neurones-it-video-voeux-2021/,"""neurones it"" mail email",0,1,0,67
https://www.bluevistaprod.com/nos-realisations/nightswapping/,night swapping,0,1,0,8
https://www.bluevistaprod.com/nos-realisations/olinn-video-publicitaire/,ollinn,0,1,0,6
https://www.bluevistaprod.com/nos-realisations/olinn-video-publicitaire/,réalisations ads-com,0,1,0,69
https://www.bluevistaprod.com/nos-realisations/pisten-bully-dameuse-360-vr/,dameuse,0,1,0,15
https://www.bluevistaprod.com/nos-realisations/pisten-bully-dameuse-360-vr/,kässbohrer dameuse,0,1,0,67
https://www.bluevistaprod.com/nos-realisations/pisten-bully-dameuse-360-vr/,vr mountain,0,1,0,89
https://www.bluevistaprod.com/nos-realisations/pisten-bully-dameuse-360-vr/,vr porn bully,0,1,0,18
https://www.bluevistaprod.com/nos-realisations/pnr-vercors-les-chemins-de-la-liberte-la-cabane-des-carteaux/,cabane des carteaux,0,1,0,10
https://www.bluevistaprod.com/nos-realisations/presentation-video-cpro-en-1-minute/,c'pro informatique,0,1,0,53
https://www.bluevistaprod.com/nos-realisations/presentation-video-cpro-en-1-minute/,c'pro lyon,0,1,0,20
https://www.bluevistaprod.com/nos-realisations/printemps-mapping/,blue mapping,0,1,0,51
https://www.bluevistaprod.com/nos-realisations/printemps-mapping/,mapping festival genève,0,1,0,80
https://www.bluevistaprod.com/nos-realisations/printemps-nouvelle-identite/,film alis,0,1,0,62
https://www.bluevistaprod.com/nos-realisations/printemps-nouvelle-identite/,printemps lyon,0,1,0,96
https://www.bluevistaprod.com/nos-realisations/qwartz/,cc qwartz,0,1,0,82
https://www.bluevistaprod.com/nos-realisations/qwartz/,centre commercial quartz,0,1,0,43
https://www.bluevistaprod.com/nos-realisations/qwartz/,centre commercial qwartz 93,0,1,0,81
https://www.bluevistaprod.com/nos-realisations/qwartz/,centre qwartz,0,1,0,82
https://www.bluevistaprod.com/nos-realisations/qwartz/,centre villeneuve la garenne,0,1,0,90
https://www.bluevistaprod.com/nos-realisations/qwartz/,commercial qwartz,0,1,0,34
https://www.bluevistaprod.com/nos-realisations/qwartz/,photos de qwartz,0,1,0,5
https://www.bluevistaprod.com/nos-realisations/qwartz/,quartz centre,0,1,0,87
https://www.bluevistaprod.com/nos-realisations/qwartz/,quartz centre commercial boutique,0,1,0,88
https://www.bluevistaprod.com/nos-realisations/qwartz/,quartz centre commercial villeneuve la garenne,0,1,0,98
https://www.bluevistaprod.com/nos-realisations/qwartz/,qwartz centre,0,1,0,38
https://www.bluevistaprod.com/nos-realisations/qwartz/,qwartz centre commercial villeneuve la garenne,0,1,0,61
https://www.bluevistaprod.com/nos-realisations/qwartz/,qwartz centre commerciale,0,1,0,31
https://www.bluevistaprod.com/nos-realisations/qwartz/,qwartz paris centre commercial,0,1,0,76
https://www.bluevistaprod.com/nos-realisations/qwartz/,tetro video,0,1,0,52
https://www.bluevistaprod.com/nos-realisations/qwartz/,villeneuve qwartz,0,1,0,71
https://www.bluevistaprod.com/nos-realisations/qwartz/,villeneuve-la-garenne centre commercial,0,1,0,72
https://www.bluevistaprod.com/nos-realisations/qwartz/,zone commerciale villeneuve-la-garenne,0,1,0,74
https://www.bluevistaprod.com/nos-realisations/radisson-360-vr/,film vr 360,0,1,0,37
https://www.bluevistaprod.com/nos-realisations/radisson-360-vr/,hotel radisson blu lyon part dieu,0,1,0,52
https://www.bluevistaprod.com/nos-realisations/radisson-360-vr/,radisson blu hotel lyon part dieu,0,1,0,67
https://www.bluevistaprod.com/nos-realisations/radisson-360-vr/,radisson blu hotel part dieu,0,1,0,59
https://www.bluevistaprod.com/nos-realisations/radisson-360-vr/,radisson blu lyon hotel,0,1,0,99
https://www.bluevistaprod.com/nos-realisations/radisson-360-vr/,radisson blue hotel lyon,0,1,0,76
https://www.bluevistaprod.com/nos-realisations/radisson-360-vr/,radisson film,0,1,0,5
https://www.bluevistaprod.com/nos-realisations/radisson-360-vr/,visite virtuelle 360 lyon,0,1,0,91
https://www.bluevistaprod.com/nos-realisations/santos-blender66/,santos.fr,0,1,0,48
https://www.bluevistaprod.com/nos-realisations/santos-i-grind-coffee-grinder-reveal/,grinder santos,0,1,0,11
https://www.bluevistaprod.com/nos-realisations/santos-i-grind-coffee-grinder-reveal/,santos grinder,0,1,0,10
https://www.bluevistaprod.com/nos-realisations/serl-video-360-vr/,blu3 vista,0,1,0,29
https://www.bluevistaprod.com/nos-realisations/serl-video-360-vr/,video 360 vr,0,1,0,65
https://www.bluevistaprod.com/nos-realisations/serl-video-360-vr/,video pour vr,0,1,0,78
https://www.bluevistaprod.com/nos-realisations/sfs-enveloppe-structure/,fooh paris,0,1,0,90
https://www.bluevistaprod.com/nos-realisations/spc/,film spc,0,1,0,1
https://www.bluevistaprod.com/nos-realisations/stann-lapplication-de-gestion-dentreprise/,appsan,0,1,0,6
https://www.bluevistaprod.com/nos-realisations/stann-lapplication-de-gestion-dentreprise/,dlstan,0,1,0,14
https://www.bluevistaprod.com/nos-realisations/stann-lapplication-de-gestion-dentreprise/,e stan,0,1,0,13
https://www.bluevistaprod.com/nos-realisations/stann-lapplication-de-gestion-dentreprise/,estanl,0,1,0,7
https://www.bluevistaprod.com/nos-realisations/stann-lapplication-de-gestion-dentreprise/,gestans,0,1,0,13
https://www.bluevistaprod.com/nos-realisations/stann-lapplication-de-gestion-dentreprise/,isn application,0,1,0,21
https://www.bluevistaprod.com/nos-realisations/stann-lapplication-de-gestion-dentreprise/,le stann,0,1,0,3
https://www.bluevistaprod.com/nos-realisations/stann-lapplication-de-gestion-dentreprise/,san application,0,1,0,13
https://www.bluevistaprod.com/nos-realisations/stann-lapplication-de-gestion-dentreprise/,sansan crm,0,1,0,38
https://www.bluevistaprod.com/nos-realisations/stann-lapplication-de-gestion-dentreprise/,sessan,0,1,0,20
https://www.bluevistaprod.com/nos-realisations/stann-lapplication-de-gestion-dentreprise/,sgtan,0,1,0,9
https://www.bluevistaprod.com/nos-realisations/stann-lapplication-de-gestion-dentreprise/,smstan,0,1,0,25
https://www.bluevistaprod.com/nos-realisations/stann-lapplication-de-gestion-dentreprise/,software san,0,1,0,28
https://www.bluevistaprod.com/nos-realisations/stann-lapplication-de-gestion-dentreprise/,softwareone stans,0,1,0,40
https://www.bluevistaprod.com/nos-realisations/stann-lapplication-de-gestion-dentreprise/,srqn,0,1,0,8
https://www.bluevistaprod.com/nos-realisations/stann-lapplication-de-gestion-dentreprise/,staann,0,1,0,7
https://www.bluevistaprod.com/nos-realisations/stann-lapplication-de-gestion-dentreprise/,staanp,0,1,0,5
https://www.bluevistaprod.com/nos-realisations/stann-lapplication-de-gestion-dentreprise/,stan 2,0,1,0,24
https://www.bluevistaprod.com/nos-realisations/stann-lapplication-de-gestion-dentreprise/,stan ap,0,1,0,9
https://www.bluevistaprod.com/nos-realisations/stann-lapplication-de-gestion-dentreprise/,standen,0,1,0,13
https://www.bluevistaprod.com/nos-realisations/stann-lapplication-de-gestion-dentreprise/,stane sav,0,1,0,19
https://www.bluevistaprod.com/nos-realisations/stann-lapplication-de-gestion-dentreprise/,stanet,0,1,0,37
https://www.bluevistaprod.com/nos-realisations/stann-lapplication-de-gestion-dentreprise/,stann mover,0,1,0,9
https://www.bluevistaprod.com/nos-realisations/stann-lapplication-de-gestion-dentreprise/,stann official,0,1,0,12
https://www.bluevistaprod.com/nos-realisations/stann-lapplication-de-gestion-dentreprise/,stann.,0,1,0,8
https://www.bluevistaprod.com/nos-realisations/stann-lapplication-de-gestion-dentreprise/,stann.app,0,1,0,6
https://www.bluevistaprod.com/nos-realisations/stann-lapplication-de-gestion-dentreprise/,stans app,0,1,0,7
https://www.bluevistaprod.com/nos-realisations/stann-lapplication-de-gestion-dentreprise/,stansl,0,1,0,7
https://www.bluevistaprod.com/nos-realisations/stann-lapplication-de-gestion-dentreprise/,stanvalves,0,1,0,34
https://www.bluevistaprod.com/nos-realisations/stann-lapplication-de-gestion-dentreprise/,stapn,0,1,0,7
https://www.bluevistaprod.com/nos-realisations/stann-lapplication-de-gestion-dentreprise/,statean,0,1,0,10
https://www.bluevistaprod.com/nos-realisations/stann-lapplication-de-gestion-dentreprise/,ste n,0,1,0,5
https://www.bluevistaprod.com/nos-realisations/stann-lapplication-de-gestion-dentreprise/,stean+,0,1,0,5
https://www.bluevistaprod.com/nos-realisations/stann-lapplication-de-gestion-dentreprise/,stqn,0,1,0,99
https://www.bluevistaprod.com/nos-realisations/stann-lapplication-de-gestion-dentreprise/,stsan,0,1,0,17
https://www.bluevistaprod.com/nos-realisations/stann-lapplication-de-gestion-dentreprise/,stsn,0,1,0,46
https://www.bluevistaprod.com/nos-realisations/stann-lapplication-de-gestion-dentreprise/,systan,0,1,0,54
https://www.bluevistaprod.com/nos-realisations/tetro-grand-hotel-dieu/,agence tetro,0,1,0,31
https://www.bluevistaprod.com/nos-realisations/tetro-grand-hotel-dieu/,exposition hotel dieu lyon,0,1,0,71
https://www.bluevistaprod.com/nos-realisations/tetro-grand-hotel-dieu/,renovation hotel dieu lyon,0,1,0,84
https://www.bluevistaprod.com/nos-realisations/tetro-grand-hotel-dieu/,tetro agence,0,1,0,36
https://www.bluevistaprod.com/nos-realisations/tetro-grand-hotel-dieu/,tetro video,0,1,0,25
https://www.bluevistaprod.com/nos-realisations/tetro-grand-hotel-dieu/,video hotel dieu lyon,0,1,0,18
https://www.bluevistaprod.com/nos-realisations/thx-medical-dosamat-digital-2-0/,devi 2.0,0,1,0,67
https://www.bluevistaprod.com/nos-realisations/thx-medical-dosamat-digital-2-0/,t hx,0,1,0,22
https://www.bluevistaprod.com/nos-realisations/thx-medical-dosamat-digital-2-0/,thx m,0,1,0,6
https://www.bluevistaprod.com/nos-realisations/thx-medical-dosamat-digital-2-0/,thx medicine,0,1,0,44
https://www.bluevistaprod.com/nos-realisations/timelapse-lacleda/,timelapse chantier lyon,0,1,0,15
https://www.bluevistaprod.com/nos-realisations/verizon-connect-video-de-presentation/,blue jeans verizon,0,1,0,91
https://www.bluevistaprod.com/nos-realisations/verizon-connect-video-de-presentation/,blue vista,0,1,0,10
https://www.bluevistaprod.com/nos-realisations/verizon-connect-video-de-presentation/,bluejeans by verizon,0,1,0,50
https://www.bluevistaprod.com/nos-realisations/verizon-connect-video-de-presentation/,bluevista,0,1,0,1
https://www.bluevistaprod.com/nos-realisations/verizon-connect-video-de-presentation/,centre de ressources verizon,0,1,0,92
https://www.bluevistaprod.com/nos-realisations/verizon-connect-video-de-presentation/,cetizon,0,1,0,8
https://www.bluevistaprod.com/nos-realisations/verizon-connect-video-de-presentation/,contact for verizon,0,1,0,25
https://www.bluevistaprod.com/nos-realisations/verizon-connect-video-de-presentation/,contact verizon support,0,1,0,36
https://www.bluevistaprod.com/nos-realisations/verizon-connect-video-de-presentation/,cverizon,0,1,0,6
https://www.bluevistaprod.com/nos-realisations/verizon-connect-video-de-presentation/,devis vidéo de présentation,0,1,0,97
https://www.bluevistaprod.com/nos-realisations/verizon-connect-video-de-presentation/,la verizon,0,1,0,35
https://www.bluevistaprod.com/nos-realisations/verizon-connect-video-de-presentation/,veriezon,0,1,0,8
https://www.bluevistaprod.com/nos-realisations/verizon-connect-video-de-presentation/,verifzon,0,1,0,11
https://www.bluevistaprod.com/nos-realisations/verizon-connect-video-de-presentation/,veriron,0,1,0,8
https://www.bluevistaprod.com/nos-realisations/verizon-connect-video-de-presentation/,verixon,0,1,0,10
https://www.bluevistaprod.com/nos-realisations/verizon-connect-video-de-presentation/,verixzon,0,1,0,8
https://www.bluevistaprod.com/nos-realisations/verizon-connect-video-de-presentation/,verizan,0,1,0,93
https://www.bluevistaprod.com/nos-realisations/verizon-connect-video-de-presentation/,verizine,0,1,0,8
https://www.bluevistaprod.com/nos-realisations/verizon-connect-video-de-presentation/,verizizon,0,1,0,14
https://www.bluevistaprod.com/nos-realisations/verizon-connect-video-de-presentation/,verizon 1,0,1,0,63
https://www.bluevistaprod.com/nos-realisations/verizon-connect-video-de-presentation/,verizon c'est quoi,0,1,0,93
https://www.bluevistaprod.com/nos-realisations/verizon-connect-video-de-presentation/,verizon cinema,0,1,0,7
https://www.bluevistaprod.com/nos-realisations/verizon-connect-video-de-presentation/,verizon connct,0,1,0,20
https://www.bluevistaprod.com/nos-realisations/verizon-connect-video-de-presentation/,verizon connect video,0,1,0,1
https://www.bluevistaprod.com/nos-realisations/verizon-connect-video-de-presentation/,verizon connecy,0,1,0,2
https://www.bluevistaprod.com/nos-realisations/verizon-connect-video-de-presentation/,verizon geneva,0,1,0,9
https://www.bluevistaprod.com/nos-realisations/verizon-connect-video-de-presentation/,verizon service contact,0,1,0,44
https://www.bluevistaprod.com/nos-realisations/verizon-connect-video-de-presentation/,verizon website,0,1,0,42
https://www.bluevistaprod.com/nos-realisations/verizon-connect-video-de-presentation/,verizon+connect,0,1,0,2
https://www.bluevistaprod.com/nos-realisations/verizon-connect-video-de-presentation/,"verizon,",0,1,0,6
https://www.bluevistaprod.com/nos-realisations/verizon-connect-video-de-presentation/,verizon.connect,0,1,0,4
https://www.bluevistaprod.com/nos-realisations/verizon-connect-video-de-presentation/,verizonz,0,1,0,98
https://www.bluevistaprod.com/nos-realisations/verizon-connect-video-de-presentation/,verizozn,0,1,0,9
https://www.bluevistaprod.com/nos-realisations/verizon-connect-video-de-presentation/,verizzon,0,1,0,87
https://www.bluevistaprod.com/nos-realisations/verizon-connect-video-de-presentation/,version connect,0,1,0,17
https://www.bluevistaprod.com/nos-realisations/verizon-connect-video-de-presentation/,vesizon,0,1,0,18
https://www.bluevistaprod.com/nos-realisations/verizon-connect-video-de-presentation/,videoconnect,0,1,0,13
https://www.bluevistaprod.com/nos-realisations/verizon-connect-video-de-presentation/,virison,0,1,0,15
https://www.bluevistaprod.com/nos-realisations/verizon-connect-video-de-presentation/,vision connect,0,1,0,20
https://www.bluevistaprod.com/nos-realisations/verizon-connect-video-de-presentation/,vistaprod.com,0,1,0,91
https://www.bluevistaprod.com/nos-realisations/verizon-connect-video-de-presentation/,what does verizon,0,1,0,19
https://www.bluevistaprod.com/nos-realisations/verizon-connect-video-de-presentation/,www verizon,0,1,0,17
https://www.bluevistaprod.com/nos-realisations/verizon-connect-video-de-presentation/,فرايزون,0,1,0,9
https://www.bluevistaprod.com/nos-realisations/waygoo-motion-design/,waygoo,0,1,0,17
https://www.bluevistaprod.com/realisation-de-film-banques-assurances/,assurance film,0,1,0,102
https://www.bluevistaprod.com/realisation-de-film-banques-assurances/,blue vista capital,0,1,0,69
https://www.bluevistaprod.com/realisation-de-film-banques-assurances/,film sur les banques,0,1,0,75
https://www.bluevistaprod.com/realisation-de-film-banques-assurances/,vista blue,0,1,0,85
https://www.bluevistaprod.com/realisation-de-film-evenements/,agence production vidéo genève,0,1,0,76
https://www.bluevistaprod.com/realisation-de-film-evenements/,bluevista production,0,1,0,1
https://www.bluevistaprod.com/realisation-de-film-evenements/,production vidéo genève,0,1,0,48
https://www.bluevistaprod.com/realisation-de-film-evenements/,réalisateur événementiel,0,1,0,56
https://www.bluevistaprod.com/realisation-de-film-evenements/,réalisation vidéo,0,1,0,85
https://www.bluevistaprod.com/realisation-de-film-evenements/,videaste evenementiel,0,1,0,85
https://www.bluevistaprod.com/realisation-de-film-evenements/,événementiel genève,0,1,0,52
https://www.bluevistaprod.com/realisation-film-entreprise-lyon/,agence audiovisuel lyon,0,1,0,104
https://www.bluevistaprod.com/realisation-film-entreprise-lyon/,agence de communication 3d lyon,0,1,0,91
https://www.bluevistaprod.com/realisation-film-entreprise-lyon/,agence video corporate,0,1,0,31
https://www.bluevistaprod.com/realisation-film-entreprise-lyon/,agence vidéo corporate,0,1,0,44
https://www.bluevistaprod.com/realisation-film-entreprise-lyon/,agence vidéo à brignais,0,1,0,84
https://www.bluevistaprod.com/realisation-film-entreprise-lyon/,agence youtube lyon,0,1,0,73
https://www.bluevistaprod.com/realisation-film-entreprise-lyon/,blue vista capital,0,1,0,72
https://www.bluevistaprod.com/realisation-film-entreprise-lyon/,comment créer une vidéo professionnelle pour mon entreprise à l'aide d'un logiciel de création vidéo ?,0,1,0,23
https://www.bluevistaprod.com/realisation-film-entreprise-lyon/,corporate film production company,0,1,0,97
https://www.bluevistaprod.com/realisation-film-entreprise-lyon/,création campagne publicitaire vidéo lyon,0,1,0,77
https://www.bluevistaprod.com/realisation-film-entreprise-lyon/,devis réalisation vidéo d'entreprise,0,1,0,95
https://www.bluevistaprod.com/realisation-film-entreprise-lyon/,entreprise de montage vidéo,0,1,0,27
https://www.bluevistaprod.com/realisation-film-entreprise-lyon/,entreprise montage video,0,1,0,39
https://www.bluevistaprod.com/realisation-film-entreprise-lyon/,film corporate entreprise,0,1,0,72
https://www.bluevistaprod.com/realisation-film-entreprise-lyon/,film d’entreprise,0,1,0,60
https://www.bluevistaprod.com/realisation-film-entreprise-lyon/,film to video,0,1,0,55
https://www.bluevistaprod.com/realisation-film-entreprise-lyon/,lagence film complet youtube,0,1,0,47
https://www.bluevistaprod.com/realisation-film-entreprise-lyon/,les lyonnais film complet,0,1,0,49
https://www.bluevistaprod.com/realisation-film-entreprise-lyon/,motion designers monts du lyonnais,0,1,0,31
https://www.bluevistaprod.com/realisation-film-entreprise-lyon/,production de films institutionnels et publicitaires lyon,0,1,0,93
https://www.bluevistaprod.com/realisation-film-entreprise-lyon/,réalisation de film boulogne,0,1,0,99
https://www.bluevistaprod.com/realisation-film-entreprise-lyon/,société audiovisuel lyon,0,1,0,91
https://www.bluevistaprod.com/realisation-film-entreprise-lyon/,tarif video motion design,0,1,0,74
https://www.bluevistaprod.com/realisation-film-entreprise-lyon/,tubevista,0,1,0,97
https://www.bluevistaprod.com/realisation-film-entreprise-lyon/,videaste d'entreprise,0,1,0,39
https://www.bluevistaprod.com/realisation-film-entreprise-lyon/,videaste entreprise,0,1,0,188
https://www.bluevistaprod.com/realisation-film-entreprise-lyon/,video d'entreprise,0,1,0,43
https://www.bluevistaprod.com/realisation-film-entreprise-lyon/,vidéaste lyonnais,0,1,0,102
https://www.bluevistaprod.com/realisation-film-entreprise-lyon/,vidéaste pour entreprises lyon,0,1,0,42
https://www.bluevistaprod.com/realisation-film-entreprise-lyon/,vidéo corporate santé lyon,0,1,0,32
https://www.bluevistaprod.com/realisation-film-entreprise-lyon/,vidéo de lyon,0,1,0,90
https://www.bluevistaprod.com/realisation-film-entreprise-lyon/,vidéo promotionnelle entreprise,0,1,0,55
https://www.bluevistaprod.com/realisation-film-entreprise-lyon/,vidéos d'entreprises. videoproduktion in luxemburg: dokumentarfilme,0,1,0,61
https://www.bluevistaprod.com/realisation-film-evenementiel/,réalisateur événementiel,0,1,0,8
https://www.bluevistaprod.com/realisation-film-industrie/,industrie film,0,1,0,88
https://www.bluevistaprod.com/realisation-film-industrie/,kinovista,0,1,0,21
https://www.bluevistaprod.com/realisation-film-industrie/,réalisation vidéo,0,1,0,81
https://www.bluevistaprod.com/realisation-film-lancement-produit/,agence lancement de produits,0,1,0,93
https://www.bluevistaprod.com/realisation-film-lancement-produit/,créateur film promo,0,1,0,48
https://www.bluevistaprod.com/realisation-film-lancement-produit/,film vista,0,1,0,84
https://www.bluevistaprod.com/realisation-film-lancement-produit/,product launch,0,1,0,110
https://www.bluevistaprod.com/realisation-film-lancement-produit/,youtube films produits,0,1,0,68
https://www.bluevistaprod.com/realisation-film-sante/,film sant,0,1,0,92
https://www.bluevistaprod.com/realisation-film-territoires/,post production genève,0,1,0,57
https://www.bluevistaprod.com/realisation-film-territoires/,territoires film,0,1,0,69
https://www.bluevistaprod.com/realisation-video-geneve/,agence de production audiovisuelle,0,1,0,2
https://www.bluevistaprod.com/realisation-video-geneve/,agence production audiovisuelle geneve,0,1,0,2
https://www.bluevistaprod.com/realisation-video-geneve/,blue vista,0,1,0,1
https://www.bluevistaprod.com/realisation-video-geneve/,boite production genève,0,1,0,87
https://www.bluevistaprod.com/realisation-video-geneve/,montage video suisse,0,1,0,77
https://www.bluevistaprod.com/realisation-video-geneve/,production audiovisuelle à genève,0,1,0,86
https://www.bluevistaprod.com/realisation-video-geneve/,production film de marque genève,0,1,0,51
https://www.bluevistaprod.com/realisation-video-geneve/,realisateur video,0,1,0,32
https://www.bluevistaprod.com/realisation-video-geneve/,société de production audiovisuelle suisse,0,1,0,1
https://www.bluevistaprod.com/studio-animation-3d-lyon/,"(france or français or francaise or paris or lyon) (""architectural visualization"" or ""architectural visualisation"" or archviz or cgi or ""3d rendering"") (studio or agency or ""agence"") (contact or ""nous contacter"") -jobs -careers -emploi -recrutement",0,1,0,66
https://www.bluevistaprod.com/studio-animation-3d-lyon/,2d studio,0,1,0,8
https://www.bluevistaprod.com/studio-animation-3d-lyon/,3d animatie studio,0,1,0,57
https://www.bluevistaprod.com/studio-animation-3d-lyon/,3d animation production,0,1,0,70
https://www.bluevistaprod.com/studio-animation-3d-lyon/,3d creation lyon,0,1,0,96
https://www.bluevistaprod.com/studio-animation-3d-lyon/,3d family production,0,1,0,27
https://www.bluevistaprod.com/studio-animation-3d-lyon/,3d film production,0,1,0,45
https://www.bluevistaprod.com/studio-animation-3d-lyon/,3d video company,0,1,0,97
https://www.bluevistaprod.com/studio-animation-3d-lyon/,3dcg animation studio,0,1,0,11
https://www.bluevistaprod.com/studio-animation-3d-lyon/,agence 3d,0,1,0,31
https://www.bluevistaprod.com/studio-animation-3d-lyon/,aimation studio,0,1,0,4
https://www.bluevistaprod.com/studio-animation-3d-lyon/,animacion 3d studio,0,1,0,17
https://www.bluevistaprod.com/studio-animation-3d-lyon/,animation 3d bâtiment lyon,0,1,0,36
https://www.bluevistaprod.com/studio-animation-3d-lyon/,animation 3d film,0,1,0,86
https://www.bluevistaprod.com/studio-animation-3d-lyon/,animation 3d projet immobilier lyon,0,1,0,36
https://www.bluevistaprod.com/studio-animation-3d-lyon/,animation film studio,0,1,0,9
https://www.bluevistaprod.com/studio-animation-3d-lyon/,animation interne lyon,0,1,0,95
https://www.bluevistaprod.com/studio-animation-3d-lyon/,bleu studio,0,1,0,51
https://www.bluevistaprod.com/studio-animation-3d-lyon/,bt studio lyon,0,1,0,90
https://www.bluevistaprod.com/studio-animation-3d-lyon/,d-studio 3d,0,1,0,7
https://www.bluevistaprod.com/studio-animation-3d-lyon/,dessin 3d,0,1,0,7
https://www.bluevistaprod.com/studio-animation-3d-lyon/,en 3d,0,1,0,12
https://www.bluevistaprod.com/studio-animation-3d-lyon/,film milles mots,0,1,0,64
https://www.bluevistaprod.com/studio-animation-3d-lyon/,films animation 3d,0,1,0,65
https://www.bluevistaprod.com/studio-animation-3d-lyon/,films d'animation 3d,0,1,0,102
https://www.bluevistaprod.com/studio-animation-3d-lyon/,le studio 3d,0,1,0,74
https://www.bluevistaprod.com/studio-animation-3d-lyon/,rigolo studio,0,1,0,87
https://www.bluevistaprod.com/studio-animation-3d-lyon/,salon 3d lyon,0,1,0,18
https://www.bluevistaprod.com/studio-animation-3d-lyon/,stim studio lyon,0,1,0,51
https://www.bluevistaprod.com/studio-animation-3d-lyon/,studio 3 d,0,1,0,3
https://www.bluevistaprod.com/studio-animation-3d-lyon/,studio 43 lyon,0,1,0,59
https://www.bluevistaprod.com/studio-animation-3d-lyon/,studio animation 2d,0,1,0,61
https://www.bluevistaprod.com/studio-animation-3d-lyon/,studio animation 2d bordeaux,0,1,0,80
https://www.bluevistaprod.com/studio-animation-3d-lyon/,studio animation 2d france,0,1,0,83
https://www.bluevistaprod.com/studio-animation-3d-lyon/,studio animation 3d paris,0,1,0,55
https://www.bluevistaprod.com/studio-animation-3d-lyon/,studio animations,0,1,0,4
https://www.bluevistaprod.com/studio-animation-3d-lyon/,studio créatif lyon,0,1,0,94
https://www.bluevistaprod.com/studio-animation-3d-lyon/,studio d'animation 2d,0,1,0,36
https://www.bluevistaprod.com/studio-animation-3d-lyon/,studio d'animation 3d paris,0,1,0,79
https://www.bluevistaprod.com/studio-animation-3d-lyon/,studio d'animation dessin animé,0,1,0,41
https://www.bluevistaprod.com/studio-animation-3d-lyon/,studio de création 3d,0,1,0,86
https://www.bluevistaprod.com/studio-animation-3d-lyon/,studio de dessin,0,1,0,7
https://www.bluevistaprod.com/studio-animation-3d-lyon/,studio film d'animation,0,1,0,49
https://www.bluevistaprod.com/studio-animation-3d-lyon/,studio jeux video lyon,0,1,0,81
https://www.bluevistaprod.com/studio-animation-3d-lyon/,studios animation,0,1,0,11
https://www.bluevistaprod.com/studio-animation-3d-lyon/,studios d animation,0,1,0,45
https://www.bluevistaprod.com/studio-animation-3d-paris/,3d agency paris,0,1,0,16
https://www.bluevistaprod.com/studio-animation-3d-paris/,3d film production,0,1,0,29
https://www.bluevistaprod.com/studio-animation-3d-paris/,3d machine animation studio,0,1,0,64
https://www.bluevistaprod.com/studio-animation-3d-paris/,3d production studio,0,1,0,9
https://www.bluevistaprod.com/studio-animation-3d-paris/,3d studios near me,0,1,0,9
https://www.bluevistaprod.com/studio-animation-3d-paris/,3d vista,0,1,0,77
https://www.bluevistaprod.com/studio-animation-3d-paris/,anim studios,0,1,0,92
https://www.bluevistaprod.com/studio-animation-3d-paris/,animation film studio,0,1,0,102
https://www.bluevistaprod.com/studio-animation-3d-paris/,animation film studios,0,1,0,77
https://www.bluevistaprod.com/studio-animation-3d-paris/,animation studios in paris,0,1,0,50
https://www.bluevistaprod.com/studio-animation-3d-paris/,bleu studio,0,1,0,74
https://www.bluevistaprod.com/studio-animation-3d-paris/,cgi studio paris,0,1,0,22
https://www.bluevistaprod.com/studio-animation-3d-paris/,cinéma d animation 3d,0,1,0,42
https://www.bluevistaprod.com/studio-animation-3d-paris/,entreprise animation,0,1,0,29
https://www.bluevistaprod.com/studio-animation-3d-paris/,entreprise animation 2d,0,1,0,69
https://www.bluevistaprod.com/studio-animation-3d-paris/,film animation paris,0,1,0,48
https://www.bluevistaprod.com/studio-animation-3d-paris/,filmstudio animation,0,1,0,36
https://www.bluevistaprod.com/studio-animation-3d-paris/,stage animation 3d paris,0,1,0,55
https://www.bluevistaprod.com/studio-animation-3d-paris/,studio d'animation 2d,0,1,0,54
https://www.bluevistaprod.com/studio-animation-3d-paris/,studio d'animation 2d france,0,1,0,70
https://www.bluevistaprod.com/studio-animation-3d-paris/,studio d'animation 2d français,0,1,0,66
https://www.bluevistaprod.com/studio-animation-3d-paris/,studio d’animation,0,1,0,99
https://www.bluevistaprod.com/studio-animation-3d-paris/,studio vidéo animation paris,0,1,0,14
https://www.bluevistaprod.com/studio-animation-3d-paris/,studios animation,0,1,0,54
https://www.bluevistaprod.com/studio-animation-3d-paris/,vfx studio in paris,0,1,0,87
https://www.bluevistaprod.com/studio-animation-3d-paris/,école d'animation 3d paris,0,1,0,64
https://www.bluevistaprod.com/video-promotionnelle/,agence de communication vidéo,0,1,0,80
https://www.bluevistaprod.com/video-promotionnelle/,agence du film 64,0,1,0,68
https://www.bluevistaprod.com/video-promotionnelle/,agence vidéo lyon,0,1,0,2
https://www.bluevistaprod.com/video-promotionnelle/,agence vidéo lyonnaise,0,1,0,34
https://www.bluevistaprod.com/video-promotionnelle/,animation 3d lyon,0,1,0,84
https://www.bluevistaprod.com/video-promotionnelle/,bluevista dive,0,1,0,8
https://www.bluevistaprod.com/video-promotionnelle/,bluevista lyon,0,1,0,1
https://www.bluevistaprod.com/video-promotionnelle/,bluvista.de,0,1,0,26
https://www.bluevistaprod.com/video-promotionnelle/,boite de production,0,1,0,2
https://www.bluevistaprod.com/video-promotionnelle/,buevista,0,1,0,1
https://www.bluevistaprod.com/video-promotionnelle/,clip vista movies,0,1,0,11
https://www.bluevistaprod.com/video-promotionnelle/,film vista,0,1,0,99
https://www.bluevistaprod.com/video-promotionnelle/,production audiovisuel lyon,0,1,0,2
https://www.bluevistaprod.com/video-promotionnelle/,production audiovisuelle,0,1,0,2
https://www.bluevistaprod.com/video-promotionnelle/,production de vidéos promotionnelles,0,1,0,19
https://www.bluevistaprod.com/video-promotionnelle/,production video geneve,0,1,0,63
https://www.bluevistaprod.com/video-promotionnelle/,réalisation vidéo promotionnelle,0,1,0,40
https://www.bluevistaprod.com/video-promotionnelle/,studio animation lyon,0,1,0,2
https://www.bluevistaprod.com/video-promotionnelle/,vistaprod.com,0,1,0,5
https://www.bluevistaprod.com/video-publicitaire/,advertising agency video,0,1,0,71
https://www.bluevistaprod.com/video-publicitaire/,advertising video agency,0,1,0,18
https://www.bluevistaprod.com/video-publicitaire/,agence conception de videos,0,1,0,48
https://www.bluevistaprod.com/video-publicitaire/,agence création de contenu video,0,1,0,8
https://www.bluevistaprod.com/video-publicitaire/,agence de création de contenu vidéo,0,1,0,35
https://www.bluevistaprod.com/video-publicitaire/,agence de montage video lyon,0,1,0,46
https://www.bluevistaprod.com/video-publicitaire/,agence de production audiovisuelle lyon,0,1,0,104
https://www.bluevistaprod.com/video-publicitaire/,agence de production réalisation film promotionnel,0,1,0,45
https://www.bluevistaprod.com/video-publicitaire/,agence de pub lyon,0,1,0,102
https://www.bluevistaprod.com/video-publicitaire/,agence de publicités,0,1,0,76
https://www.bluevistaprod.com/video-publicitaire/,agence du film 64,0,1,0,70
https://www.bluevistaprod.com/video-publicitaire/,agence multimédia lyon,0,1,0,79
https://www.bluevistaprod.com/video-publicitaire/,agence presentation video,0,1,0,73
https://www.bluevistaprod.com/video-publicitaire/,agence production visuelle,0,1,0,39
https://www.bluevistaprod.com/video-publicitaire/,agence publicitaire lyon,0,1,0,93
https://www.bluevistaprod.com/video-publicitaire/,agence publicite industrie,0,1,0,88
https://www.bluevistaprod.com/video-publicitaire/,agence video evenementielle,0,1,0,28
https://www.bluevistaprod.com/video-publicitaire/,agence video pedagogique,0,1,0,94
https://www.bluevistaprod.com/video-publicitaire/,agence vidéo brest,0,1,0,15
https://www.bluevistaprod.com/video-publicitaire/,agence vidéo corporate santé paris,0,1,0,26
https://www.bluevistaprod.com/video-publicitaire/,agence vidéo industrielle,0,1,0,11
https://www.bluevistaprod.com/video-publicitaire/,agence vidéo lyonnaise,0,1,0,28
https://www.bluevistaprod.com/video-publicitaire/,agence vidéo secteur santé,0,1,0,16
https://www.bluevistaprod.com/video-publicitaire/,agenzia video,0,1,0,72
https://www.bluevistaprod.com/video-publicitaire/,animation 3d lyon,0,1,0,1
https://www.bluevistaprod.com/video-publicitaire/,animation publicitaire,0,1,0,76
https://www.bluevistaprod.com/video-publicitaire/,blue production,0,1,0,94
https://www.bluevistaprod.com/video-publicitaire/,boite de prod,0,1,0,1
https://www.bluevistaprod.com/video-publicitaire/,boite de prod réalisation de film promotionnel,0,1,0,10
https://www.bluevistaprod.com/video-publicitaire/,boite de production réalisation de film promotionnel,0,1,0,9
https://www.bluevistaprod.com/video-publicitaire/,creer video publicitaire en ligne,0,1,0,97
https://www.bluevistaprod.com/video-publicitaire/,creer video publicitaire en ligne gratuit,0,1,0,93
https://www.bluevistaprod.com/video-publicitaire/,créer une vidéo publicitaire,0,1,0,43
https://www.bluevistaprod.com/video-publicitaire/,créer une vidéo publicitaire avec ia,0,1,0,88
https://www.bluevistaprod.com/video-publicitaire/,entreprise création vidéo brest,0,1,0,12
https://www.bluevistaprod.com/video-publicitaire/,entreprise de montage video,0,1,0,37
https://www.bluevistaprod.com/video-publicitaire/,entreprise de montage vidéo,0,1,0,41
https://www.bluevistaprod.com/video-publicitaire/,entreprise graphisme lyon,0,1,0,2
https://www.bluevistaprod.com/video-publicitaire/,entreprise jeux vidéo lyon,0,1,0,2
https://www.bluevistaprod.com/video-publicitaire/,film d'entreprise lyon,0,1,0,47
https://www.bluevistaprod.com/video-publicitaire/,film promotionnel,0,1,0,60
https://www.bluevistaprod.com/video-publicitaire/,formation vidéo publicitaire,0,1,0,9
https://www.bluevistaprod.com/video-publicitaire/,la publicité vidéo en ligne,0,1,0,88
https://www.bluevistaprod.com/video-publicitaire/,prestataire réalisation film promotionnel,0,1,0,25
https://www.bluevistaprod.com/video-publicitaire/,production audiovisuelle,0,1,0,2
https://www.bluevistaprod.com/video-publicitaire/,production contenu vidéo contact,0,1,0,74
https://www.bluevistaprod.com/video-publicitaire/,production pub,0,1,0,23
https://www.bluevistaprod.com/video-publicitaire/,production publicitaire lorient,0,1,0,58
https://www.bluevistaprod.com/video-publicitaire/,production video 64,0,1,0,43
https://www.bluevistaprod.com/video-publicitaire/,production vidéo corporative,0,1,0,17
https://www.bluevistaprod.com/video-publicitaire/,promo en vidéo,0,1,0,6
https://www.bluevistaprod.com/video-publicitaire/,promotional video services,0,1,0,10
https://www.bluevistaprod.com/video-publicitaire/,publicité agence de communication,0,1,0,3
https://www.bluevistaprod.com/video-publicitaire/,réalisation vidéo entreprise,0,1,0,63
https://www.bluevistaprod.com/video-publicitaire/,société de montage vidéo,0,1,0,10
https://www.bluevistaprod.com/video-publicitaire/,studio d'animation lyon,0,1,0,2
https://www.bluevistaprod.com/video-publicitaire/,une vidéo promotionnelle,0,1,0,69
https://www.bluevistaprod.com/video-publicitaire/,video animation agency,0,1,0,79
https://www.bluevistaprod.com/video-publicitaire/,video marketing agency,0,1,0,66
https://www.bluevistaprod.com/video-publicitaire/,video marketing company,0,1,0,84
https://www.bluevistaprod.com/video-publicitaire/,video promotion service,0,1,0,4
https://www.bluevistaprod.com/video-publicitaire/,video promotionnelle entreprise,0,1,0,40
https://www.bluevistaprod.com/video-publicitaire/,video publicitaire en ligne,0,1,0,90
https://www.bluevistaprod.com/video-publicitaire/,video vista,0,1,0,49
https://www.bluevistaprod.com/video-publicitaire/,vista professionnel,0,1,0,72
https://www.bluevistaprod.com/video-publicitaire/,vistaprod.com,0,1,0,98
