country,device,page,clics,impressions,ctr,position
fra,DESKTOP,https://www.bluevistaprod.com/,439,23417,1.87,32.3
fra,MOBILE,https://www.bluevistaprod.com/,166,4032,4.12,24.9
fra,DESKTOP,http://www.bluevistaprod.com/,61,1500,4.07,12.9
fra,DESKTOP,https://www.bluevistaprod.com/studio-animation-3d-lyon/,48,9754,0.49,30.1
fra,MOBILE,https://www.bluevistaprod.com/nos-competences/live-streaming-webtv/,27,1525,1.77,12.9
fra,DESKTOP,https://www.bluevistaprod.com/nos-competences/live-streaming-webtv/,25,1212,2.06,16.9
fra,MOBILE,https://www.bluevistaprod.com/studio-animation-3d-lyon/,25,2097,1.19,27.4
fra,DESKTOP,https://www.bluevistaprod.com/studio-animation-3d-paris/,22,14436,0.15,32.1
fra,DESKTOP,https://en.bluevistaprod.com/,20,240,8.33,2.2
fra,MOBILE,https://www.bluevistaprod.com/agence/,16,485,3.3,1.6
deu,MOBILE,https://en.bluevistaprod.com/,11,1785,0.62,4.8
fra,DESKTOP,https://www.bluevistaprod.com/nos-realisations/,10,967,1.03,1.7
che,DESKTOP,https://www.bluevistaprod.com/,9,946,0.95,46.9
fra,DESKTOP,https://www.bluevistaprod.com/agence/,9,1501,0.6,5.4
fra,DESKTOP,https://www.bluevistaprod.com/nos-realisations/eiffage-energie-expercite/,8,928,0.86,6.1
che,DESKTOP,https://en.bluevistaprod.com/,7,74,9.46,31.9
fra,DESKTOP,https://www.bluevistaprod.com/nos-realisations/verizon-connect-video-de-presentation/,7,6091,0.11,7.1
fra,MOBILE,http://www.bluevistaprod.com/,7,782,0.9,3.7
fra,MOBILE,https://en.bluevistaprod.com/,7,52,13.46,1.2
bel,DESKTOP,https://www.bluevistaprod.com/,6,534,1.12,52.6
bel,MOBILE,https://www.bluevistaprod.com/nos-competences/live-streaming-webtv/,6,428,1.4,7.6
deu,DESKTOP,https://en.bluevistaprod.com/,6,1191,0.5,8
esp,DESKTOP,https://en.bluevistaprod.com/,6,48,12.5,6.3
fra,MOBILE,https://www.bluevistaprod.com/nos-realisations/eiffage-energie-expercite/,6,1736,0.35,6.2
fra,MOBILE,https://www.bluevistaprod.com/nos-realisations/verizon-connect-video-de-presentation/,6,2004,0.3,7.8
che,MOBILE,https://www.bluevistaprod.com/,5,125,4,23.6
fra,DESKTOP,https://www.bluevistaprod.com/contact-devis/,5,378,1.32,2.1
fra,DESKTOP,https://www.bluevistaprod.com/nos-competences/video-mapping/,5,8436,0.06,20.8
fra,DESKTOP,https://www.bluevistaprod.com/actualites/video-immersive-360/,4,1571,0.25,17.1
fra,DESKTOP,https://www.bluevistaprod.com/nos-competences/motion-design/,4,8057,0.05,68.1
fra,MOBILE,https://www.bluevistaprod.com/nos-realisations/engie-home-services-video-thermostat-migo/,4,4202,0.1,9.6
fra,TABLET,https://www.bluevistaprod.com/,4,28,14.29,31.8
ind,MOBILE,https://en.bluevistaprod.com/,4,207,1.93,6.2
tun,DESKTOP,https://www.bluevistaprod.com/,4,44,9.09,47.7
bel,MOBILE,https://www.bluevistaprod.com/nos-realisations/engie-home-services-video-thermostat-migo/,3,283,1.06,8.3
chn,DESKTOP,https://en.bluevistaprod.com/,3,61,4.92,4.4
esp,MOBILE,https://en.bluevistaprod.com/,3,34,8.82,3.9
esp,MOBILE,https://www.bluevistaprod.com/,3,22,13.64,23
fra,DESKTOP,https://www.bluevistaprod.com/nos-realisations/thx-medical-dosamat-digital-2-0/,3,368,0.82,7.2
fra,MOBILE,https://www.bluevistaprod.com/nos-realisations/,3,435,0.69,1.7
fra,MOBILE,https://www.bluevistaprod.com/realisation-film-entreprise-lyon/,3,791,0.38,36.4
fra,TABLET,https://www.bluevistaprod.com/actualites/blueverse/,3,5,60,6.8
ind,DESKTOP,https://en.bluevistaprod.com/,3,139,2.16,11.3
mar,MOBILE,https://www.bluevistaprod.com/nos-competences/live-streaming-webtv/,3,64,4.69,8.2
aus,DESKTOP,https://en.bluevistaprod.com/our-skills/live-streaming-webtv/,2,8,25,10.6
aut,MOBILE,https://en.bluevistaprod.com/,2,63,3.17,3.4
bel,DESKTOP,https://www.bluevistaprod.com/nos-competences/live-streaming-webtv/,2,228,0.88,7.6
bih,MOBILE,https://en.bluevistaprod.com/,2,2,100,1
bra,MOBILE,https://en.bluevistaprod.com/,2,32,6.25,6.1
can,DESKTOP,https://en.bluevistaprod.com/,2,44,4.55,11.7
che,DESKTOP,https://www.bluevistaprod.com/actualites/bluevista-video-showreel-2023/,2,82,2.44,7.6
fra,DESKTOP,https://www.bluevistaprod.com/nos-competences/aftermovie-captation-evenementielle/,2,3921,0.05,18.9
fra,DESKTOP,https://www.bluevistaprod.com/nos-realisations/amplitude-amplivision/,2,173,1.16,24.9
fra,DESKTOP,https://www.bluevistaprod.com/nos-realisations/engie-home-services-video-thermostat-migo/,2,3096,0.06,17.5
fra,DESKTOP,https://www.bluevistaprod.com/nos-realisations/stann-lapplication-de-gestion-dentreprise/,2,4151,0.05,7.7
fra,DESKTOP,https://www.bluevistaprod.com/realisation-film-entreprise-lyon/,2,7839,0.03,46.6
fra,MOBILE,https://www.bluevistaprod.com/actualites/sport-boules-16eme-trophee-emile-terrier/,2,79,2.53,6.1
fra,MOBILE,https://www.bluevistaprod.com/mentions-legales/,2,197,1.02,1.3
fra,MOBILE,https://www.bluevistaprod.com/nos-competences/video-mapping/,2,922,0.22,21.1
fra,MOBILE,https://www.bluevistaprod.com/nos-realisations/stann-lapplication-de-gestion-dentreprise/,2,1299,0.15,9.8
gbr,MOBILE,https://en.bluevistaprod.com/,2,65,3.08,5.9
ind,MOBILE,https://en.bluevistaprod.com/nos-realisations/hitachi-cs-net/,2,173,1.16,7.8
ind,MOBILE,https://en.bluevistaprod.com/our-skills/live-streaming-webtv/,2,39,5.13,8
mar,DESKTOP,https://www.bluevistaprod.com/nos-competences/live-streaming-webtv/,2,30,6.67,11
mtq,MOBILE,https://www.bluevistaprod.com/nos-competences/live-streaming-webtv/,2,13,15.38,6.7
mus,MOBILE,https://www.bluevistaprod.com/nos-competences/live-streaming-webtv/,2,4,50,8.3
usa,MOBILE,https://en.bluevistaprod.com/our-skills/live-streaming-webtv/,2,197,1.02,11
are,MOBILE,https://en.bluevistaprod.com/,1,11,9.09,6.2
aus,MOBILE,https://en.bluevistaprod.com/nos-realisations/eiffage-energie-expercite/,1,4,25,3.5
bel,DESKTOP,https://www.bluevistaprod.com/nos-competences/video-mapping/,1,15,6.67,36.4
bel,DESKTOP,https://www.bluevistaprod.com/studio-animation-3d-lyon/,1,111,0.9,58.2
bel,MOBILE,https://www.bluevistaprod.com/,1,22,4.55,58.6
ben,MOBILE,https://www.bluevistaprod.com/,1,7,14.29,3
bfa,MOBILE,https://www.bluevistaprod.com/nos-competences/live-streaming-webtv/,1,3,33.33,10
bfa,MOBILE,https://www.bluevistaprod.com/nos-realisations/verizon-connect-video-de-presentation/,1,1,100,7
bgd,MOBILE,https://en.bluevistaprod.com/nos-realisations/deko-presentation-film/,1,1,100,8
bgd,MOBILE,https://en.bluevistaprod.com/our-skills/live-streaming-webtv/,1,14,7.14,7
bhr,MOBILE,https://en.bluevistaprod.com/our-skills/live-streaming-webtv/,1,2,50,7
can,DESKTOP,http://www.bluevistaprod.com/,1,33,3.03,11.9
can,DESKTOP,https://www.bluevistaprod.com/,1,260,0.38,50.7
can,DESKTOP,https://www.bluevistaprod.com/nos-competences/live-streaming-webtv/,1,36,2.78,31.9
can,MOBILE,http://www.bluevistaprod.com/,1,12,8.33,2.6
che,DESKTOP,https://www.bluevistaprod.com/actualites/bluevista-le-motion-design/,1,48,2.08,26.7
che,DESKTOP,https://www.bluevistaprod.com/actualites/bluevista-video-showreel-2021/,1,5,20,4.6
che,DESKTOP,https://www.bluevistaprod.com/nos-competences/animation-3d/,1,91,1.1,64.8
che,DESKTOP,https://www.bluevistaprod.com/realisation-film-evenementiel/,1,73,1.37,37.7
che,DESKTOP,https://www.bluevistaprod.com/studio-animation-3d-lyon/,1,49,2.04,19.1
che,MOBILE,https://en.bluevistaprod.com/,1,21,4.76,9.4
che,MOBILE,https://www.bluevistaprod.com/agence/,1,22,4.55,6.9
che,TABLET,https://www.bluevistaprod.com/agence/,1,4,25,3.8
civ,DESKTOP,https://www.bluevistaprod.com/nos-competences/live-streaming-webtv/,1,13,7.69,10.5
cmr,DESKTOP,https://www.bluevistaprod.com/,1,3,33.33,38
cmr,DESKTOP,https://www.bluevistaprod.com/nos-competences/live-streaming-webtv/,1,3,33.33,34.7
cyp,DESKTOP,https://www.bluevistaprod.com/,1,10,10,53
deu,DESKTOP,https://www.bluevistaprod.com/,1,400,0.25,39.5
deu,DESKTOP,https://www.bluevistaprod.com/agence/,1,15,6.67,30.3
deu,DESKTOP,https://www.bluevistaprod.com/nos-competences/live-streaming-webtv/,1,33,3.03,34.1
deu,DESKTOP,https://www.bluevistaprod.com/nos-competences/studio-fond-vert-compositing/,1,7,14.29,10.6
deu,TABLET,https://en.bluevistaprod.com/,1,124,0.81,4.7
deu,TABLET,https://en.bluevistaprod.com/actualites/getlive-tv-3-0-wbe-tv-according-to-bluevista/,1,1,100,10
dnk,MOBILE,https://en.bluevistaprod.com/actualites/barpi-industrial-accident-prevention/,1,7,14.29,6.1
dza,DESKTOP,https://www.bluevistaprod.com/nos-competences/live-streaming-webtv/,1,44,2.27,10.2
dza,MOBILE,https://en.bluevistaprod.com/,1,5,20,1.6
dza,TABLET,https://www.bluevistaprod.com/nos-competences/live-streaming-webtv/,1,2,50,11
egy,MOBILE,https://www.bluevistaprod.com/nos-competences/live-streaming-webtv/,1,3,33.33,32.7
esp,DESKTOP,https://www.bluevistaprod.com/nos-competences/video-mapping/,1,26,3.85,16.3
esp,MOBILE,http://www.bluevistaprod.com/,1,17,5.88,2.1
esp,MOBILE,https://www.bluevistaprod.com/nos-competences/live-streaming-webtv/,1,11,9.09,19.5
fra,DESKTOP,https://en.bluevistaprod.com/nos-realisations/thx-medical-dosamat-digital-2-0/,1,3,33.33,7.3
fra,DESKTOP,https://www.bluevistaprod.com/actualites/bluevista-video-showreel-2023/,1,1040,0.1,9.7
fra,DESKTOP,https://www.bluevistaprod.com/mentions-legales/,1,320,0.31,2.7
fra,DESKTOP,https://www.bluevistaprod.com/nos-competences/creation-immersive-realite-virtuelle/,1,866,0.12,53.5
fra,DESKTOP,https://www.bluevistaprod.com/nos-competences/studio-fond-vert-compositing/,1,850,0.12,25.3
fra,DESKTOP,https://www.bluevistaprod.com/nos-realisations/hitachi-cs-net/,1,333,0.3,11.9
fra,MOBILE,https://www.bluevistaprod.com/actualites/bluevista-video-showreel-2023/,1,426,0.23,6.5
fra,MOBILE,https://www.bluevistaprod.com/actualites/guitare-en-scene-2023/,1,143,0.7,15.4
fra,MOBILE,https://www.bluevistaprod.com/actualites/video-immersive-360/,1,540,0.19,17.4
fra,MOBILE,https://www.bluevistaprod.com/contact-devis/,1,191,0.52,1.8
fra,MOBILE,https://www.bluevistaprod.com/nos-realisations/spc/,1,4,25,4.8
fra,MOBILE,https://www.bluevistaprod.com/nos-realisations/thx-medical-dosamat-digital-2-0/,1,82,1.22,6.9
fra,MOBILE,https://www.bluevistaprod.com/video-promotionnelle/,1,360,0.28,4.1
fra,TABLET,https://www.bluevistaprod.com/contact-devis/,1,3,33.33,1
fra,TABLET,https://www.bluevistaprod.com/nos-competences/live-streaming-webtv/,1,94,1.06,6.9
fra,TABLET,https://www.bluevistaprod.com/nos-realisations/engie-home-services-video-thermostat-migo/,1,39,2.56,9
fra,TABLET,https://www.bluevistaprod.com/nos-realisations/stann-lapplication-de-gestion-dentreprise/,1,63,1.59,7.4
fra,TABLET,https://www.bluevistaprod.com/studio-animation-3d-lyon/,1,39,2.56,12.6
gab,DESKTOP,https://www.bluevistaprod.com/nos-competences/live-streaming-webtv/,1,3,33.33,5.3
gbr,DESKTOP,https://en.bluevistaprod.com/,1,136,0.74,33
gbr,MOBILE,https://www.bluevistaprod.com/,1,47,2.13,61.5
gin,MOBILE,https://www.bluevistaprod.com/,1,4,25,7
hkg,DESKTOP,https://en.bluevistaprod.com/,1,144,0.69,24.5
isr,DESKTOP,https://www.bluevistaprod.com/,1,30,3.33,46.1
ita,DESKTOP,https://en.bluevistaprod.com/,1,26,3.85,7.9
ita,DESKTOP,https://www.bluevistaprod.com/,1,162,0.62,46.2
jpn,DESKTOP,https://en.bluevistaprod.com/,1,132,0.76,6.6
khm,DESKTOP,https://en.bluevistaprod.com/,1,4,25,2.5
kor,DESKTOP,https://en.bluevistaprod.com/,1,30,3.33,8.6
kor,DESKTOP,https://en.bluevistaprod.com/nos-realisations/opiiec/,1,1,100,3
kor,DESKTOP,https://www.bluevistaprod.com/,1,400,0.25,51.5
lux,DESKTOP,https://www.bluevistaprod.com/,1,24,4.17,19.3
lux,MOBILE,https://www.bluevistaprod.com/nos-competences/live-streaming-webtv/,1,6,16.67,7.2
mar,DESKTOP,http://www.bluevistaprod.com/,1,10,10,17.6
mar,DESKTOP,https://www.bluevistaprod.com/nos-realisations/deko-film-de-presentation/,1,2,50,3
mar,MOBILE,https://en.bluevistaprod.com/,1,12,8.33,6.5
mar,MOBILE,https://www.bluevistaprod.com/,1,43,2.33,12.4
mdg,MOBILE,https://www.bluevistaprod.com/nos-competences/live-streaming-webtv/,1,6,16.67,8.5
mex,MOBILE,https://en.bluevistaprod.com/nos-realisations/amplitude-amplivision/,1,23,4.35,5.2
mlt,DESKTOP,https://en.bluevistaprod.com/,1,1,100,2
mus,DESKTOP,https://www.bluevistaprod.com/,1,19,5.26,9.6
mus,DESKTOP,https://www.bluevistaprod.com/nos-competences/live-streaming-webtv/,1,2,50,10
ner,MOBILE,https://www.bluevistaprod.com/nos-realisations/eiffage-energie-expercite/,1,1,100,4
ner,MOBILE,https://www.bluevistaprod.com/video-publicitaire/,1,2,50,11
nld,DESKTOP,http://www.bluevistaprod.com/,1,5,20,15.4
nld,DESKTOP,https://en.bluevistaprod.com/,1,17,5.88,9.2
nld,MOBILE,https://en.bluevistaprod.com/,1,27,3.7,4.6
pak,MOBILE,https://en.bluevistaprod.com/our-skills/live-streaming-webtv/,1,35,2.86,8.2
prt,DESKTOP,https://www.bluevistaprod.com/,1,33,3.03,42.8
reu,DESKTOP,https://www.bluevistaprod.com/nos-competences/live-streaming-webtv/,1,10,10,15.3
reu,MOBILE,https://www.bluevistaprod.com/nos-competences/live-streaming-webtv/,1,20,5,6.2
rou,DESKTOP,https://en.bluevistaprod.com/,1,10,10,2.3
sau,DESKTOP,https://en.bluevistaprod.com/actualites/barpi-industrial-accident-prevention/,1,5,20,7
sau,MOBILE,https://en.bluevistaprod.com/our-skills/live-streaming-webtv/,1,6,16.67,8
srb,MOBILE,https://en.bluevistaprod.com/actualites/barpi-industrial-accident-prevention/,1,48,2.08,8.2
swe,MOBILE,https://en.bluevistaprod.com/,1,4,25,5.3
syc,DESKTOP,https://en.bluevistaprod.com/,1,1,100,1
tgo,DESKTOP,http://www.bluevistaprod.com/,1,1,100,12
tun,MOBILE,https://www.bluevistaprod.com/actualites/video-immersive-360/,1,3,33.33,8
usa,DESKTOP,https://en.bluevistaprod.com/,1,404,0.25,20.5
usa,MOBILE,http://www.bluevistaprod.com/,1,7,14.29,2
zaf,DESKTOP,https://en.bluevistaprod.com/our-skills/live-streaming-webtv/,1,7,14.29,8
abw,DESKTOP,https://www.bluevistaprod.com/studio-animation-3d-paris/,0,1,0,27
abw,MOBILE,https://www.bluevistaprod.com/actualites/stann/,0,1,0,9
afg,DESKTOP,https://www.bluevistaprod.com/studio-animation-3d-paris/,0,1,0,26
afg,MOBILE,https://en.bluevistaprod.com/actualites/barpi-industrial-accident-prevention/,0,4,0,6
afg,MOBILE,https://www.bluevistaprod.com/actualites/stann/,0,1,0,11
afg,MOBILE,https://www.bluevistaprod.com/studio-animation-3d-lyon/,0,1,0,21
afg,MOBILE,https://www.bluevistaprod.com/studio-animation-3d-paris/,0,1,0,51
ago,DESKTOP,https://en.bluevistaprod.com/,0,1,0,7
ago,DESKTOP,https://www.bluevistaprod.com/,0,4,0,27.5
ago,DESKTOP,https://www.bluevistaprod.com/agence/,0,1,0,69
ago,DESKTOP,https://www.bluevistaprod.com/nos-competences/aftermovie-captation-evenementielle/,0,1,0,8
ago,DESKTOP,https://www.bluevistaprod.com/nos-competences/animation-3d/,0,1,0,73
ago,DESKTOP,https://www.bluevistaprod.com/nos-competences/motion-design/,0,1,0,63
ago,DESKTOP,https://www.bluevistaprod.com/nos-competences/video-aerienne-drone/,0,1,0,56
ago,DESKTOP,https://www.bluevistaprod.com/nos-realisations/qwartz/,0,1,0,30
ago,DESKTOP,https://www.bluevistaprod.com/realisation-film-entreprise-lyon/,0,10,0,31.1
ago,DESKTOP,https://www.bluevistaprod.com/video-publicitaire/,0,1,0,37
ago,MOBILE,https://en.bluevistaprod.com/actualites/barpi-industrial-accident-prevention/,0,1,0,12
ago,MOBILE,https://en.bluevistaprod.com/nos-realisations/eiffage-energie-expercite/,0,1,0,5
ago,MOBILE,https://en.bluevistaprod.com/our-skills/live-streaming-webtv/,0,1,0,10
ago,MOBILE,https://www.bluevistaprod.com/actualites/stann/,0,2,0,4.5
ago,MOBILE,https://www.bluevistaprod.com/film-d-entreprise-paris-15-ans-d-experience/,0,1,0,64
ago,MOBILE,https://www.bluevistaprod.com/nos-realisations/stann-lapplication-de-gestion-dentreprise/,0,1,0,6
ago,MOBILE,https://www.bluevistaprod.com/video-publicitaire/,0,1,0,9
alb,DESKTOP,https://en.bluevistaprod.com/,0,4,0,4.8
alb,DESKTOP,https://en.bluevistaprod.com/geneva-event-video-production/,0,2,0,73
alb,DESKTOP,https://en.bluevistaprod.com/video-production-in-geneva/,0,1,0,68
alb,DESKTOP,https://www.bluevistaprod.com/,0,8,0,58.9
alb,DESKTOP,https://www.bluevistaprod.com/agence/,0,1,0,75
alb,DESKTOP,https://www.bluevistaprod.com/bluevista-agence-metaverse/,0,1,0,10
alb,DESKTOP,https://www.bluevistaprod.com/film-d-entreprise-paris-15-ans-d-experience/,0,4,0,54.5
alb,DESKTOP,https://www.bluevistaprod.com/nos-competences/aftermovie-captation-evenementielle/,0,1,0,69
alb,DESKTOP,https://www.bluevistaprod.com/nos-competences/motion-design/,0,2,0,78
alb,DESKTOP,https://www.bluevistaprod.com/nos-competences/studio-fond-vert-compositing/,0,1,0,16
alb,DESKTOP,https://www.bluevistaprod.com/nos-competences/video-aerienne-drone/,0,4,0,40.8
alb,DESKTOP,https://www.bluevistaprod.com/nos-competences/video-corporate-film-dentreprise/,0,2,0,17
alb,DESKTOP,https://www.bluevistaprod.com/nos-competences/video-mapping/,0,1,0,66
alb,DESKTOP,https://www.bluevistaprod.com/nos-realisations/cera-agence-innovation/,0,1,0,43
alb,DESKTOP,https://www.bluevistaprod.com/nos-realisations/serl-video-360-vr/,0,1,0,30
alb,DESKTOP,https://www.bluevistaprod.com/nos-realisations/thx-medical-dosamat-digital-2-0/,0,1,0,19
alb,DESKTOP,https://www.bluevistaprod.com/nos-realisations/verizon-connect-video-de-presentation/,0,1,0,80
alb,DESKTOP,https://www.bluevistaprod.com/realisation-film-entreprise-lyon/,0,14,0,42
alb,DESKTOP,https://www.bluevistaprod.com/realisation-film-lancement-produit/,0,2,0,54
alb,DESKTOP,https://www.bluevistaprod.com/realisation-video-geneve/,0,1,0,11
alb,DESKTOP,https://www.bluevistaprod.com/studio-animation-3d-lyon/,0,2,0,89
alb,DESKTOP,https://www.bluevistaprod.com/studio-animation-3d-paris/,0,1,0,52
alb,DESKTOP,https://www.bluevistaprod.com/video-promotionnelle/,0,1,0,82
alb,DESKTOP,https://www.bluevistaprod.com/video-publicitaire/,0,4,0,20.5
alb,MOBILE,https://en.bluevistaprod.com/actualites/barpi-industrial-accident-prevention/,0,2,0,5.5
alb,MOBILE,https://en.bluevistaprod.com/nos-realisations/thx-medical-dosamat-digital-2-0/,0,1,0,9
alb,MOBILE,https://www.bluevistaprod.com/,0,2,0,54.5
alb,MOBILE,https://www.bluevistaprod.com/bluevista-agence-metaverse/,0,1,0,24
alb,MOBILE,https://www.bluevistaprod.com/film-d-entreprise-paris-15-ans-d-experience/,0,1,0,60
alb,MOBILE,https://www.bluevistaprod.com/nos-competences/motion-design/,0,1,0,92
alb,MOBILE,https://www.bluevistaprod.com/nos-realisations/verizon-connect-video-de-presentation/,0,1,0,97
alb,MOBILE,https://www.bluevistaprod.com/realisation-film-entreprise-lyon/,0,1,0,66
alb,MOBILE,https://www.bluevistaprod.com/video-publicitaire/,0,2,0,31.5
and,DESKTOP,https://en.bluevistaprod.com/geneva-event-video-production/,0,1,0,33
and,DESKTOP,https://en.bluevistaprod.com/our-skills/video-mapping/,0,1,0,2
and,DESKTOP,https://en.bluevistaprod.com/video-production-in-geneva/,0,1,0,19
and,DESKTOP,https://www.bluevistaprod.com/,0,5,0,16.6
and,DESKTOP,https://www.bluevistaprod.com/actualites/video-mapping-lyon-intercontinental-grand-hotel-dieu/,0,1,0,50
and,DESKTOP,https://www.bluevistaprod.com/film-d-entreprise-paris-15-ans-d-experience/,0,2,0,17
and,DESKTOP,https://www.bluevistaprod.com/nos-competences/motion-design/,0,1,0,12
and,DESKTOP,https://www.bluevistaprod.com/nos-competences/video-mapping/,0,2,0,8
and,DESKTOP,https://www.bluevistaprod.com/nos-realisations/stann-lapplication-de-gestion-dentreprise/,0,1,0,6
and,DESKTOP,https://www.bluevistaprod.com/realisation-video-geneve/,0,1,0,25
and,DESKTOP,https://www.bluevistaprod.com/studio-animation-3d-lyon/,0,1,0,68
and,DESKTOP,https://www.bluevistaprod.com/studio-animation-3d-paris/,0,2,0,19.5
and,DESKTOP,https://www.bluevistaprod.com/video-publicitaire/,0,1,0,30
and,MOBILE,https://www.bluevistaprod.com/nos-competences/live-streaming-webtv/,0,1,0,7
are,DESKTOP,https://en.bluevistaprod.com/,0,15,0,6.5
are,DESKTOP,https://en.bluevistaprod.com/actualites/360-immersive-video/,0,7,0,82.1
are,DESKTOP,https://en.bluevistaprod.com/actualites/barpi-industrial-accident-prevention/,0,7,0,5.1
are,DESKTOP,https://en.bluevistaprod.com/corporate-film-in-lyon/,0,1,0,94
are,DESKTOP,https://en.bluevistaprod.com/film-production-product-launch/,0,1,0,4
are,DESKTOP,https://en.bluevistaprod.com/metaverse/,0,7,0,91
are,DESKTOP,https://en.bluevistaprod.com/nos-realisations/amplitude-amplivision/,0,3,0,3.7
are,DESKTOP,https://en.bluevistaprod.com/nos-realisations/hitachi-cs-net/,0,1,0,7
are,DESKTOP,https://en.bluevistaprod.com/nos-realisations/pisten-bully-360-vr-snowcat/,0,1,0,68
are,DESKTOP,https://en.bluevistaprod.com/nos-realisations/thx-medical-dosamat-digital-2-0/,0,1,0,6
are,DESKTOP,https://en.bluevistaprod.com/our-skills/corporate-video-corporate-film/,0,2,0,91
are,DESKTOP,https://en.bluevistaprod.com/our-skills/green-screen-studio-compositing/,0,1,0,2
are,DESKTOP,https://www.bluevistaprod.com/,0,33,0,45.2
are,DESKTOP,https://www.bluevistaprod.com/actualites/carte-de-voeux-video/,0,2,0,26
are,DESKTOP,https://www.bluevistaprod.com/actualites/category/videomapping/,0,1,0,92
are,DESKTOP,https://www.bluevistaprod.com/actualites/video-immersive-360/,0,2,0,25
are,DESKTOP,https://www.bluevistaprod.com/bluevista-agence-metaverse/,0,2,0,25.5
are,DESKTOP,https://www.bluevistaprod.com/film-d-entreprise-paris-15-ans-d-experience/,0,7,0,48.7
are,DESKTOP,https://www.bluevistaprod.com/nos-competences/aftermovie-captation-evenementielle/,0,1,0,13
are,DESKTOP,https://www.bluevistaprod.com/nos-competences/animation-3d/,0,3,0,29.7
are,DESKTOP,https://www.bluevistaprod.com/nos-competences/live-streaming-webtv/,0,4,0,43.5
are,DESKTOP,https://www.bluevistaprod.com/nos-competences/motion-design/,0,9,0,78.2
are,DESKTOP,https://www.bluevistaprod.com/nos-competences/studio-fond-vert-compositing/,0,1,0,17
are,DESKTOP,https://www.bluevistaprod.com/nos-competences/video-aerienne-drone/,0,6,0,27
are,DESKTOP,https://www.bluevistaprod.com/nos-competences/video-corporate-film-dentreprise/,0,5,0,57.4
are,DESKTOP,https://www.bluevistaprod.com/nos-competences/video-mapping/,0,3,0,12.7
are,DESKTOP,https://www.bluevistaprod.com/nos-realisations/cera-agence-innovation/,0,2,0,32
are,DESKTOP,https://www.bluevistaprod.com/nos-realisations/printemps-mapping/,0,1,0,90
are,DESKTOP,https://www.bluevistaprod.com/nos-realisations/qwartz/,0,1,0,72
are,DESKTOP,https://www.bluevistaprod.com/nos-realisations/verizon-connect-video-de-presentation/,0,2,0,33
are,DESKTOP,https://www.bluevistaprod.com/realisation-de-film-evenements/,0,1,0,11
are,DESKTOP,https://www.bluevistaprod.com/realisation-film-entreprise-lyon/,0,36,0,33.6
are,DESKTOP,https://www.bluevistaprod.com/realisation-film-evenementiel/,0,1,0,87
are,DESKTOP,https://www.bluevistaprod.com/studio-animation-3d-lyon/,0,27,0,75.6
are,DESKTOP,https://www.bluevistaprod.com/studio-animation-3d-paris/,0,11,0,31.2
are,DESKTOP,https://www.bluevistaprod.com/video-publicitaire/,0,12,0,35.1
are,MOBILE,https://en.bluevistaprod.com/actualites/barpi-industrial-accident-prevention/,0,44,0,6.5
are,MOBILE,https://en.bluevistaprod.com/our-skills/live-streaming-webtv/,0,2,0,9
are,MOBILE,https://www.bluevistaprod.com/actualites/aravi-saison-2022-2023/,0,3,0,8.7
are,MOBILE,https://www.bluevistaprod.com/actualites/showroom-virtuel-gf-machining-solutions/,0,2,0,47.5
are,MOBILE,https://www.bluevistaprod.com/actualites/stann/,0,10,0,8.8
are,MOBILE,https://www.bluevistaprod.com/bluevista-agence-metaverse/,0,2,0,22
are,MOBILE,https://www.bluevistaprod.com/film-d-entreprise-paris-15-ans-d-experience/,0,2,0,25.5
are,MOBILE,https://www.bluevistaprod.com/nos-competences/aftermovie-captation-evenementielle/,0,1,0,19
are,MOBILE,https://www.bluevistaprod.com/nos-competences/motion-design/,0,3,0,76.7
are,MOBILE,https://www.bluevistaprod.com/nos-competences/video-aerienne-drone/,0,2,0,37
are,MOBILE,https://www.bluevistaprod.com/nos-competences/video-corporate-film-dentreprise/,0,1,0,29
are,MOBILE,https://www.bluevistaprod.com/nos-realisations/dromis-equans-ineo/,0,1,0,87
are,MOBILE,https://www.bluevistaprod.com/nos-realisations/qwartz/,0,1,0,94
are,MOBILE,https://www.bluevistaprod.com/nos-realisations/stann-lapplication-de-gestion-dentreprise/,0,1,0,44
are,MOBILE,https://www.bluevistaprod.com/studio-animation-3d-lyon/,0,1,0,5
are,MOBILE,https://www.bluevistaprod.com/video-publicitaire/,0,4,0,38
are,TABLET,https://www.bluevistaprod.com/nos-competences/motion-design/,0,1,0,79
arg,DESKTOP,http://www.bluevistaprod.com/,0,20,0,28.6
arg,DESKTOP,https://en.bluevistaprod.com/,0,8,0,16.3
arg,DESKTOP,https://en.bluevistaprod.com/3d-animation-studio-in-paris/,0,4,0,41.3
arg,DESKTOP,https://en.bluevistaprod.com/actualites/barpi-industrial-accident-prevention/,0,2,0,5.5
arg,DESKTOP,https://en.bluevistaprod.com/actualites/inauguration-intercontinental-lyon-grand-hotel-dieu/,0,1,0,34
arg,DESKTOP,https://en.bluevistaprod.com/geneva-event-video-production/,0,9,0,46.2
arg,DESKTOP,https://en.bluevistaprod.com/nos-realisations/eiffage-energie-expercite/,0,1,0,3
arg,DESKTOP,https://en.bluevistaprod.com/nos-realisations/hitachi-cs-net/,0,1,0,54
arg,DESKTOP,https://en.bluevistaprod.com/nos-realisations/radisson-360-vr/,0,5,0,13
arg,DESKTOP,https://en.bluevistaprod.com/our-skills/aftermovie-event-capture/,0,1,0,98
arg,DESKTOP,https://en.bluevistaprod.com/video-production-in-geneva/,0,9,0,33.1
arg,DESKTOP,https://www.bluevistaprod.com/,0,293,0,48.1
arg,DESKTOP,https://www.bluevistaprod.com/actualites/bluevista-video-showreel-2023/,0,4,0,46
arg,DESKTOP,https://www.bluevistaprod.com/actualites/carte-de-voeux-video/,0,7,0,54.3
arg,DESKTOP,https://www.bluevistaprod.com/actualites/category/tournage-studio/,0,1,0,100
arg,DESKTOP,https://www.bluevistaprod.com/actualites/category/video-360-vr/,0,3,0,40.7
arg,DESKTOP,https://www.bluevistaprod.com/actualites/guitare-en-scene-2023/,0,2,0,33.5
arg,DESKTOP,https://www.bluevistaprod.com/actualites/inauguration-intercontinental-lyon-grand-hotel-dieu/,0,1,0,74
arg,DESKTOP,https://www.bluevistaprod.com/actualites/koesio-carte-de-voeux-2023/,0,6,0,34.2
arg,DESKTOP,https://www.bluevistaprod.com/actualites/mase-4-motions/,0,3,0,49.3
arg,DESKTOP,https://www.bluevistaprod.com/actualites/realisation-immersion-360-degres-dameuse-pisten-bully/,0,1,0,89
arg,DESKTOP,https://www.bluevistaprod.com/actualites/sport-boules-16eme-trophee-emile-terrier/,0,1,0,76
arg,DESKTOP,https://www.bluevistaprod.com/actualites/video-immersive-360/,0,10,0,33.5
arg,DESKTOP,https://www.bluevistaprod.com/agence/,0,2,0,36.5
arg,DESKTOP,https://www.bluevistaprod.com/bluevista-agence-metaverse/,0,32,0,43
arg,DESKTOP,https://www.bluevistaprod.com/film-corporate-lyon-depuis-2004/,0,2,0,16.5
arg,DESKTOP,https://www.bluevistaprod.com/film-d-entreprise-paris-15-ans-d-experience/,0,36,0,36.4
arg,DESKTOP,https://www.bluevistaprod.com/nos-competences/,0,1,0,8
arg,DESKTOP,https://www.bluevistaprod.com/nos-competences/aftermovie-captation-evenementielle/,0,12,0,58.2
arg,DESKTOP,https://www.bluevistaprod.com/nos-competences/animation-3d/,0,33,0,51.9
arg,DESKTOP,https://www.bluevistaprod.com/nos-competences/creation-immersive-realite-virtuelle/,0,5,0,22.4
arg,DESKTOP,https://www.bluevistaprod.com/nos-competences/live-streaming-webtv/,0,9,0,63.2
arg,DESKTOP,https://www.bluevistaprod.com/nos-competences/motion-design/,0,100,0,80.6
arg,DESKTOP,https://www.bluevistaprod.com/nos-competences/studio-fond-vert-compositing/,0,8,0,14.4
arg,DESKTOP,https://www.bluevistaprod.com/nos-competences/video-aerienne-drone/,0,18,0,36.4
arg,DESKTOP,https://www.bluevistaprod.com/nos-competences/video-corporate-film-dentreprise/,0,58,0,60.9
arg,DESKTOP,https://www.bluevistaprod.com/nos-competences/video-mapping/,0,16,0,22.4
arg,DESKTOP,https://www.bluevistaprod.com/nos-realisations/,0,1,0,5
arg,DESKTOP,https://www.bluevistaprod.com/nos-realisations/bluevista-creative-unicorn-team/,0,1,0,9
arg,DESKTOP,https://www.bluevistaprod.com/nos-realisations/bluevista-showreel-2025/,0,1,0,10
arg,DESKTOP,https://www.bluevistaprod.com/nos-realisations/bos/,0,1,0,63
arg,DESKTOP,https://www.bluevistaprod.com/nos-realisations/cera-agence-innovation/,0,6,0,34.8
arg,DESKTOP,https://www.bluevistaprod.com/nos-realisations/eiffage-energie-expercite/,0,1,0,2
arg,DESKTOP,https://www.bluevistaprod.com/nos-realisations/engie-home-services-video-thermostat-migo/,0,4,0,10.8
arg,DESKTOP,https://www.bluevistaprod.com/nos-realisations/guitare-en-scene-edition-2023/,0,1,0,23
arg,DESKTOP,https://www.bluevistaprod.com/nos-realisations/hitachi-hikumo/,0,1,0,67
arg,DESKTOP,https://www.bluevistaprod.com/nos-realisations/hitachi-yutaki/,0,1,0,91
arg,DESKTOP,https://www.bluevistaprod.com/nos-realisations/nightswapping/,0,3,0,47.3
arg,DESKTOP,https://www.bluevistaprod.com/nos-realisations/pisten-bully-dameuse-360-vr/,0,1,0,58
arg,DESKTOP,https://www.bluevistaprod.com/nos-realisations/qwartz/,0,5,0,49.4
arg,DESKTOP,https://www.bluevistaprod.com/nos-realisations/radisson-360-vr/,0,7,0,31.1
arg,DESKTOP,https://www.bluevistaprod.com/nos-realisations/serl-video-360-vr/,0,6,0,30.5
arg,DESKTOP,https://www.bluevistaprod.com/nos-realisations/verizon-connect-video-de-presentation/,0,5,0,82.4
arg,DESKTOP,https://www.bluevistaprod.com/realisation-de-film-evenements/,0,1,0,73
arg,DESKTOP,https://www.bluevistaprod.com/realisation-film-entreprise-lyon/,0,571,0,24.8
arg,DESKTOP,https://www.bluevistaprod.com/realisation-film-evenementiel/,0,5,0,36.2
arg,DESKTOP,https://www.bluevistaprod.com/realisation-film-lancement-produit/,0,5,0,60.2
arg,DESKTOP,https://www.bluevistaprod.com/realisation-film-sante/,0,9,0,52.2
arg,DESKTOP,https://www.bluevistaprod.com/realisation-video-geneve/,0,3,0,67
arg,DESKTOP,https://www.bluevistaprod.com/studio-animation-3d-lyon/,0,38,0,31.9
arg,DESKTOP,https://www.bluevistaprod.com/studio-animation-3d-paris/,0,34,0,46.6
arg,DESKTOP,https://www.bluevistaprod.com/video-promotionnelle/,0,11,0,19.9
arg,DESKTOP,https://www.bluevistaprod.com/video-publicitaire/,0,130,0,40.5
arg,MOBILE,http://www.bluevistaprod.com/,0,2,0,11
arg,MOBILE,https://en.bluevistaprod.com/,0,3,0,7.7
arg,MOBILE,https://en.bluevistaprod.com/geneva-event-video-production/,0,6,0,77
arg,MOBILE,https://en.bluevistaprod.com/nos-realisations/dromis-equans-ineo/,0,3,0,10.3
arg,MOBILE,https://en.bluevistaprod.com/nos-realisations/eiffage-energie-expercite/,0,3,0,8.7
arg,MOBILE,https://en.bluevistaprod.com/nos-realisations/hitachi-cs-net/,0,1,0,10
arg,MOBILE,https://en.bluevistaprod.com/nos-realisations/pisten-bully-360-vr-snowcat/,0,1,0,8
arg,MOBILE,https://en.bluevistaprod.com/nos-realisations/verizon-connect-video-presentation/,0,1,0,41
arg,MOBILE,https://en.bluevistaprod.com/video-production-in-geneva/,0,6,0,48.7
arg,MOBILE,https://www.bluevistaprod.com/,0,22,0,63
arg,MOBILE,https://www.bluevistaprod.com/actualites/animation-3d-grande-arche-de-la-defense/,0,1,0,63
arg,MOBILE,https://www.bluevistaprod.com/actualites/bluevista-le-motion-design/,0,1,0,57
arg,MOBILE,https://www.bluevistaprod.com/actualites/carte-de-voeux-video/,0,1,0,42
arg,MOBILE,https://www.bluevistaprod.com/actualites/guitare-en-scene-2023/,0,1,0,100
arg,MOBILE,https://www.bluevistaprod.com/actualites/koesio-carte-de-voeux-2023/,0,1,0,53
arg,MOBILE,https://www.bluevistaprod.com/actualites/motion-design-3d-et-mapping-a-paris-au-musee-rodin/,0,1,0,40
arg,MOBILE,https://www.bluevistaprod.com/actualites/showroom-virtuel-gf-machining-solutions/,0,4,0,44.3
arg,MOBILE,https://www.bluevistaprod.com/actualites/stann/,0,5,0,8.4
arg,MOBILE,https://www.bluevistaprod.com/actualites/video-immersive-360/,0,6,0,39.7
arg,MOBILE,https://www.bluevistaprod.com/bluevista-agence-metaverse/,0,12,0,21.6
arg,MOBILE,https://www.bluevistaprod.com/film-d-entreprise-paris-15-ans-d-experience/,0,10,0,32.5
arg,MOBILE,https://www.bluevistaprod.com/nos-competences/aftermovie-captation-evenementielle/,0,3,0,23.3
arg,MOBILE,https://www.bluevistaprod.com/nos-competences/animation-3d/,0,2,0,32
arg,MOBILE,https://www.bluevistaprod.com/nos-competences/creation-immersive-realite-virtuelle/,0,1,0,9
arg,MOBILE,https://www.bluevistaprod.com/nos-competences/live-streaming-webtv/,0,8,0,67.1
arg,MOBILE,https://www.bluevistaprod.com/nos-competences/motion-design/,0,14,0,83.6
arg,MOBILE,https://www.bluevistaprod.com/nos-competences/video-aerienne-drone/,0,3,0,63.3
arg,MOBILE,https://www.bluevistaprod.com/nos-competences/video-corporate-film-dentreprise/,0,3,0,57.3
arg,MOBILE,https://www.bluevistaprod.com/nos-competences/video-mapping/,0,1,0,32
arg,MOBILE,https://www.bluevistaprod.com/nos-realisations/amplitude-amplivision/,0,1,0,77
arg,MOBILE,https://www.bluevistaprod.com/nos-realisations/dromis-equans-ineo/,0,2,0,82
arg,MOBILE,https://www.bluevistaprod.com/nos-realisations/eiffage-energie-expercite/,0,1,0,10
arg,MOBILE,https://www.bluevistaprod.com/nos-realisations/engie-home-services-video-thermostat-migo/,0,2,0,7.5
arg,MOBILE,https://www.bluevistaprod.com/nos-realisations/qwartz/,0,1,0,103
arg,MOBILE,https://www.bluevistaprod.com/nos-realisations/stann-lapplication-de-gestion-dentreprise/,0,1,0,6
arg,MOBILE,https://www.bluevistaprod.com/nos-realisations/verizon-connect-video-de-presentation/,0,4,0,66.3
arg,MOBILE,https://www.bluevistaprod.com/realisation-film-entreprise-lyon/,0,5,0,53
arg,MOBILE,https://www.bluevistaprod.com/realisation-film-lancement-produit/,0,3,0,29
arg,MOBILE,https://www.bluevistaprod.com/realisation-film-sante/,0,1,0,19
arg,MOBILE,https://www.bluevistaprod.com/studio-animation-3d-lyon/,0,7,0,36.6
arg,MOBILE,https://www.bluevistaprod.com/studio-animation-3d-paris/,0,10,0,36.1
arg,MOBILE,https://www.bluevistaprod.com/video-publicitaire/,0,31,0,34.7
arm,DESKTOP,https://en.bluevistaprod.com/geneva-event-video-production/,0,1,0,78
arm,DESKTOP,https://en.bluevistaprod.com/video-production-in-geneva/,0,1,0,25
arm,DESKTOP,https://www.bluevistaprod.com/,0,6,0,55.5
arm,DESKTOP,https://www.bluevistaprod.com/bluevista-agence-metaverse/,0,2,0,20
arm,DESKTOP,https://www.bluevistaprod.com/film-d-entreprise-paris-15-ans-d-experience/,0,1,0,44
arm,DESKTOP,https://www.bluevistaprod.com/nos-competences/motion-design/,0,3,0,76.3
arm,DESKTOP,https://www.bluevistaprod.com/nos-competences/video-corporate-film-dentreprise/,0,2,0,59.5
arm,DESKTOP,https://www.bluevistaprod.com/realisation-film-entreprise-lyon/,0,4,0,44.5
arm,DESKTOP,https://www.bluevistaprod.com/realisation-film-lancement-produit/,0,1,0,95
arm,DESKTOP,https://www.bluevistaprod.com/realisation-video-geneve/,0,1,0,41
arm,DESKTOP,https://www.bluevistaprod.com/studio-animation-3d-lyon/,0,1,0,35
arm,DESKTOP,https://www.bluevistaprod.com/studio-animation-3d-paris/,0,2,0,76.5
arm,DESKTOP,https://www.bluevistaprod.com/video-publicitaire/,0,3,0,25.7
arm,MOBILE,https://en.bluevistaprod.com/actualites/barpi-industrial-accident-prevention/,0,2,0,6
arm,MOBILE,https://www.bluevistaprod.com/actualites/stann/,0,3,0,7
arm,MOBILE,https://www.bluevistaprod.com/nos-competences/aftermovie-captation-evenementielle/,0,1,0,38
arm,MOBILE,https://www.bluevistaprod.com/nos-realisations/dromis-equans-ineo/,0,1,0,83
arm,MOBILE,https://www.bluevistaprod.com/nos-realisations/olinn-video-publicitaire/,0,1,0,1
atg,DESKTOP,https://www.bluevistaprod.com/,0,1,0,73
atg,DESKTOP,https://www.bluevistaprod.com/nos-competences/motion-design/,0,1,0,97
atg,DESKTOP,https://www.bluevistaprod.com/realisation-film-entreprise-lyon/,0,1,0,15
atg,MOBILE,https://www.bluevistaprod.com/nos-competences/video-corporate-film-dentreprise/,0,1,0,58
aus,DESKTOP,http://www.bluevistaprod.com/,0,2,0,8.5
aus,DESKTOP,https://en.bluevistaprod.com/,0,54,0,52.6
aus,DESKTOP,https://en.bluevistaprod.com/3d-animation-studio-in-paris/,0,5,0,47.4
aus,DESKTOP,https://en.bluevistaprod.com/actualites/360-immersive-video/,0,1,0,58
aus,DESKTOP,https://en.bluevistaprod.com/actualites/barpi-industrial-accident-prevention/,0,10,0,7.9
aus,DESKTOP,https://en.bluevistaprod.com/actualites/category/corporate-en/,0,1,0,48
aus,DESKTOP,https://en.bluevistaprod.com/actualites/koesio-greeting-card-2023/,0,1,0,42
aus,DESKTOP,https://en.bluevistaprod.com/actualites/stann/,0,1,0,3
aus,DESKTOP,https://en.bluevistaprod.com/corporate-film-in-lyon/,0,1,0,94
aus,DESKTOP,https://en.bluevistaprod.com/geneva-event-video-production/,0,18,0,70.7
aus,DESKTOP,https://en.bluevistaprod.com/news/,0,1,0,70
aus,DESKTOP,https://en.bluevistaprod.com/nos-realisations/amplitude-amplivision/,0,10,0,7.3
aus,DESKTOP,https://en.bluevistaprod.com/nos-realisations/arrow-abox-memo/,0,1,0,35
aus,DESKTOP,https://en.bluevistaprod.com/nos-realisations/eiffage-energie-expercite/,0,1,0,4
aus,DESKTOP,https://en.bluevistaprod.com/nos-realisations/engie-home-services-migo-thermostat-video/,0,1,0,15
aus,DESKTOP,https://en.bluevistaprod.com/nos-realisations/hitachi-cs-net/,0,1,0,63
aus,DESKTOP,https://en.bluevistaprod.com/nos-realisations/pisten-bully-360-vr-snowcat/,0,1,0,5
aus,DESKTOP,https://en.bluevistaprod.com/nos-realisations/thx-medical-dosamat-digital-2-0/,0,1,0,1
aus,DESKTOP,https://en.bluevistaprod.com/nos-realisations/verizon-connect-video-presentation/,0,1,0,89
aus,DESKTOP,https://en.bluevistaprod.com/our-achievements/,0,1,0,66
aus,DESKTOP,https://en.bluevistaprod.com/our-skills/corporate-video-corporate-film/,0,3,0,58.7
aus,DESKTOP,https://en.bluevistaprod.com/our-skills/motion-design/,0,2,0,41
aus,DESKTOP,https://en.bluevistaprod.com/video-production-in-geneva/,0,92,0,27.7
aus,DESKTOP,https://www.bluevistaprod.com/,0,73,0,49.9
aus,DESKTOP,https://www.bluevistaprod.com/actualites/bluevista-le-motion-design/,0,1,0,56
aus,DESKTOP,https://www.bluevistaprod.com/actualites/carte-de-voeux-video/,0,3,0,54.3
aus,DESKTOP,https://www.bluevistaprod.com/actualites/koesio-carte-de-voeux-2023/,0,3,0,30
aus,DESKTOP,https://www.bluevistaprod.com/actualites/mapping-printemps-lyon/,0,1,0,33
aus,DESKTOP,https://www.bluevistaprod.com/actualites/motion-design-3d-et-mapping-a-paris-au-musee-rodin/,0,3,0,41.7
aus,DESKTOP,https://www.bluevistaprod.com/actualites/showroom-virtuel-gf-machining-solutions/,0,1,0,63
aus,DESKTOP,https://www.bluevistaprod.com/actualites/stann/,0,5,0,36.2
aus,DESKTOP,https://www.bluevistaprod.com/actualites/video-mapping-lyon-intercontinental-grand-hotel-dieu/,0,2,0,45
aus,DESKTOP,https://www.bluevistaprod.com/agence/,0,2,0,23
aus,DESKTOP,https://www.bluevistaprod.com/bluevista-agence-metaverse/,0,4,0,48.3
aus,DESKTOP,https://www.bluevistaprod.com/film-d-entreprise-paris-15-ans-d-experience/,0,16,0,40.5
aus,DESKTOP,https://www.bluevistaprod.com/film-entreprise-lyon-15-ans-experience/,0,2,0,43
aus,DESKTOP,https://www.bluevistaprod.com/nos-competences/,0,1,0,18
aus,DESKTOP,https://www.bluevistaprod.com/nos-competences/aftermovie-captation-evenementielle/,0,7,0,55.1
aus,DESKTOP,https://www.bluevistaprod.com/nos-competences/animation-3d/,0,10,0,32.4
aus,DESKTOP,https://www.bluevistaprod.com/nos-competences/creation-immersive-realite-virtuelle/,0,2,0,63
aus,DESKTOP,https://www.bluevistaprod.com/nos-competences/live-streaming-webtv/,0,5,0,38
aus,DESKTOP,https://www.bluevistaprod.com/nos-competences/motion-design/,0,88,0,69.6
aus,DESKTOP,https://www.bluevistaprod.com/nos-competences/studio-fond-vert-compositing/,0,1,0,16
aus,DESKTOP,https://www.bluevistaprod.com/nos-competences/video-aerienne-drone/,0,19,0,39.4
aus,DESKTOP,https://www.bluevistaprod.com/nos-competences/video-corporate-film-dentreprise/,0,22,0,41.9
aus,DESKTOP,https://www.bluevistaprod.com/nos-competences/video-mapping/,0,12,0,11.5
aus,DESKTOP,https://www.bluevistaprod.com/nos-realisations/arrow-abox-memo/,0,1,0,63
aus,DESKTOP,https://www.bluevistaprod.com/nos-realisations/eiffage-energie-expercite/,0,1,0,44
aus,DESKTOP,https://www.bluevistaprod.com/nos-realisations/engie-home-services-video-thermostat-migo/,0,2,0,52
aus,DESKTOP,https://www.bluevistaprod.com/nos-realisations/hitachi-hikumo/,0,1,0,102
aus,DESKTOP,https://www.bluevistaprod.com/nos-realisations/hitachi-yutaki/,0,1,0,52
aus,DESKTOP,https://www.bluevistaprod.com/nos-realisations/mase-motion-design/,0,1,0,75
aus,DESKTOP,https://www.bluevistaprod.com/nos-realisations/radisson-360-vr/,0,2,0,44
aus,DESKTOP,https://www.bluevistaprod.com/nos-realisations/stann-lapplication-de-gestion-dentreprise/,0,2,0,72.5
aus,DESKTOP,https://www.bluevistaprod.com/nos-realisations/verizon-connect-video-de-presentation/,0,1,0,97
aus,DESKTOP,https://www.bluevistaprod.com/realisation-de-film-evenements/,0,4,0,3.8
aus,DESKTOP,https://www.bluevistaprod.com/realisation-film-entreprise-lyon/,0,25,0,46.2
aus,DESKTOP,https://www.bluevistaprod.com/realisation-film-evenementiel/,0,3,0,34.3
aus,DESKTOP,https://www.bluevistaprod.com/realisation-film-lancement-produit/,0,4,0,77
aus,DESKTOP,https://www.bluevistaprod.com/realisation-film-sante/,0,1,0,3
aus,DESKTOP,https://www.bluevistaprod.com/realisation-video-geneve/,0,18,0,31.8
aus,DESKTOP,https://www.bluevistaprod.com/studio-animation-3d-lyon/,0,16,0,15.8
aus,DESKTOP,https://www.bluevistaprod.com/studio-animation-3d-paris/,0,35,0,32.9
aus,DESKTOP,https://www.bluevistaprod.com/video-promotionnelle/,0,1,0,50
aus,DESKTOP,https://www.bluevistaprod.com/video-publicitaire/,0,11,0,62.8
aus,MOBILE,https://en.bluevistaprod.com/,0,10,0,6.2
aus,MOBILE,https://en.bluevistaprod.com/actualites/barpi-industrial-accident-prevention/,0,24,0,6.3
aus,MOBILE,https://en.bluevistaprod.com/nos-realisations/pisten-bully-360-vr-snowcat/,0,7,0,6.7
aus,MOBILE,https://en.bluevistaprod.com/nos-realisations/thx-medical-dosamat-digital-2-0/,0,1,0,10
aus,MOBILE,https://en.bluevistaprod.com/our-skills/aftermovie-event-capture/,0,1,0,91
aus,MOBILE,https://en.bluevistaprod.com/our-skills/live-streaming-webtv/,0,6,0,9.5
aus,MOBILE,https://www.bluevistaprod.com/,0,8,0,49.6
aus,MOBILE,https://www.bluevistaprod.com/actualites/koesio-carte-de-voeux-2023/,0,1,0,37
aus,MOBILE,https://www.bluevistaprod.com/actualites/showroom-virtuel-gf-machining-solutions/,0,1,0,58
aus,MOBILE,https://www.bluevistaprod.com/actualites/stann/,0,8,0,12
aus,MOBILE,https://www.bluevistaprod.com/film-d-entreprise-paris-15-ans-d-experience/,0,9,0,26.6
aus,MOBILE,https://www.bluevistaprod.com/nos-competences/aftermovie-captation-evenementielle/,0,1,0,10
aus,MOBILE,https://www.bluevistaprod.com/nos-competences/motion-design/,0,8,0,70.6
aus,MOBILE,https://www.bluevistaprod.com/nos-competences/video-aerienne-drone/,0,1,0,105
aus,MOBILE,https://www.bluevistaprod.com/nos-competences/video-corporate-film-dentreprise/,0,3,0,66.3
aus,MOBILE,https://www.bluevistaprod.com/nos-realisations/bos/,0,1,0,32
aus,MOBILE,https://www.bluevistaprod.com/nos-realisations/dromis-equans-ineo/,0,1,0,13
aus,MOBILE,https://www.bluevistaprod.com/nos-realisations/engie-home-services-video-thermostat-migo/,0,2,0,4.5
aus,MOBILE,https://www.bluevistaprod.com/nos-realisations/olinn-video-publicitaire/,0,2,0,1
aus,MOBILE,https://www.bluevistaprod.com/nos-realisations/verizon-connect-video-de-presentation/,0,2,0,93
aus,MOBILE,https://www.bluevistaprod.com/realisation-film-entreprise-lyon/,0,2,0,50
aus,MOBILE,https://www.bluevistaprod.com/realisation-film-lancement-produit/,0,1,0,37
aus,MOBILE,https://www.bluevistaprod.com/studio-animation-3d-lyon/,0,1,0,72
aus,MOBILE,https://www.bluevistaprod.com/studio-animation-3d-paris/,0,2,0,50.5
aus,MOBILE,https://www.bluevistaprod.com/video-promotionnelle/,0,1,0,28
aus,MOBILE,https://www.bluevistaprod.com/video-publicitaire/,0,3,0,25
aus,TABLET,https://en.bluevistaprod.com/actualites/barpi-industrial-accident-prevention/,0,3,0,7
aus,TABLET,https://www.bluevistaprod.com/actualites/stann/,0,1,0,11
aus,TABLET,https://www.bluevistaprod.com/nos-competences/live-streaming-webtv/,0,1,0,3
aut,DESKTOP,http://www.bluevistaprod.com/,0,1,0,31
aut,DESKTOP,https://en.bluevistaprod.com/,0,75,0,6.6
aut,DESKTOP,https://en.bluevistaprod.com/actualites/barpi-industrial-accident-prevention/,0,6,0,6.5
aut,DESKTOP,https://en.bluevistaprod.com/actualites/new-hardware-motion-control-kessler/,0,1,0,43
aut,DESKTOP,https://en.bluevistaprod.com/geneva-event-video-production/,0,2,0,70.5
aut,DESKTOP,https://en.bluevistaprod.com/nos-realisations/thx-medical-dosamat-digital-2-0/,0,1,0,1
aut,DESKTOP,https://en.bluevistaprod.com/video-production-in-geneva/,0,3,0,36.7
aut,DESKTOP,https://www.bluevistaprod.com/,0,25,0,37
aut,DESKTOP,https://www.bluevistaprod.com/actualites/stann/,0,12,0,5.8
aut,DESKTOP,https://www.bluevistaprod.com/actualites/video-immersive-360/,0,1,0,35
aut,DESKTOP,https://www.bluevistaprod.com/film-corporate-lyon-depuis-2004/,0,1,0,92
aut,DESKTOP,https://www.bluevistaprod.com/film-d-entreprise-paris-15-ans-d-experience/,0,4,0,59.8
aut,DESKTOP,https://www.bluevistaprod.com/nos-competences/animation-3d/,0,5,0,36.8
aut,DESKTOP,https://www.bluevistaprod.com/nos-competences/creation-immersive-realite-virtuelle/,0,1,0,9
aut,DESKTOP,https://www.bluevistaprod.com/nos-competences/motion-design/,0,9,0,67.8
aut,DESKTOP,https://www.bluevistaprod.com/nos-competences/video-aerienne-drone/,0,5,0,19.8
aut,DESKTOP,https://www.bluevistaprod.com/nos-competences/video-corporate-film-dentreprise/,0,5,0,80
aut,DESKTOP,https://www.bluevistaprod.com/nos-competences/video-mapping/,0,2,0,10
aut,DESKTOP,https://www.bluevistaprod.com/nos-realisations/eiffage-energie-expercite/,0,1,0,3
aut,DESKTOP,https://www.bluevistaprod.com/nos-realisations/printemps-nouvelle-identite/,0,1,0,35
aut,DESKTOP,https://www.bluevistaprod.com/nos-realisations/stann-lapplication-de-gestion-dentreprise/,0,1,0,9
aut,DESKTOP,https://www.bluevistaprod.com/realisation-film-entreprise-lyon/,0,25,0,30.1
aut,DESKTOP,https://www.bluevistaprod.com/realisation-film-evenementiel/,0,1,0,26
aut,DESKTOP,https://www.bluevistaprod.com/realisation-film-sante/,0,1,0,2
aut,DESKTOP,https://www.bluevistaprod.com/realisation-video-geneve/,0,2,0,22.5
aut,DESKTOP,https://www.bluevistaprod.com/studio-animation-3d-lyon/,0,8,0,42.3
aut,DESKTOP,https://www.bluevistaprod.com/studio-animation-3d-paris/,0,8,0,34.8
aut,DESKTOP,https://www.bluevistaprod.com/video-publicitaire/,0,4,0,38.5
aut,MOBILE,http://www.bluevistaprod.com/,0,1,0,4
aut,MOBILE,https://en.bluevistaprod.com/actualites/barpi-industrial-accident-prevention/,0,10,0,7.4
aut,MOBILE,https://en.bluevistaprod.com/the-agency/,0,1,0,7
aut,MOBILE,https://www.bluevistaprod.com/,0,13,0,36.6
aut,MOBILE,https://www.bluevistaprod.com/actualites/aravi-saison-2022-2023/,0,1,0,10
aut,MOBILE,https://www.bluevistaprod.com/actualites/bluevista-video-showreel-2023/,0,1,0,10
aut,MOBILE,https://www.bluevistaprod.com/actualites/showroom-virtuel-gf-machining-solutions/,0,1,0,1
aut,MOBILE,https://www.bluevistaprod.com/actualites/stann/,0,85,0,7.8
aut,MOBILE,https://www.bluevistaprod.com/bluevista-agence-metaverse/,0,1,0,25
aut,MOBILE,https://www.bluevistaprod.com/film-d-entreprise-paris-15-ans-d-experience/,0,1,0,28
aut,MOBILE,https://www.bluevistaprod.com/nos-competences/creation-immersive-realite-virtuelle/,0,1,0,9
aut,MOBILE,https://www.bluevistaprod.com/nos-competences/live-streaming-webtv/,0,3,0,55.3
aut,MOBILE,https://www.bluevistaprod.com/nos-competences/video-corporate-film-dentreprise/,0,2,0,74.5
aut,MOBILE,https://www.bluevistaprod.com/nos-realisations/stann-lapplication-de-gestion-dentreprise/,0,1,0,6
aut,MOBILE,https://www.bluevistaprod.com/nos-realisations/verizon-connect-video-de-presentation/,0,2,0,83.5
aut,MOBILE,https://www.bluevistaprod.com/realisation-film-entreprise-lyon/,0,20,0,36.5
aut,MOBILE,https://www.bluevistaprod.com/video-publicitaire/,0,1,0,32
aut,TABLET,https://en.bluevistaprod.com/,0,7,0,2
aut,TABLET,https://www.bluevistaprod.com/actualites/bluevista-video-showreel-2023/,0,1,0,2
aut,TABLET,https://www.bluevistaprod.com/actualites/stann/,0,3,0,9.3
aut,TABLET,https://www.bluevistaprod.com/nos-realisations/stann-lapplication-de-gestion-dentreprise/,0,2,0,8.5
aze,DESKTOP,https://en.bluevistaprod.com/,0,1,0,4
aze,DESKTOP,https://en.bluevistaprod.com/geneva-event-video-production/,0,2,0,63.5
aze,DESKTOP,https://en.bluevistaprod.com/our-skills/aftermovie-event-capture/,0,1,0,42
aze,DESKTOP,https://en.bluevistaprod.com/video-production-in-geneva/,0,1,0,55
aze,DESKTOP,https://www.bluevistaprod.com/,0,17,0,46.2
aze,DESKTOP,https://www.bluevistaprod.com/actualites/stann/,0,2,0,7
aze,DESKTOP,https://www.bluevistaprod.com/agence/,0,2,0,70
aze,DESKTOP,https://www.bluevistaprod.com/film-d-entreprise-paris-15-ans-d-experience/,0,3,0,25.7
aze,DESKTOP,https://www.bluevistaprod.com/nos-competences/aftermovie-captation-evenementielle/,0,1,0,8
aze,DESKTOP,https://www.bluevistaprod.com/nos-competences/animation-3d/,0,2,0,60.5
aze,DESKTOP,https://www.bluevistaprod.com/nos-competences/live-streaming-webtv/,0,2,0,44
aze,DESKTOP,https://www.bluevistaprod.com/nos-competences/motion-design/,0,2,0,91.5
aze,DESKTOP,https://www.bluevistaprod.com/nos-competences/video-corporate-film-dentreprise/,0,6,0,62.2
aze,DESKTOP,https://www.bluevistaprod.com/nos-realisations/stann-lapplication-de-gestion-dentreprise/,0,2,0,7
aze,DESKTOP,https://www.bluevistaprod.com/realisation-film-entreprise-lyon/,0,19,0,19.9
aze,DESKTOP,https://www.bluevistaprod.com/realisation-film-evenementiel/,0,1,0,27
aze,DESKTOP,https://www.bluevistaprod.com/realisation-film-lancement-produit/,0,2,0,79
aze,DESKTOP,https://www.bluevistaprod.com/realisation-film-sante/,0,1,0,22
aze,DESKTOP,https://www.bluevistaprod.com/realisation-video-geneve/,0,1,0,89
aze,DESKTOP,https://www.bluevistaprod.com/studio-animation-3d-lyon/,0,6,0,13.3
aze,DESKTOP,https://www.bluevistaprod.com/studio-animation-3d-paris/,0,5,0,53.2
aze,DESKTOP,https://www.bluevistaprod.com/video-publicitaire/,0,2,0,44.5
aze,MOBILE,https://en.bluevistaprod.com/nos-realisations/olinn-advertising-video/,0,1,0,2
aze,MOBILE,https://www.bluevistaprod.com/actualites/showroom-virtuel-gf-machining-solutions/,0,1,0,58
aze,MOBILE,https://www.bluevistaprod.com/actualites/stann/,0,9,0,6.9
aze,MOBILE,https://www.bluevistaprod.com/film-d-entreprise-paris-15-ans-d-experience/,0,1,0,3
aze,MOBILE,https://www.bluevistaprod.com/nos-competences/animation-3d/,0,1,0,42
aze,MOBILE,https://www.bluevistaprod.com/nos-competences/live-streaming-webtv/,0,4,0,32.8
aze,MOBILE,https://www.bluevistaprod.com/nos-competences/motion-design/,0,1,0,99
aze,MOBILE,https://www.bluevistaprod.com/nos-realisations/stann-lapplication-de-gestion-dentreprise/,0,1,0,7
aze,MOBILE,https://www.bluevistaprod.com/nos-realisations/verizon-connect-video-de-presentation/,0,1,0,15
aze,MOBILE,https://www.bluevistaprod.com/realisation-film-lancement-produit/,0,1,0,86
aze,MOBILE,https://www.bluevistaprod.com/studio-animation-3d-lyon/,0,1,0,14
aze,MOBILE,https://www.bluevistaprod.com/studio-animation-3d-paris/,0,1,0,16
aze,TABLET,https://www.bluevistaprod.com/nos-competences/video-aerienne-drone/,0,1,0,97
bdi,DESKTOP,https://www.bluevistaprod.com/nos-competences/aftermovie-captation-evenementielle/,0,1,0,9
bdi,DESKTOP,https://www.bluevistaprod.com/video-publicitaire/,0,1,0,40
bdi,MOBILE,https://www.bluevistaprod.com/actualites/stann/,0,1,0,7
bel,DESKTOP,http://www.bluevistaprod.com/,0,12,0,10.8
bel,DESKTOP,https://en.bluevistaprod.com/,0,6,0,1.8
bel,DESKTOP,https://en.bluevistaprod.com/actualites/barpi-industrial-accident-prevention/,0,4,0,6.8
bel,DESKTOP,https://en.bluevistaprod.com/corporate-film-in-lyon/,0,1,0,100
bel,DESKTOP,https://en.bluevistaprod.com/geneva-event-video-production/,0,2,0,62
bel,DESKTOP,https://en.bluevistaprod.com/nos-realisations/amplitude-amplivision/,0,1,0,3
bel,DESKTOP,https://en.bluevistaprod.com/nos-realisations/engie-home-services-migo-thermostat-video/,0,13,0,41
bel,DESKTOP,https://en.bluevistaprod.com/nos-realisations/hitachi-cs-net/,0,1,0,9
bel,DESKTOP,https://en.bluevistaprod.com/our-skills/live-streaming-webtv/,0,11,0,7.9
bel,DESKTOP,https://en.bluevistaprod.com/video-production-in-geneva/,0,3,0,39.7
bel,DESKTOP,https://www.bluevistaprod.com/actualites/,0,1,0,1
bel,DESKTOP,https://www.bluevistaprod.com/actualites/barpi-prevention-accidents/,0,1,0,11
bel,DESKTOP,https://www.bluevistaprod.com/actualites/bluevista-creative-unicorn-team/,0,2,0,8
bel,DESKTOP,https://www.bluevistaprod.com/actualites/bluevista-video-showreel-2023/,0,3,0,5
bel,DESKTOP,https://www.bluevistaprod.com/actualites/carte-de-voeux-video/,0,1,0,21
bel,DESKTOP,https://www.bluevistaprod.com/actualites/category/video-360-vr/,0,1,0,80
bel,DESKTOP,https://www.bluevistaprod.com/actualites/koesio-carte-de-voeux-2023/,0,60,0,75.1
bel,DESKTOP,https://www.bluevistaprod.com/actualites/mase-4-motions/,0,1,0,9
bel,DESKTOP,https://www.bluevistaprod.com/actualites/motion-design-3d-et-mapping-a-paris-au-musee-rodin/,0,1,0,21
bel,DESKTOP,https://www.bluevistaprod.com/actualites/stann/,0,69,0,5.7
bel,DESKTOP,https://www.bluevistaprod.com/actualites/video-immersive-360/,0,631,0,12
bel,DESKTOP,https://www.bluevistaprod.com/agence/,0,7,0,10
bel,DESKTOP,https://www.bluevistaprod.com/bluevista-agence-metaverse/,0,28,0,25.8
bel,DESKTOP,https://www.bluevistaprod.com/film-corporate-lyon-depuis-2004/,0,18,0,62.6
bel,DESKTOP,https://www.bluevistaprod.com/film-d-entreprise-paris-15-ans-d-experience/,0,8,0,41.8
bel,DESKTOP,https://www.bluevistaprod.com/nos-competences/aftermovie-captation-evenementielle/,0,143,0,63.2
bel,DESKTOP,https://www.bluevistaprod.com/nos-competences/animation-3d/,0,129,0,46.9
bel,DESKTOP,https://www.bluevistaprod.com/nos-competences/motion-design/,0,466,0,84.2
bel,DESKTOP,https://www.bluevistaprod.com/nos-competences/video-aerienne-drone/,0,33,0,23.9
bel,DESKTOP,https://www.bluevistaprod.com/nos-competences/video-corporate-film-dentreprise/,0,352,0,63.3
bel,DESKTOP,https://www.bluevistaprod.com/nos-realisations/,0,4,0,1
bel,DESKTOP,https://www.bluevistaprod.com/nos-realisations/abb-snk-3d-industrie/,0,1,0,5
bel,DESKTOP,https://www.bluevistaprod.com/nos-realisations/alorem/,0,1,0,7
bel,DESKTOP,https://www.bluevistaprod.com/nos-realisations/amplitude-amplivision/,0,1,0,9
bel,DESKTOP,https://www.bluevistaprod.com/nos-realisations/bluevista-creative-unicorn-team/,0,2,0,10.5
bel,DESKTOP,https://www.bluevistaprod.com/nos-realisations/bluevista-showreel-2025/,0,1,0,4
bel,DESKTOP,https://www.bluevistaprod.com/nos-realisations/cera-agence-innovation/,0,1,0,46
bel,DESKTOP,https://www.bluevistaprod.com/nos-realisations/cisco-1/,0,1,0,101
bel,DESKTOP,https://www.bluevistaprod.com/nos-realisations/dromis-equans-ineo/,0,1,0,5
bel,DESKTOP,https://www.bluevistaprod.com/nos-realisations/eiffage-energie-expercite/,0,15,0,5.5
bel,DESKTOP,https://www.bluevistaprod.com/nos-realisations/engie-home-services-video-thermostat-migo/,0,78,0,13.7
bel,DESKTOP,https://www.bluevistaprod.com/nos-realisations/hitachi-cs-net/,0,2,0,8
bel,DESKTOP,https://www.bluevistaprod.com/nos-realisations/olinn-video-publicitaire/,0,1,0,1
bel,DESKTOP,https://www.bluevistaprod.com/nos-realisations/pisten-bully-dameuse-360-vr/,0,2,0,41.5
bel,DESKTOP,https://www.bluevistaprod.com/nos-realisations/radisson-360-vr/,0,1,0,15
bel,DESKTOP,https://www.bluevistaprod.com/nos-realisations/serl-video-360-vr/,0,1,0,36
bel,DESKTOP,https://www.bluevistaprod.com/nos-realisations/stann-lapplication-de-gestion-dentreprise/,0,72,0,6.1
bel,DESKTOP,https://www.bluevistaprod.com/nos-realisations/thx-medical-dosamat-digital-2-0/,0,1,0,8
bel,DESKTOP,https://www.bluevistaprod.com/nos-realisations/verizon-connect-video-de-presentation/,0,4,0,17
bel,DESKTOP,https://www.bluevistaprod.com/realisation-de-film-evenements/,0,3,0,4
bel,DESKTOP,https://www.bluevistaprod.com/realisation-film-entreprise-lyon/,0,135,0,52.7
bel,DESKTOP,https://www.bluevistaprod.com/realisation-film-industrie/,0,5,0,3.4
bel,DESKTOP,https://www.bluevistaprod.com/realisation-film-lancement-produit/,0,97,0,63.2
bel,DESKTOP,https://www.bluevistaprod.com/realisation-film-sante/,0,3,0,6.7
bel,DESKTOP,https://www.bluevistaprod.com/realisation-video-geneve/,0,4,0,29.3
bel,DESKTOP,https://www.bluevistaprod.com/studio-animation-3d-paris/,0,81,0,50
bel,DESKTOP,https://www.bluevistaprod.com/video-promotionnelle/,0,4,0,1
bel,DESKTOP,https://www.bluevistaprod.com/video-publicitaire/,0,1757,0,38.4
bel,MOBILE,http://www.bluevistaprod.com/,0,6,0,2.5
bel,MOBILE,https://en.bluevistaprod.com/,0,1,0,3
bel,MOBILE,https://en.bluevistaprod.com/actualites/barpi-industrial-accident-prevention/,0,2,0,9.5
bel,MOBILE,https://en.bluevistaprod.com/nos-realisations/eiffage-energie-expercite/,0,1,0,6
bel,MOBILE,https://en.bluevistaprod.com/our-skills/live-streaming-webtv/,0,22,0,9
bel,MOBILE,https://www.bluevistaprod.com/actualites/aravi-saison-2022-2023/,0,3,0,10.7
bel,MOBILE,https://www.bluevistaprod.com/actualites/bluevista-le-motion-design/,0,1,0,96
bel,MOBILE,https://www.bluevistaprod.com/actualites/bluevista-video-showreel-2023/,0,4,0,5.8
bel,MOBILE,https://www.bluevistaprod.com/actualites/carte-de-voeux-video/,0,2,0,53
bel,MOBILE,https://www.bluevistaprod.com/actualites/guitare-en-scene-2023/,0,1,0,8
bel,MOBILE,https://www.bluevistaprod.com/actualites/koesio-carte-de-voeux-2023/,0,42,0,75.1
bel,MOBILE,https://www.bluevistaprod.com/actualites/nouveau-materiel-motion-control-kessler/,0,1,0,4
bel,MOBILE,https://www.bluevistaprod.com/actualites/stann/,0,76,0,8.1
bel,MOBILE,https://www.bluevistaprod.com/actualites/video-immersive-360/,0,6,0,10.2
bel,MOBILE,https://www.bluevistaprod.com/agence/,0,4,0,2
bel,MOBILE,https://www.bluevistaprod.com/bluevista-agence-metaverse/,0,1,0,1
bel,MOBILE,https://www.bluevistaprod.com/contact-devis/,0,2,0,1
bel,MOBILE,https://www.bluevistaprod.com/film-d-entreprise-paris-15-ans-d-experience/,0,4,0,92.3
bel,MOBILE,https://www.bluevistaprod.com/nos-competences/aftermovie-captation-evenementielle/,0,16,0,10.2
bel,MOBILE,https://www.bluevistaprod.com/nos-competences/animation-3d/,0,64,0,40.6
bel,MOBILE,https://www.bluevistaprod.com/nos-competences/motion-design/,0,82,0,89.6
bel,MOBILE,https://www.bluevistaprod.com/nos-competences/video-aerienne-drone/,0,3,0,17
bel,MOBILE,https://www.bluevistaprod.com/nos-competences/video-corporate-film-dentreprise/,0,7,0,72.4
bel,MOBILE,https://www.bluevistaprod.com/nos-realisations/,0,1,0,1
bel,MOBILE,https://www.bluevistaprod.com/nos-realisations/bluevista-creative-la-pizza/,0,2,0,7.5
bel,MOBILE,https://www.bluevistaprod.com/nos-realisations/bluevista-showreel-2020/,0,1,0,6
bel,MOBILE,https://www.bluevistaprod.com/nos-realisations/bluevista-showreel-2025/,0,1,0,4
bel,MOBILE,https://www.bluevistaprod.com/nos-realisations/eiffage-energie-expercite/,0,6,0,21.5
bel,MOBILE,https://www.bluevistaprod.com/nos-realisations/hitachi-hikumo/,0,3,0,8.3
bel,MOBILE,https://www.bluevistaprod.com/nos-realisations/stann-lapplication-de-gestion-dentreprise/,0,45,0,7.7
bel,MOBILE,https://www.bluevistaprod.com/nos-realisations/verizon-connect-video-de-presentation/,0,2,0,4.5
bel,MOBILE,https://www.bluevistaprod.com/realisation-film-entreprise-lyon/,0,3,0,56.7
bel,MOBILE,https://www.bluevistaprod.com/realisation-film-lancement-produit/,0,4,0,8
bel,MOBILE,https://www.bluevistaprod.com/studio-animation-3d-lyon/,0,12,0,28.3
bel,MOBILE,https://www.bluevistaprod.com/studio-animation-3d-paris/,0,54,0,48.3
bel,MOBILE,https://www.bluevistaprod.com/video-publicitaire/,0,476,0,49.4
bel,TABLET,https://www.bluevistaprod.com/actualites/stann/,0,7,0,9
bel,TABLET,https://www.bluevistaprod.com/nos-competences/live-streaming-webtv/,0,27,0,7.2
bel,TABLET,https://www.bluevistaprod.com/nos-competences/video-mapping/,0,1,0,11
bel,TABLET,https://www.bluevistaprod.com/nos-realisations/engie-home-services-video-thermostat-migo/,0,10,0,6.7
bel,TABLET,https://www.bluevistaprod.com/nos-realisations/pisten-bully-dameuse-360-vr/,0,1,0,11
bel,TABLET,https://www.bluevistaprod.com/nos-realisations/stann-lapplication-de-gestion-dentreprise/,0,4,0,9.5
ben,DESKTOP,https://www.bluevistaprod.com/,0,2,0,49.5
ben,DESKTOP,https://www.bluevistaprod.com/actualites/koesio-carte-de-voeux-2023/,0,2,0,83
ben,DESKTOP,https://www.bluevistaprod.com/actualites/video-immersive-360/,0,1,0,37
ben,DESKTOP,https://www.bluevistaprod.com/nos-competences/aftermovie-captation-evenementielle/,0,3,0,9.3
ben,DESKTOP,https://www.bluevistaprod.com/nos-competences/live-streaming-webtv/,0,2,0,6.5
ben,DESKTOP,https://www.bluevistaprod.com/nos-competences/video-aerienne-drone/,0,1,0,64
ben,DESKTOP,https://www.bluevistaprod.com/nos-realisations/bos/,0,1,0,10
ben,DESKTOP,https://www.bluevistaprod.com/nos-realisations/dromis-equans-ineo/,0,1,0,8
ben,DESKTOP,https://www.bluevistaprod.com/nos-realisations/stann-lapplication-de-gestion-dentreprise/,0,3,0,15
ben,DESKTOP,https://www.bluevistaprod.com/video-publicitaire/,0,1,0,39
ben,MOBILE,http://www.bluevistaprod.com/,0,4,0,2.3
ben,MOBILE,https://en.bluevistaprod.com/,0,2,0,2
ben,MOBILE,https://www.bluevistaprod.com/actualites/,0,1,0,1
ben,MOBILE,https://www.bluevistaprod.com/actualites/bluevista-le-motion-design/,0,2,0,2
ben,MOBILE,https://www.bluevistaprod.com/actualites/bluevista-video-showreel-2023/,0,3,0,3.3
ben,MOBILE,https://www.bluevistaprod.com/actualites/nos-dernieres-interviews/,0,1,0,1
ben,MOBILE,https://www.bluevistaprod.com/actualites/stann/,0,1,0,14
ben,MOBILE,https://www.bluevistaprod.com/actualites/video-immersive-360/,0,4,0,8.3
ben,MOBILE,https://www.bluevistaprod.com/agence/,0,3,0,1
ben,MOBILE,https://www.bluevistaprod.com/bluevista-agence-metaverse/,0,2,0,1
ben,MOBILE,https://www.bluevistaprod.com/nos-competences/aftermovie-captation-evenementielle/,0,5,0,10.6
ben,MOBILE,https://www.bluevistaprod.com/nos-competences/live-streaming-webtv/,0,3,0,7.7
ben,MOBILE,https://www.bluevistaprod.com/nos-realisations/,0,3,0,1
ben,MOBILE,https://www.bluevistaprod.com/nos-realisations/bluevista-creative-la-pizza/,0,3,0,5.3
ben,MOBILE,https://www.bluevistaprod.com/nos-realisations/bluevista-showreel-2020/,0,1,0,8
ben,MOBILE,https://www.bluevistaprod.com/nos-realisations/eiffage-energie-expercite/,0,1,0,7
ben,MOBILE,https://www.bluevistaprod.com/nos-realisations/stann-lapplication-de-gestion-dentreprise/,0,1,0,10
ben,MOBILE,https://www.bluevistaprod.com/realisation-film-industrie/,0,2,0,2
ben,MOBILE,https://www.bluevistaprod.com/realisation-film-territoires/,0,2,0,2
ben,MOBILE,https://www.bluevistaprod.com/video-promotionnelle/,0,2,0,1
ben,MOBILE,https://www.bluevistaprod.com/video-publicitaire/,0,2,0,2
bes,DESKTOP,https://www.bluevistaprod.com/nos-competences/motion-design/,0,1,0,95
bes,DESKTOP,https://www.bluevistaprod.com/realisation-film-entreprise-lyon/,0,1,0,80
bes,MOBILE,http://www.bluevistaprod.com/,0,1,0,2
bes,MOBILE,https://en.bluevistaprod.com/,0,1,0,12
bes,MOBILE,https://www.bluevistaprod.com/,0,1,0,1
bes,MOBILE,https://www.bluevistaprod.com/agence/,0,1,0,7
bfa,DESKTOP,https://www.bluevistaprod.com/,0,3,0,43
bfa,DESKTOP,https://www.bluevistaprod.com/actualites/koesio-carte-de-voeux-2023/,0,1,0,44
bfa,DESKTOP,https://www.bluevistaprod.com/actualites/stann/,0,2,0,9
bfa,DESKTOP,https://www.bluevistaprod.com/nos-competences/live-streaming-webtv/,0,2,0,36
bfa,DESKTOP,https://www.bluevistaprod.com/nos-competences/motion-design/,0,1,0,86
bfa,DESKTOP,https://www.bluevistaprod.com/nos-competences/video-corporate-film-dentreprise/,0,3,0,61.3
bfa,DESKTOP,https://www.bluevistaprod.com/nos-realisations/stann-lapplication-de-gestion-dentreprise/,0,2,0,5
bfa,DESKTOP,https://www.bluevistaprod.com/realisation-film-entreprise-lyon/,0,2,0,35.5
bfa,DESKTOP,https://www.bluevistaprod.com/studio-animation-3d-lyon/,0,1,0,41
bfa,DESKTOP,https://www.bluevistaprod.com/studio-animation-3d-paris/,0,2,0,46.5
bfa,DESKTOP,https://www.bluevistaprod.com/video-publicitaire/,0,1,0,39
bfa,MOBILE,https://en.bluevistaprod.com/our-skills/live-streaming-webtv/,0,2,0,11
bfa,MOBILE,https://www.bluevistaprod.com/,0,1,0,10
bfa,MOBILE,https://www.bluevistaprod.com/actualites/aravi-saison-2022-2023/,0,1,0,11
bfa,MOBILE,https://www.bluevistaprod.com/actualites/santos-i-grind/,0,1,0,10
bfa,MOBILE,https://www.bluevistaprod.com/actualites/stann/,0,1,0,8
bfa,MOBILE,https://www.bluevistaprod.com/actualites/video-immersive-360/,0,1,0,7
bfa,MOBILE,https://www.bluevistaprod.com/nos-competences/aftermovie-captation-evenementielle/,0,1,0,11
bfa,MOBILE,https://www.bluevistaprod.com/nos-realisations/deko-film-de-presentation/,0,1,0,10
bfa,MOBILE,https://www.bluevistaprod.com/nos-realisations/eiffage-energie-expercite/,0,1,0,5
bfa,MOBILE,https://www.bluevistaprod.com/video-publicitaire/,0,15,0,2.7
bgd,DESKTOP,http://www.bluevistaprod.com/,0,1,0,11
bgd,DESKTOP,https://en.bluevistaprod.com/,0,5,0,4.8
bgd,DESKTOP,https://en.bluevistaprod.com/3d-animation-studio-in-lyon/,0,1,0,7
bgd,DESKTOP,https://en.bluevistaprod.com/3d-animation-studio-in-paris/,0,1,0,23
bgd,DESKTOP,https://en.bluevistaprod.com/actualites/barpi-industrial-accident-prevention/,0,11,0,6
bgd,DESKTOP,https://en.bluevistaprod.com/geneva-event-video-production/,0,6,0,82.5
bgd,DESKTOP,https://en.bluevistaprod.com/nos-realisations/hitachi-cs-net/,0,5,0,6.6
bgd,DESKTOP,https://en.bluevistaprod.com/our-skills/aerial-video-drone/,0,1,0,46
bgd,DESKTOP,https://en.bluevistaprod.com/our-skills/aftermovie-event-capture/,0,1,0,22
bgd,DESKTOP,https://en.bluevistaprod.com/our-skills/live-streaming-webtv/,0,8,0,8.5
bgd,DESKTOP,https://en.bluevistaprod.com/our-skills/motion-design/,0,1,0,36
bgd,DESKTOP,https://en.bluevistaprod.com/the-agency/,0,1,0,48
bgd,DESKTOP,https://en.bluevistaprod.com/video-production-in-geneva/,0,3,0,53.3
bgd,DESKTOP,https://www.bluevistaprod.com/,0,104,0,51.3
bgd,DESKTOP,https://www.bluevistaprod.com/actualites/carte-de-voeux-video/,0,15,0,44
bgd,DESKTOP,https://www.bluevistaprod.com/actualites/category/video-360-vr/,0,1,0,54
bgd,DESKTOP,https://www.bluevistaprod.com/actualites/mase-4-motions/,0,1,0,64
bgd,DESKTOP,https://www.bluevistaprod.com/actualites/stann/,0,1,0,21
bgd,DESKTOP,https://www.bluevistaprod.com/actualites/video-immersive-360/,0,3,0,34.3
bgd,DESKTOP,https://www.bluevistaprod.com/agence/,0,1,0,101
bgd,DESKTOP,https://www.bluevistaprod.com/bluevista-agence-metaverse/,0,16,0,35.5
bgd,DESKTOP,https://www.bluevistaprod.com/film-d-entreprise-paris-15-ans-d-experience/,0,24,0,49.3
bgd,DESKTOP,https://www.bluevistaprod.com/nos-competences/aftermovie-captation-evenementielle/,0,3,0,50.3
bgd,DESKTOP,https://www.bluevistaprod.com/nos-competences/animation-3d/,0,9,0,59.4
bgd,DESKTOP,https://www.bluevistaprod.com/nos-competences/creation-immersive-realite-virtuelle/,0,1,0,67
bgd,DESKTOP,https://www.bluevistaprod.com/nos-competences/live-streaming-webtv/,0,3,0,39.3
bgd,DESKTOP,https://www.bluevistaprod.com/nos-competences/motion-design/,0,41,0,86.5
bgd,DESKTOP,https://www.bluevistaprod.com/nos-competences/studio-fond-vert-compositing/,0,7,0,13.4
bgd,DESKTOP,https://www.bluevistaprod.com/nos-competences/video-aerienne-drone/,0,6,0,53.2
bgd,DESKTOP,https://www.bluevistaprod.com/nos-competences/video-corporate-film-dentreprise/,0,22,0,65.3
bgd,DESKTOP,https://www.bluevistaprod.com/nos-competences/video-mapping/,0,6,0,19.5
bgd,DESKTOP,https://www.bluevistaprod.com/nos-realisations/bluevista-creative-un-monde-virtuel-1-la-moto/,0,1,0,48
bgd,DESKTOP,https://www.bluevistaprod.com/nos-realisations/cera-agence-innovation/,0,1,0,51
bgd,DESKTOP,https://www.bluevistaprod.com/nos-realisations/dromis-equans-ineo/,0,2,0,85
bgd,DESKTOP,https://www.bluevistaprod.com/nos-realisations/nightswapping/,0,1,0,53
bgd,DESKTOP,https://www.bluevistaprod.com/nos-realisations/olinn-video-publicitaire/,0,1,0,50
bgd,DESKTOP,https://www.bluevistaprod.com/nos-realisations/qwartz/,0,2,0,53
bgd,DESKTOP,https://www.bluevistaprod.com/nos-realisations/radisson-360-vr/,0,1,0,27
bgd,DESKTOP,https://www.bluevistaprod.com/nos-realisations/serl-video-360-vr/,0,1,0,37
bgd,DESKTOP,https://www.bluevistaprod.com/nos-realisations/stann-lapplication-de-gestion-dentreprise/,0,1,0,19
bgd,DESKTOP,https://www.bluevistaprod.com/nos-realisations/thx-medical-dosamat-digital-2-0/,0,1,0,44
bgd,DESKTOP,https://www.bluevistaprod.com/nos-realisations/verizon-connect-video-de-presentation/,0,5,0,45
bgd,DESKTOP,https://www.bluevistaprod.com/realisation-de-film-evenements/,0,1,0,13
bgd,DESKTOP,https://www.bluevistaprod.com/realisation-film-entreprise-lyon/,0,141,0,36.7
bgd,DESKTOP,https://www.bluevistaprod.com/realisation-film-lancement-produit/,0,4,0,93.8
bgd,DESKTOP,https://www.bluevistaprod.com/realisation-film-sante/,0,4,0,16.8
bgd,DESKTOP,https://www.bluevistaprod.com/realisation-video-geneve/,0,2,0,51
bgd,DESKTOP,https://www.bluevistaprod.com/studio-animation-3d-lyon/,0,37,0,28.2
bgd,DESKTOP,https://www.bluevistaprod.com/studio-animation-3d-paris/,0,26,0,44.7
bgd,DESKTOP,https://www.bluevistaprod.com/video-promotionnelle/,0,1,0,69
bgd,DESKTOP,https://www.bluevistaprod.com/video-publicitaire/,0,28,0,42.9
bgd,MOBILE,https://en.bluevistaprod.com/,0,3,0,11.7
bgd,MOBILE,https://en.bluevistaprod.com/actualites/barpi-industrial-accident-prevention/,0,43,0,6.2
bgd,MOBILE,https://en.bluevistaprod.com/nos-realisations/hitachi-cs-net/,0,11,0,7.2
bgd,MOBILE,https://en.bluevistaprod.com/nos-realisations/thx-medical-dosamat-digital-2-0/,0,3,0,7
bgd,MOBILE,https://www.bluevistaprod.com/,0,5,0,47.2
bgd,MOBILE,https://www.bluevistaprod.com/actualites/bluevista-video-showreel-2020/,0,1,0,39
bgd,MOBILE,https://www.bluevistaprod.com/actualites/bluevista-video-showreel-2021/,0,1,0,24
bgd,MOBILE,https://www.bluevistaprod.com/actualites/bluevista-video-showreel-2023/,0,1,0,31
bgd,MOBILE,https://www.bluevistaprod.com/actualites/stann/,0,13,0,10.1
bgd,MOBILE,https://www.bluevistaprod.com/agence/,0,1,0,70
bgd,MOBILE,https://www.bluevistaprod.com/bluevista-agence-metaverse/,0,2,0,45.5
bgd,MOBILE,https://www.bluevistaprod.com/film-d-entreprise-paris-15-ans-d-experience/,0,3,0,31.7
bgd,MOBILE,https://www.bluevistaprod.com/nos-competences/aftermovie-captation-evenementielle/,0,4,0,10.5
bgd,MOBILE,https://www.bluevistaprod.com/nos-competences/animation-3d/,0,1,0,65
bgd,MOBILE,https://www.bluevistaprod.com/nos-competences/motion-design/,0,6,0,78.7
bgd,MOBILE,https://www.bluevistaprod.com/nos-competences/video-aerienne-drone/,0,2,0,39
bgd,MOBILE,https://www.bluevistaprod.com/nos-competences/video-corporate-film-dentreprise/,0,6,0,58
bgd,MOBILE,https://www.bluevistaprod.com/nos-realisations/,0,1,0,55
bgd,MOBILE,https://www.bluevistaprod.com/nos-realisations/amplitude-amplivision/,0,2,0,71.5
bgd,MOBILE,https://www.bluevistaprod.com/nos-realisations/engie-home-services-video-thermostat-migo/,0,3,0,9
bgd,MOBILE,https://www.bluevistaprod.com/nos-realisations/olinn-video-publicitaire/,0,1,0,1
bgd,MOBILE,https://www.bluevistaprod.com/nos-realisations/verizon-connect-video-de-presentation/,0,2,0,87
bgd,MOBILE,https://www.bluevistaprod.com/realisation-film-entreprise-lyon/,0,2,0,62.5
bgd,MOBILE,https://www.bluevistaprod.com/studio-animation-3d-lyon/,0,1,0,21
bgd,MOBILE,https://www.bluevistaprod.com/studio-animation-3d-paris/,0,4,0,38.3
bgd,MOBILE,https://www.bluevistaprod.com/video-publicitaire/,0,4,0,31
bgd,TABLET,https://www.bluevistaprod.com/actualites/stann/,0,1,0,6
bgr,DESKTOP,https://en.bluevistaprod.com/,0,6,0,4.2
bgr,DESKTOP,https://en.bluevistaprod.com/actualites/barpi-industrial-accident-prevention/,0,3,0,7.3
bgr,DESKTOP,https://en.bluevistaprod.com/geneva-event-video-production/,0,4,0,55
bgr,DESKTOP,https://en.bluevistaprod.com/news/,0,1,0,8
bgr,DESKTOP,https://en.bluevistaprod.com/nos-realisations/amplitude-amplivision/,0,3,0,4.3
bgr,DESKTOP,https://en.bluevistaprod.com/our-skills/live-streaming-webtv/,0,2,0,9.5
bgr,DESKTOP,https://en.bluevistaprod.com/video-production-in-geneva/,0,4,0,43.3
bgr,DESKTOP,https://www.bluevistaprod.com/,0,29,0,39.3
bgr,DESKTOP,https://www.bluevistaprod.com/actualites/carte-de-voeux-video/,0,1,0,30
bgr,DESKTOP,https://www.bluevistaprod.com/film-d-entreprise-paris-15-ans-d-experience/,0,3,0,71
bgr,DESKTOP,https://www.bluevistaprod.com/nos-competences/aftermovie-captation-evenementielle/,0,1,0,47
bgr,DESKTOP,https://www.bluevistaprod.com/nos-competences/animation-3d/,0,3,0,66.7
bgr,DESKTOP,https://www.bluevistaprod.com/nos-competences/creation-immersive-realite-virtuelle/,0,2,0,67.5
bgr,DESKTOP,https://www.bluevistaprod.com/nos-competences/live-streaming-webtv/,0,2,0,23
bgr,DESKTOP,https://www.bluevistaprod.com/nos-competences/motion-design/,0,10,0,61.5
bgr,DESKTOP,https://www.bluevistaprod.com/nos-competences/video-aerienne-drone/,0,5,0,37.4
bgr,DESKTOP,https://www.bluevistaprod.com/nos-competences/video-corporate-film-dentreprise/,0,4,0,62.8
bgr,DESKTOP,https://www.bluevistaprod.com/nos-competences/video-mapping/,0,2,0,24
bgr,DESKTOP,https://www.bluevistaprod.com/nos-realisations/cera-agence-innovation/,0,1,0,28
bgr,DESKTOP,https://www.bluevistaprod.com/nos-realisations/dromis-equans-ineo/,0,1,0,79
bgr,DESKTOP,https://www.bluevistaprod.com/nos-realisations/engie-home-services-video-thermostat-migo/,0,1,0,53
bgr,DESKTOP,https://www.bluevistaprod.com/nos-realisations/olinn-video-publicitaire/,0,1,0,51
bgr,DESKTOP,https://www.bluevistaprod.com/nos-realisations/qwartz/,0,1,0,37
bgr,DESKTOP,https://www.bluevistaprod.com/realisation-film-entreprise-lyon/,0,34,0,37.8
bgr,DESKTOP,https://www.bluevistaprod.com/realisation-film-evenementiel/,0,1,0,22
bgr,DESKTOP,https://www.bluevistaprod.com/realisation-film-lancement-produit/,0,1,0,83
bgr,DESKTOP,https://www.bluevistaprod.com/realisation-video-geneve/,0,3,0,43.7
bgr,DESKTOP,https://www.bluevistaprod.com/studio-animation-3d-lyon/,0,8,0,29.1
bgr,DESKTOP,https://www.bluevistaprod.com/studio-animation-3d-paris/,0,9,0,43
bgr,DESKTOP,https://www.bluevistaprod.com/video-publicitaire/,0,11,0,36.2
bgr,MOBILE,http://www.bluevistaprod.com/,0,2,0,3.5
bgr,MOBILE,https://en.bluevistaprod.com/,0,2,0,5.5
bgr,MOBILE,https://en.bluevistaprod.com/actualites/barpi-industrial-accident-prevention/,0,12,0,7.7
bgr,MOBILE,https://en.bluevistaprod.com/nos-realisations/amplitude-amplivision/,0,1,0,4
bgr,MOBILE,https://www.bluevistaprod.com/,0,2,0,39
bgr,MOBILE,https://www.bluevistaprod.com/actualites/bluevista-video-showreel-2023/,0,1,0,6
bgr,MOBILE,https://www.bluevistaprod.com/actualites/stann/,0,16,0,5.6
bgr,MOBILE,https://www.bluevistaprod.com/film-d-entreprise-paris-15-ans-d-experience/,0,1,0,60
bgr,MOBILE,https://www.bluevistaprod.com/nos-competences/aftermovie-captation-evenementielle/,0,1,0,20
bgr,MOBILE,https://www.bluevistaprod.com/nos-competences/live-streaming-webtv/,0,1,0,3
bgr,MOBILE,https://www.bluevistaprod.com/nos-competences/motion-design/,0,1,0,65
bgr,MOBILE,https://www.bluevistaprod.com/nos-realisations/,0,1,0,11
bgr,MOBILE,https://www.bluevistaprod.com/nos-realisations/bluevista-creative-la-pizza/,0,1,0,6
bgr,MOBILE,https://www.bluevistaprod.com/nos-realisations/bluevista-creative-unicorn-team/,0,1,0,6
bgr,MOBILE,https://www.bluevistaprod.com/studio-animation-3d-paris/,0,1,0,21
bgr,MOBILE,https://www.bluevistaprod.com/video-publicitaire/,0,1,0,13
bhr,DESKTOP,http://www.bluevistaprod.com/,0,1,0,31
bhr,DESKTOP,https://en.bluevistaprod.com/,0,1,0,20
bhr,DESKTOP,https://www.bluevistaprod.com/,0,9,0,65.3
bhr,DESKTOP,https://www.bluevistaprod.com/actualites/guitare-en-scene-2023/,0,1,0,15
bhr,DESKTOP,https://www.bluevistaprod.com/nos-competences/animation-3d/,0,2,0,62
bhr,DESKTOP,https://www.bluevistaprod.com/nos-competences/motion-design/,0,4,0,83.3
bhr,DESKTOP,https://www.bluevistaprod.com/nos-competences/studio-fond-vert-compositing/,0,1,0,16
bhr,DESKTOP,https://www.bluevistaprod.com/nos-competences/video-corporate-film-dentreprise/,0,3,0,52.7
bhr,DESKTOP,https://www.bluevistaprod.com/nos-competences/video-mapping/,0,1,0,10
bhr,DESKTOP,https://www.bluevistaprod.com/realisation-film-entreprise-lyon/,0,12,0,24.3
bhr,DESKTOP,https://www.bluevistaprod.com/realisation-video-geneve/,0,1,0,82
bhr,DESKTOP,https://www.bluevistaprod.com/studio-animation-3d-lyon/,0,3,0,43.7
bhr,DESKTOP,https://www.bluevistaprod.com/studio-animation-3d-paris/,0,2,0,14
bhr,DESKTOP,https://www.bluevistaprod.com/video-publicitaire/,0,1,0,39
bhr,MOBILE,https://en.bluevistaprod.com/,0,1,0,10
bhr,MOBILE,https://en.bluevistaprod.com/actualites/barpi-industrial-accident-prevention/,0,1,0,2
bhr,MOBILE,https://www.bluevistaprod.com/actualites/stann/,0,2,0,7.5
bhr,MOBILE,https://www.bluevistaprod.com/nos-competences/animation-3d/,0,1,0,79
bhr,MOBILE,https://www.bluevistaprod.com/nos-competences/video-mapping/,0,1,0,22
bhr,MOBILE,https://www.bluevistaprod.com/studio-animation-3d-lyon/,0,1,0,12
bhr,MOBILE,https://www.bluevistaprod.com/video-publicitaire/,0,1,0,42
bhs,DESKTOP,https://www.bluevistaprod.com/,0,7,0,66.6
bhs,DESKTOP,https://www.bluevistaprod.com/film-d-entreprise-paris-15-ans-d-experience/,0,1,0,44
bhs,DESKTOP,https://www.bluevistaprod.com/nos-competences/animation-3d/,0,1,0,70
bhs,DESKTOP,https://www.bluevistaprod.com/nos-competences/motion-design/,0,3,0,86.3
bhs,DESKTOP,https://www.bluevistaprod.com/nos-competences/video-aerienne-drone/,0,1,0,57
bhs,DESKTOP,https://www.bluevistaprod.com/nos-competences/video-corporate-film-dentreprise/,0,2,0,51
bhs,DESKTOP,https://www.bluevistaprod.com/nos-realisations/dromis-equans-ineo/,0,1,0,89
bhs,DESKTOP,https://www.bluevistaprod.com/realisation-film-entreprise-lyon/,0,3,0,59.7
bhs,DESKTOP,https://www.bluevistaprod.com/studio-animation-3d-lyon/,0,1,0,7
bhs,DESKTOP,https://www.bluevistaprod.com/studio-animation-3d-paris/,0,2,0,36.5
bhs,DESKTOP,https://www.bluevistaprod.com/video-publicitaire/,0,1,0,92
bhs,MOBILE,https://www.bluevistaprod.com/actualites/showroom-virtuel-gf-machining-solutions/,0,1,0,68
bhs,MOBILE,https://www.bluevistaprod.com/actualites/stann/,0,1,0,4
bhs,MOBILE,https://www.bluevistaprod.com/film-entreprise-lyon-15-ans-experience/,0,1,0,46
bhs,MOBILE,https://www.bluevistaprod.com/nos-competences/motion-design/,0,1,0,40
bhs,MOBILE,https://www.bluevistaprod.com/realisation-film-entreprise-lyon/,0,1,0,13
bih,DESKTOP,https://en.bluevistaprod.com/,0,2,0,8.5
bih,DESKTOP,https://en.bluevistaprod.com/actualites/barpi-industrial-accident-prevention/,0,5,0,6.8
bih,DESKTOP,https://en.bluevistaprod.com/nos-realisations/radisson-360-vr/,0,1,0,6
bih,DESKTOP,https://www.bluevistaprod.com/,0,7,0,52
bih,DESKTOP,https://www.bluevistaprod.com/film-d-entreprise-paris-15-ans-d-experience/,0,3,0,20.7
bih,DESKTOP,https://www.bluevistaprod.com/nos-competences/motion-design/,0,4,0,74.3
bih,DESKTOP,https://www.bluevistaprod.com/nos-competences/video-aerienne-drone/,0,2,0,41
bih,DESKTOP,https://www.bluevistaprod.com/nos-competences/video-mapping/,0,1,0,26
bih,DESKTOP,https://www.bluevistaprod.com/nos-realisations/verizon-connect-video-de-presentation/,0,1,0,18
bih,DESKTOP,https://www.bluevistaprod.com/realisation-film-entreprise-lyon/,0,8,0,34
bih,DESKTOP,https://www.bluevistaprod.com/studio-animation-3d-lyon/,0,6,0,35.5
bih,DESKTOP,https://www.bluevistaprod.com/studio-animation-3d-paris/,0,2,0,29
bih,DESKTOP,https://www.bluevistaprod.com/video-publicitaire/,0,1,0,96
bih,MOBILE,https://en.bluevistaprod.com/actualites/barpi-industrial-accident-prevention/,0,41,0,7.5
bih,MOBILE,https://en.bluevistaprod.com/our-skills/aftermovie-event-capture/,0,2,0,10.5
bih,MOBILE,https://www.bluevistaprod.com/,0,2,0,2
bih,MOBILE,https://www.bluevistaprod.com/actualites/stann/,0,8,0,5.6
bih,MOBILE,https://www.bluevistaprod.com/studio-animation-3d-lyon/,0,1,0,90
bih,MOBILE,https://www.bluevistaprod.com/studio-animation-3d-paris/,0,1,0,41
bih,MOBILE,https://www.bluevistaprod.com/video-publicitaire/,0,2,0,46
blm,MOBILE,http://www.bluevistaprod.com/,0,1,0,2
blm,MOBILE,https://www.bluevistaprod.com/,0,1,0,1
blm,MOBILE,https://www.bluevistaprod.com/agence/,0,1,0,1
blm,MOBILE,https://www.bluevistaprod.com/bluevista-agence-metaverse/,0,1,0,1
blm,MOBILE,https://www.bluevistaprod.com/mentions-legales/,0,1,0,1
blm,MOBILE,https://www.bluevistaprod.com/nos-realisations/,0,1,0,1
blm,MOBILE,https://www.bluevistaprod.com/realisation-film-industrie/,0,1,0,1
blm,MOBILE,https://www.bluevistaprod.com/video-promotionnelle/,0,1,0,1
blr,DESKTOP,http://www.bluevistaprod.com/,0,1,0,12
blr,DESKTOP,https://en.bluevistaprod.com/,0,2,0,2.5
blr,DESKTOP,https://en.bluevistaprod.com/geneva-event-video-production/,0,2,0,31.5
blr,DESKTOP,https://en.bluevistaprod.com/video-production-in-geneva/,0,2,0,19.5
blr,DESKTOP,https://www.bluevistaprod.com/,0,14,0,63.5
blr,DESKTOP,https://www.bluevistaprod.com/actualites/koesio-carte-de-voeux-2023/,0,1,0,31
blr,DESKTOP,https://www.bluevistaprod.com/actualites/stann/,0,1,0,2
blr,DESKTOP,https://www.bluevistaprod.com/bluevista-agence-metaverse/,0,2,0,45.5
blr,DESKTOP,https://www.bluevistaprod.com/film-d-entreprise-paris-15-ans-d-experience/,0,4,0,43.3
blr,DESKTOP,https://www.bluevistaprod.com/nos-competences/animation-3d/,0,2,0,65.5
blr,DESKTOP,https://www.bluevistaprod.com/nos-competences/live-streaming-webtv/,0,5,0,59.8
blr,DESKTOP,https://www.bluevistaprod.com/nos-competences/motion-design/,0,3,0,70
blr,DESKTOP,https://www.bluevistaprod.com/nos-competences/video-aerienne-drone/,0,2,0,24
blr,DESKTOP,https://www.bluevistaprod.com/nos-competences/video-corporate-film-dentreprise/,0,2,0,61
blr,DESKTOP,https://www.bluevistaprod.com/nos-realisations/engie-home-services-video-thermostat-migo/,0,1,0,47
blr,DESKTOP,https://www.bluevistaprod.com/nos-realisations/pisten-bully-dameuse-360-vr/,0,2,0,40
blr,DESKTOP,https://www.bluevistaprod.com/nos-realisations/qwartz/,0,3,0,46.7
blr,DESKTOP,https://www.bluevistaprod.com/nos-realisations/radisson-360-vr/,0,1,0,15
blr,DESKTOP,https://www.bluevistaprod.com/nos-realisations/serl-video-360-vr/,0,1,0,36
blr,DESKTOP,https://www.bluevistaprod.com/nos-realisations/verizon-connect-video-de-presentation/,0,1,0,12
blr,DESKTOP,https://www.bluevistaprod.com/realisation-film-entreprise-lyon/,0,21,0,31.5
blr,DESKTOP,https://www.bluevistaprod.com/studio-animation-3d-lyon/,0,2,0,22
blr,DESKTOP,https://www.bluevistaprod.com/studio-animation-3d-paris/,0,7,0,58
blr,DESKTOP,https://www.bluevistaprod.com/video-promotionnelle/,0,1,0,3
blr,MOBILE,https://en.bluevistaprod.com/actualites/barpi-industrial-accident-prevention/,0,2,0,6
blr,MOBILE,https://www.bluevistaprod.com/,0,2,0,65
blr,MOBILE,https://www.bluevistaprod.com/actualites/stann/,0,4,0,8.8
blr,MOBILE,https://www.bluevistaprod.com/nos-competences/motion-design/,0,3,0,76
blr,MOBILE,https://www.bluevistaprod.com/nos-realisations/dromis-equans-ineo/,0,1,0,77
blr,MOBILE,https://www.bluevistaprod.com/nos-realisations/engie-home-services-video-thermostat-migo/,0,1,0,63
blr,MOBILE,https://www.bluevistaprod.com/nos-realisations/hitachi-hikumo/,0,1,0,14
blr,MOBILE,https://www.bluevistaprod.com/nos-realisations/thx-medical-dosamat-digital-2-0/,0,1,0,21
blr,MOBILE,https://www.bluevistaprod.com/nos-realisations/verizon-connect-video-de-presentation/,0,1,0,79
blr,MOBILE,https://www.bluevistaprod.com/realisation-film-lancement-produit/,0,1,0,20
blr,MOBILE,https://www.bluevistaprod.com/video-publicitaire/,0,1,0,87
blr,TABLET,https://www.bluevistaprod.com/video-publicitaire/,0,1,0,17
blz,DESKTOP,https://en.bluevistaprod.com/geneva-event-video-production/,0,1,0,33
blz,DESKTOP,https://en.bluevistaprod.com/video-production-in-geneva/,0,1,0,24
blz,DESKTOP,https://www.bluevistaprod.com/,0,1,0,101
blz,DESKTOP,https://www.bluevistaprod.com/bluevista-agence-metaverse/,0,1,0,76
blz,DESKTOP,https://www.bluevistaprod.com/film-d-entreprise-paris-15-ans-d-experience/,0,1,0,48
blz,DESKTOP,https://www.bluevistaprod.com/realisation-film-entreprise-lyon/,0,2,0,51
blz,DESKTOP,https://www.bluevistaprod.com/realisation-film-lancement-produit/,0,1,0,71
blz,DESKTOP,https://www.bluevistaprod.com/studio-animation-3d-paris/,0,1,0,18
blz,DESKTOP,https://www.bluevistaprod.com/video-publicitaire/,0,3,0,34.3
blz,MOBILE,https://en.bluevistaprod.com/actualites/barpi-industrial-accident-prevention/,0,1,0,9
blz,MOBILE,https://en.bluevistaprod.com/our-skills/live-streaming-webtv/,0,1,0,11
blz,MOBILE,https://www.bluevistaprod.com/actualites/stann/,0,3,0,8.7
blz,MOBILE,https://www.bluevistaprod.com/video-publicitaire/,0,1,0,95
bmu,DESKTOP,https://www.bluevistaprod.com/,0,1,0,34
bmu,DESKTOP,https://www.bluevistaprod.com/nos-competences/motion-design/,0,3,0,88.7
bmu,DESKTOP,https://www.bluevistaprod.com/nos-competences/video-aerienne-drone/,0,1,0,11
bmu,DESKTOP,https://www.bluevistaprod.com/nos-realisations/dromis-equans-ineo/,0,1,0,84
bmu,DESKTOP,https://www.bluevistaprod.com/nos-realisations/engie-home-services-video-thermostat-migo/,0,1,0,46
bmu,DESKTOP,https://www.bluevistaprod.com/studio-animation-3d-lyon/,0,1,0,19
bmu,DESKTOP,https://www.bluevistaprod.com/studio-animation-3d-paris/,0,1,0,59
bmu,MOBILE,https://www.bluevistaprod.com/nos-competences/motion-design/,0,1,0,72
bmu,MOBILE,https://www.bluevistaprod.com/studio-animation-3d-paris/,0,1,0,33
bol,DESKTOP,https://en.bluevistaprod.com/,0,1,0,1
bol,DESKTOP,https://en.bluevistaprod.com/geneva-event-video-production/,0,1,0,89
bol,DESKTOP,https://en.bluevistaprod.com/video-production-in-geneva/,0,1,0,67
bol,DESKTOP,https://www.bluevistaprod.com/,0,17,0,42.8
bol,DESKTOP,https://www.bluevistaprod.com/actualites/carte-de-voeux-video/,0,1,0,25
bol,DESKTOP,https://www.bluevistaprod.com/actualites/koesio-carte-de-voeux-2023/,0,2,0,37
bol,DESKTOP,https://www.bluevistaprod.com/actualites/motion-design-3d-et-mapping-a-paris-au-musee-rodin/,0,1,0,28
bol,DESKTOP,https://www.bluevistaprod.com/film-d-entreprise-paris-15-ans-d-experience/,0,2,0,42.5
bol,DESKTOP,https://www.bluevistaprod.com/nos-competences/aftermovie-captation-evenementielle/,0,3,0,28
bol,DESKTOP,https://www.bluevistaprod.com/nos-competences/animation-3d/,0,2,0,28
bol,DESKTOP,https://www.bluevistaprod.com/nos-competences/live-streaming-webtv/,0,2,0,50
bol,DESKTOP,https://www.bluevistaprod.com/nos-competences/motion-design/,0,4,0,82.8
bol,DESKTOP,https://www.bluevistaprod.com/nos-competences/video-aerienne-drone/,0,2,0,38
bol,DESKTOP,https://www.bluevistaprod.com/nos-competences/video-corporate-film-dentreprise/,0,3,0,57.7
bol,DESKTOP,https://www.bluevistaprod.com/nos-competences/video-mapping/,0,3,0,21.7
bol,DESKTOP,https://www.bluevistaprod.com/nos-realisations/qwartz/,0,1,0,81
bol,DESKTOP,https://www.bluevistaprod.com/realisation-film-entreprise-lyon/,0,31,0,33.5
bol,DESKTOP,https://www.bluevistaprod.com/realisation-film-lancement-produit/,0,1,0,94
bol,DESKTOP,https://www.bluevistaprod.com/realisation-film-sante/,0,3,0,17.3
bol,DESKTOP,https://www.bluevistaprod.com/studio-animation-3d-lyon/,0,5,0,39.6
bol,DESKTOP,https://www.bluevistaprod.com/studio-animation-3d-paris/,0,4,0,32.5
bol,DESKTOP,https://www.bluevistaprod.com/video-promotionnelle/,0,1,0,4
bol,DESKTOP,https://www.bluevistaprod.com/video-publicitaire/,0,3,0,44
bol,MOBILE,https://en.bluevistaprod.com/,0,1,0,11
bol,MOBILE,https://en.bluevistaprod.com/actualites/barpi-industrial-accident-prevention/,0,4,0,11
bol,MOBILE,https://www.bluevistaprod.com/,0,1,0,25
bol,MOBILE,https://www.bluevistaprod.com/actualites/equita-lyon-dailynews/,0,1,0,71
bol,MOBILE,https://www.bluevistaprod.com/actualites/stann/,0,1,0,9
bol,MOBILE,https://www.bluevistaprod.com/nos-competences/animation-3d/,0,1,0,36
bol,MOBILE,https://www.bluevistaprod.com/nos-competences/video-corporate-film-dentreprise/,0,1,0,28
bol,MOBILE,https://www.bluevistaprod.com/studio-animation-3d-lyon/,0,2,0,33
bol,MOBILE,https://www.bluevistaprod.com/studio-animation-3d-paris/,0,2,0,48.5
bol,MOBILE,https://www.bluevistaprod.com/video-publicitaire/,0,1,0,97
bra,DESKTOP,http://www.bluevistaprod.com/,0,41,0,36
bra,DESKTOP,https://en.bluevistaprod.com/,0,46,0,20
bra,DESKTOP,https://en.bluevistaprod.com/3d-animation-studio-in-lyon/,0,2,0,73
bra,DESKTOP,https://en.bluevistaprod.com/3d-animation-studio-in-paris/,0,4,0,31.8
bra,DESKTOP,https://en.bluevistaprod.com/actualites/360-immersive-video/,0,8,0,57
bra,DESKTOP,https://en.bluevistaprod.com/actualites/50-years-of-lpa-a-lyonnaise-story/,0,1,0,66
bra,DESKTOP,https://en.bluevistaprod.com/actualites/barpi-industrial-accident-prevention/,0,18,0,15.6
bra,DESKTOP,https://en.bluevistaprod.com/actualites/bluevista-creative-video-a-virtual-world-1-motorcycles/,0,1,0,4
bra,DESKTOP,https://en.bluevistaprod.com/actualites/live-video-homeserve-20ans/,0,1,0,32
bra,DESKTOP,https://en.bluevistaprod.com/actualites/sport-boules-16th-emile-terrier-trophy/,0,1,0,56
bra,DESKTOP,https://en.bluevistaprod.com/corporate-film-in-lyon/,0,1,0,33
bra,DESKTOP,https://en.bluevistaprod.com/film-production-product-launch/,0,1,0,28
bra,DESKTOP,https://en.bluevistaprod.com/geneva-event-video-production/,0,138,0,53.5
bra,DESKTOP,https://en.bluevistaprod.com/nos-realisations/amplitude-amplivision/,0,3,0,13.7
bra,DESKTOP,https://en.bluevistaprod.com/nos-realisations/dromis-equans-ineo/,0,1,0,9
bra,DESKTOP,https://en.bluevistaprod.com/nos-realisations/e-xpert-solutions-zero-trust/,0,1,0,33
bra,DESKTOP,https://en.bluevistaprod.com/nos-realisations/engie-home-services-migo-thermostat-video/,0,1,0,35
bra,DESKTOP,https://en.bluevistaprod.com/nos-realisations/ghi/,0,1,0,6
bra,DESKTOP,https://en.bluevistaprod.com/nos-realisations/hitachi-cs-net/,0,20,0,50.6
bra,DESKTOP,https://en.bluevistaprod.com/nos-realisations/hitachi-hikumo/,0,4,0,79.3
bra,DESKTOP,https://en.bluevistaprod.com/nos-realisations/hitachi-yutaki/,0,1,0,96
bra,DESKTOP,https://en.bluevistaprod.com/nos-realisations/pisten-bully-360-vr-snowcat/,0,8,0,19
bra,DESKTOP,https://en.bluevistaprod.com/nos-realisations/qwartz/,0,1,0,61
bra,DESKTOP,https://en.bluevistaprod.com/nos-realisations/radisson-360-vr/,0,5,0,15
bra,DESKTOP,https://en.bluevistaprod.com/nos-realisations/spring-new-identity/,0,1,0,100
bra,DESKTOP,https://en.bluevistaprod.com/nos-realisations/thx-medical-dosamat-digital-2-0/,0,3,0,36
bra,DESKTOP,https://en.bluevistaprod.com/nos-realisations/verizon-connect-video-presentation/,0,1,0,37
bra,DESKTOP,https://en.bluevistaprod.com/our-skills/aftermovie-event-capture/,0,7,0,67.9
bra,DESKTOP,https://en.bluevistaprod.com/our-skills/live-streaming-webtv/,0,4,0,27.5
bra,DESKTOP,https://en.bluevistaprod.com/the-agency/,0,2,0,55
bra,DESKTOP,https://en.bluevistaprod.com/video-production-in-geneva/,0,148,0,36.7
bra,DESKTOP,https://www.bluevistaprod.com/,0,2101,0,49
bra,DESKTOP,https://www.bluevistaprod.com/actualites/animation-3d-produit-hitachi-csnet-manager/,0,1,0,22
bra,DESKTOP,https://www.bluevistaprod.com/actualites/aravi-saison-2022-2023/,0,3,0,20
bra,DESKTOP,https://www.bluevistaprod.com/actualites/barpi-prevention-accidents/,0,2,0,34.5
bra,DESKTOP,https://www.bluevistaprod.com/actualites/bluevista-creative-video-un-monde-virtuel-1-la-moto/,0,1,0,101
bra,DESKTOP,https://www.bluevistaprod.com/actualites/bluevista-le-motion-design/,0,8,0,70.4
bra,DESKTOP,https://www.bluevistaprod.com/actualites/bluevista-video-showreel-2023/,0,19,0,54.1
bra,DESKTOP,https://www.bluevistaprod.com/actualites/carte-de-voeux-video/,0,91,0,53.9
bra,DESKTOP,https://www.bluevistaprod.com/actualites/category/animation_3d/page/3/,0,1,0,89
bra,DESKTOP,https://www.bluevistaprod.com/actualites/category/tournage-studio/,0,1,0,88
bra,DESKTOP,https://www.bluevistaprod.com/actualites/category/tournage-studio/page/2/,0,1,0,100
bra,DESKTOP,https://www.bluevistaprod.com/actualites/guitare-en-scene-2023/,0,8,0,37.8
bra,DESKTOP,https://www.bluevistaprod.com/actualites/inauguration-intercontinental-lyon-grand-hotel-dieu/,0,5,0,79
bra,DESKTOP,https://www.bluevistaprod.com/actualites/koesio-carte-de-voeux-2023/,0,82,0,40.5
bra,DESKTOP,https://www.bluevistaprod.com/actualites/mapping-printemps-lyon/,0,5,0,38.8
bra,DESKTOP,https://www.bluevistaprod.com/actualites/mase-4-motions/,0,12,0,57.5
bra,DESKTOP,https://www.bluevistaprod.com/actualites/motion-design-3d-et-mapping-a-paris-au-musee-rodin/,0,7,0,49.1
bra,DESKTOP,https://www.bluevistaprod.com/actualites/projet-de-realisation-video-360/,0,6,0,60
bra,DESKTOP,https://www.bluevistaprod.com/actualites/realisation-immersion-360-degres-dameuse-pisten-bully/,0,2,0,73.5
bra,DESKTOP,https://www.bluevistaprod.com/actualites/show-reel-motion-design/,0,9,0,47.6
bra,DESKTOP,https://www.bluevistaprod.com/actualites/showroom-virtuel-gf-machining-solutions/,0,13,0,62.2
bra,DESKTOP,https://www.bluevistaprod.com/actualites/stann/,0,5,0,13.6
bra,DESKTOP,https://www.bluevistaprod.com/actualites/video-immersive-360/,0,63,0,40.3
bra,DESKTOP,https://www.bluevistaprod.com/agence/,0,48,0,48.5
bra,DESKTOP,https://www.bluevistaprod.com/bluevista-agence-metaverse/,0,356,0,35.7
bra,DESKTOP,https://www.bluevistaprod.com/contact-devis/,0,3,0,1
bra,DESKTOP,https://www.bluevistaprod.com/film-corporate-lyon-depuis-2004/,0,11,0,25.5
bra,DESKTOP,https://www.bluevistaprod.com/film-d-entreprise-paris-15-ans-d-experience/,0,492,0,36.9
bra,DESKTOP,https://www.bluevistaprod.com/film-entreprise-lyon-15-ans-experience/,0,6,0,41.8
bra,DESKTOP,https://www.bluevistaprod.com/mentions-legales/,0,3,0,1
bra,DESKTOP,https://www.bluevistaprod.com/nos-competences/aftermovie-captation-evenementielle/,0,87,0,58.8
bra,DESKTOP,https://www.bluevistaprod.com/nos-competences/animation-3d/,0,282,0,53.5
bra,DESKTOP,https://www.bluevistaprod.com/nos-competences/creation-immersive-realite-virtuelle/,0,82,0,53.9
bra,DESKTOP,https://www.bluevistaprod.com/nos-competences/live-streaming-webtv/,0,98,0,53.4
bra,DESKTOP,https://www.bluevistaprod.com/nos-competences/motion-design/,0,1050,0,82.3
bra,DESKTOP,https://www.bluevistaprod.com/nos-competences/studio-fond-vert-compositing/,0,86,0,18.2
bra,DESKTOP,https://www.bluevistaprod.com/nos-competences/video-aerienne-drone/,0,204,0,50.4
bra,DESKTOP,https://www.bluevistaprod.com/nos-competences/video-corporate-film-dentreprise/,0,602,0,63
bra,DESKTOP,https://www.bluevistaprod.com/nos-competences/video-mapping/,0,163,0,16.7
bra,DESKTOP,https://www.bluevistaprod.com/nos-realisations/,0,13,0,21.2
bra,DESKTOP,https://www.bluevistaprod.com/nos-realisations/amplitude-amplivision/,0,3,0,47.3
bra,DESKTOP,https://www.bluevistaprod.com/nos-realisations/aravi-saison-2024/,0,1,0,18
bra,DESKTOP,https://www.bluevistaprod.com/nos-realisations/artcurial-mapping/,0,1,0,49
bra,DESKTOP,https://www.bluevistaprod.com/nos-realisations/bbgr-360/,0,1,0,22
bra,DESKTOP,https://www.bluevistaprod.com/nos-realisations/bluevista-motion-design/,0,1,0,58
bra,DESKTOP,https://www.bluevistaprod.com/nos-realisations/bluevista-showreel-2020/,0,1,0,5
bra,DESKTOP,https://www.bluevistaprod.com/nos-realisations/bos/,0,2,0,35.5
bra,DESKTOP,https://www.bluevistaprod.com/nos-realisations/cemoi-a-360/,0,1,0,49
bra,DESKTOP,https://www.bluevistaprod.com/nos-realisations/cera-agence-innovation/,0,89,0,39.5
bra,DESKTOP,https://www.bluevistaprod.com/nos-realisations/deko-film-de-presentation/,0,3,0,15
bra,DESKTOP,https://www.bluevistaprod.com/nos-realisations/dromis-equans-ineo/,0,31,0,85.2
bra,DESKTOP,https://www.bluevistaprod.com/nos-realisations/eiffage-energie-expercite/,0,2,0,5
bra,DESKTOP,https://www.bluevistaprod.com/nos-realisations/engie-home-services-video-thermostat-migo/,0,21,0,39.5
bra,DESKTOP,https://www.bluevistaprod.com/nos-realisations/ghi/,0,5,0,17.8
bra,DESKTOP,https://www.bluevistaprod.com/nos-realisations/guitare-en-scene-edition-2023/,0,1,0,47
bra,DESKTOP,https://www.bluevistaprod.com/nos-realisations/hitachi-cs-net/,0,5,0,46.2
bra,DESKTOP,https://www.bluevistaprod.com/nos-realisations/hitachi-hikumo/,0,18,0,76.8
bra,DESKTOP,https://www.bluevistaprod.com/nos-realisations/hitachi-yutaki/,0,21,0,62.7
bra,DESKTOP,https://www.bluevistaprod.com/nos-realisations/icsi-briefing-debriefing-minute-darret-2/,0,4,0,48
bra,DESKTOP,https://www.bluevistaprod.com/nos-realisations/koesio-voeux-2023/,0,2,0,47.5
bra,DESKTOP,https://www.bluevistaprod.com/nos-realisations/mlt-superscrew/,0,1,0,42
bra,DESKTOP,https://www.bluevistaprod.com/nos-realisations/naos-interview-collaborateur-2/,0,1,0,69
bra,DESKTOP,https://www.bluevistaprod.com/nos-realisations/nightswapping/,0,5,0,49
bra,DESKTOP,https://www.bluevistaprod.com/nos-realisations/olinn-video-publicitaire/,0,2,0,53.5
bra,DESKTOP,https://www.bluevistaprod.com/nos-realisations/pisten-bully-dameuse-360-vr/,0,3,0,31.3
bra,DESKTOP,https://www.bluevistaprod.com/nos-realisations/qwartz/,0,56,0,40.1
bra,DESKTOP,https://www.bluevistaprod.com/nos-realisations/radisson-360-vr/,0,14,0,39.7
bra,DESKTOP,https://www.bluevistaprod.com/nos-realisations/santos-i-grind-coffee-grinder-reveal/,0,1,0,10
bra,DESKTOP,https://www.bluevistaprod.com/nos-realisations/serl-video-360-vr/,0,4,0,38.5
bra,DESKTOP,https://www.bluevistaprod.com/nos-realisations/stann-lapplication-de-gestion-dentreprise/,0,7,0,21
bra,DESKTOP,https://www.bluevistaprod.com/nos-realisations/thx-medical-dosamat-digital-2-0/,0,3,0,19.3
bra,DESKTOP,https://www.bluevistaprod.com/nos-realisations/verizon-connect-video-de-presentation/,0,67,0,54.5
bra,DESKTOP,https://www.bluevistaprod.com/realisation-de-film-banques-assurances/,0,3,0,92.7
bra,DESKTOP,https://www.bluevistaprod.com/realisation-de-film-evenements/,0,3,0,79.3
bra,DESKTOP,https://www.bluevistaprod.com/realisation-film-entreprise-lyon/,0,1893,0,38.1
bra,DESKTOP,https://www.bluevistaprod.com/realisation-film-evenementiel/,0,24,0,26.3
bra,DESKTOP,https://www.bluevistaprod.com/realisation-film-industrie/,0,3,0,27.7
bra,DESKTOP,https://www.bluevistaprod.com/realisation-film-lancement-produit/,0,57,0,73.3
bra,DESKTOP,https://www.bluevistaprod.com/realisation-film-sante/,0,33,0,44.8
bra,DESKTOP,https://www.bluevistaprod.com/realisation-video-geneve/,0,39,0,73.6
bra,DESKTOP,https://www.bluevistaprod.com/studio-animation-3d-lyon/,0,489,0,34.5
bra,DESKTOP,https://www.bluevistaprod.com/studio-animation-3d-paris/,0,473,0,45.7
bra,DESKTOP,https://www.bluevistaprod.com/video-promotionnelle/,0,13,0,35.5
bra,DESKTOP,https://www.bluevistaprod.com/video-publicitaire/,0,573,0,47
bra,MOBILE,http://www.bluevistaprod.com/,0,8,0,2.1
bra,MOBILE,https://en.bluevistaprod.com/actualites/barpi-industrial-accident-prevention/,0,108,0,4.8
bra,MOBILE,https://en.bluevistaprod.com/geneva-event-video-production/,0,16,0,60.5
bra,MOBILE,https://en.bluevistaprod.com/nos-realisations/alorem/,0,1,0,15
bra,MOBILE,https://en.bluevistaprod.com/nos-realisations/amplitude-amplivision/,0,4,0,9.3
bra,MOBILE,https://en.bluevistaprod.com/nos-realisations/dromis-equans-ineo/,0,3,0,11
bra,MOBILE,https://en.bluevistaprod.com/nos-realisations/eiffage-energie-expercite/,0,3,0,10.3
bra,MOBILE,https://en.bluevistaprod.com/nos-realisations/hitachi-hikumo/,0,1,0,8
bra,MOBILE,https://en.bluevistaprod.com/nos-realisations/pisten-bully-360-vr-snowcat/,0,8,0,6.6
bra,MOBILE,https://en.bluevistaprod.com/nos-realisations/tetro-stalactite-light-show/,0,1,0,6
bra,MOBILE,https://en.bluevistaprod.com/nos-realisations/thx-medical-dosamat-digital-2-0/,0,23,0,1.1
bra,MOBILE,https://en.bluevistaprod.com/our-skills/3d-animation/,0,3,0,92.7
bra,MOBILE,https://en.bluevistaprod.com/our-skills/aftermovie-event-capture/,0,3,0,56
bra,MOBILE,https://en.bluevistaprod.com/our-skills/green-screen-studio-compositing/,0,1,0,102
bra,MOBILE,https://en.bluevistaprod.com/video-production-in-geneva/,0,15,0,44
bra,MOBILE,https://www.bluevistaprod.com/,0,100,0,56.8
bra,MOBILE,https://www.bluevistaprod.com/actualites/,0,1,0,66
bra,MOBILE,https://www.bluevistaprod.com/actualites/bluevista-le-motion-design/,0,4,0,56.3
bra,MOBILE,https://www.bluevistaprod.com/actualites/bluevista-video-showreel-2023/,0,2,0,2.5
bra,MOBILE,https://www.bluevistaprod.com/actualites/carte-de-voeux-video/,0,4,0,32.5
bra,MOBILE,https://www.bluevistaprod.com/actualites/category/videomapping/,0,1,0,94
bra,MOBILE,https://www.bluevistaprod.com/actualites/guitare-en-scene-2023/,0,4,0,84.5
bra,MOBILE,https://www.bluevistaprod.com/actualites/koesio-carte-de-voeux-2023/,0,14,0,46.3
bra,MOBILE,https://www.bluevistaprod.com/actualites/mapping-printemps-lyon/,0,2,0,73.5
bra,MOBILE,https://www.bluevistaprod.com/actualites/mase-4-motions/,0,1,0,13
bra,MOBILE,https://www.bluevistaprod.com/actualites/realisation-immersion-360-degres-dameuse-pisten-bully/,0,1,0,18
bra,MOBILE,https://www.bluevistaprod.com/actualites/showroom-virtuel-gf-machining-solutions/,0,36,0,48.5
bra,MOBILE,https://www.bluevistaprod.com/actualites/stann/,0,4,0,32
bra,MOBILE,https://www.bluevistaprod.com/actualites/video-immersive-360/,0,83,0,38.8
bra,MOBILE,https://www.bluevistaprod.com/actualites/video-mapping-lyon-intercontinental-grand-hotel-dieu/,0,1,0,50
bra,MOBILE,https://www.bluevistaprod.com/agence/,0,3,0,14.7
bra,MOBILE,https://www.bluevistaprod.com/bluevista-agence-metaverse/,0,163,0,19.2
bra,MOBILE,https://www.bluevistaprod.com/contact-devis/,0,1,0,1
bra,MOBILE,https://www.bluevistaprod.com/film-d-entreprise-paris-15-ans-d-experience/,0,110,0,37.5
bra,MOBILE,https://www.bluevistaprod.com/nos-competences/,0,1,0,1
bra,MOBILE,https://www.bluevistaprod.com/nos-competences/aftermovie-captation-evenementielle/,0,6,0,26.7
bra,MOBILE,https://www.bluevistaprod.com/nos-competences/animation-3d/,0,17,0,47.6
bra,MOBILE,https://www.bluevistaprod.com/nos-competences/creation-immersive-realite-virtuelle/,0,16,0,23.1
bra,MOBILE,https://www.bluevistaprod.com/nos-competences/live-streaming-webtv/,0,77,0,60.8
bra,MOBILE,https://www.bluevistaprod.com/nos-competences/motion-design/,0,92,0,78.8
bra,MOBILE,https://www.bluevistaprod.com/nos-competences/video-aerienne-drone/,0,43,0,37.3
bra,MOBILE,https://www.bluevistaprod.com/nos-competences/video-corporate-film-dentreprise/,0,55,0,59.6
bra,MOBILE,https://www.bluevistaprod.com/nos-competences/video-mapping/,0,10,0,40.1
bra,MOBILE,https://www.bluevistaprod.com/nos-realisations/amplitude-amplivision/,0,1,0,88
bra,MOBILE,https://www.bluevistaprod.com/nos-realisations/artcurial-mapping/,0,1,0,72
bra,MOBILE,https://www.bluevistaprod.com/nos-realisations/cera-agence-innovation/,0,2,0,74
bra,MOBILE,https://www.bluevistaprod.com/nos-realisations/dromis-equans-ineo/,0,21,0,83.7
bra,MOBILE,https://www.bluevistaprod.com/nos-realisations/e-xpert-solutions-devsecops/,0,1,0,51
bra,MOBILE,https://www.bluevistaprod.com/nos-realisations/engie-home-services-video-thermostat-migo/,0,3,0,50.3
bra,MOBILE,https://www.bluevistaprod.com/nos-realisations/ghi/,0,3,0,9.3
bra,MOBILE,https://www.bluevistaprod.com/nos-realisations/icsi-briefing-debriefing-minute-darret-2/,0,1,0,25
bra,MOBILE,https://www.bluevistaprod.com/nos-realisations/olinn-video-publicitaire/,0,1,0,46
bra,MOBILE,https://www.bluevistaprod.com/nos-realisations/qwartz/,0,11,0,61.5
bra,MOBILE,https://www.bluevistaprod.com/nos-realisations/radisson-360-vr/,0,4,0,58.8
bra,MOBILE,https://www.bluevistaprod.com/nos-realisations/santos-i-grind-coffee-grinder-reveal/,0,1,0,12
bra,MOBILE,https://www.bluevistaprod.com/nos-realisations/stann-lapplication-de-gestion-dentreprise/,0,3,0,20.7
bra,MOBILE,https://www.bluevistaprod.com/nos-realisations/verizon-connect-video-de-presentation/,0,43,0,73
bra,MOBILE,https://www.bluevistaprod.com/realisation-film-entreprise-lyon/,0,33,0,62.3
bra,MOBILE,https://www.bluevistaprod.com/realisation-film-evenementiel/,0,6,0,78
bra,MOBILE,https://www.bluevistaprod.com/realisation-film-lancement-produit/,0,13,0,33.8
bra,MOBILE,https://www.bluevistaprod.com/realisation-film-sante/,0,1,0,20
bra,MOBILE,https://www.bluevistaprod.com/studio-animation-3d-lyon/,0,49,0,36.3
bra,MOBILE,https://www.bluevistaprod.com/studio-animation-3d-paris/,0,32,0,43.4
bra,MOBILE,https://www.bluevistaprod.com/video-promotionnelle/,0,2,0,13.5
bra,MOBILE,https://www.bluevistaprod.com/video-publicitaire/,0,231,0,41.5
bra,TABLET,https://en.bluevistaprod.com/,0,1,0,6
bra,TABLET,https://en.bluevistaprod.com/actualites/barpi-industrial-accident-prevention/,0,1,0,1
bra,TABLET,https://en.bluevistaprod.com/nos-realisations/hitachi-cs-net/,0,1,0,15
bra,TABLET,https://www.bluevistaprod.com/,0,2,0,50
bra,TABLET,https://www.bluevistaprod.com/film-d-entreprise-paris-15-ans-d-experience/,0,5,0,39.4
bra,TABLET,https://www.bluevistaprod.com/nos-competences/motion-design/,0,16,0,84.5
brb,DESKTOP,https://en.bluevistaprod.com/nos-realisations/hitachi-cs-net/,0,1,0,71
brb,DESKTOP,https://en.bluevistaprod.com/nos-realisations/hitachi-hikumo/,0,1,0,101
brb,DESKTOP,https://www.bluevistaprod.com/,0,18,0,57.4
brb,DESKTOP,https://www.bluevistaprod.com/actualites/animation-3d-grande-arche-de-la-defense/,0,1,0,100
brb,DESKTOP,https://www.bluevistaprod.com/actualites/koesio-carte-de-voeux-2023/,0,2,0,37
brb,DESKTOP,https://www.bluevistaprod.com/bluevista-agence-metaverse/,0,1,0,53
brb,DESKTOP,https://www.bluevistaprod.com/film-d-entreprise-paris-15-ans-d-experience/,0,7,0,37.1
brb,DESKTOP,https://www.bluevistaprod.com/nos-competences/animation-3d/,0,1,0,75
brb,DESKTOP,https://www.bluevistaprod.com/nos-competences/live-streaming-webtv/,0,1,0,24
brb,DESKTOP,https://www.bluevistaprod.com/nos-competences/motion-design/,0,7,0,80.9
brb,DESKTOP,https://www.bluevistaprod.com/nos-competences/video-aerienne-drone/,0,2,0,35.5
brb,DESKTOP,https://www.bluevistaprod.com/nos-competences/video-corporate-film-dentreprise/,0,1,0,47
brb,DESKTOP,https://www.bluevistaprod.com/nos-realisations/dromis-equans-ineo/,0,3,0,82.3
brb,DESKTOP,https://www.bluevistaprod.com/nos-realisations/hitachi-hikumo/,0,1,0,79
brb,DESKTOP,https://www.bluevistaprod.com/nos-realisations/hitachi-yutaki/,0,1,0,90
brb,DESKTOP,https://www.bluevistaprod.com/nos-realisations/qwartz/,0,4,0,53
brb,DESKTOP,https://www.bluevistaprod.com/realisation-film-entreprise-lyon/,0,7,0,54.6
brb,DESKTOP,https://www.bluevistaprod.com/realisation-film-evenementiel/,0,2,0,22
brb,DESKTOP,https://www.bluevistaprod.com/studio-animation-3d-lyon/,0,4,0,8.3
brb,DESKTOP,https://www.bluevistaprod.com/studio-animation-3d-paris/,0,1,0,77
brb,DESKTOP,https://www.bluevistaprod.com/video-publicitaire/,0,3,0,52
brb,MOBILE,https://www.bluevistaprod.com/actualites/stann/,0,2,0,11.5
brb,MOBILE,https://www.bluevistaprod.com/film-d-entreprise-paris-15-ans-d-experience/,0,2,0,23.5
brb,MOBILE,https://www.bluevistaprod.com/nos-competences/aftermovie-captation-evenementielle/,0,1,0,7
brb,MOBILE,https://www.bluevistaprod.com/nos-competences/animation-3d/,0,1,0,31
brb,MOBILE,https://www.bluevistaprod.com/nos-competences/live-streaming-webtv/,0,1,0,5
brb,MOBILE,https://www.bluevistaprod.com/nos-competences/motion-design/,0,2,0,77.5
brb,MOBILE,https://www.bluevistaprod.com/nos-competences/video-mapping/,0,1,0,23
brb,MOBILE,https://www.bluevistaprod.com/nos-realisations/artcurial-mapping/,0,1,0,69
brb,MOBILE,https://www.bluevistaprod.com/studio-animation-3d-lyon/,0,3,0,19.7
brb,MOBILE,https://www.bluevistaprod.com/studio-animation-3d-paris/,0,1,0,83
brn,DESKTOP,https://en.bluevistaprod.com/,0,1,0,5
brn,DESKTOP,https://www.bluevistaprod.com/,0,1,0,9
brn,DESKTOP,https://www.bluevistaprod.com/film-d-entreprise-paris-15-ans-d-experience/,0,1,0,86
brn,DESKTOP,https://www.bluevistaprod.com/nos-competences/motion-design/,0,1,0,64
brn,DESKTOP,https://www.bluevistaprod.com/nos-competences/video-aerienne-drone/,0,1,0,10
brn,DESKTOP,https://www.bluevistaprod.com/nos-competences/video-corporate-film-dentreprise/,0,1,0,63
brn,DESKTOP,https://www.bluevistaprod.com/nos-realisations/engie-home-services-video-thermostat-migo/,0,1,0,90
brn,DESKTOP,https://www.bluevistaprod.com/realisation-film-entreprise-lyon/,0,1,0,40
brn,DESKTOP,https://www.bluevistaprod.com/realisation-film-sante/,0,1,0,52
brn,DESKTOP,https://www.bluevistaprod.com/studio-animation-3d-lyon/,0,1,0,38
brn,MOBILE,https://en.bluevistaprod.com/actualites/barpi-industrial-accident-prevention/,0,3,0,6
btn,DESKTOP,https://www.bluevistaprod.com/realisation-film-entreprise-lyon/,0,1,0,17
btn,MOBILE,https://en.bluevistaprod.com/,0,2,0,6
bwa,DESKTOP,https://www.bluevistaprod.com/,0,1,0,17
bwa,DESKTOP,https://www.bluevistaprod.com/film-d-entreprise-paris-15-ans-d-experience/,0,2,0,70
bwa,DESKTOP,https://www.bluevistaprod.com/nos-competences/motion-design/,0,1,0,100
bwa,DESKTOP,https://www.bluevistaprod.com/realisation-film-entreprise-lyon/,0,1,0,34
bwa,DESKTOP,https://www.bluevistaprod.com/realisation-film-sante/,0,1,0,27
bwa,MOBILE,https://www.bluevistaprod.com/,0,1,0,101
bwa,MOBILE,https://www.bluevistaprod.com/video-publicitaire/,0,1,0,69
caf,MOBILE,https://www.bluevistaprod.com/actualites/stann/,0,1,0,5
caf,MOBILE,https://www.bluevistaprod.com/nos-competences/live-streaming-webtv/,0,1,0,11
caf,MOBILE,https://www.bluevistaprod.com/nos-realisations/stann-lapplication-de-gestion-dentreprise/,0,1,0,6
can,DESKTOP,https://en.bluevistaprod.com/3d-animation-studio-in-lyon/,0,1,0,11
can,DESKTOP,https://en.bluevistaprod.com/3d-animation-studio-in-paris/,0,24,0,25.6
can,DESKTOP,https://en.bluevistaprod.com/actualites/360-immersive-video/,0,1,0,15
can,DESKTOP,https://en.bluevistaprod.com/actualites/360-video-production-project/,0,1,0,50
can,DESKTOP,https://en.bluevistaprod.com/actualites/3d-motion-design-and-mapping-in-paris-at-the-rodin-museum/,0,2,0,49
can,DESKTOP,https://en.bluevistaprod.com/actualites/barpi-industrial-accident-prevention/,0,6,0,8.2
can,DESKTOP,https://en.bluevistaprod.com/actualites/koesio-greeting-card-2023/,0,1,0,45
can,DESKTOP,https://en.bluevistaprod.com/actualites/video-mapping-lyon-intercontinental-grand-hotel-dieu/,0,1,0,11
can,DESKTOP,https://en.bluevistaprod.com/corporate-film-in-lyon/,0,7,0,83
can,DESKTOP,https://en.bluevistaprod.com/corporate-film-paris-15-years-of-experience/,0,1,0,109
can,DESKTOP,https://en.bluevistaprod.com/film-production-industry/,0,4,0,1
can,DESKTOP,https://en.bluevistaprod.com/film-production-product-launch/,0,3,0,1
can,DESKTOP,https://en.bluevistaprod.com/geneva-event-video-production/,0,5,0,51.8
can,DESKTOP,https://en.bluevistaprod.com/nos-realisations/amplitude-amplivision/,0,5,0,5
can,DESKTOP,https://en.bluevistaprod.com/nos-realisations/bluevista-creative-a-real-team-3-productivity/,0,2,0,8
can,DESKTOP,https://en.bluevistaprod.com/nos-realisations/e-xpert-solutions-zero-trust/,0,1,0,86
can,DESKTOP,https://en.bluevistaprod.com/nos-realisations/elistair-orion/,0,1,0,41
can,DESKTOP,https://en.bluevistaprod.com/nos-realisations/hitachi-cs-net/,0,2,0,19
can,DESKTOP,https://en.bluevistaprod.com/nos-realisations/pisten-bully-360-vr-snowcat/,0,10,0,25.6
can,DESKTOP,https://en.bluevistaprod.com/nos-realisations/radisson-360-vr/,0,1,0,25
can,DESKTOP,https://en.bluevistaprod.com/nos-realisations/thx-medical-dosamat-digital-2-0/,0,2,0,10.5
can,DESKTOP,https://en.bluevistaprod.com/our-achievements/,0,1,0,35
can,DESKTOP,https://en.bluevistaprod.com/our-skills/3d-animation/,0,2,0,74.5
can,DESKTOP,https://en.bluevistaprod.com/our-skills/aftermovie-event-capture/,0,3,0,44
can,DESKTOP,https://en.bluevistaprod.com/our-skills/corporate-video-corporate-film/,0,4,0,87.3
can,DESKTOP,https://en.bluevistaprod.com/our-skills/live-streaming-webtv/,0,8,0,24.3
can,DESKTOP,https://en.bluevistaprod.com/the-agency/,0,5,0,1.8
can,DESKTOP,https://en.bluevistaprod.com/video-production-in-geneva/,0,5,0,36.4
can,DESKTOP,https://www.bluevistaprod.com/actualites/50ans-de-lpa-une-histoire-lyonnaise/,0,1,0,31
can,DESKTOP,https://www.bluevistaprod.com/actualites/bluevista-le-motion-design/,0,1,0,53
can,DESKTOP,https://www.bluevistaprod.com/actualites/bluevista-video-showreel-2023/,0,22,0,13.3
can,DESKTOP,https://www.bluevistaprod.com/actualites/carte-de-voeux-video/,0,8,0,61.1
can,DESKTOP,https://www.bluevistaprod.com/actualites/category/videomapping/,0,1,0,79
can,DESKTOP,https://www.bluevistaprod.com/actualites/guitare-en-scene-2023/,0,2,0,12
can,DESKTOP,https://www.bluevistaprod.com/actualites/koesio-carte-de-voeux-2023/,0,16,0,57.1
can,DESKTOP,https://www.bluevistaprod.com/actualites/live-video-homeserve-20ans/,0,1,0,46
can,DESKTOP,https://www.bluevistaprod.com/actualites/mapping-printemps-lyon/,0,6,0,34.5
can,DESKTOP,https://www.bluevistaprod.com/actualites/motion-design-3d-et-mapping-a-paris-au-musee-rodin/,0,2,0,38
can,DESKTOP,https://www.bluevistaprod.com/actualites/showroom-virtuel-gf-machining-solutions/,0,1,0,58
can,DESKTOP,https://www.bluevistaprod.com/actualites/stann/,0,19,0,14.7
can,DESKTOP,https://www.bluevistaprod.com/actualites/streaming-live-et-webtv-demo-2018/,0,1,0,18
can,DESKTOP,https://www.bluevistaprod.com/actualites/video-immersive-360/,0,7,0,43.3
can,DESKTOP,https://www.bluevistaprod.com/agence/,0,18,0,16.9
can,DESKTOP,https://www.bluevistaprod.com/bluevista-agence-metaverse/,0,28,0,28.5
can,DESKTOP,https://www.bluevistaprod.com/contact-devis/,0,8,0,1.9
can,DESKTOP,https://www.bluevistaprod.com/film-d-entreprise-paris-15-ans-d-experience/,0,52,0,36.7
can,DESKTOP,https://www.bluevistaprod.com/film-entreprise-lyon-15-ans-experience/,0,1,0,36
can,DESKTOP,https://www.bluevistaprod.com/nos-competences/aftermovie-captation-evenementielle/,0,246,0,67.7
can,DESKTOP,https://www.bluevistaprod.com/nos-competences/animation-3d/,0,56,0,62.1
can,DESKTOP,https://www.bluevistaprod.com/nos-competences/creation-immersive-realite-virtuelle/,0,44,0,87.4
can,DESKTOP,https://www.bluevistaprod.com/nos-competences/motion-design/,0,729,0,65.6
can,DESKTOP,https://www.bluevistaprod.com/nos-competences/studio-fond-vert-compositing/,0,3,0,13.3
can,DESKTOP,https://www.bluevistaprod.com/nos-competences/video-aerienne-drone/,0,98,0,61.4
can,DESKTOP,https://www.bluevistaprod.com/nos-competences/video-corporate-film-dentreprise/,0,83,0,62
can,DESKTOP,https://www.bluevistaprod.com/nos-competences/video-mapping/,0,29,0,19.4
can,DESKTOP,https://www.bluevistaprod.com/nos-realisations/,0,5,0,1
can,DESKTOP,https://www.bluevistaprod.com/nos-realisations/artcurial-mapping/,0,3,0,41.3
can,DESKTOP,https://www.bluevistaprod.com/nos-realisations/assisqual/,0,2,0,4.5
can,DESKTOP,https://www.bluevistaprod.com/nos-realisations/bluevista-creative-la-pizza/,0,3,0,5
can,DESKTOP,https://www.bluevistaprod.com/nos-realisations/bluevista-creative-unicorn-team/,0,1,0,3
can,DESKTOP,https://www.bluevistaprod.com/nos-realisations/bluevista-showreel-2025/,0,3,0,3.7
can,DESKTOP,https://www.bluevistaprod.com/nos-realisations/cera-agence-innovation/,0,4,0,47
can,DESKTOP,https://www.bluevistaprod.com/nos-realisations/deko-film-de-presentation/,0,1,0,3
can,DESKTOP,https://www.bluevistaprod.com/nos-realisations/dromis-equans-ineo/,0,1,0,73
can,DESKTOP,https://www.bluevistaprod.com/nos-realisations/eiffage-energie-expercite/,0,2,0,3
can,DESKTOP,https://www.bluevistaprod.com/nos-realisations/engie-home-services-video-thermostat-migo/,0,4,0,11.3
can,DESKTOP,https://www.bluevistaprod.com/nos-realisations/ghi/,0,1,0,8
can,DESKTOP,https://www.bluevistaprod.com/nos-realisations/hitachi-hikumo/,0,1,0,51
can,DESKTOP,https://www.bluevistaprod.com/nos-realisations/hitachi-yutaki/,0,1,0,27
can,DESKTOP,https://www.bluevistaprod.com/nos-realisations/mapping-audi/,0,1,0,36
can,DESKTOP,https://www.bluevistaprod.com/nos-realisations/nightswapping/,0,1,0,18
can,DESKTOP,https://www.bluevistaprod.com/nos-realisations/olinn-video-publicitaire/,0,1,0,44
can,DESKTOP,https://www.bluevistaprod.com/nos-realisations/printemps-mapping/,0,1,0,99
can,DESKTOP,https://www.bluevistaprod.com/nos-realisations/qwartz/,0,5,0,42.2
can,DESKTOP,https://www.bluevistaprod.com/nos-realisations/stann-lapplication-de-gestion-dentreprise/,0,6,0,32.8
can,DESKTOP,https://www.bluevistaprod.com/nos-realisations/verizon-connect-video-de-presentation/,0,6,0,40.8
can,DESKTOP,https://www.bluevistaprod.com/realisation-de-film-evenements/,0,4,0,20.8
can,DESKTOP,https://www.bluevistaprod.com/realisation-film-entreprise-lyon/,0,104,0,49.6
can,DESKTOP,https://www.bluevistaprod.com/realisation-film-evenementiel/,0,1,0,24
can,DESKTOP,https://www.bluevistaprod.com/realisation-film-industrie/,0,3,0,1
can,DESKTOP,https://www.bluevistaprod.com/realisation-film-lancement-produit/,0,78,0,77.9
can,DESKTOP,https://www.bluevistaprod.com/realisation-film-sante/,0,1,0,4
can,DESKTOP,https://www.bluevistaprod.com/realisation-film-territoires/,0,4,0,32.3
can,DESKTOP,https://www.bluevistaprod.com/realisation-video-geneve/,0,12,0,45.1
can,DESKTOP,https://www.bluevistaprod.com/studio-animation-3d-lyon/,0,163,0,39.9
can,DESKTOP,https://www.bluevistaprod.com/studio-animation-3d-paris/,0,213,0,40
can,DESKTOP,https://www.bluevistaprod.com/video-promotionnelle/,0,4,0,15.5
can,DESKTOP,https://www.bluevistaprod.com/video-publicitaire/,0,1282,0,54
can,MOBILE,https://en.bluevistaprod.com/,0,16,0,9.1
can,MOBILE,https://en.bluevistaprod.com/actualites/barpi-industrial-accident-prevention/,0,13,0,5.1
can,MOBILE,https://en.bluevistaprod.com/actualites/bluevista-creative-video-a-virtual-world-1-motorcycles/,0,2,0,8
can,MOBILE,https://en.bluevistaprod.com/actualites/sport-boules-16th-emile-terrier-trophy/,0,1,0,7
can,MOBILE,https://en.bluevistaprod.com/news/,0,1,0,9
can,MOBILE,https://en.bluevistaprod.com/nos-realisations/amplitude-amplivision/,0,1,0,8
can,MOBILE,https://en.bluevistaprod.com/nos-realisations/dromis-equans-ineo/,0,1,0,11
can,MOBILE,https://en.bluevistaprod.com/nos-realisations/pisten-bully-360-vr-snowcat/,0,14,0,6.3
can,MOBILE,https://en.bluevistaprod.com/nos-realisations/radisson-360-vr/,0,1,0,5
can,MOBILE,https://en.bluevistaprod.com/nos-realisations/thx-medical-dosamat-digital-2-0/,0,1,0,10
can,MOBILE,https://en.bluevistaprod.com/our-skills/corporate-video-corporate-film/,0,1,0,86
can,MOBILE,https://en.bluevistaprod.com/our-skills/live-streaming-webtv/,0,15,0,9.3
can,MOBILE,https://www.bluevistaprod.com/,0,31,0,20.5
can,MOBILE,https://www.bluevistaprod.com/actualites/50ans-de-lpa-une-histoire-lyonnaise/,0,1,0,46
can,MOBILE,https://www.bluevistaprod.com/actualites/animation-3d-produit-hitachi-csnet-manager/,0,1,0,13
can,MOBILE,https://www.bluevistaprod.com/actualites/barpi-prevention-accidents/,0,1,0,11
can,MOBILE,https://www.bluevistaprod.com/actualites/bluevista-creative-video-une-vraie-equipe-3-la-productivite/,0,1,0,7
can,MOBILE,https://www.bluevistaprod.com/actualites/bluevista-video-showreel-2020/,0,2,0,34
can,MOBILE,https://www.bluevistaprod.com/actualites/bluevista-video-showreel-2021/,0,1,0,25
can,MOBILE,https://www.bluevistaprod.com/actualites/bluevista-video-showreel-2023/,0,10,0,10.6
can,MOBILE,https://www.bluevistaprod.com/actualites/carte-de-voeux-video/,0,2,0,30.5
can,MOBILE,https://www.bluevistaprod.com/actualites/category/tournage-studio/,0,1,0,87
can,MOBILE,https://www.bluevistaprod.com/actualites/guitare-en-scene-2023/,0,1,0,12
can,MOBILE,https://www.bluevistaprod.com/actualites/koesio-carte-de-voeux-2023/,0,10,0,30.7
can,MOBILE,https://www.bluevistaprod.com/actualites/showroom-virtuel-gf-machining-solutions/,0,3,0,70.7
can,MOBILE,https://www.bluevistaprod.com/actualites/stann/,0,162,0,9
can,MOBILE,https://www.bluevistaprod.com/actualites/video-immersive-360/,0,2,0,11
can,MOBILE,https://www.bluevistaprod.com/agence/,0,2,0,1
can,MOBILE,https://www.bluevistaprod.com/bluevista-agence-metaverse/,0,8,0,3
can,MOBILE,https://www.bluevistaprod.com/contact-devis/,0,2,0,1
can,MOBILE,https://www.bluevistaprod.com/film-d-entreprise-paris-15-ans-d-experience/,0,10,0,37.1
can,MOBILE,https://www.bluevistaprod.com/mentions-legales/,0,1,0,49
can,MOBILE,https://www.bluevistaprod.com/nos-competences/aftermovie-captation-evenementielle/,0,11,0,22.9
can,MOBILE,https://www.bluevistaprod.com/nos-competences/animation-3d/,0,4,0,49.3
can,MOBILE,https://www.bluevistaprod.com/nos-competences/live-streaming-webtv/,0,33,0,20.4
can,MOBILE,https://www.bluevistaprod.com/nos-competences/motion-design/,0,10,0,66.9
can,MOBILE,https://www.bluevistaprod.com/nos-competences/studio-fond-vert-compositing/,0,3,0,31.7
can,MOBILE,https://www.bluevistaprod.com/nos-competences/video-aerienne-drone/,0,49,0,62.6
can,MOBILE,https://www.bluevistaprod.com/nos-competences/video-corporate-film-dentreprise/,0,11,0,66.5
can,MOBILE,https://www.bluevistaprod.com/nos-competences/video-mapping/,0,3,0,30
can,MOBILE,https://www.bluevistaprod.com/nos-realisations/,0,1,0,1
can,MOBILE,https://www.bluevistaprod.com/nos-realisations/abb-snk-3d-marine/,0,1,0,10
can,MOBILE,https://www.bluevistaprod.com/nos-realisations/abb-snk-3d-solaire/,0,1,0,5
can,MOBILE,https://www.bluevistaprod.com/nos-realisations/bluevista-creative-la-pizza/,0,1,0,103
can,MOBILE,https://www.bluevistaprod.com/nos-realisations/bluevista-showreel-2025/,0,1,0,11
can,MOBILE,https://www.bluevistaprod.com/nos-realisations/bos/,0,2,0,45
can,MOBILE,https://www.bluevistaprod.com/nos-realisations/cera-agence-innovation/,0,1,0,55
can,MOBILE,https://www.bluevistaprod.com/nos-realisations/dromis-equans-ineo/,0,4,0,28.3
can,MOBILE,https://www.bluevistaprod.com/nos-realisations/eiffage-energie-expercite/,0,1,0,3
can,MOBILE,https://www.bluevistaprod.com/nos-realisations/engie-home-services-video-thermostat-migo/,0,3,0,6.3
can,MOBILE,https://www.bluevistaprod.com/nos-realisations/gf-gs/,0,1,0,10
can,MOBILE,https://www.bluevistaprod.com/nos-realisations/hitachi-cs-net/,0,1,0,52
can,MOBILE,https://www.bluevistaprod.com/nos-realisations/olinn-video-publicitaire/,0,2,0,1
can,MOBILE,https://www.bluevistaprod.com/nos-realisations/qwartz/,0,1,0,100
can,MOBILE,https://www.bluevistaprod.com/nos-realisations/stann-lapplication-de-gestion-dentreprise/,0,13,0,9.8
can,MOBILE,https://www.bluevistaprod.com/nos-realisations/thx-medical-dosamat-digital-2-0/,0,5,0,6.6
can,MOBILE,https://www.bluevistaprod.com/nos-realisations/verizon-connect-video-de-presentation/,0,4,0,76
can,MOBILE,https://www.bluevistaprod.com/realisation-de-film-banques-assurances/,0,1,0,85
can,MOBILE,https://www.bluevistaprod.com/realisation-film-entreprise-lyon/,0,4,0,46
can,MOBILE,https://www.bluevistaprod.com/realisation-film-evenementiel/,0,1,0,34
can,MOBILE,https://www.bluevistaprod.com/realisation-film-lancement-produit/,0,3,0,8
can,MOBILE,https://www.bluevistaprod.com/realisation-film-sante/,0,1,0,67
can,MOBILE,https://www.bluevistaprod.com/studio-animation-3d-lyon/,0,13,0,28.7
can,MOBILE,https://www.bluevistaprod.com/studio-animation-3d-paris/,0,6,0,24.3
can,MOBILE,https://www.bluevistaprod.com/video-promotionnelle/,0,1,0,1
can,MOBILE,https://www.bluevistaprod.com/video-publicitaire/,0,212,0,45.1
can,TABLET,http://www.bluevistaprod.com/,0,2,0,2
can,TABLET,https://en.bluevistaprod.com/,0,1,0,8
can,TABLET,https://en.bluevistaprod.com/our-skills/live-streaming-webtv/,0,3,0,7.7
can,TABLET,https://www.bluevistaprod.com/,0,3,0,3.7
can,TABLET,https://www.bluevistaprod.com/actualites/bluevista-video-showreel-2023/,0,1,0,7
can,TABLET,https://www.bluevistaprod.com/actualites/stann/,0,7,0,10
can,TABLET,https://www.bluevistaprod.com/nos-competences/live-streaming-webtv/,0,3,0,22
can,TABLET,https://www.bluevistaprod.com/nos-competences/motion-design/,0,1,0,87
can,TABLET,https://www.bluevistaprod.com/nos-realisations/bluevista-showreel-2025/,0,1,0,7
can,TABLET,https://www.bluevistaprod.com/nos-realisations/stann-lapplication-de-gestion-dentreprise/,0,1,0,6
che,DESKTOP,http://www.bluevistaprod.com/,0,59,0,6.6
che,DESKTOP,https://en.bluevistaprod.com/3d-animation-studio-in-paris/,0,7,0,13.9
che,DESKTOP,https://en.bluevistaprod.com/actualites/barpi-industrial-accident-prevention/,0,2,0,10.5
che,DESKTOP,https://en.bluevistaprod.com/actualites/bluevista-creative-video-a-real-team-3-productivity/,0,6,0,2.2
che,DESKTOP,https://en.bluevistaprod.com/actualites/bluevista-creative-video-a-virtual-world-1-motorcycles/,0,2,0,2.5
che,DESKTOP,https://en.bluevistaprod.com/actualites/guitare-en-scene-2023/,0,5,0,15.4
che,DESKTOP,https://en.bluevistaprod.com/film-production-industry/,0,1,0,5
che,DESKTOP,https://en.bluevistaprod.com/film-production-product-launch/,0,1,0,7
che,DESKTOP,https://en.bluevistaprod.com/geneva-event-video-production/,0,51,0,43.6
che,DESKTOP,https://en.bluevistaprod.com/metaverse/,0,1,0,6
che,DESKTOP,https://en.bluevistaprod.com/nos-realisations/amplitude-amplivision/,0,2,0,2.5
che,DESKTOP,https://en.bluevistaprod.com/nos-realisations/gf-core-corporate-film/,0,1,0,8
che,DESKTOP,https://en.bluevistaprod.com/nos-realisations/radisson-360-vr/,0,1,0,5
che,DESKTOP,https://en.bluevistaprod.com/our-skills/,0,1,0,2
che,DESKTOP,https://en.bluevistaprod.com/our-skills/aftermovie-event-capture/,0,29,0,93
che,DESKTOP,https://en.bluevistaprod.com/our-skills/live-streaming-webtv/,0,1,0,11
che,DESKTOP,https://en.bluevistaprod.com/the-agency/,0,3,0,3.3
che,DESKTOP,https://en.bluevistaprod.com/video-production-in-geneva/,0,1223,0,32.9
che,DESKTOP,https://www.bluevistaprod.com/actualites/,0,3,0,14.7
che,DESKTOP,https://www.bluevistaprod.com/actualites/aravi-saison-2022-2023/,0,4,0,9
che,DESKTOP,https://www.bluevistaprod.com/actualites/bluevista-creative-unicorn-team/,0,1,0,8
che,DESKTOP,https://www.bluevistaprod.com/actualites/bluevista-video-showreel-2020/,0,19,0,5.8
che,DESKTOP,https://www.bluevistaprod.com/actualites/carte-de-voeux-video/,0,1,0,19
che,DESKTOP,https://www.bluevistaprod.com/actualites/category/animation_3d/,0,1,0,4
che,DESKTOP,https://www.bluevistaprod.com/actualites/category/tournage-studio/,0,1,0,10
che,DESKTOP,https://www.bluevistaprod.com/actualites/category/video-360-vr/,0,4,0,49.8
che,DESKTOP,https://www.bluevistaprod.com/actualites/category/videomapping/,0,1,0,7
che,DESKTOP,https://www.bluevistaprod.com/actualites/guitare-en-scene-2023/,0,51,0,17
che,DESKTOP,https://www.bluevistaprod.com/actualites/koesio-carte-de-voeux-2023/,0,5,0,35.8
che,DESKTOP,https://www.bluevistaprod.com/actualites/mapping-printemps-lyon/,0,5,0,40.4
che,DESKTOP,https://www.bluevistaprod.com/actualites/mase-4-motions/,0,1,0,7
che,DESKTOP,https://www.bluevistaprod.com/actualites/motion-design-3d-et-mapping-a-paris-au-musee-rodin/,0,11,0,46.1
che,DESKTOP,https://www.bluevistaprod.com/actualites/nos-dernieres-interviews/,0,2,0,6.5
che,DESKTOP,https://www.bluevistaprod.com/actualites/projet-de-realisation-video-360/,0,1,0,103
che,DESKTOP,https://www.bluevistaprod.com/actualites/realisation-immersion-360-degres-dameuse-pisten-bully/,0,1,0,20
che,DESKTOP,https://www.bluevistaprod.com/actualites/show-reel-motion-design/,0,5,0,76.2
che,DESKTOP,https://www.bluevistaprod.com/actualites/stann/,0,44,0,7.7
che,DESKTOP,https://www.bluevistaprod.com/actualites/streaming-live-et-webtv-demo-2018/,0,1,0,19
che,DESKTOP,https://www.bluevistaprod.com/actualites/tag/after-movie/,0,1,0,55
che,DESKTOP,https://www.bluevistaprod.com/actualites/video-immersive-360/,0,196,0,10.9
che,DESKTOP,https://www.bluevistaprod.com/actualites/video-mapping-lyon-intercontinental-grand-hotel-dieu/,0,4,0,36.8
che,DESKTOP,https://www.bluevistaprod.com/agence/,0,70,0,30.2
che,DESKTOP,https://www.bluevistaprod.com/bluevista-agence-metaverse/,0,1103,0,36.7
che,DESKTOP,https://www.bluevistaprod.com/contact-devis/,0,8,0,7.9
che,DESKTOP,https://www.bluevistaprod.com/film-d-entreprise-paris-15-ans-d-experience/,0,18,0,48.1
che,DESKTOP,https://www.bluevistaprod.com/film-entreprise-lyon-15-ans-experience/,0,2,0,52
che,DESKTOP,https://www.bluevistaprod.com/mentions-legales/,0,13,0,11.2
che,DESKTOP,https://www.bluevistaprod.com/nos-competences/,0,2,0,28.5
che,DESKTOP,https://www.bluevistaprod.com/nos-competences/aftermovie-captation-evenementielle/,0,270,0,66.4
che,DESKTOP,https://www.bluevistaprod.com/nos-competences/creation-immersive-realite-virtuelle/,0,651,0,56.1
che,DESKTOP,https://www.bluevistaprod.com/nos-competences/live-streaming-webtv/,0,8,0,40.3
che,DESKTOP,https://www.bluevistaprod.com/nos-competences/motion-design/,0,373,0,56.9
che,DESKTOP,https://www.bluevistaprod.com/nos-competences/video-aerienne-drone/,0,45,0,48.3
che,DESKTOP,https://www.bluevistaprod.com/nos-competences/video-corporate-film-dentreprise/,0,317,0,54
che,DESKTOP,https://www.bluevistaprod.com/nos-competences/video-mapping/,0,30,0,24.2
che,DESKTOP,https://www.bluevistaprod.com/nos-realisations/,0,26,0,5.6
che,DESKTOP,https://www.bluevistaprod.com/nos-realisations/abb-snk-3d-solaire/,0,1,0,4
che,DESKTOP,https://www.bluevistaprod.com/nos-realisations/amplitude-amplivision/,0,1,0,4
che,DESKTOP,https://www.bluevistaprod.com/nos-realisations/artcurial-mapping/,0,1,0,34
che,DESKTOP,https://www.bluevistaprod.com/nos-realisations/bluevista-creative-la-pizza/,0,63,0,4
che,DESKTOP,https://www.bluevistaprod.com/nos-realisations/bluevista-creative-un-monde-virtuel-1-la-moto/,0,3,0,5.7
che,DESKTOP,https://www.bluevistaprod.com/nos-realisations/bluevista-creative-unicorn-team/,0,30,0,4.9
che,DESKTOP,https://www.bluevistaprod.com/nos-realisations/bluevista-motion-design/,0,1,0,8
che,DESKTOP,https://www.bluevistaprod.com/nos-realisations/bluevista-showreel-2020/,0,24,0,5.4
che,DESKTOP,https://www.bluevistaprod.com/nos-realisations/bluevista-showreel-2025/,0,16,0,5.6
che,DESKTOP,https://www.bluevistaprod.com/nos-realisations/cera-agence-innovation/,0,1,0,6
che,DESKTOP,https://www.bluevistaprod.com/nos-realisations/dromis-equans-ineo/,0,1,0,5
che,DESKTOP,https://www.bluevistaprod.com/nos-realisations/eiffage-energie-expercite/,0,1,0,6
che,DESKTOP,https://www.bluevistaprod.com/nos-realisations/engie-home-services-video-thermostat-migo/,0,1,0,9
che,DESKTOP,https://www.bluevistaprod.com/nos-realisations/gf-ds-family/,0,1,0,41
che,DESKTOP,https://www.bluevistaprod.com/nos-realisations/gf-gs/,0,3,0,68
che,DESKTOP,https://www.bluevistaprod.com/nos-realisations/ghi/,0,1,0,13
che,DESKTOP,https://www.bluevistaprod.com/nos-realisations/guitare-en-scene-edition-2023/,0,3,0,49
che,DESKTOP,https://www.bluevistaprod.com/nos-realisations/guitare-en-scene-edition-2024/,0,4,0,35.3
che,DESKTOP,https://www.bluevistaprod.com/nos-realisations/hitachi-cs-net/,0,54,0,8.4
che,DESKTOP,https://www.bluevistaprod.com/nos-realisations/mapping-audi/,0,1,0,47
che,DESKTOP,https://www.bluevistaprod.com/nos-realisations/olinn-video-publicitaire/,0,2,0,3.5
che,DESKTOP,https://www.bluevistaprod.com/nos-realisations/printemps-mapping/,0,1,0,85
che,DESKTOP,https://www.bluevistaprod.com/nos-realisations/printemps-nouvelle-identite/,0,1,0,60
che,DESKTOP,https://www.bluevistaprod.com/nos-realisations/qwartz/,0,1,0,41
che,DESKTOP,https://www.bluevistaprod.com/nos-realisations/stann-lapplication-de-gestion-dentreprise/,0,25,0,14.4
che,DESKTOP,https://www.bluevistaprod.com/nos-realisations/thx-medical-dosamat-digital-2-0/,0,7,0,4.6
che,DESKTOP,https://www.bluevistaprod.com/nos-realisations/verizon-connect-video-de-presentation/,0,3,0,48.3
che,DESKTOP,https://www.bluevistaprod.com/realisation-de-film-evenements/,0,712,0,30.9
che,DESKTOP,https://www.bluevistaprod.com/realisation-film-entreprise-lyon/,0,222,0,76.4
che,DESKTOP,https://www.bluevistaprod.com/realisation-film-industrie/,0,1,0,78
che,DESKTOP,https://www.bluevistaprod.com/realisation-film-lancement-produit/,0,121,0,29.6
che,DESKTOP,https://www.bluevistaprod.com/realisation-film-sante/,0,1,0,4
che,DESKTOP,https://www.bluevistaprod.com/realisation-film-territoires/,0,1,0,57
che,DESKTOP,https://www.bluevistaprod.com/realisation-video-geneve/,0,797,0,54
che,DESKTOP,https://www.bluevistaprod.com/studio-animation-3d-paris/,0,56,0,26.7
che,DESKTOP,https://www.bluevistaprod.com/video-promotionnelle/,0,37,0,20.6
che,DESKTOP,https://www.bluevistaprod.com/video-publicitaire/,0,964,0,29.3
che,MOBILE,http://www.bluevistaprod.com/,0,13,0,2.1
che,MOBILE,https://en.bluevistaprod.com/actualites/barpi-industrial-accident-prevention/,0,3,0,10.7
che,MOBILE,https://en.bluevistaprod.com/geneva-event-video-production/,0,13,0,88.2
che,MOBILE,https://en.bluevistaprod.com/nos-realisations/amplitude-amplivision/,0,1,0,10
che,MOBILE,https://en.bluevistaprod.com/nos-realisations/hitachi-cs-net/,0,1,0,37
che,MOBILE,https://en.bluevistaprod.com/nos-realisations/pisten-bully-360-vr-snowcat/,0,1,0,7
che,MOBILE,https://en.bluevistaprod.com/nos-realisations/thx-medical-dosamat-digital-2-0/,0,1,0,10
che,MOBILE,https://en.bluevistaprod.com/our-skills/aftermovie-event-capture/,0,13,0,94.2
che,MOBILE,https://en.bluevistaprod.com/our-skills/live-streaming-webtv/,0,5,0,8.2
che,MOBILE,https://en.bluevistaprod.com/video-production-in-geneva/,0,65,0,38.3
che,MOBILE,https://www.bluevistaprod.com/actualites/aravi-saison-2022-2023/,0,2,0,9
che,MOBILE,https://www.bluevistaprod.com/actualites/blueverse/,0,2,0,9
che,MOBILE,https://www.bluevistaprod.com/actualites/bluevista-le-motion-design/,0,10,0,24.4
che,MOBILE,https://www.bluevistaprod.com/actualites/bluevista-video-showreel-2020/,0,2,0,4
che,MOBILE,https://www.bluevistaprod.com/actualites/bluevista-video-showreel-2021/,0,4,0,6.5
che,MOBILE,https://www.bluevistaprod.com/actualites/bluevista-video-showreel-2023/,0,10,0,5.2
che,MOBILE,https://www.bluevistaprod.com/actualites/guitare-en-scene-2023/,0,50,0,7.1
che,MOBILE,https://www.bluevistaprod.com/actualites/nos-dernieres-interviews/,0,1,0,6
che,MOBILE,https://www.bluevistaprod.com/actualites/realisation-immersion-360-degres-dameuse-pisten-bully/,0,2,0,16
che,MOBILE,https://www.bluevistaprod.com/actualites/sport-boules-16eme-trophee-emile-terrier/,0,5,0,7.4
che,MOBILE,https://www.bluevistaprod.com/actualites/stann/,0,47,0,8.6
che,MOBILE,https://www.bluevistaprod.com/actualites/video-immersive-360/,0,16,0,8
che,MOBILE,https://www.bluevistaprod.com/actualites/video-mapping-lyon-intercontinental-grand-hotel-dieu/,0,1,0,10
che,MOBILE,https://www.bluevistaprod.com/contact-devis/,0,4,0,16.8
che,MOBILE,https://www.bluevistaprod.com/mentions-legales/,0,10,0,7.8
che,MOBILE,https://www.bluevistaprod.com/nos-competences/,0,2,0,60.5
che,MOBILE,https://www.bluevistaprod.com/nos-competences/aftermovie-captation-evenementielle/,0,6,0,12.3
che,MOBILE,https://www.bluevistaprod.com/nos-competences/animation-3d/,0,2,0,47
che,MOBILE,https://www.bluevistaprod.com/nos-competences/live-streaming-webtv/,0,9,0,9.9
che,MOBILE,https://www.bluevistaprod.com/nos-competences/motion-design/,0,8,0,64.5
che,MOBILE,https://www.bluevistaprod.com/nos-competences/video-aerienne-drone/,0,11,0,85.6
che,MOBILE,https://www.bluevistaprod.com/nos-competences/video-corporate-film-dentreprise/,0,26,0,28.2
che,MOBILE,https://www.bluevistaprod.com/nos-competences/video-mapping/,0,4,0,6.8
che,MOBILE,https://www.bluevistaprod.com/nos-realisations/,0,3,0,28.7
che,MOBILE,https://www.bluevistaprod.com/nos-realisations/amplitude-amplivision/,0,2,0,2
che,MOBILE,https://www.bluevistaprod.com/nos-realisations/bluevista-creative-la-pizza/,0,4,0,8
che,MOBILE,https://www.bluevistaprod.com/nos-realisations/bluevista-creative-un-monde-virtuel-1-la-moto/,0,2,0,6.5
che,MOBILE,https://www.bluevistaprod.com/nos-realisations/bluevista-creative-une-vraie-equipe-1-la-flexibilite/,0,1,0,11
che,MOBILE,https://www.bluevistaprod.com/nos-realisations/bluevista-creative-une-vraie-equipe-3-la-productivite/,0,1,0,10
che,MOBILE,https://www.bluevistaprod.com/nos-realisations/bluevista-creative-unicorn-team/,0,2,0,6
che,MOBILE,https://www.bluevistaprod.com/nos-realisations/bluevista-showreel-2020/,0,5,0,8.2
che,MOBILE,https://www.bluevistaprod.com/nos-realisations/bluevista-showreel-2025/,0,4,0,5.5
che,MOBILE,https://www.bluevistaprod.com/nos-realisations/dromis-equans-ineo/,0,2,0,10
che,MOBILE,https://www.bluevistaprod.com/nos-realisations/eiffage-energie-expercite/,0,1,0,3
che,MOBILE,https://www.bluevistaprod.com/nos-realisations/engie-home-services-video-thermostat-migo/,0,3,0,7.7
che,MOBILE,https://www.bluevistaprod.com/nos-realisations/guitare-en-scene-edition-2023/,0,1,0,10
che,MOBILE,https://www.bluevistaprod.com/nos-realisations/hitachi-cs-net/,0,3,0,6
che,MOBILE,https://www.bluevistaprod.com/nos-realisations/hitachi-yutaki/,0,1,0,54
che,MOBILE,https://www.bluevistaprod.com/nos-realisations/qwartz/,0,1,0,3
che,MOBILE,https://www.bluevistaprod.com/nos-realisations/stann-lapplication-de-gestion-dentreprise/,0,21,0,7.5
che,MOBILE,https://www.bluevistaprod.com/nos-realisations/thx-medical-dosamat-digital-2-0/,0,1,0,6
che,MOBILE,https://www.bluevistaprod.com/nos-realisations/verizon-connect-video-de-presentation/,0,3,0,9
che,MOBILE,https://www.bluevistaprod.com/realisation-de-film-evenements/,0,10,0,70.9
che,MOBILE,https://www.bluevistaprod.com/realisation-film-entreprise-lyon/,0,13,0,56.9
che,MOBILE,https://www.bluevistaprod.com/realisation-film-evenementiel/,0,2,0,7
che,MOBILE,https://www.bluevistaprod.com/realisation-film-industrie/,0,1,0,80
che,MOBILE,https://www.bluevistaprod.com/realisation-film-lancement-produit/,0,6,0,8.2
che,MOBILE,https://www.bluevistaprod.com/realisation-video-geneve/,0,17,0,74.6
che,MOBILE,https://www.bluevistaprod.com/studio-animation-3d-lyon/,0,8,0,5.9
che,MOBILE,https://www.bluevistaprod.com/video-promotionnelle/,0,2,0,42
che,MOBILE,https://www.bluevistaprod.com/video-publicitaire/,0,84,0,72
che,TABLET,https://en.bluevistaprod.com/,0,1,0,1
che,TABLET,https://en.bluevistaprod.com/actualites/stann/,0,1,0,9
che,TABLET,https://www.bluevistaprod.com/,0,5,0,1
che,TABLET,https://www.bluevistaprod.com/actualites/stann/,0,4,0,7.8
che,TABLET,https://www.bluevistaprod.com/nos-competences/video-corporate-film-dentreprise/,0,1,0,20
che,TABLET,https://www.bluevistaprod.com/nos-realisations/amplitude-amplivision/,0,3,0,3.7
che,TABLET,https://www.bluevistaprod.com/nos-realisations/stann-lapplication-de-gestion-dentreprise/,0,1,0,6
che,TABLET,https://www.bluevistaprod.com/video-publicitaire/,0,1,0,12
chl,DESKTOP,http://www.bluevistaprod.com/,0,6,0,24.7
chl,DESKTOP,https://en.bluevistaprod.com/,0,2,0,1
chl,DESKTOP,https://en.bluevistaprod.com/geneva-event-video-production/,0,4,0,26.3
chl,DESKTOP,https://en.bluevistaprod.com/nos-realisations/amplitude-amplivision/,0,2,0,42
chl,DESKTOP,https://en.bluevistaprod.com/nos-realisations/dromis-equans-ineo/,0,1,0,10
chl,DESKTOP,https://en.bluevistaprod.com/nos-realisations/eiffage-energie-expercite/,0,1,0,4
chl,DESKTOP,https://en.bluevistaprod.com/nos-realisations/radisson-360-vr/,0,2,0,13
chl,DESKTOP,https://en.bluevistaprod.com/video-production-in-geneva/,0,4,0,27.3
chl,DESKTOP,https://www.bluevistaprod.com/,0,70,0,47.2
chl,DESKTOP,https://www.bluevistaprod.com/actualites/bluevista-video-showreel-2023/,0,3,0,35.7
chl,DESKTOP,https://www.bluevistaprod.com/actualites/koesio-carte-de-voeux-2023/,0,3,0,49
chl,DESKTOP,https://www.bluevistaprod.com/actualites/video-mapping-lyon-intercontinental-grand-hotel-dieu/,0,1,0,38
chl,DESKTOP,https://www.bluevistaprod.com/agence/,0,3,0,40.7
chl,DESKTOP,https://www.bluevistaprod.com/bluevista-agence-metaverse/,0,1,0,51
chl,DESKTOP,https://www.bluevistaprod.com/film-d-entreprise-paris-15-ans-d-experience/,0,13,0,33
chl,DESKTOP,https://www.bluevistaprod.com/nos-competences/aftermovie-captation-evenementielle/,0,1,0,47
chl,DESKTOP,https://www.bluevistaprod.com/nos-competences/animation-3d/,0,3,0,18
chl,DESKTOP,https://www.bluevistaprod.com/nos-competences/creation-immersive-realite-virtuelle/,0,3,0,30.3
chl,DESKTOP,https://www.bluevistaprod.com/nos-competences/live-streaming-webtv/,0,1,0,35
chl,DESKTOP,https://www.bluevistaprod.com/nos-competences/motion-design/,0,20,0,76
chl,DESKTOP,https://www.bluevistaprod.com/nos-competences/studio-fond-vert-compositing/,0,2,0,44
chl,DESKTOP,https://www.bluevistaprod.com/nos-competences/video-aerienne-drone/,0,13,0,35.2
chl,DESKTOP,https://www.bluevistaprod.com/nos-competences/video-corporate-film-dentreprise/,0,9,0,61.6
chl,DESKTOP,https://www.bluevistaprod.com/nos-competences/video-mapping/,0,6,0,11.3
chl,DESKTOP,https://www.bluevistaprod.com/nos-realisations/cera-agence-innovation/,0,2,0,45
chl,DESKTOP,https://www.bluevistaprod.com/nos-realisations/engie-home-services-video-thermostat-migo/,0,2,0,8
chl,DESKTOP,https://www.bluevistaprod.com/nos-realisations/hitachi-cs-net/,0,1,0,18
chl,DESKTOP,https://www.bluevistaprod.com/nos-realisations/serl-video-360-vr/,0,1,0,29
chl,DESKTOP,https://www.bluevistaprod.com/realisation-film-entreprise-lyon/,0,102,0,25.1
chl,DESKTOP,https://www.bluevistaprod.com/realisation-film-lancement-produit/,0,2,0,67
chl,DESKTOP,https://www.bluevistaprod.com/realisation-film-sante/,0,1,0,19
chl,DESKTOP,https://www.bluevistaprod.com/realisation-video-geneve/,0,6,0,24.3
chl,DESKTOP,https://www.bluevistaprod.com/studio-animation-3d-lyon/,0,14,0,34
chl,DESKTOP,https://www.bluevistaprod.com/studio-animation-3d-paris/,0,15,0,33.1
chl,DESKTOP,https://www.bluevistaprod.com/video-promotionnelle/,0,3,0,54
chl,DESKTOP,https://www.bluevistaprod.com/video-publicitaire/,0,26,0,37.1
chl,MOBILE,http://www.bluevistaprod.com/,0,1,0,1
chl,MOBILE,https://en.bluevistaprod.com/,0,2,0,6
chl,MOBILE,https://en.bluevistaprod.com/actualites/barpi-industrial-accident-prevention/,0,1,0,12
chl,MOBILE,https://en.bluevistaprod.com/our-skills/live-streaming-webtv/,0,1,0,16
chl,MOBILE,https://www.bluevistaprod.com/,0,9,0,45.2
chl,MOBILE,https://www.bluevistaprod.com/actualites/stann/,0,4,0,6.3
chl,MOBILE,https://www.bluevistaprod.com/actualites/video-immersive-360/,0,1,0,33
chl,MOBILE,https://www.bluevistaprod.com/bluevista-agence-metaverse/,0,1,0,11
chl,MOBILE,https://www.bluevistaprod.com/film-d-entreprise-paris-15-ans-d-experience/,0,2,0,8.5
chl,MOBILE,https://www.bluevistaprod.com/nos-competences/animation-3d/,0,1,0,36
chl,MOBILE,https://www.bluevistaprod.com/nos-competences/live-streaming-webtv/,0,1,0,40
chl,MOBILE,https://www.bluevistaprod.com/nos-competences/motion-design/,0,4,0,86.8
chl,MOBILE,https://www.bluevistaprod.com/nos-competences/studio-fond-vert-compositing/,0,1,0,17
chl,MOBILE,https://www.bluevistaprod.com/nos-competences/video-aerienne-drone/,0,2,0,68.5
chl,MOBILE,https://www.bluevistaprod.com/nos-competences/video-corporate-film-dentreprise/,0,1,0,83
chl,MOBILE,https://www.bluevistaprod.com/nos-realisations/bos/,0,1,0,57
chl,MOBILE,https://www.bluevistaprod.com/nos-realisations/cera-agence-innovation/,0,1,0,91
chl,MOBILE,https://www.bluevistaprod.com/nos-realisations/dromis-equans-ineo/,0,1,0,68
chl,MOBILE,https://www.bluevistaprod.com/nos-realisations/engie-home-services-video-thermostat-migo/,0,1,0,10
chl,MOBILE,https://www.bluevistaprod.com/nos-realisations/qwartz/,0,1,0,42
chl,MOBILE,https://www.bluevistaprod.com/nos-realisations/verizon-connect-video-de-presentation/,0,1,0,99
chl,MOBILE,https://www.bluevistaprod.com/realisation-film-entreprise-lyon/,0,1,0,42
chl,MOBILE,https://www.bluevistaprod.com/studio-animation-3d-lyon/,0,2,0,18
chl,MOBILE,https://www.bluevistaprod.com/studio-animation-3d-paris/,0,1,0,16
chl,MOBILE,https://www.bluevistaprod.com/video-publicitaire/,0,7,0,33.3
chn,DESKTOP,https://en.bluevistaprod.com/nos-realisations/amplitude-amplivision/,0,1,0,8
chn,DESKTOP,https://en.bluevistaprod.com/nos-realisations/thx-medical-dosamat-digital-2-0/,0,2,0,8
chn,DESKTOP,https://en.bluevistaprod.com/nos-realisations/we-see-big/,0,3,0,61
chn,DESKTOP,https://en.bluevistaprod.com/our-skills/live-streaming-webtv/,0,1,0,6
chn,DESKTOP,https://www.bluevistaprod.com/,0,9,0,21.4
chn,DESKTOP,https://www.bluevistaprod.com/actualites/showroom-virtuel-gf-machining-solutions/,0,1,0,64
chn,DESKTOP,https://www.bluevistaprod.com/actualites/stann/,0,2,0,7.5
chn,DESKTOP,https://www.bluevistaprod.com/film-d-entreprise-paris-15-ans-d-experience/,0,1,0,6
chn,DESKTOP,https://www.bluevistaprod.com/nos-competences/animation-3d/,0,1,0,46
chn,DESKTOP,https://www.bluevistaprod.com/nos-competences/motion-design/,0,3,0,82.3
chn,DESKTOP,https://www.bluevistaprod.com/nos-competences/video-aerienne-drone/,0,1,0,33
chn,DESKTOP,https://www.bluevistaprod.com/nos-competences/video-mapping/,0,4,0,9.3
chn,DESKTOP,https://www.bluevistaprod.com/realisation-film-entreprise-lyon/,0,1,0,47
chn,DESKTOP,https://www.bluevistaprod.com/realisation-film-lancement-produit/,0,1,0,100
chn,DESKTOP,https://www.bluevistaprod.com/studio-animation-3d-lyon/,0,1,0,13
chn,DESKTOP,https://www.bluevistaprod.com/studio-animation-3d-paris/,0,1,0,38
chn,DESKTOP,https://www.bluevistaprod.com/video-publicitaire/,0,2,0,61
chn,MOBILE,http://www.bluevistaprod.com/,0,4,0,4.8
chn,MOBILE,https://en.bluevistaprod.com/,0,19,0,5.5
chn,MOBILE,https://en.bluevistaprod.com/actualites/barpi-industrial-accident-prevention/,0,3,0,5
chn,MOBILE,https://en.bluevistaprod.com/our-skills/live-streaming-webtv/,0,1,0,12
chn,MOBILE,https://www.bluevistaprod.com/,0,1,0,69
chn,MOBILE,https://www.bluevistaprod.com/actualites/stann/,0,1,0,6
chn,MOBILE,https://www.bluevistaprod.com/actualites/video-immersive-360/,0,1,0,10
chn,MOBILE,https://www.bluevistaprod.com/bluevista-agence-metaverse/,0,1,0,14
chn,MOBILE,https://www.bluevistaprod.com/film-d-entreprise-paris-15-ans-d-experience/,0,1,0,85
chn,MOBILE,https://www.bluevistaprod.com/nos-competences/motion-design/,0,1,0,82
civ,DESKTOP,http://www.bluevistaprod.com/,0,2,0,32
civ,DESKTOP,https://www.bluevistaprod.com/,0,11,0,32.7
civ,DESKTOP,https://www.bluevistaprod.com/actualites/barpi-prevention-accidents/,0,1,0,15
civ,DESKTOP,https://www.bluevistaprod.com/actualites/bluevista-le-motion-design/,0,1,0,10
civ,DESKTOP,https://www.bluevistaprod.com/actualites/bluevista-video-showreel-2023/,0,3,0,34.7
civ,DESKTOP,https://www.bluevistaprod.com/actualites/motion-design-3d-et-mapping-a-paris-au-musee-rodin/,0,1,0,43
civ,DESKTOP,https://www.bluevistaprod.com/actualites/video-immersive-360/,0,2,0,6
civ,DESKTOP,https://www.bluevistaprod.com/agence/,0,1,0,2
civ,DESKTOP,https://www.bluevistaprod.com/film-d-entreprise-paris-15-ans-d-experience/,0,2,0,8.5
civ,DESKTOP,https://www.bluevistaprod.com/nos-competences/aftermovie-captation-evenementielle/,0,9,0,10.9
civ,DESKTOP,https://www.bluevistaprod.com/nos-competences/animation-3d/,0,1,0,94
civ,DESKTOP,https://www.bluevistaprod.com/nos-competences/motion-design/,0,4,0,87
civ,DESKTOP,https://www.bluevistaprod.com/nos-competences/studio-fond-vert-compositing/,0,1,0,17
civ,DESKTOP,https://www.bluevistaprod.com/nos-competences/video-aerienne-drone/,0,1,0,8
civ,DESKTOP,https://www.bluevistaprod.com/nos-competences/video-corporate-film-dentreprise/,0,3,0,47.3
civ,DESKTOP,https://www.bluevistaprod.com/nos-realisations/bluevista-creative-la-pizza/,0,2,0,24.5
civ,DESKTOP,https://www.bluevistaprod.com/nos-realisations/bluevista-creative-un-monde-virtuel-1-la-moto/,0,1,0,50
civ,DESKTOP,https://www.bluevistaprod.com/nos-realisations/deko-film-de-presentation/,0,1,0,5
civ,DESKTOP,https://www.bluevistaprod.com/nos-realisations/stann-lapplication-de-gestion-dentreprise/,0,1,0,6
civ,DESKTOP,https://www.bluevistaprod.com/nos-realisations/verizon-connect-video-de-presentation/,0,1,0,6
civ,DESKTOP,https://www.bluevistaprod.com/realisation-film-entreprise-lyon/,0,8,0,24.3
civ,DESKTOP,https://www.bluevistaprod.com/studio-animation-3d-lyon/,0,2,0,37.5
civ,DESKTOP,https://www.bluevistaprod.com/studio-animation-3d-paris/,0,5,0,31.8
civ,DESKTOP,https://www.bluevistaprod.com/video-promotionnelle/,0,1,0,46
civ,DESKTOP,https://www.bluevistaprod.com/video-publicitaire/,0,13,0,30.2
civ,MOBILE,https://www.bluevistaprod.com/,0,2,0,25.5
civ,MOBILE,https://www.bluevistaprod.com/actualites/aravi-saison-2022-2023/,0,1,0,12
civ,MOBILE,https://www.bluevistaprod.com/actualites/stann/,0,7,0,9.6
civ,MOBILE,https://www.bluevistaprod.com/actualites/video-immersive-360/,0,6,0,8.5
civ,MOBILE,https://www.bluevistaprod.com/bluevista-agence-metaverse/,0,2,0,11
civ,MOBILE,https://www.bluevistaprod.com/nos-competences/aftermovie-captation-evenementielle/,0,10,0,9.8
civ,MOBILE,https://www.bluevistaprod.com/nos-competences/animation-3d/,0,1,0,89
civ,MOBILE,https://www.bluevistaprod.com/nos-competences/live-streaming-webtv/,0,17,0,9.4
civ,MOBILE,https://www.bluevistaprod.com/nos-competences/motion-design/,0,1,0,79
civ,MOBILE,https://www.bluevistaprod.com/nos-realisations/deko-film-de-presentation/,0,2,0,7.5
civ,MOBILE,https://www.bluevistaprod.com/nos-realisations/eiffage-energie-expercite/,0,1,0,2
civ,MOBILE,https://www.bluevistaprod.com/nos-realisations/engie-home-services-video-thermostat-migo/,0,2,0,1
civ,MOBILE,https://www.bluevistaprod.com/nos-realisations/stann-lapplication-de-gestion-dentreprise/,0,8,0,8.6
civ,MOBILE,https://www.bluevistaprod.com/realisation-film-lancement-produit/,0,1,0,12
civ,MOBILE,https://www.bluevistaprod.com/studio-animation-3d-lyon/,0,3,0,7.3
civ,MOBILE,https://www.bluevistaprod.com/studio-animation-3d-paris/,0,1,0,22
civ,MOBILE,https://www.bluevistaprod.com/video-publicitaire/,0,2,0,8
civ,TABLET,https://www.bluevistaprod.com/nos-competences/live-streaming-webtv/,0,1,0,14
cmr,DESKTOP,http://www.bluevistaprod.com/,0,1,0,12
cmr,DESKTOP,https://en.bluevistaprod.com/3d-animation-studio-in-paris/,0,1,0,66
cmr,DESKTOP,https://en.bluevistaprod.com/actualites/barpi-industrial-accident-prevention/,0,2,0,1
cmr,DESKTOP,https://www.bluevistaprod.com/actualites/koesio-carte-de-voeux-2023/,0,1,0,72
cmr,DESKTOP,https://www.bluevistaprod.com/actualites/video-immersive-360/,0,2,0,6.5
cmr,DESKTOP,https://www.bluevistaprod.com/nos-competences/aftermovie-captation-evenementielle/,0,3,0,11.3
cmr,DESKTOP,https://www.bluevistaprod.com/nos-realisations/irisolaris-presentation-groupe-2024/,0,1,0,42
cmr,DESKTOP,https://www.bluevistaprod.com/nos-realisations/stann-lapplication-de-gestion-dentreprise/,0,2,0,16
cmr,DESKTOP,https://www.bluevistaprod.com/realisation-film-entreprise-lyon/,0,2,0,54
cmr,DESKTOP,https://www.bluevistaprod.com/studio-animation-3d-paris/,0,2,0,38.5
cmr,MOBILE,http://www.bluevistaprod.com/,0,1,0,2
cmr,MOBILE,https://en.bluevistaprod.com/nos-realisations/bos/,0,1,0,14
cmr,MOBILE,https://en.bluevistaprod.com/nos-realisations/eiffage-energie-expercite/,0,1,0,4
cmr,MOBILE,https://www.bluevistaprod.com/,0,2,0,42
cmr,MOBILE,https://www.bluevistaprod.com/actualites/aravi-saison-2022-2023/,0,3,0,6.7
cmr,MOBILE,https://www.bluevistaprod.com/actualites/bluevista-video-showreel-2023/,0,1,0,3
cmr,MOBILE,https://www.bluevistaprod.com/actualites/stann/,0,6,0,8.5
cmr,MOBILE,https://www.bluevistaprod.com/actualites/video-immersive-360/,0,1,0,12
cmr,MOBILE,https://www.bluevistaprod.com/agence/,0,1,0,1
cmr,MOBILE,https://www.bluevistaprod.com/nos-competences/aftermovie-captation-evenementielle/,0,1,0,8
cmr,MOBILE,https://www.bluevistaprod.com/nos-competences/live-streaming-webtv/,0,4,0,48.8
cmr,MOBILE,https://www.bluevistaprod.com/nos-realisations/,0,1,0,1
cmr,MOBILE,https://www.bluevistaprod.com/nos-realisations/bluevista-creative-la-pizza/,0,1,0,3
cmr,MOBILE,https://www.bluevistaprod.com/nos-realisations/deko-film-de-presentation/,0,1,0,6
cmr,MOBILE,https://www.bluevistaprod.com/nos-realisations/eiffage-energie-expercite/,0,1,0,2
cmr,MOBILE,https://www.bluevistaprod.com/nos-realisations/hitachi-cs-net/,0,1,0,8
cmr,MOBILE,https://www.bluevistaprod.com/nos-realisations/hitachi-hikumo/,0,1,0,5
cmr,MOBILE,https://www.bluevistaprod.com/nos-realisations/hitachi-yutaki/,0,1,0,7
cmr,MOBILE,https://www.bluevistaprod.com/nos-realisations/stann-lapplication-de-gestion-dentreprise/,0,4,0,6
cmr,MOBILE,https://www.bluevistaprod.com/video-publicitaire/,0,2,0,10
cod,DESKTOP,http://www.bluevistaprod.com/,0,1,0,12
cod,DESKTOP,https://www.bluevistaprod.com/,0,5,0,39.8
cod,DESKTOP,https://www.bluevistaprod.com/actualites/bluevista-video-showreel-2021/,0,1,0,6
cod,DESKTOP,https://www.bluevistaprod.com/actualites/bluevista-video-showreel-2023/,0,1,0,7
cod,DESKTOP,https://www.bluevistaprod.com/actualites/video-immersive-360/,0,1,0,37
cod,DESKTOP,https://www.bluevistaprod.com/bluevista-agence-metaverse/,0,1,0,4
cod,DESKTOP,https://www.bluevistaprod.com/nos-competences/aftermovie-captation-evenementielle/,0,2,0,10
cod,DESKTOP,https://www.bluevistaprod.com/nos-competences/live-streaming-webtv/,0,1,0,5
cod,DESKTOP,https://www.bluevistaprod.com/nos-realisations/bluevista-creative-la-pizza/,0,1,0,7
cod,DESKTOP,https://www.bluevistaprod.com/nos-realisations/bluevista-creative-unicorn-team/,0,1,0,7
cod,DESKTOP,https://www.bluevistaprod.com/nos-realisations/bluevista-showreel-2025/,0,1,0,7
cod,DESKTOP,https://www.bluevistaprod.com/realisation-film-entreprise-lyon/,0,3,0,34.3
cod,DESKTOP,https://www.bluevistaprod.com/realisation-video-geneve/,0,1,0,88
cod,DESKTOP,https://www.bluevistaprod.com/video-publicitaire/,0,1,0,19
cod,MOBILE,https://www.bluevistaprod.com/,0,1,0,6
cod,MOBILE,https://www.bluevistaprod.com/actualites/aravi-saison-2022-2023/,0,56,0,8.4
cod,MOBILE,https://www.bluevistaprod.com/actualites/stann/,0,2,0,3
cod,MOBILE,https://www.bluevistaprod.com/actualites/video-immersive-360/,0,1,0,9
cod,MOBILE,https://www.bluevistaprod.com/nos-competences/aftermovie-captation-evenementielle/,0,9,0,8.8
cod,MOBILE,https://www.bluevistaprod.com/nos-competences/live-streaming-webtv/,0,1,0,11
cod,MOBILE,https://www.bluevistaprod.com/nos-realisations/amplitude-amplivision/,0,1,0,4
cod,MOBILE,https://www.bluevistaprod.com/nos-realisations/eiffage-energie-expercite/,0,3,0,8.7
cod,MOBILE,https://www.bluevistaprod.com/nos-realisations/hitachi-cs-net/,0,1,0,4
cod,MOBILE,https://www.bluevistaprod.com/nos-realisations/stann-lapplication-de-gestion-dentreprise/,0,5,0,5.2
cod,MOBILE,https://www.bluevistaprod.com/nos-realisations/thx-medical-dosamat-digital-2-0/,0,4,0,5.5
cod,MOBILE,https://www.bluevistaprod.com/nos-realisations/verizon-connect-video-de-presentation/,0,2,0,7
cod,MOBILE,https://www.bluevistaprod.com/video-publicitaire/,0,7,0,15.1
cod,TABLET,https://www.bluevistaprod.com/actualites/video-immersive-360/,0,1,0,8
cod,TABLET,https://www.bluevistaprod.com/video-publicitaire/,0,1,0,18
cog,DESKTOP,https://www.bluevistaprod.com/,0,2,0,41
cog,DESKTOP,https://www.bluevistaprod.com/actualites/guitare-en-scene-2023/,0,1,0,9
cog,DESKTOP,https://www.bluevistaprod.com/film-d-entreprise-paris-15-ans-d-experience/,0,2,0,6.5
cog,DESKTOP,https://www.bluevistaprod.com/nos-competences/aftermovie-captation-evenementielle/,0,3,0,8.7
cog,DESKTOP,https://www.bluevistaprod.com/nos-competences/live-streaming-webtv/,0,3,0,39.3
cog,DESKTOP,https://www.bluevistaprod.com/nos-competences/motion-design/,0,1,0,84
cog,DESKTOP,https://www.bluevistaprod.com/nos-realisations/stann-lapplication-de-gestion-dentreprise/,0,1,0,6
cog,DESKTOP,https://www.bluevistaprod.com/nos-realisations/verizon-connect-video-de-presentation/,0,1,0,9
cog,DESKTOP,https://www.bluevistaprod.com/realisation-film-entreprise-lyon/,0,1,0,25
cog,DESKTOP,https://www.bluevistaprod.com/realisation-film-sante/,0,1,0,17
cog,DESKTOP,https://www.bluevistaprod.com/studio-animation-3d-lyon/,0,1,0,57
cog,DESKTOP,https://www.bluevistaprod.com/video-publicitaire/,0,1,0,100
cog,MOBILE,https://www.bluevistaprod.com/actualites/stann/,0,2,0,5.5
cog,MOBILE,https://www.bluevistaprod.com/actualites/video-immersive-360/,0,2,0,7
cog,MOBILE,https://www.bluevistaprod.com/nos-competences/aftermovie-captation-evenementielle/,0,4,0,9.8
cog,MOBILE,https://www.bluevistaprod.com/nos-competences/live-streaming-webtv/,0,3,0,10
cog,MOBILE,https://www.bluevistaprod.com/nos-realisations/verizon-connect-video-de-presentation/,0,1,0,12
cog,MOBILE,https://www.bluevistaprod.com/video-publicitaire/,0,1,0,11
col,DESKTOP,http://www.bluevistaprod.com/,0,5,0,27.2
col,DESKTOP,https://en.bluevistaprod.com/,0,1,0,1
col,DESKTOP,https://en.bluevistaprod.com/3d-animation-studio-in-lyon/,0,1,0,9
col,DESKTOP,https://en.bluevistaprod.com/actualites/barpi-industrial-accident-prevention/,0,3,0,10.3
col,DESKTOP,https://en.bluevistaprod.com/actualites/bluevista-creative-video-a-real-team-3-productivity/,0,1,0,6
col,DESKTOP,https://en.bluevistaprod.com/actualites/bluevista-creative-video-a-virtual-world-1-motorcycles/,0,1,0,6
col,DESKTOP,https://en.bluevistaprod.com/geneva-event-video-production/,0,7,0,64
col,DESKTOP,https://en.bluevistaprod.com/nos-realisations/amplitude-amplivision/,0,4,0,7.3
col,DESKTOP,https://en.bluevistaprod.com/nos-realisations/radisson-360-vr/,0,2,0,33.5
col,DESKTOP,https://en.bluevistaprod.com/our-skills/green-screen-studio-compositing/,0,1,0,99
col,DESKTOP,https://en.bluevistaprod.com/video-production-in-geneva/,0,6,0,36.5
col,DESKTOP,https://www.bluevistaprod.com/,0,95,0,44.6
col,DESKTOP,https://www.bluevistaprod.com/actualites/aravi-saison-2022-2023/,0,1,0,25
col,DESKTOP,https://www.bluevistaprod.com/actualites/bluevista-le-motion-design/,0,2,0,68
col,DESKTOP,https://www.bluevistaprod.com/actualites/bluevista-video-showreel-2023/,0,2,0,8.5
col,DESKTOP,https://www.bluevistaprod.com/actualites/carte-de-voeux-video/,0,3,0,31.3
col,DESKTOP,https://www.bluevistaprod.com/actualites/category/video-360-vr/,0,14,0,35.9
col,DESKTOP,https://www.bluevistaprod.com/actualites/koesio-carte-de-voeux-2023/,0,4,0,34.5
col,DESKTOP,https://www.bluevistaprod.com/actualites/live-video-homeserve-20ans/,0,1,0,29
col,DESKTOP,https://www.bluevistaprod.com/actualites/motion-design-3d-et-mapping-a-paris-au-musee-rodin/,0,1,0,97
col,DESKTOP,https://www.bluevistaprod.com/actualites/projet-de-realisation-video-360/,0,1,0,49
col,DESKTOP,https://www.bluevistaprod.com/actualites/stann/,0,1,0,18
col,DESKTOP,https://www.bluevistaprod.com/actualites/video-immersive-360/,0,4,0,20.3
col,DESKTOP,https://www.bluevistaprod.com/bluevista-agence-metaverse/,0,6,0,42.2
col,DESKTOP,https://www.bluevistaprod.com/film-corporate-lyon-depuis-2004/,0,1,0,12
col,DESKTOP,https://www.bluevistaprod.com/film-d-entreprise-paris-15-ans-d-experience/,0,14,0,29.1
col,DESKTOP,https://www.bluevistaprod.com/nos-competences/aftermovie-captation-evenementielle/,0,1,0,22
col,DESKTOP,https://www.bluevistaprod.com/nos-competences/animation-3d/,0,11,0,42.1
col,DESKTOP,https://www.bluevistaprod.com/nos-competences/creation-immersive-realite-virtuelle/,0,3,0,70.7
col,DESKTOP,https://www.bluevistaprod.com/nos-competences/live-streaming-webtv/,0,3,0,52.3
col,DESKTOP,https://www.bluevistaprod.com/nos-competences/motion-design/,0,34,0,82.3
col,DESKTOP,https://www.bluevistaprod.com/nos-competences/studio-fond-vert-compositing/,0,3,0,12.3
col,DESKTOP,https://www.bluevistaprod.com/nos-competences/video-aerienne-drone/,0,3,0,67
col,DESKTOP,https://www.bluevistaprod.com/nos-competences/video-corporate-film-dentreprise/,0,19,0,56.8
col,DESKTOP,https://www.bluevistaprod.com/nos-competences/video-mapping/,0,12,0,27.9
col,DESKTOP,https://www.bluevistaprod.com/nos-realisations/aravi-saison-2024/,0,1,0,16
col,DESKTOP,https://www.bluevistaprod.com/nos-realisations/bluevista-creative-unicorn-team/,0,1,0,50
col,DESKTOP,https://www.bluevistaprod.com/nos-realisations/cera-agence-innovation/,0,2,0,46
col,DESKTOP,https://www.bluevistaprod.com/nos-realisations/engie-home-services-video-thermostat-migo/,0,1,0,8
col,DESKTOP,https://www.bluevistaprod.com/nos-realisations/hitachi-cs-net/,0,1,0,36
col,DESKTOP,https://www.bluevistaprod.com/nos-realisations/radisson-360-vr/,0,6,0,14.8
col,DESKTOP,https://www.bluevistaprod.com/nos-realisations/serl-video-360-vr/,0,5,0,26.8
col,DESKTOP,https://www.bluevistaprod.com/nos-realisations/stann-lapplication-de-gestion-dentreprise/,0,1,0,3
col,DESKTOP,https://www.bluevistaprod.com/nos-realisations/thx-medical-dosamat-digital-2-0/,0,1,0,18
col,DESKTOP,https://www.bluevistaprod.com/nos-realisations/verizon-connect-video-de-presentation/,0,2,0,92.5
col,DESKTOP,https://www.bluevistaprod.com/realisation-film-entreprise-lyon/,0,238,0,29.2
col,DESKTOP,https://www.bluevistaprod.com/realisation-film-lancement-produit/,0,2,0,93.5
col,DESKTOP,https://www.bluevistaprod.com/realisation-film-sante/,0,7,0,15.1
col,DESKTOP,https://www.bluevistaprod.com/realisation-video-geneve/,0,1,0,101
col,DESKTOP,https://www.bluevistaprod.com/studio-animation-3d-lyon/,0,22,0,37.5
col,DESKTOP,https://www.bluevistaprod.com/studio-animation-3d-paris/,0,20,0,36.9
col,DESKTOP,https://www.bluevistaprod.com/video-promotionnelle/,0,3,0,4.7
col,DESKTOP,https://www.bluevistaprod.com/video-publicitaire/,0,36,0,41.8
col,MOBILE,https://en.bluevistaprod.com/,0,3,0,9.7
col,MOBILE,https://en.bluevistaprod.com/actualites/barpi-industrial-accident-prevention/,0,5,0,10
col,MOBILE,https://en.bluevistaprod.com/geneva-event-video-production/,0,1,0,28
col,MOBILE,https://en.bluevistaprod.com/nos-realisations/amplitude-amplivision/,0,2,0,5
col,MOBILE,https://en.bluevistaprod.com/nos-realisations/dromis-equans-ineo/,0,1,0,12
col,MOBILE,https://en.bluevistaprod.com/our-skills/live-streaming-webtv/,0,1,0,4
col,MOBILE,https://en.bluevistaprod.com/video-production-in-geneva/,0,1,0,36
col,MOBILE,https://www.bluevistaprod.com/,0,7,0,48
col,MOBILE,https://www.bluevistaprod.com/actualites/carte-de-voeux-video/,0,1,0,37
col,MOBILE,https://www.bluevistaprod.com/actualites/motion-design-3d-et-mapping-a-paris-au-musee-rodin/,0,1,0,27
col,MOBILE,https://www.bluevistaprod.com/actualites/realisation-immersion-360-degres-dameuse-pisten-bully/,0,1,0,88
col,MOBILE,https://www.bluevistaprod.com/actualites/showroom-virtuel-gf-machining-solutions/,0,1,0,42
col,MOBILE,https://www.bluevistaprod.com/actualites/sport-boules-16eme-trophee-emile-terrier/,0,1,0,60
col,MOBILE,https://www.bluevistaprod.com/actualites/stann/,0,8,0,9.3
col,MOBILE,https://www.bluevistaprod.com/actualites/video-immersive-360/,0,2,0,40.5
col,MOBILE,https://www.bluevistaprod.com/agence/,0,1,0,48
col,MOBILE,https://www.bluevistaprod.com/bluevista-agence-metaverse/,0,5,0,22.6
col,MOBILE,https://www.bluevistaprod.com/film-corporate-lyon-depuis-2004/,0,1,0,47
col,MOBILE,https://www.bluevistaprod.com/film-d-entreprise-paris-15-ans-d-experience/,0,8,0,37.5
col,MOBILE,https://www.bluevistaprod.com/nos-competences/aftermovie-captation-evenementielle/,0,3,0,17
col,MOBILE,https://www.bluevistaprod.com/nos-competences/animation-3d/,0,1,0,31
col,MOBILE,https://www.bluevistaprod.com/nos-competences/creation-immersive-realite-virtuelle/,0,1,0,34
col,MOBILE,https://www.bluevistaprod.com/nos-competences/live-streaming-webtv/,0,6,0,64.8
col,MOBILE,https://www.bluevistaprod.com/nos-competences/motion-design/,0,4,0,68.5
col,MOBILE,https://www.bluevistaprod.com/nos-competences/video-aerienne-drone/,0,1,0,55
col,MOBILE,https://www.bluevistaprod.com/nos-competences/video-corporate-film-dentreprise/,0,5,0,56.4
col,MOBILE,https://www.bluevistaprod.com/nos-competences/video-mapping/,0,5,0,36
col,MOBILE,https://www.bluevistaprod.com/nos-realisations/,0,1,0,22
col,MOBILE,https://www.bluevistaprod.com/nos-realisations/cera-agence-innovation/,0,1,0,37
col,MOBILE,https://www.bluevistaprod.com/nos-realisations/deko-film-de-presentation/,0,2,0,23.5
col,MOBILE,https://www.bluevistaprod.com/nos-realisations/dromis-equans-ineo/,0,2,0,88
col,MOBILE,https://www.bluevistaprod.com/nos-realisations/engie-home-services-video-thermostat-migo/,0,3,0,36
col,MOBILE,https://www.bluevistaprod.com/nos-realisations/qwartz/,0,1,0,90
col,MOBILE,https://www.bluevistaprod.com/nos-realisations/stann-lapplication-de-gestion-dentreprise/,0,4,0,29.3
col,MOBILE,https://www.bluevistaprod.com/nos-realisations/verizon-connect-video-de-presentation/,0,2,0,91.5
col,MOBILE,https://www.bluevistaprod.com/realisation-film-entreprise-lyon/,0,5,0,44.2
col,MOBILE,https://www.bluevistaprod.com/realisation-film-lancement-produit/,0,1,0,60
col,MOBILE,https://www.bluevistaprod.com/studio-animation-3d-lyon/,0,7,0,28.1
col,MOBILE,https://www.bluevistaprod.com/studio-animation-3d-paris/,0,9,0,62.2
col,MOBILE,https://www.bluevistaprod.com/video-publicitaire/,0,11,0,39.2
col,TABLET,https://www.bluevistaprod.com/actualites/stann/,0,1,0,5
cpv,DESKTOP,https://www.bluevistaprod.com/,0,1,0,34
cpv,DESKTOP,https://www.bluevistaprod.com/bluevista-agence-metaverse/,0,2,0,62.5
cpv,DESKTOP,https://www.bluevistaprod.com/nos-competences/aftermovie-captation-evenementielle/,0,3,0,65.7
cpv,DESKTOP,https://www.bluevistaprod.com/nos-competences/animation-3d/,0,1,0,59
cpv,DESKTOP,https://www.bluevistaprod.com/nos-competences/creation-immersive-realite-virtuelle/,0,1,0,54
cpv,DESKTOP,https://www.bluevistaprod.com/nos-competences/video-aerienne-drone/,0,2,0,28.5
cpv,DESKTOP,https://www.bluevistaprod.com/nos-competences/video-corporate-film-dentreprise/,0,1,0,52
cpv,DESKTOP,https://www.bluevistaprod.com/nos-competences/video-mapping/,0,1,0,101
cpv,DESKTOP,https://www.bluevistaprod.com/nos-realisations/eiffage-energie-expercite/,0,1,0,3
cpv,DESKTOP,https://www.bluevistaprod.com/video-publicitaire/,0,2,0,59.5
cpv,MOBILE,https://en.bluevistaprod.com/actualites/barpi-industrial-accident-prevention/,0,1,0,8
cri,DESKTOP,http://www.bluevistaprod.com/,0,2,0,21.5
cri,DESKTOP,https://en.bluevistaprod.com/,0,2,0,1.5
cri,DESKTOP,https://en.bluevistaprod.com/actualites/barpi-industrial-accident-prevention/,0,1,0,10
cri,DESKTOP,https://en.bluevistaprod.com/geneva-event-video-production/,0,1,0,25
cri,DESKTOP,https://en.bluevistaprod.com/nos-realisations/thx-medical-dosamat-digital-2-0/,0,1,0,8
cri,DESKTOP,https://en.bluevistaprod.com/video-production-in-geneva/,0,1,0,18
cri,DESKTOP,https://www.bluevistaprod.com/,0,24,0,45.6
cri,DESKTOP,https://www.bluevistaprod.com/actualites/koesio-carte-de-voeux-2023/,0,1,0,27
cri,DESKTOP,https://www.bluevistaprod.com/actualites/motion-design-3d-et-mapping-a-paris-au-musee-rodin/,0,1,0,30
cri,DESKTOP,https://www.bluevistaprod.com/bluevista-agence-metaverse/,0,4,0,47.3
cri,DESKTOP,https://www.bluevistaprod.com/film-corporate-lyon-depuis-2004/,0,1,0,10
cri,DESKTOP,https://www.bluevistaprod.com/nos-competences/aftermovie-captation-evenementielle/,0,2,0,19.5
cri,DESKTOP,https://www.bluevistaprod.com/nos-competences/motion-design/,0,2,0,92.5
cri,DESKTOP,https://www.bluevistaprod.com/nos-competences/studio-fond-vert-compositing/,0,2,0,15
cri,DESKTOP,https://www.bluevistaprod.com/nos-competences/video-aerienne-drone/,0,3,0,53
cri,DESKTOP,https://www.bluevistaprod.com/nos-competences/video-corporate-film-dentreprise/,0,2,0,71
cri,DESKTOP,https://www.bluevistaprod.com/nos-competences/video-mapping/,0,2,0,12.5
cri,DESKTOP,https://www.bluevistaprod.com/nos-realisations/engie-home-services-video-thermostat-migo/,0,1,0,13
cri,DESKTOP,https://www.bluevistaprod.com/nos-realisations/radisson-360-vr/,0,1,0,9
cri,DESKTOP,https://www.bluevistaprod.com/nos-realisations/serl-video-360-vr/,0,1,0,20
cri,DESKTOP,https://www.bluevistaprod.com/realisation-film-entreprise-lyon/,0,45,0,34.4
cri,DESKTOP,https://www.bluevistaprod.com/realisation-film-evenementiel/,0,1,0,29
cri,DESKTOP,https://www.bluevistaprod.com/studio-animation-3d-lyon/,0,2,0,38.5
cri,DESKTOP,https://www.bluevistaprod.com/studio-animation-3d-paris/,0,1,0,55
cri,DESKTOP,https://www.bluevistaprod.com/video-promotionnelle/,0,1,0,7
cri,DESKTOP,https://www.bluevistaprod.com/video-publicitaire/,0,4,0,46
cri,MOBILE,https://en.bluevistaprod.com/actualites/barpi-industrial-accident-prevention/,0,5,0,10.4
cri,MOBILE,https://www.bluevistaprod.com/actualites/bluevista-le-motion-design/,0,1,0,51
cri,MOBILE,https://www.bluevistaprod.com/actualites/stann/,0,4,0,9
cri,MOBILE,https://www.bluevistaprod.com/bluevista-agence-metaverse/,0,1,0,12
cri,MOBILE,https://www.bluevistaprod.com/film-d-entreprise-paris-15-ans-d-experience/,0,1,0,11
cri,MOBILE,https://www.bluevistaprod.com/nos-competences/live-streaming-webtv/,0,4,0,22
cri,MOBILE,https://www.bluevistaprod.com/nos-competences/motion-design/,0,1,0,100
cri,MOBILE,https://www.bluevistaprod.com/nos-realisations/verizon-connect-video-de-presentation/,0,1,0,67
cub,DESKTOP,https://www.bluevistaprod.com/realisation-film-entreprise-lyon/,0,1,0,76
cub,MOBILE,https://www.bluevistaprod.com/,0,1,0,35
cub,MOBILE,https://www.bluevistaprod.com/actualites/stann/,0,1,0,10
cub,MOBILE,https://www.bluevistaprod.com/nos-competences/live-streaming-webtv/,0,1,0,8
cuw,DESKTOP,https://en.bluevistaprod.com/,0,1,0,7
cuw,DESKTOP,https://www.bluevistaprod.com/,0,3,0,54
cuw,DESKTOP,https://www.bluevistaprod.com/nos-competences/motion-design/,0,1,0,90
cuw,DESKTOP,https://www.bluevistaprod.com/nos-competences/video-corporate-film-dentreprise/,0,1,0,65
cuw,DESKTOP,https://www.bluevistaprod.com/realisation-film-entreprise-lyon/,0,1,0,44
cuw,MOBILE,https://en.bluevistaprod.com/actualites/barpi-industrial-accident-prevention/,0,2,0,7
cuw,MOBILE,https://www.bluevistaprod.com/,0,1,0,75
cym,DESKTOP,https://en.bluevistaprod.com/geneva-event-video-production/,0,1,0,60
cym,DESKTOP,https://www.bluevistaprod.com/,0,2,0,23.5
cym,DESKTOP,https://www.bluevistaprod.com/film-d-entreprise-paris-15-ans-d-experience/,0,1,0,86
cym,DESKTOP,https://www.bluevistaprod.com/nos-competences/video-corporate-film-dentreprise/,0,1,0,75
cym,DESKTOP,https://www.bluevistaprod.com/realisation-film-entreprise-lyon/,0,3,0,48
cym,MOBILE,https://www.bluevistaprod.com/actualites/stann/,0,1,0,9
cym,MOBILE,https://www.bluevistaprod.com/film-d-entreprise-paris-15-ans-d-experience/,0,1,0,14
cym,MOBILE,https://www.bluevistaprod.com/nos-realisations/qwartz/,0,1,0,45
cyp,DESKTOP,http://www.bluevistaprod.com/,0,1,0,11
cyp,DESKTOP,https://en.bluevistaprod.com/actualites/barpi-industrial-accident-prevention/,0,2,0,5.5
cyp,DESKTOP,https://www.bluevistaprod.com/actualites/bluevista-video-showreel-2023/,0,1,0,1
cyp,DESKTOP,https://www.bluevistaprod.com/actualites/carte-de-voeux-video/,0,1,0,29
cyp,DESKTOP,https://www.bluevistaprod.com/actualites/stann/,0,1,0,22
cyp,DESKTOP,https://www.bluevistaprod.com/agence/,0,2,0,44
cyp,DESKTOP,https://www.bluevistaprod.com/bluevista-agence-metaverse/,0,4,0,26.8
cyp,DESKTOP,https://www.bluevistaprod.com/film-d-entreprise-paris-15-ans-d-experience/,0,3,0,23.7
cyp,DESKTOP,https://www.bluevistaprod.com/nos-competences/animation-3d/,0,4,0,55
cyp,DESKTOP,https://www.bluevistaprod.com/nos-competences/live-streaming-webtv/,0,1,0,78
cyp,DESKTOP,https://www.bluevistaprod.com/nos-competences/motion-design/,0,5,0,90.2
cyp,DESKTOP,https://www.bluevistaprod.com/nos-competences/video-aerienne-drone/,0,5,0,34.8
cyp,DESKTOP,https://www.bluevistaprod.com/nos-competences/video-corporate-film-dentreprise/,0,10,0,70.6
cyp,DESKTOP,https://www.bluevistaprod.com/nos-realisations/bluevista-creative-unicorn-team/,0,1,0,8
cyp,DESKTOP,https://www.bluevistaprod.com/nos-realisations/bluevista-showreel-2020/,0,1,0,8
cyp,DESKTOP,https://www.bluevistaprod.com/nos-realisations/cera-agence-innovation/,0,1,0,87
cyp,DESKTOP,https://www.bluevistaprod.com/nos-realisations/stann-lapplication-de-gestion-dentreprise/,0,1,0,3
cyp,DESKTOP,https://www.bluevistaprod.com/nos-realisations/verizon-connect-video-de-presentation/,0,1,0,41
cyp,DESKTOP,https://www.bluevistaprod.com/realisation-film-entreprise-lyon/,0,5,0,65.4
cyp,DESKTOP,https://www.bluevistaprod.com/realisation-film-evenementiel/,0,2,0,23.5
cyp,DESKTOP,https://www.bluevistaprod.com/studio-animation-3d-lyon/,0,2,0,64.5
cyp,DESKTOP,https://www.bluevistaprod.com/studio-animation-3d-paris/,0,2,0,28.5
cyp,DESKTOP,https://www.bluevistaprod.com/video-publicitaire/,0,2,0,44.5
cyp,MOBILE,https://en.bluevistaprod.com/actualites/barpi-industrial-accident-prevention/,0,8,0,4.8
cyp,MOBILE,https://www.bluevistaprod.com/,0,1,0,67
cyp,MOBILE,https://www.bluevistaprod.com/actualites/stann/,0,5,0,7.8
cyp,MOBILE,https://www.bluevistaprod.com/film-d-entreprise-paris-15-ans-d-experience/,0,3,0,42.3
cyp,MOBILE,https://www.bluevistaprod.com/nos-competences/motion-design/,0,4,0,79.5
cyp,MOBILE,https://www.bluevistaprod.com/realisation-film-entreprise-lyon/,0,1,0,44
cyp,MOBILE,https://www.bluevistaprod.com/studio-animation-3d-lyon/,0,1,0,100
cyp,MOBILE,https://www.bluevistaprod.com/studio-animation-3d-paris/,0,1,0,15
cyp,TABLET,https://en.bluevistaprod.com/actualites/barpi-industrial-accident-prevention/,0,5,0,6.4
cze,DESKTOP,http://www.bluevistaprod.com/,0,1,0,31
cze,DESKTOP,https://en.bluevistaprod.com/,0,1,0,1
cze,DESKTOP,https://en.bluevistaprod.com/actualites/barpi-industrial-accident-prevention/,0,8,0,4.9
cze,DESKTOP,https://en.bluevistaprod.com/nos-realisations/hitachi-cs-net/,0,2,0,9
cze,DESKTOP,https://en.bluevistaprod.com/nos-realisations/thx-medical-dosamat-digital-2-0/,0,2,0,8.5
cze,DESKTOP,https://en.bluevistaprod.com/our-skills/corporate-video-corporate-film/,0,1,0,30
cze,DESKTOP,https://www.bluevistaprod.com/,0,22,0,27.2
cze,DESKTOP,https://www.bluevistaprod.com/actualites/bluevista-video-showreel-2023/,0,1,0,36
cze,DESKTOP,https://www.bluevistaprod.com/actualites/carte-de-voeux-video/,0,1,0,29
cze,DESKTOP,https://www.bluevistaprod.com/actualites/koesio-carte-de-voeux-2023/,0,2,0,32
cze,DESKTOP,https://www.bluevistaprod.com/actualites/mapping-printemps-lyon/,0,2,0,25.5
cze,DESKTOP,https://www.bluevistaprod.com/actualites/motion-design-3d-et-mapping-a-paris-au-musee-rodin/,0,1,0,28
cze,DESKTOP,https://www.bluevistaprod.com/actualites/video-mapping-lyon-intercontinental-grand-hotel-dieu/,0,1,0,44
cze,DESKTOP,https://www.bluevistaprod.com/agence/,0,1,0,36
cze,DESKTOP,https://www.bluevistaprod.com/bluevista-agence-metaverse/,0,1,0,15
cze,DESKTOP,https://www.bluevistaprod.com/film-d-entreprise-paris-15-ans-d-experience/,0,10,0,45.5
cze,DESKTOP,https://www.bluevistaprod.com/nos-competences/aftermovie-captation-evenementielle/,0,3,0,87.3
cze,DESKTOP,https://www.bluevistaprod.com/nos-competences/animation-3d/,0,4,0,34
cze,DESKTOP,https://www.bluevistaprod.com/nos-competences/live-streaming-webtv/,0,1,0,15
cze,DESKTOP,https://www.bluevistaprod.com/nos-competences/motion-design/,0,5,0,62.6
cze,DESKTOP,https://www.bluevistaprod.com/nos-competences/studio-fond-vert-compositing/,0,1,0,16
cze,DESKTOP,https://www.bluevistaprod.com/nos-competences/video-aerienne-drone/,0,6,0,51.7
cze,DESKTOP,https://www.bluevistaprod.com/nos-competences/video-corporate-film-dentreprise/,0,7,0,50.6
cze,DESKTOP,https://www.bluevistaprod.com/nos-competences/video-mapping/,0,11,0,13.1
cze,DESKTOP,https://www.bluevistaprod.com/nos-realisations/dromis-equans-ineo/,0,1,0,89
cze,DESKTOP,https://www.bluevistaprod.com/nos-realisations/engie-home-services-video-thermostat-migo/,0,1,0,45
cze,DESKTOP,https://www.bluevistaprod.com/realisation-de-film-evenements/,0,4,0,19.3
cze,DESKTOP,https://www.bluevistaprod.com/realisation-film-entreprise-lyon/,0,17,0,50.4
cze,DESKTOP,https://www.bluevistaprod.com/realisation-film-lancement-produit/,0,1,0,2
cze,DESKTOP,https://www.bluevistaprod.com/realisation-film-sante/,0,2,0,2
cze,DESKTOP,https://www.bluevistaprod.com/realisation-video-geneve/,0,7,0,32.6
cze,DESKTOP,https://www.bluevistaprod.com/studio-animation-3d-lyon/,0,7,0,25.1
cze,DESKTOP,https://www.bluevistaprod.com/studio-animation-3d-paris/,0,8,0,42.8
cze,DESKTOP,https://www.bluevistaprod.com/video-publicitaire/,0,7,0,28
cze,MOBILE,https://en.bluevistaprod.com/actualites/aravi-season-2022-2023/,0,2,0,7
cze,MOBILE,https://en.bluevistaprod.com/actualites/barpi-industrial-accident-prevention/,0,1,0,1
cze,MOBILE,https://en.bluevistaprod.com/nos-realisations/hitachi-cs-net/,0,1,0,9
cze,MOBILE,https://www.bluevistaprod.com/,0,1,0,80
cze,MOBILE,https://www.bluevistaprod.com/actualites/koesio-carte-de-voeux-2023/,0,2,0,34.5
cze,MOBILE,https://www.bluevistaprod.com/actualites/stann/,0,4,0,8.3
cze,MOBILE,https://www.bluevistaprod.com/film-d-entreprise-paris-15-ans-d-experience/,0,1,0,15
cze,MOBILE,https://www.bluevistaprod.com/nos-competences/aftermovie-captation-evenementielle/,0,1,0,20
cze,MOBILE,https://www.bluevistaprod.com/nos-competences/motion-design/,0,1,0,35
cze,MOBILE,https://www.bluevistaprod.com/nos-competences/video-corporate-film-dentreprise/,0,1,0,46
cze,MOBILE,https://www.bluevistaprod.com/nos-competences/video-mapping/,0,1,0,14
cze,MOBILE,https://www.bluevistaprod.com/nos-realisations/engie-home-services-video-thermostat-migo/,0,1,0,9
cze,MOBILE,https://www.bluevistaprod.com/studio-animation-3d-paris/,0,1,0,79
cze,MOBILE,https://www.bluevistaprod.com/video-publicitaire/,0,6,0,45.5
cze,TABLET,https://en.bluevistaprod.com/actualites/barpi-industrial-accident-prevention/,0,1,0,1
deu,DESKTOP,http://www.bluevistaprod.com/,0,8,0,30.6
deu,DESKTOP,https://en.bluevistaprod.com/3d-animation-studio-in-paris/,0,18,0,23.6
deu,DESKTOP,https://en.bluevistaprod.com/actualites/360-video-production-project/,0,1,0,73
deu,DESKTOP,https://en.bluevistaprod.com/actualites/3d-motion-design-and-mapping-in-paris-at-the-rodin-museum/,0,1,0,39
deu,DESKTOP,https://en.bluevistaprod.com/actualites/aravi-season-2022-2023/,0,1,0,6
deu,DESKTOP,https://en.bluevistaprod.com/actualites/barpi-industrial-accident-prevention/,0,35,0,7.1
deu,DESKTOP,https://en.bluevistaprod.com/actualites/getlive-tv-3-0-wbe-tv-according-to-bluevista/,0,6,0,14.3
deu,DESKTOP,https://en.bluevistaprod.com/actualites/gf-machining-solutions-virtual-showroom/,0,1,0,5
deu,DESKTOP,https://en.bluevistaprod.com/actualites/mase-rhone-alpes-motions/,0,1,0,7
deu,DESKTOP,https://en.bluevistaprod.com/advertising-video/,0,1,0,22
deu,DESKTOP,https://en.bluevistaprod.com/film-production-health/,0,2,0,24
deu,DESKTOP,https://en.bluevistaprod.com/geneva-event-video-production/,0,19,0,68.9
deu,DESKTOP,https://en.bluevistaprod.com/news/,0,1,0,81
deu,DESKTOP,https://en.bluevistaprod.com/nos-realisations/amplitude-amplivision/,0,9,0,4
deu,DESKTOP,https://en.bluevistaprod.com/nos-realisations/bluevista-creative-a-real-team-3-productivity/,0,1,0,5
deu,DESKTOP,https://en.bluevistaprod.com/nos-realisations/deko-presentation-film/,0,1,0,61
deu,DESKTOP,https://en.bluevistaprod.com/nos-realisations/eiffage-energie-expercite/,0,1,0,4
deu,DESKTOP,https://en.bluevistaprod.com/nos-realisations/hitachi-cs-net/,0,2,0,67.5
deu,DESKTOP,https://en.bluevistaprod.com/nos-realisations/hitachi-yutaki/,0,1,0,95
deu,DESKTOP,https://en.bluevistaprod.com/nos-realisations/qwartz/,0,1,0,1
deu,DESKTOP,https://en.bluevistaprod.com/nos-realisations/radisson-360-vr/,0,1,0,8
deu,DESKTOP,https://en.bluevistaprod.com/nos-realisations/stann-the-business-management-application/,0,4,0,28.3
deu,DESKTOP,https://en.bluevistaprod.com/nos-realisations/tetro-stalactite-light-show/,0,2,0,7.5
deu,DESKTOP,https://en.bluevistaprod.com/nos-realisations/thx-medical-dosamat-digital-2-0/,0,7,0,6.7
deu,DESKTOP,https://en.bluevistaprod.com/nos-realisations/we-see-big/,0,1,0,59
deu,DESKTOP,https://en.bluevistaprod.com/our-skills/,0,1,0,27
deu,DESKTOP,https://en.bluevistaprod.com/our-skills/aftermovie-event-capture/,0,1,0,45
deu,DESKTOP,https://en.bluevistaprod.com/our-skills/live-streaming-webtv/,0,11,0,17.4
deu,DESKTOP,https://en.bluevistaprod.com/our-skills/motion-design/,0,1,0,77
deu,DESKTOP,https://en.bluevistaprod.com/our-skills/video-mapping/,0,1,0,9
deu,DESKTOP,https://en.bluevistaprod.com/the-agency/,0,2,0,8
deu,DESKTOP,https://en.bluevistaprod.com/video-production-in-geneva/,0,81,0,29.8
deu,DESKTOP,https://www.bluevistaprod.com/actualites/,0,3,0,25.7
deu,DESKTOP,https://www.bluevistaprod.com/actualites/50ans-de-lpa-une-histoire-lyonnaise/,0,1,0,74
deu,DESKTOP,https://www.bluevistaprod.com/actualites/animation-3d-grande-arche-de-la-defense/,0,2,0,96.5
deu,DESKTOP,https://www.bluevistaprod.com/actualites/animation-3d-produit-hitachi-csnet-manager/,0,1,0,24
deu,DESKTOP,https://www.bluevistaprod.com/actualites/bluevista-le-motion-design/,0,1,0,82
deu,DESKTOP,https://www.bluevistaprod.com/actualites/bluevista-video-showreel-2020/,0,3,0,2.7
deu,DESKTOP,https://www.bluevistaprod.com/actualites/bluevista-video-showreel-2023/,0,14,0,31
deu,DESKTOP,https://www.bluevistaprod.com/actualites/carte-de-voeux-video/,0,11,0,49.2
deu,DESKTOP,https://www.bluevistaprod.com/actualites/category/videomapping/,0,2,0,84.5
deu,DESKTOP,https://www.bluevistaprod.com/actualites/getlive-tv-3-0-la-wbe-tv-selon-bluevista/,0,1,0,21
deu,DESKTOP,https://www.bluevistaprod.com/actualites/guitare-en-scene-2023/,0,3,0,23.3
deu,DESKTOP,https://www.bluevistaprod.com/actualites/koesio-carte-de-voeux-2023/,0,2,0,30
deu,DESKTOP,https://www.bluevistaprod.com/actualites/mapping-printemps-lyon/,0,4,0,33.5
deu,DESKTOP,https://www.bluevistaprod.com/actualites/mase-4-motions/,0,2,0,9.5
deu,DESKTOP,https://www.bluevistaprod.com/actualites/motion-design-3d-et-mapping-a-paris-au-musee-rodin/,0,8,0,45.3
deu,DESKTOP,https://www.bluevistaprod.com/actualites/realisation-immersion-360-degres-dameuse-pisten-bully/,0,1,0,67
deu,DESKTOP,https://www.bluevistaprod.com/actualites/show-reel-motion-design/,0,1,0,49
deu,DESKTOP,https://www.bluevistaprod.com/actualites/showroom-virtuel-gf-machining-solutions/,0,4,0,66
deu,DESKTOP,https://www.bluevistaprod.com/actualites/stann/,0,127,0,7.3
deu,DESKTOP,https://www.bluevistaprod.com/actualites/video-immersive-360/,0,4,0,39.5
deu,DESKTOP,https://www.bluevistaprod.com/actualites/video-mapping-lyon-intercontinental-grand-hotel-dieu/,0,4,0,40.3
deu,DESKTOP,https://www.bluevistaprod.com/bluevista-agence-metaverse/,0,35,0,47.4
deu,DESKTOP,https://www.bluevistaprod.com/contact-devis/,0,2,0,46.5
deu,DESKTOP,https://www.bluevistaprod.com/film-d-entreprise-paris-15-ans-d-experience/,0,65,0,32.6
deu,DESKTOP,https://www.bluevistaprod.com/film-entreprise-lyon-15-ans-experience/,0,3,0,40
deu,DESKTOP,https://www.bluevistaprod.com/mentions-legales/,0,3,0,49
deu,DESKTOP,https://www.bluevistaprod.com/nos-competences/,0,1,0,1
deu,DESKTOP,https://www.bluevistaprod.com/nos-competences/aftermovie-captation-evenementielle/,0,42,0,32.3
deu,DESKTOP,https://www.bluevistaprod.com/nos-competences/animation-3d/,0,24,0,40
deu,DESKTOP,https://www.bluevistaprod.com/nos-competences/creation-immersive-realite-virtuelle/,0,7,0,67.6
deu,DESKTOP,https://www.bluevistaprod.com/nos-competences/motion-design/,0,96,0,76
deu,DESKTOP,https://www.bluevistaprod.com/nos-competences/video-aerienne-drone/,0,59,0,40.5
deu,DESKTOP,https://www.bluevistaprod.com/nos-competences/video-corporate-film-dentreprise/,0,81,0,56.2
deu,DESKTOP,https://www.bluevistaprod.com/nos-competences/video-mapping/,0,63,0,20.7
deu,DESKTOP,https://www.bluevistaprod.com/nos-realisations/,0,6,0,37.3
deu,DESKTOP,https://www.bluevistaprod.com/nos-realisations/arrow-abox-memo/,0,1,0,72
deu,DESKTOP,https://www.bluevistaprod.com/nos-realisations/assisqual/,0,2,0,5.5
deu,DESKTOP,https://www.bluevistaprod.com/nos-realisations/bluevista-creative-la-pizza/,0,3,0,2.7
deu,DESKTOP,https://www.bluevistaprod.com/nos-realisations/bluevista-creative-unicorn-team/,0,5,0,6.4
deu,DESKTOP,https://www.bluevistaprod.com/nos-realisations/bluevista-showreel-2020/,0,1,0,2
deu,DESKTOP,https://www.bluevistaprod.com/nos-realisations/cera-agence-innovation/,0,3,0,52
deu,DESKTOP,https://www.bluevistaprod.com/nos-realisations/dromis-equans-ineo/,0,5,0,67.6
deu,DESKTOP,https://www.bluevistaprod.com/nos-realisations/eiffage-energie-expercite/,0,3,0,5
deu,DESKTOP,https://www.bluevistaprod.com/nos-realisations/engie-home-services-video-thermostat-migo/,0,2,0,12
deu,DESKTOP,https://www.bluevistaprod.com/nos-realisations/gf-ds-family/,0,1,0,64
deu,DESKTOP,https://www.bluevistaprod.com/nos-realisations/guitare-en-scene-edition-2023/,0,1,0,50
deu,DESKTOP,https://www.bluevistaprod.com/nos-realisations/hitachi-cs-net/,0,2,0,20
deu,DESKTOP,https://www.bluevistaprod.com/nos-realisations/hitachi-hikumo/,0,2,0,87
deu,DESKTOP,https://www.bluevistaprod.com/nos-realisations/hitachi-yutaki/,0,3,0,67.3
deu,DESKTOP,https://www.bluevistaprod.com/nos-realisations/icsi-briefing-debriefing-minute-darret-2/,0,4,0,84
deu,DESKTOP,https://www.bluevistaprod.com/nos-realisations/mapping-audi/,0,2,0,57
deu,DESKTOP,https://www.bluevistaprod.com/nos-realisations/olinn-video-publicitaire/,0,2,0,26.5
deu,DESKTOP,https://www.bluevistaprod.com/nos-realisations/printemps-mapping/,0,2,0,94.5
deu,DESKTOP,https://www.bluevistaprod.com/nos-realisations/qwartz/,0,1,0,32
deu,DESKTOP,https://www.bluevistaprod.com/nos-realisations/radisson-360-vr/,0,3,0,32.3
deu,DESKTOP,https://www.bluevistaprod.com/nos-realisations/stann-lapplication-de-gestion-dentreprise/,0,7,0,44.3
deu,DESKTOP,https://www.bluevistaprod.com/nos-realisations/thx-medical-dosamat-digital-2-0/,0,1,0,19
deu,DESKTOP,https://www.bluevistaprod.com/nos-realisations/verizon-connect-video-de-presentation/,0,13,0,43.5
deu,DESKTOP,https://www.bluevistaprod.com/realisation-de-film-evenements/,0,14,0,16.4
deu,DESKTOP,https://www.bluevistaprod.com/realisation-film-entreprise-lyon/,0,138,0,54
deu,DESKTOP,https://www.bluevistaprod.com/realisation-film-evenementiel/,0,6,0,50.7
deu,DESKTOP,https://www.bluevistaprod.com/realisation-film-lancement-produit/,0,11,0,67.8
deu,DESKTOP,https://www.bluevistaprod.com/realisation-film-sante/,0,18,0,24
deu,DESKTOP,https://www.bluevistaprod.com/realisation-video-geneve/,0,34,0,31.9
deu,DESKTOP,https://www.bluevistaprod.com/studio-animation-3d-lyon/,0,96,0,29.4
deu,DESKTOP,https://www.bluevistaprod.com/studio-animation-3d-paris/,0,202,0,37.3
deu,DESKTOP,https://www.bluevistaprod.com/video-promotionnelle/,0,6,0,35.2
deu,DESKTOP,https://www.bluevistaprod.com/video-publicitaire/,0,80,0,36.2
deu,MOBILE,http://www.bluevistaprod.com/,0,33,0,3.6
deu,MOBILE,https://en.bluevistaprod.com/actualites/barpi-industrial-accident-prevention/,0,45,0,6.3
deu,MOBILE,https://en.bluevistaprod.com/actualites/guitare-en-scene-2023/,0,1,0,41
deu,MOBILE,https://en.bluevistaprod.com/actualites/sport-boules-16th-emile-terrier-trophy/,0,1,0,6
deu,MOBILE,https://en.bluevistaprod.com/nos-realisations/amplitude-amplivision/,0,5,0,4.6
deu,MOBILE,https://en.bluevistaprod.com/nos-realisations/engie-home-services-migo-thermostat-video/,0,1,0,4
deu,MOBILE,https://en.bluevistaprod.com/nos-realisations/hitachi-cs-net/,0,2,0,8
deu,MOBILE,https://en.bluevistaprod.com/nos-realisations/hitachi-film-catalogue-2021/,0,1,0,7
deu,MOBILE,https://en.bluevistaprod.com/nos-realisations/pisten-bully-360-vr-snowcat/,0,2,0,8
deu,MOBILE,https://en.bluevistaprod.com/nos-realisations/thx-medical-dosamat-digital-2-0/,0,5,0,7.6
deu,MOBILE,https://en.bluevistaprod.com/our-skills/aftermovie-event-capture/,0,3,0,59
deu,MOBILE,https://en.bluevistaprod.com/our-skills/live-streaming-webtv/,0,4,0,14.5
deu,MOBILE,https://en.bluevistaprod.com/the-agency/,0,4,0,6.3
deu,MOBILE,https://en.bluevistaprod.com/video-production-in-geneva/,0,1,0,30
deu,MOBILE,https://www.bluevistaprod.com/,0,110,0,32
deu,MOBILE,https://www.bluevistaprod.com/actualites/bluevista-video-showreel-2023/,0,2,0,17
deu,MOBILE,https://www.bluevistaprod.com/actualites/getlive-tv-3-0-la-wbe-tv-selon-bluevista/,0,1,0,18
deu,MOBILE,https://www.bluevistaprod.com/actualites/koesio-carte-de-voeux-2023/,0,3,0,26.7
deu,MOBILE,https://www.bluevistaprod.com/actualites/realisation-immersion-360-degres-dameuse-pisten-bully/,0,1,0,9
deu,MOBILE,https://www.bluevistaprod.com/actualites/showroom-virtuel-gf-machining-solutions/,0,3,0,60.7
deu,MOBILE,https://www.bluevistaprod.com/actualites/stann/,0,404,0,8.2
deu,MOBILE,https://www.bluevistaprod.com/agence/,0,1,0,52
deu,MOBILE,https://www.bluevistaprod.com/bluevista-agence-metaverse/,0,1,0,25
deu,MOBILE,https://www.bluevistaprod.com/film-d-entreprise-paris-15-ans-d-experience/,0,44,0,33.8
deu,MOBILE,https://www.bluevistaprod.com/nos-competences/aftermovie-captation-evenementielle/,0,1,0,5
deu,MOBILE,https://www.bluevistaprod.com/nos-competences/animation-3d/,0,2,0,6.5
deu,MOBILE,https://www.bluevistaprod.com/nos-competences/creation-immersive-realite-virtuelle/,0,1,0,75
deu,MOBILE,https://www.bluevistaprod.com/nos-competences/live-streaming-webtv/,0,15,0,41.2
deu,MOBILE,https://www.bluevistaprod.com/nos-competences/motion-design/,0,20,0,76.5
deu,MOBILE,https://www.bluevistaprod.com/nos-competences/video-aerienne-drone/,0,9,0,45.3
deu,MOBILE,https://www.bluevistaprod.com/nos-competences/video-corporate-film-dentreprise/,0,49,0,45.8
deu,MOBILE,https://www.bluevistaprod.com/nos-realisations/abb-snk-3d-marine/,0,1,0,8
deu,MOBILE,https://www.bluevistaprod.com/nos-realisations/bos/,0,4,0,61.5
deu,MOBILE,https://www.bluevistaprod.com/nos-realisations/dromis-equans-ineo/,0,1,0,98
deu,MOBILE,https://www.bluevistaprod.com/nos-realisations/eiffage-energie-expercite/,0,3,0,5.3
deu,MOBILE,https://www.bluevistaprod.com/nos-realisations/engie-home-services-video-thermostat-migo/,0,1,0,7
deu,MOBILE,https://www.bluevistaprod.com/nos-realisations/hitachi-triple-c/,0,1,0,25
deu,MOBILE,https://www.bluevistaprod.com/nos-realisations/qwartz/,0,1,0,68
deu,MOBILE,https://www.bluevistaprod.com/nos-realisations/radisson-360-vr/,0,1,0,80
deu,MOBILE,https://www.bluevistaprod.com/nos-realisations/thx-medical-dosamat-digital-2-0/,0,1,0,24
deu,MOBILE,https://www.bluevistaprod.com/nos-realisations/verizon-connect-video-de-presentation/,0,2,0,60
deu,MOBILE,https://www.bluevistaprod.com/realisation-film-entreprise-lyon/,0,38,0,71.6
deu,MOBILE,https://www.bluevistaprod.com/realisation-film-evenementiel/,0,2,0,29.5
deu,MOBILE,https://www.bluevistaprod.com/realisation-film-lancement-produit/,0,2,0,22.5
deu,MOBILE,https://www.bluevistaprod.com/studio-animation-3d-lyon/,0,3,0,42
deu,MOBILE,https://www.bluevistaprod.com/studio-animation-3d-paris/,0,7,0,37.6
deu,MOBILE,https://www.bluevistaprod.com/video-publicitaire/,0,22,0,39.9
deu,TABLET,https://en.bluevistaprod.com/actualites/barpi-industrial-accident-prevention/,0,2,0,3.5
deu,TABLET,https://en.bluevistaprod.com/our-skills/live-streaming-webtv/,0,1,0,10
deu,TABLET,https://www.bluevistaprod.com/,0,52,0,11.6
deu,TABLET,https://www.bluevistaprod.com/actualites/stann/,0,37,0,8.9
deu,TABLET,https://www.bluevistaprod.com/nos-competences/,0,2,0,1
dji,DESKTOP,https://www.bluevistaprod.com/nos-competences/live-streaming-webtv/,0,1,0,8
dji,MOBILE,https://www.bluevistaprod.com/nos-competences/live-streaming-webtv/,0,1,0,9
dji,MOBILE,https://www.bluevistaprod.com/nos-realisations/stann-lapplication-de-gestion-dentreprise/,0,1,0,7
dji,MOBILE,https://www.bluevistaprod.com/video-publicitaire/,0,1,0,25
dma,DESKTOP,https://www.bluevistaprod.com/nos-realisations/verizon-connect-video-de-presentation/,0,1,0,15
dnk,DESKTOP,https://en.bluevistaprod.com/,0,11,0,9.3
dnk,DESKTOP,https://en.bluevistaprod.com/3d-animation-studio-in-paris/,0,5,0,76.8
dnk,DESKTOP,https://en.bluevistaprod.com/actualites/barpi-industrial-accident-prevention/,0,3,0,4.3
dnk,DESKTOP,https://en.bluevistaprod.com/nos-realisations/hitachi-cs-net/,0,2,0,4.5
dnk,DESKTOP,https://en.bluevistaprod.com/our-skills/live-streaming-webtv/,0,1,0,55
dnk,DESKTOP,https://www.bluevistaprod.com/,0,9,0,23.7
dnk,DESKTOP,https://www.bluevistaprod.com/actualites/koesio-carte-de-voeux-2023/,0,1,0,30
dnk,DESKTOP,https://www.bluevistaprod.com/actualites/stann/,0,2,0,10
dnk,DESKTOP,https://www.bluevistaprod.com/agence/,0,1,0,24
dnk,DESKTOP,https://www.bluevistaprod.com/bluevista-agence-metaverse/,0,13,0,28.8
dnk,DESKTOP,https://www.bluevistaprod.com/film-d-entreprise-paris-15-ans-d-experience/,0,1,0,40
dnk,DESKTOP,https://www.bluevistaprod.com/nos-competences/aftermovie-captation-evenementielle/,0,2,0,58
dnk,DESKTOP,https://www.bluevistaprod.com/nos-competences/creation-immersive-realite-virtuelle/,0,1,0,76
dnk,DESKTOP,https://www.bluevistaprod.com/nos-competences/motion-design/,0,2,0,83.5
dnk,DESKTOP,https://www.bluevistaprod.com/nos-competences/video-aerienne-drone/,0,2,0,3.5
dnk,DESKTOP,https://www.bluevistaprod.com/nos-competences/video-corporate-film-dentreprise/,0,5,0,58
dnk,DESKTOP,https://www.bluevistaprod.com/nos-competences/video-mapping/,0,3,0,32.7
dnk,DESKTOP,https://www.bluevistaprod.com/nos-realisations/deko-film-de-presentation/,0,1,0,69
dnk,DESKTOP,https://www.bluevistaprod.com/realisation-de-film-evenements/,0,2,0,27.5
dnk,DESKTOP,https://www.bluevistaprod.com/realisation-film-entreprise-lyon/,0,2,0,73
dnk,DESKTOP,https://www.bluevistaprod.com/realisation-video-geneve/,0,1,0,26
dnk,DESKTOP,https://www.bluevistaprod.com/studio-animation-3d-lyon/,0,7,0,51.4
dnk,DESKTOP,https://www.bluevistaprod.com/studio-animation-3d-paris/,0,5,0,33.6
dnk,DESKTOP,https://www.bluevistaprod.com/video-publicitaire/,0,1,0,20
dnk,MOBILE,https://en.bluevistaprod.com/,0,2,0,6
dnk,MOBILE,https://en.bluevistaprod.com/actualites/sport-boules-16th-emile-terrier-trophy/,0,2,0,6
dnk,MOBILE,https://en.bluevistaprod.com/geneva-event-video-production/,0,1,0,88
dnk,MOBILE,https://en.bluevistaprod.com/nos-realisations/pisten-bully-360-vr-snowcat/,0,1,0,7
dnk,MOBILE,https://en.bluevistaprod.com/video-production-in-geneva/,0,1,0,58
dnk,MOBILE,https://www.bluevistaprod.com/,0,1,0,72
dnk,MOBILE,https://www.bluevistaprod.com/actualites/stann/,0,24,0,8.9
dnk,MOBILE,https://www.bluevistaprod.com/film-d-entreprise-paris-15-ans-d-experience/,0,1,0,14
dnk,MOBILE,https://www.bluevistaprod.com/nos-competences/live-streaming-webtv/,0,1,0,46
dnk,MOBILE,https://www.bluevistaprod.com/nos-competences/motion-design/,0,1,0,100
dnk,MOBILE,https://www.bluevistaprod.com/studio-animation-3d-paris/,0,1,0,38
dnk,TABLET,https://en.bluevistaprod.com/our-skills/live-streaming-webtv/,0,1,0,1
dnk,TABLET,https://www.bluevistaprod.com/actualites/stann/,0,3,0,7.3
dom,DESKTOP,https://en.bluevistaprod.com/,0,1,0,3
dom,DESKTOP,https://en.bluevistaprod.com/geneva-event-video-production/,0,3,0,86.3
dom,DESKTOP,https://en.bluevistaprod.com/video-production-in-geneva/,0,2,0,40
dom,DESKTOP,https://www.bluevistaprod.com/,0,28,0,54.8
dom,DESKTOP,https://www.bluevistaprod.com/actualites/carte-de-voeux-video/,0,4,0,31.3
dom,DESKTOP,https://www.bluevistaprod.com/actualites/category/video-360-vr/,0,1,0,57
dom,DESKTOP,https://www.bluevistaprod.com/actualites/guitare-en-scene-2023/,0,1,0,5
dom,DESKTOP,https://www.bluevistaprod.com/actualites/koesio-carte-de-voeux-2023/,0,2,0,29.5
dom,DESKTOP,https://www.bluevistaprod.com/actualites/motion-design-3d-et-mapping-a-paris-au-musee-rodin/,0,1,0,18
dom,DESKTOP,https://www.bluevistaprod.com/actualites/stann/,0,1,0,6
dom,DESKTOP,https://www.bluevistaprod.com/actualites/video-immersive-360/,0,1,0,17
dom,DESKTOP,https://www.bluevistaprod.com/film-corporate-lyon-depuis-2004/,0,1,0,10
dom,DESKTOP,https://www.bluevistaprod.com/film-d-entreprise-paris-15-ans-d-experience/,0,3,0,78
dom,DESKTOP,https://www.bluevistaprod.com/nos-competences/aftermovie-captation-evenementielle/,0,2,0,81.5
dom,DESKTOP,https://www.bluevistaprod.com/nos-competences/animation-3d/,0,4,0,49.3
dom,DESKTOP,https://www.bluevistaprod.com/nos-competences/live-streaming-webtv/,0,1,0,41
dom,DESKTOP,https://www.bluevistaprod.com/nos-competences/motion-design/,0,9,0,78.6
dom,DESKTOP,https://www.bluevistaprod.com/nos-competences/studio-fond-vert-compositing/,0,2,0,16.5
dom,DESKTOP,https://www.bluevistaprod.com/nos-competences/video-corporate-film-dentreprise/,0,5,0,57.8
dom,DESKTOP,https://www.bluevistaprod.com/nos-realisations/guitare-en-scene-edition-2023/,0,1,0,19
dom,DESKTOP,https://www.bluevistaprod.com/nos-realisations/qwartz/,0,2,0,56
dom,DESKTOP,https://www.bluevistaprod.com/nos-realisations/radisson-360-vr/,0,2,0,17.5
dom,DESKTOP,https://www.bluevistaprod.com/nos-realisations/verizon-connect-video-de-presentation/,0,1,0,90
dom,DESKTOP,https://www.bluevistaprod.com/realisation-film-entreprise-lyon/,0,51,0,29.5
dom,DESKTOP,https://www.bluevistaprod.com/realisation-film-lancement-produit/,0,1,0,83
dom,DESKTOP,https://www.bluevistaprod.com/realisation-film-sante/,0,2,0,33.5
dom,DESKTOP,https://www.bluevistaprod.com/studio-animation-3d-lyon/,0,12,0,45.3
dom,DESKTOP,https://www.bluevistaprod.com/studio-animation-3d-paris/,0,5,0,60
dom,DESKTOP,https://www.bluevistaprod.com/video-promotionnelle/,0,3,0,2
dom,DESKTOP,https://www.bluevistaprod.com/video-publicitaire/,0,6,0,50.3
dom,MOBILE,https://en.bluevistaprod.com/actualites/barpi-industrial-accident-prevention/,0,4,0,6.3
dom,MOBILE,https://en.bluevistaprod.com/actualites/new-hardware-motion-control-kessler/,0,1,0,6
dom,MOBILE,https://www.bluevistaprod.com/,0,3,0,70.7
dom,MOBILE,https://www.bluevistaprod.com/actualites/animation-3d-produit-hitachi-csnet-manager/,0,1,0,29
dom,MOBILE,https://www.bluevistaprod.com/actualites/carte-de-voeux-video/,0,1,0,27
dom,MOBILE,https://www.bluevistaprod.com/actualites/koesio-carte-de-voeux-2023/,0,1,0,52
dom,MOBILE,https://www.bluevistaprod.com/actualites/showroom-virtuel-gf-machining-solutions/,0,1,0,49
dom,MOBILE,https://www.bluevistaprod.com/actualites/stann/,0,5,0,9.8
dom,MOBILE,https://www.bluevistaprod.com/bluevista-agence-metaverse/,0,1,0,27
dom,MOBILE,https://www.bluevistaprod.com/film-d-entreprise-paris-15-ans-d-experience/,0,1,0,3
dom,MOBILE,https://www.bluevistaprod.com/nos-competences/aftermovie-captation-evenementielle/,0,1,0,21
dom,MOBILE,https://www.bluevistaprod.com/nos-competences/motion-design/,0,1,0,97
dom,MOBILE,https://www.bluevistaprod.com/nos-competences/video-corporate-film-dentreprise/,0,2,0,40
dom,MOBILE,https://www.bluevistaprod.com/nos-competences/video-mapping/,0,1,0,25
dom,MOBILE,https://www.bluevistaprod.com/nos-realisations/amplitude-amplivision/,0,1,0,86
dom,MOBILE,https://www.bluevistaprod.com/nos-realisations/engie-home-services-video-thermostat-migo/,0,2,0,7
dom,MOBILE,https://www.bluevistaprod.com/nos-realisations/hitachi-cs-net/,0,1,0,13
dom,MOBILE,https://www.bluevistaprod.com/nos-realisations/stann-lapplication-de-gestion-dentreprise/,0,7,0,8.6
dom,MOBILE,https://www.bluevistaprod.com/nos-realisations/thx-medical-dosamat-digital-2-0/,0,1,0,7
dom,MOBILE,https://www.bluevistaprod.com/nos-realisations/verizon-connect-video-de-presentation/,0,1,0,95
dom,MOBILE,https://www.bluevistaprod.com/studio-animation-3d-lyon/,0,2,0,13
dom,MOBILE,https://www.bluevistaprod.com/studio-animation-3d-paris/,0,4,0,49
dom,MOBILE,https://www.bluevistaprod.com/video-publicitaire/,0,1,0,95
dom,TABLET,https://en.bluevistaprod.com/actualites/barpi-industrial-accident-prevention/,0,2,0,9.5
dom,TABLET,https://www.bluevistaprod.com/actualites/stann/,0,1,0,6
dza,DESKTOP,http://www.bluevistaprod.com/,0,1,0,31
dza,DESKTOP,https://en.bluevistaprod.com/,0,3,0,1.7
dza,DESKTOP,https://en.bluevistaprod.com/3d-animation-studio-in-paris/,0,1,0,35
dza,DESKTOP,https://en.bluevistaprod.com/actualites/barpi-industrial-accident-prevention/,0,1,0,10
dza,DESKTOP,https://en.bluevistaprod.com/geneva-event-video-production/,0,5,0,61.6
dza,DESKTOP,https://en.bluevistaprod.com/nos-realisations/verizon-connect-video-presentation/,0,1,0,27
dza,DESKTOP,https://en.bluevistaprod.com/our-skills/aftermovie-event-capture/,0,2,0,98.5
dza,DESKTOP,https://en.bluevistaprod.com/our-skills/live-streaming-webtv/,0,1,0,31
dza,DESKTOP,https://en.bluevistaprod.com/the-agency/,0,1,0,7
dza,DESKTOP,https://en.bluevistaprod.com/video-production-in-geneva/,0,2,0,46
dza,DESKTOP,https://www.bluevistaprod.com/,0,54,0,45.2
dza,DESKTOP,https://www.bluevistaprod.com/actualites/barpi-prevention-accidents/,0,1,0,1
dza,DESKTOP,https://www.bluevistaprod.com/actualites/bluevista-video-showreel-2023/,0,2,0,6.5
dza,DESKTOP,https://www.bluevistaprod.com/actualites/carte-de-voeux-video/,0,2,0,45
dza,DESKTOP,https://www.bluevistaprod.com/actualites/category/video-360-vr/,0,3,0,19.7
dza,DESKTOP,https://www.bluevistaprod.com/actualites/getlive-tv-3-0-la-wbe-tv-selon-bluevista/,0,1,0,5
dza,DESKTOP,https://www.bluevistaprod.com/actualites/guitare-en-scene-2023/,0,1,0,26
dza,DESKTOP,https://www.bluevistaprod.com/actualites/motion-design-3d-et-mapping-a-paris-au-musee-rodin/,0,2,0,27
dza,DESKTOP,https://www.bluevistaprod.com/actualites/stann/,0,4,0,7
dza,DESKTOP,https://www.bluevistaprod.com/actualites/video-immersive-360/,0,7,0,10
dza,DESKTOP,https://www.bluevistaprod.com/agence/,0,2,0,70
dza,DESKTOP,https://www.bluevistaprod.com/bluevista-agence-metaverse/,0,1,0,14
dza,DESKTOP,https://www.bluevistaprod.com/film-d-entreprise-paris-15-ans-d-experience/,0,7,0,47.7
dza,DESKTOP,https://www.bluevistaprod.com/nos-competences/aftermovie-captation-evenementielle/,0,4,0,37.3
dza,DESKTOP,https://www.bluevistaprod.com/nos-competences/animation-3d/,0,3,0,58.3
dza,DESKTOP,https://www.bluevistaprod.com/nos-competences/creation-immersive-realite-virtuelle/,0,4,0,60.5
dza,DESKTOP,https://www.bluevistaprod.com/nos-competences/motion-design/,0,15,0,73.3
dza,DESKTOP,https://www.bluevistaprod.com/nos-competences/video-aerienne-drone/,0,2,0,57
dza,DESKTOP,https://www.bluevistaprod.com/nos-competences/video-corporate-film-dentreprise/,0,12,0,63.2
dza,DESKTOP,https://www.bluevistaprod.com/nos-competences/video-mapping/,0,3,0,11.3
dza,DESKTOP,https://www.bluevistaprod.com/nos-realisations/,0,1,0,46
dza,DESKTOP,https://www.bluevistaprod.com/nos-realisations/amplitude-amplivision/,0,2,0,75.5
dza,DESKTOP,https://www.bluevistaprod.com/nos-realisations/cera-agence-innovation/,0,4,0,14.3
dza,DESKTOP,https://www.bluevistaprod.com/nos-realisations/eiffage-energie-expercite/,0,3,0,8
dza,DESKTOP,https://www.bluevistaprod.com/nos-realisations/engie-home-services-video-thermostat-migo/,0,4,0,28.5
dza,DESKTOP,https://www.bluevistaprod.com/nos-realisations/film-corporate-gf-core/,0,2,0,7
dza,DESKTOP,https://www.bluevistaprod.com/nos-realisations/guitare-en-scene-edition-2023/,0,1,0,52
dza,DESKTOP,https://www.bluevistaprod.com/nos-realisations/hitachi-cs-net/,0,1,0,8
dza,DESKTOP,https://www.bluevistaprod.com/nos-realisations/mapping-toky/,0,3,0,5
dza,DESKTOP,https://www.bluevistaprod.com/nos-realisations/pisten-bully-dameuse-360-vr/,0,2,0,42
dza,DESKTOP,https://www.bluevistaprod.com/nos-realisations/qwartz/,0,1,0,89
dza,DESKTOP,https://www.bluevistaprod.com/nos-realisations/radisson-360-vr/,0,4,0,18.5
dza,DESKTOP,https://www.bluevistaprod.com/nos-realisations/serl-video-360-vr/,0,4,0,31.3
dza,DESKTOP,https://www.bluevistaprod.com/nos-realisations/stann-lapplication-de-gestion-dentreprise/,0,17,0,17.1
dza,DESKTOP,https://www.bluevistaprod.com/nos-realisations/thx-medical-dosamat-digital-2-0/,0,2,0,11.5
dza,DESKTOP,https://www.bluevistaprod.com/nos-realisations/verizon-connect-video-de-presentation/,0,2,0,8
dza,DESKTOP,https://www.bluevistaprod.com/realisation-film-entreprise-lyon/,0,104,0,30.9
dza,DESKTOP,https://www.bluevistaprod.com/realisation-film-evenementiel/,0,1,0,26
dza,DESKTOP,https://www.bluevistaprod.com/realisation-film-lancement-produit/,0,2,0,52
dza,DESKTOP,https://www.bluevistaprod.com/studio-animation-3d-lyon/,0,10,0,45.5
dza,DESKTOP,https://www.bluevistaprod.com/studio-animation-3d-paris/,0,9,0,60.4
dza,DESKTOP,https://www.bluevistaprod.com/video-promotionnelle/,0,4,0,31.3
dza,DESKTOP,https://www.bluevistaprod.com/video-publicitaire/,0,23,0,40.4
dza,MOBILE,http://www.bluevistaprod.com/,0,5,0,1.8
dza,MOBILE,https://en.bluevistaprod.com/geneva-event-video-production/,0,1,0,47
dza,MOBILE,https://en.bluevistaprod.com/nos-realisations/amplitude-amplivision/,0,1,0,4
dza,MOBILE,https://en.bluevistaprod.com/nos-realisations/dromis-equans-ineo/,0,1,0,11
dza,MOBILE,https://en.bluevistaprod.com/our-skills/live-streaming-webtv/,0,2,0,10
dza,MOBILE,https://en.bluevistaprod.com/the-agency/,0,2,0,5.5
dza,MOBILE,https://en.bluevistaprod.com/video-production-in-geneva/,0,1,0,70
dza,MOBILE,https://www.bluevistaprod.com/,0,10,0,32.8
dza,MOBILE,https://www.bluevistaprod.com/actualites/,0,1,0,1
dza,MOBILE,https://www.bluevistaprod.com/actualites/aravi-saison-2022-2023/,0,3,0,10
dza,MOBILE,https://www.bluevistaprod.com/actualites/bluevista-video-showreel-2020/,0,1,0,31
dza,MOBILE,https://www.bluevistaprod.com/actualites/bluevista-video-showreel-2023/,0,4,0,10
dza,MOBILE,https://www.bluevistaprod.com/actualites/la-realite-virtuelle-oculus-a-bluevista/,0,1,0,10
dza,MOBILE,https://www.bluevistaprod.com/actualites/projet-de-realisation-video-360/,0,1,0,63
dza,MOBILE,https://www.bluevistaprod.com/actualites/stann/,0,2,0,15
dza,MOBILE,https://www.bluevistaprod.com/actualites/video-immersive-360/,0,4,0,7.8
dza,MOBILE,https://www.bluevistaprod.com/agence/,0,5,0,1.4
dza,MOBILE,https://www.bluevistaprod.com/bluevista-agence-metaverse/,0,4,0,12
dza,MOBILE,https://www.bluevistaprod.com/film-d-entreprise-paris-15-ans-d-experience/,0,3,0,18.3
dza,MOBILE,https://www.bluevistaprod.com/mentions-legales/,0,1,0,3
dza,MOBILE,https://www.bluevistaprod.com/nos-competences/aftermovie-captation-evenementielle/,0,5,0,21.8
dza,MOBILE,https://www.bluevistaprod.com/nos-competences/creation-immersive-realite-virtuelle/,0,1,0,10
dza,MOBILE,https://www.bluevistaprod.com/nos-competences/live-streaming-webtv/,0,101,0,8.4
dza,MOBILE,https://www.bluevistaprod.com/nos-competences/motion-design/,0,4,0,99.3
dza,MOBILE,https://www.bluevistaprod.com/nos-competences/video-corporate-film-dentreprise/,0,2,0,47.5
dza,MOBILE,https://www.bluevistaprod.com/nos-competences/video-mapping/,0,2,0,30
dza,MOBILE,https://www.bluevistaprod.com/nos-realisations/,0,5,0,1.4
dza,MOBILE,https://www.bluevistaprod.com/nos-realisations/abb-af-contactor/,0,1,0,19
dza,MOBILE,https://www.bluevistaprod.com/nos-realisations/abb-snk-3d-marine/,0,1,0,5
dza,MOBILE,https://www.bluevistaprod.com/nos-realisations/amplitude-amplivision/,0,3,0,56.7
dza,MOBILE,https://www.bluevistaprod.com/nos-realisations/amplitude-voeux-2024/,0,1,0,101
dza,MOBILE,https://www.bluevistaprod.com/nos-realisations/bluevista-creative-la-pizza/,0,1,0,5
dza,MOBILE,https://www.bluevistaprod.com/nos-realisations/eiffage-energie-expercite/,0,8,0,5
dza,MOBILE,https://www.bluevistaprod.com/nos-realisations/elistair-orion/,0,1,0,6
dza,MOBILE,https://www.bluevistaprod.com/nos-realisations/engie-home-services-video-thermostat-migo/,0,3,0,6
dza,MOBILE,https://www.bluevistaprod.com/nos-realisations/gf-ds-family/,0,1,0,4
dza,MOBILE,https://www.bluevistaprod.com/nos-realisations/qwartz/,0,1,0,6
dza,MOBILE,https://www.bluevistaprod.com/nos-realisations/stann-lapplication-de-gestion-dentreprise/,0,13,0,8
dza,MOBILE,https://www.bluevistaprod.com/nos-realisations/thx-medical-dosamat-digital-2-0/,0,1,0,1
dza,MOBILE,https://www.bluevistaprod.com/nos-realisations/verizon-connect-video-de-presentation/,0,3,0,6
dza,MOBILE,https://www.bluevistaprod.com/realisation-film-entreprise-lyon/,0,3,0,47.3
dza,MOBILE,https://www.bluevistaprod.com/realisation-film-lancement-produit/,0,2,0,11
dza,MOBILE,https://www.bluevistaprod.com/studio-animation-3d-lyon/,0,3,0,47.7
dza,MOBILE,https://www.bluevistaprod.com/studio-animation-3d-paris/,0,2,0,57.5
dza,MOBILE,https://www.bluevistaprod.com/video-promotionnelle/,0,1,0,3
dza,MOBILE,https://www.bluevistaprod.com/video-publicitaire/,0,22,0,48.9
ecu,DESKTOP,http://www.bluevistaprod.com/,0,4,0,48
ecu,DESKTOP,https://en.bluevistaprod.com/,0,2,0,20.5
ecu,DESKTOP,https://en.bluevistaprod.com/3d-animation-studio-in-paris/,0,2,0,33.5
ecu,DESKTOP,https://en.bluevistaprod.com/geneva-event-video-production/,0,5,0,60.8
ecu,DESKTOP,https://en.bluevistaprod.com/our-skills/aftermovie-event-capture/,0,1,0,41
ecu,DESKTOP,https://en.bluevistaprod.com/video-production-in-geneva/,0,5,0,37.2
ecu,DESKTOP,https://www.bluevistaprod.com/,0,114,0,55
ecu,DESKTOP,https://www.bluevistaprod.com/actualites/bluevista-video-showreel-2023/,0,1,0,8
ecu,DESKTOP,https://www.bluevistaprod.com/actualites/carte-de-voeux-video/,0,1,0,27
ecu,DESKTOP,https://www.bluevistaprod.com/actualites/category/video-360-vr/,0,4,0,30.3
ecu,DESKTOP,https://www.bluevistaprod.com/actualites/guitare-en-scene-2023/,0,1,0,58
ecu,DESKTOP,https://www.bluevistaprod.com/actualites/koesio-carte-de-voeux-2023/,0,6,0,27.7
ecu,DESKTOP,https://www.bluevistaprod.com/actualites/stann/,0,1,0,1
ecu,DESKTOP,https://www.bluevistaprod.com/actualites/video-immersive-360/,0,4,0,38
ecu,DESKTOP,https://www.bluevistaprod.com/agence/,0,2,0,14.5
ecu,DESKTOP,https://www.bluevistaprod.com/bluevista-agence-metaverse/,0,14,0,37.7
ecu,DESKTOP,https://www.bluevistaprod.com/contact-devis/,0,1,0,1
ecu,DESKTOP,https://www.bluevistaprod.com/film-corporate-lyon-depuis-2004/,0,1,0,57
ecu,DESKTOP,https://www.bluevistaprod.com/film-d-entreprise-paris-15-ans-d-experience/,0,29,0,35.7
ecu,DESKTOP,https://www.bluevistaprod.com/mentions-legales/,0,1,0,1
ecu,DESKTOP,https://www.bluevistaprod.com/nos-competences/aftermovie-captation-evenementielle/,0,11,0,35.6
ecu,DESKTOP,https://www.bluevistaprod.com/nos-competences/animation-3d/,0,15,0,59
ecu,DESKTOP,https://www.bluevistaprod.com/nos-competences/creation-immersive-realite-virtuelle/,0,4,0,40.3
ecu,DESKTOP,https://www.bluevistaprod.com/nos-competences/live-streaming-webtv/,0,5,0,44.6
ecu,DESKTOP,https://www.bluevistaprod.com/nos-competences/motion-design/,0,56,0,82.3
ecu,DESKTOP,https://www.bluevistaprod.com/nos-competences/studio-fond-vert-compositing/,0,5,0,16.2
ecu,DESKTOP,https://www.bluevistaprod.com/nos-competences/video-aerienne-drone/,0,9,0,43.9
ecu,DESKTOP,https://www.bluevistaprod.com/nos-competences/video-corporate-film-dentreprise/,0,49,0,62
ecu,DESKTOP,https://www.bluevistaprod.com/nos-competences/video-mapping/,0,15,0,16.3
ecu,DESKTOP,https://www.bluevistaprod.com/nos-realisations/,0,1,0,1
ecu,DESKTOP,https://www.bluevistaprod.com/nos-realisations/cera-agence-innovation/,0,3,0,52
ecu,DESKTOP,https://www.bluevistaprod.com/nos-realisations/dromis-equans-ineo/,0,2,0,91.5
ecu,DESKTOP,https://www.bluevistaprod.com/nos-realisations/engie-home-services-video-thermostat-migo/,0,1,0,64
ecu,DESKTOP,https://www.bluevistaprod.com/nos-realisations/pisten-bully-dameuse-360-vr/,0,2,0,61
ecu,DESKTOP,https://www.bluevistaprod.com/nos-realisations/qwartz/,0,3,0,36.3
ecu,DESKTOP,https://www.bluevistaprod.com/nos-realisations/radisson-360-vr/,0,7,0,14.6
ecu,DESKTOP,https://www.bluevistaprod.com/nos-realisations/serl-video-360-vr/,0,4,0,22.8
ecu,DESKTOP,https://www.bluevistaprod.com/nos-realisations/stann-lapplication-de-gestion-dentreprise/,0,1,0,56
ecu,DESKTOP,https://www.bluevistaprod.com/nos-realisations/verizon-connect-video-de-presentation/,0,3,0,51.7
ecu,DESKTOP,https://www.bluevistaprod.com/realisation-film-entreprise-lyon/,0,132,0,38.1
ecu,DESKTOP,https://www.bluevistaprod.com/realisation-film-evenementiel/,0,1,0,25
ecu,DESKTOP,https://www.bluevistaprod.com/realisation-film-industrie/,0,1,0,1
ecu,DESKTOP,https://www.bluevistaprod.com/realisation-film-lancement-produit/,0,7,0,85.6
ecu,DESKTOP,https://www.bluevistaprod.com/realisation-film-sante/,0,5,0,21.4
ecu,DESKTOP,https://www.bluevistaprod.com/realisation-video-geneve/,0,1,0,35
ecu,DESKTOP,https://www.bluevistaprod.com/studio-animation-3d-lyon/,0,18,0,33.6
ecu,DESKTOP,https://www.bluevistaprod.com/studio-animation-3d-paris/,0,16,0,46.1
ecu,DESKTOP,https://www.bluevistaprod.com/video-promotionnelle/,0,1,0,63
ecu,DESKTOP,https://www.bluevistaprod.com/video-publicitaire/,0,39,0,48
ecu,MOBILE,https://en.bluevistaprod.com/,0,1,0,4
ecu,MOBILE,https://en.bluevistaprod.com/3d-animation-studio-in-lyon/,0,1,0,79
ecu,MOBILE,https://en.bluevistaprod.com/actualites/barpi-industrial-accident-prevention/,0,1,0,11
ecu,MOBILE,https://en.bluevistaprod.com/actualites/guitare-en-scene-2023/,0,1,0,9
ecu,MOBILE,https://www.bluevistaprod.com/,0,12,0,77
ecu,MOBILE,https://www.bluevistaprod.com/actualites/,0,1,0,66
ecu,MOBILE,https://www.bluevistaprod.com/actualites/carte-de-voeux-video/,0,1,0,34
ecu,MOBILE,https://www.bluevistaprod.com/actualites/showroom-virtuel-gf-machining-solutions/,0,3,0,54.3
ecu,MOBILE,https://www.bluevistaprod.com/actualites/sport-boules-16eme-trophee-emile-terrier/,0,1,0,68
ecu,MOBILE,https://www.bluevistaprod.com/actualites/stann/,0,1,0,12
ecu,MOBILE,https://www.bluevistaprod.com/actualites/video-immersive-360/,0,3,0,37.7
ecu,MOBILE,https://www.bluevistaprod.com/bluevista-agence-metaverse/,0,8,0,21.3
ecu,MOBILE,https://www.bluevistaprod.com/film-d-entreprise-paris-15-ans-d-experience/,0,12,0,26.1
ecu,MOBILE,https://www.bluevistaprod.com/nos-competences/aftermovie-captation-evenementielle/,0,1,0,13
ecu,MOBILE,https://www.bluevistaprod.com/nos-competences/creation-immersive-realite-virtuelle/,0,1,0,12
ecu,MOBILE,https://www.bluevistaprod.com/nos-competences/motion-design/,0,10,0,91.2
ecu,MOBILE,https://www.bluevistaprod.com/nos-competences/video-aerienne-drone/,0,3,0,41.7
ecu,MOBILE,https://www.bluevistaprod.com/nos-competences/video-corporate-film-dentreprise/,0,3,0,65
ecu,MOBILE,https://www.bluevistaprod.com/nos-competences/video-mapping/,0,5,0,25.2
ecu,MOBILE,https://www.bluevistaprod.com/nos-realisations/cera-agence-innovation/,0,1,0,39
ecu,MOBILE,https://www.bluevistaprod.com/nos-realisations/dromis-equans-ineo/,0,3,0,86.3
ecu,MOBILE,https://www.bluevistaprod.com/nos-realisations/radisson-360-vr/,0,1,0,66
ecu,MOBILE,https://www.bluevistaprod.com/nos-realisations/thx-medical-dosamat-digital-2-0/,0,1,0,5
ecu,MOBILE,https://www.bluevistaprod.com/nos-realisations/verizon-connect-video-de-presentation/,0,1,0,86
ecu,MOBILE,https://www.bluevistaprod.com/realisation-film-entreprise-lyon/,0,2,0,89
ecu,MOBILE,https://www.bluevistaprod.com/realisation-film-lancement-produit/,0,1,0,37
ecu,MOBILE,https://www.bluevistaprod.com/studio-animation-3d-lyon/,0,4,0,30.8
ecu,MOBILE,https://www.bluevistaprod.com/studio-animation-3d-paris/,0,3,0,51.3
ecu,MOBILE,https://www.bluevistaprod.com/video-publicitaire/,0,10,0,41.9
egy,DESKTOP,http://www.bluevistaprod.com/,0,2,0,12
egy,DESKTOP,https://en.bluevistaprod.com/,0,7,0,9.4
egy,DESKTOP,https://en.bluevistaprod.com/actualites/360-immersive-video/,0,1,0,68
egy,DESKTOP,https://en.bluevistaprod.com/actualites/barpi-industrial-accident-prevention/,0,5,0,13.4
egy,DESKTOP,https://en.bluevistaprod.com/geneva-event-video-production/,0,4,0,57.3
egy,DESKTOP,https://en.bluevistaprod.com/nos-realisations/qwartz/,0,1,0,46
egy,DESKTOP,https://en.bluevistaprod.com/nos-realisations/radisson-360-vr/,0,1,0,10
egy,DESKTOP,https://en.bluevistaprod.com/nos-realisations/thx-medical-dosamat-digital-2-0/,0,2,0,7.5
egy,DESKTOP,https://en.bluevistaprod.com/our-skills/motion-design/,0,1,0,55
egy,DESKTOP,https://en.bluevistaprod.com/the-agency/,0,1,0,47
egy,DESKTOP,https://en.bluevistaprod.com/video-production-in-geneva/,0,3,0,23.7
egy,DESKTOP,https://www.bluevistaprod.com/,0,62,0,58.8
egy,DESKTOP,https://www.bluevistaprod.com/actualites/bluevista-video-showreel-2023/,0,1,0,75
egy,DESKTOP,https://www.bluevistaprod.com/actualites/carte-de-voeux-video/,0,2,0,24.5
egy,DESKTOP,https://www.bluevistaprod.com/actualites/category/tournage-studio/,0,1,0,95
egy,DESKTOP,https://www.bluevistaprod.com/actualites/category/video-360-vr/,0,4,0,27.3
egy,DESKTOP,https://www.bluevistaprod.com/actualites/koesio-carte-de-voeux-2023/,0,5,0,29.8
egy,DESKTOP,https://www.bluevistaprod.com/actualites/mase-4-motions/,0,1,0,60
egy,DESKTOP,https://www.bluevistaprod.com/actualites/show-reel-motion-design/,0,1,0,51
egy,DESKTOP,https://www.bluevistaprod.com/actualites/showroom-virtuel-gf-machining-solutions/,0,1,0,64
egy,DESKTOP,https://www.bluevistaprod.com/actualites/stann/,0,1,0,4
egy,DESKTOP,https://www.bluevistaprod.com/actualites/video-immersive-360/,0,3,0,39.3
egy,DESKTOP,https://www.bluevistaprod.com/bluevista-agence-metaverse/,0,10,0,49.3
egy,DESKTOP,https://www.bluevistaprod.com/film-d-entreprise-paris-15-ans-d-experience/,0,13,0,47.9
egy,DESKTOP,https://www.bluevistaprod.com/nos-competences/aftermovie-captation-evenementielle/,0,3,0,36
egy,DESKTOP,https://www.bluevistaprod.com/nos-competences/animation-3d/,0,9,0,53.4
egy,DESKTOP,https://www.bluevistaprod.com/nos-competences/creation-immersive-realite-virtuelle/,0,1,0,82
egy,DESKTOP,https://www.bluevistaprod.com/nos-competences/live-streaming-webtv/,0,2,0,49
egy,DESKTOP,https://www.bluevistaprod.com/nos-competences/motion-design/,0,40,0,83.2
egy,DESKTOP,https://www.bluevistaprod.com/nos-competences/studio-fond-vert-compositing/,0,3,0,16.3
egy,DESKTOP,https://www.bluevistaprod.com/nos-competences/video-aerienne-drone/,0,9,0,53
egy,DESKTOP,https://www.bluevistaprod.com/nos-competences/video-corporate-film-dentreprise/,0,27,0,64.5
egy,DESKTOP,https://www.bluevistaprod.com/nos-competences/video-mapping/,0,8,0,22.9
egy,DESKTOP,https://www.bluevistaprod.com/nos-realisations/artcurial-mapping/,0,1,0,49
egy,DESKTOP,https://www.bluevistaprod.com/nos-realisations/assisqual/,0,1,0,3
egy,DESKTOP,https://www.bluevistaprod.com/nos-realisations/bos/,0,1,0,10
egy,DESKTOP,https://www.bluevistaprod.com/nos-realisations/cera-agence-innovation/,0,2,0,40.5
egy,DESKTOP,https://www.bluevistaprod.com/nos-realisations/engie-home-services-video-thermostat-migo/,0,1,0,48
egy,DESKTOP,https://www.bluevistaprod.com/nos-realisations/nightswapping/,0,1,0,57
egy,DESKTOP,https://www.bluevistaprod.com/nos-realisations/pisten-bully-dameuse-360-vr/,0,4,0,41.3
egy,DESKTOP,https://www.bluevistaprod.com/nos-realisations/qwartz/,0,4,0,55.8
egy,DESKTOP,https://www.bluevistaprod.com/nos-realisations/radisson-360-vr/,0,1,0,15
egy,DESKTOP,https://www.bluevistaprod.com/nos-realisations/serl-video-360-vr/,0,3,0,32
egy,DESKTOP,https://www.bluevistaprod.com/nos-realisations/thx-medical-dosamat-digital-2-0/,0,1,0,7
egy,DESKTOP,https://www.bluevistaprod.com/realisation-film-entreprise-lyon/,0,96,0,36
egy,DESKTOP,https://www.bluevistaprod.com/realisation-film-evenementiel/,0,2,0,30.5
egy,DESKTOP,https://www.bluevistaprod.com/realisation-film-lancement-produit/,0,3,0,37
egy,DESKTOP,https://www.bluevistaprod.com/realisation-video-geneve/,0,2,0,69.5
egy,DESKTOP,https://www.bluevistaprod.com/studio-animation-3d-lyon/,0,25,0,24.9
egy,DESKTOP,https://www.bluevistaprod.com/studio-animation-3d-paris/,0,27,0,45.5
egy,DESKTOP,https://www.bluevistaprod.com/video-promotionnelle/,0,2,0,57
egy,DESKTOP,https://www.bluevistaprod.com/video-publicitaire/,0,25,0,47.6
egy,MOBILE,http://www.bluevistaprod.com/,0,3,0,1
egy,MOBILE,https://en.bluevistaprod.com/,0,8,0,5.3
egy,MOBILE,https://en.bluevistaprod.com/actualites/barpi-industrial-accident-prevention/,0,11,0,6.9
egy,MOBILE,https://en.bluevistaprod.com/geneva-event-video-production/,0,1,0,28
egy,MOBILE,https://en.bluevistaprod.com/nos-realisations/thx-medical-dosamat-digital-2-0/,0,16,0,5.2
egy,MOBILE,https://en.bluevistaprod.com/our-skills/live-streaming-webtv/,0,3,0,7.7
egy,MOBILE,https://en.bluevistaprod.com/video-production-in-geneva/,0,1,0,34
egy,MOBILE,https://www.bluevistaprod.com/,0,6,0,39.8
egy,MOBILE,https://www.bluevistaprod.com/actualites/animation-3d-grande-arche-de-la-defense/,0,1,0,86
egy,MOBILE,https://www.bluevistaprod.com/actualites/aravi-saison-2022-2023/,0,2,0,11
egy,MOBILE,https://www.bluevistaprod.com/actualites/carte-de-voeux-video/,0,1,0,27
egy,MOBILE,https://www.bluevistaprod.com/actualites/showroom-virtuel-gf-machining-solutions/,0,1,0,63
egy,MOBILE,https://www.bluevistaprod.com/actualites/stann/,0,19,0,7.4
egy,MOBILE,https://www.bluevistaprod.com/actualites/video-immersive-360/,0,1,0,9
egy,MOBILE,https://www.bluevistaprod.com/agence/,0,1,0,71
egy,MOBILE,https://www.bluevistaprod.com/film-d-entreprise-paris-15-ans-d-experience/,0,5,0,21.2
egy,MOBILE,https://www.bluevistaprod.com/nos-competences/animation-3d/,0,1,0,73
egy,MOBILE,https://www.bluevistaprod.com/nos-competences/motion-design/,0,5,0,76
egy,MOBILE,https://www.bluevistaprod.com/nos-competences/video-corporate-film-dentreprise/,0,4,0,38
egy,MOBILE,https://www.bluevistaprod.com/nos-competences/video-mapping/,0,2,0,25.5
egy,MOBILE,https://www.bluevistaprod.com/nos-realisations/engie-home-services-video-thermostat-migo/,0,1,0,8
egy,MOBILE,https://www.bluevistaprod.com/nos-realisations/qwartz/,0,2,0,40
egy,MOBILE,https://www.bluevistaprod.com/nos-realisations/stann-lapplication-de-gestion-dentreprise/,0,1,0,11
egy,MOBILE,https://www.bluevistaprod.com/nos-realisations/verizon-connect-video-de-presentation/,0,4,0,78.3
egy,MOBILE,https://www.bluevistaprod.com/realisation-video-geneve/,0,1,0,34
egy,MOBILE,https://www.bluevistaprod.com/studio-animation-3d-lyon/,0,1,0,22
egy,MOBILE,https://www.bluevistaprod.com/studio-animation-3d-paris/,0,2,0,20
egy,MOBILE,https://www.bluevistaprod.com/video-publicitaire/,0,6,0,54.3
egy,TABLET,https://www.bluevistaprod.com/nos-competences/motion-design/,0,1,0,82
esh,DESKTOP,https://en.bluevistaprod.com/nos-realisations/opiiec/,0,1,0,5
esh,DESKTOP,https://www.bluevistaprod.com/bluevista-agence-metaverse/,0,1,0,96
esh,DESKTOP,https://www.bluevistaprod.com/nos-competences/video-corporate-film-dentreprise/,0,1,0,37
esh,DESKTOP,https://www.bluevistaprod.com/realisation-film-entreprise-lyon/,0,1,0,32
esh,MOBILE,http://www.bluevistaprod.com/,0,4,0,3
esh,MOBILE,https://en.bluevistaprod.com/,0,2,0,10.5
esh,MOBILE,https://www.bluevistaprod.com/,0,8,0,2
esh,MOBILE,https://www.bluevistaprod.com/actualites/bluevista-video-showreel-2023/,0,2,0,8.5
esh,MOBILE,https://www.bluevistaprod.com/agence/,0,2,0,1
esh,MOBILE,https://www.bluevistaprod.com/nos-competences/live-streaming-webtv/,0,1,0,8
esh,MOBILE,https://www.bluevistaprod.com/nos-realisations/bluevista-creative-unicorn-team/,0,1,0,8
esh,MOBILE,https://www.bluevistaprod.com/nos-realisations/bluevista-showreel-2020/,0,1,0,8
esh,MOBILE,https://www.bluevistaprod.com/realisation-film-entreprise-lyon/,0,1,0,1
esh,MOBILE,https://www.bluevistaprod.com/video-promotionnelle/,0,1,0,1
esp,DESKTOP,http://www.bluevistaprod.com/,0,14,0,15.1
esp,DESKTOP,https://en.bluevistaprod.com/3d-animation-studio-in-paris/,0,2,0,107.5
esp,DESKTOP,https://en.bluevistaprod.com/actualites/barpi-industrial-accident-prevention/,0,3,0,30
esp,DESKTOP,https://en.bluevistaprod.com/film-production-industry/,0,1,0,1
esp,DESKTOP,https://en.bluevistaprod.com/geneva-event-video-production/,0,9,0,51.7
esp,DESKTOP,https://en.bluevistaprod.com/nos-realisations/engie-home-services-migo-thermostat-video/,0,1,0,5
esp,DESKTOP,https://en.bluevistaprod.com/nos-realisations/koesio-greetings-2024/,0,2,0,9
esp,DESKTOP,https://en.bluevistaprod.com/nos-realisations/mase-rhone-alpes-motion-design/,0,1,0,54
esp,DESKTOP,https://en.bluevistaprod.com/nos-realisations/radisson-360-vr/,0,1,0,15
esp,DESKTOP,https://en.bluevistaprod.com/nos-realisations/tetro-fete-des-lumieres-2021/,0,1,0,10
esp,DESKTOP,https://en.bluevistaprod.com/nos-realisations/tetro-stalactite-light-show/,0,1,0,9
esp,DESKTOP,https://en.bluevistaprod.com/nos-realisations/thx-medical-dosamat-digital-2-0/,0,2,0,8.5
esp,DESKTOP,https://en.bluevistaprod.com/our-skills/aftermovie-event-capture/,0,1,0,93
esp,DESKTOP,https://en.bluevistaprod.com/our-skills/live-streaming-webtv/,0,1,0,5
esp,DESKTOP,https://en.bluevistaprod.com/the-agency/,0,1,0,1
esp,DESKTOP,https://en.bluevistaprod.com/video-production-in-geneva/,0,8,0,29.8
esp,DESKTOP,https://www.bluevistaprod.com/,0,109,0,40
esp,DESKTOP,https://www.bluevistaprod.com/actualites/,0,1,0,40
esp,DESKTOP,https://www.bluevistaprod.com/actualites/aravi-saison-2022-2023/,0,2,0,14.5
esp,DESKTOP,https://www.bluevistaprod.com/actualites/bluevista-video-showreel-2023/,0,2,0,3
esp,DESKTOP,https://www.bluevistaprod.com/actualites/carte-de-voeux-video/,0,2,0,26.5
esp,DESKTOP,https://www.bluevistaprod.com/actualites/category/video-360-vr/,0,1,0,28
esp,DESKTOP,https://www.bluevistaprod.com/actualites/category/videomapping/,0,2,0,89
esp,DESKTOP,https://www.bluevistaprod.com/actualites/koesio-carte-de-voeux-2023/,0,3,0,53.3
esp,DESKTOP,https://www.bluevistaprod.com/actualites/mapping-printemps-lyon/,0,2,0,65
esp,DESKTOP,https://www.bluevistaprod.com/actualites/mase-4-motions/,0,2,0,9
esp,DESKTOP,https://www.bluevistaprod.com/actualites/motion-design-3d-et-mapping-a-paris-au-musee-rodin/,0,2,0,31
esp,DESKTOP,https://www.bluevistaprod.com/actualites/projet-de-realisation-video-360/,0,2,0,13.5
esp,DESKTOP,https://www.bluevistaprod.com/actualites/show-reel-motion-design/,0,2,0,37.5
esp,DESKTOP,https://www.bluevistaprod.com/actualites/stann/,0,15,0,16.1
esp,DESKTOP,https://www.bluevistaprod.com/actualites/video-immersive-360/,0,3,0,21.7
esp,DESKTOP,https://www.bluevistaprod.com/actualites/video-mapping-lyon-intercontinental-grand-hotel-dieu/,0,1,0,37
esp,DESKTOP,https://www.bluevistaprod.com/agence/,0,5,0,31.6
esp,DESKTOP,https://www.bluevistaprod.com/bluevista-agence-metaverse/,0,13,0,39.7
esp,DESKTOP,https://www.bluevistaprod.com/contact-devis/,0,1,0,1
esp,DESKTOP,https://www.bluevistaprod.com/film-d-entreprise-paris-15-ans-d-experience/,0,29,0,24.1
esp,DESKTOP,https://www.bluevistaprod.com/nos-competences/aftermovie-captation-evenementielle/,0,21,0,50.2
esp,DESKTOP,https://www.bluevistaprod.com/nos-competences/animation-3d/,0,22,0,48.8
esp,DESKTOP,https://www.bluevistaprod.com/nos-competences/creation-immersive-realite-virtuelle/,0,7,0,68.6
esp,DESKTOP,https://www.bluevistaprod.com/nos-competences/live-streaming-webtv/,0,13,0,28.9
esp,DESKTOP,https://www.bluevistaprod.com/nos-competences/motion-design/,0,55,0,82.3
esp,DESKTOP,https://www.bluevistaprod.com/nos-competences/studio-fond-vert-compositing/,0,2,0,14
esp,DESKTOP,https://www.bluevistaprod.com/nos-competences/video-aerienne-drone/,0,22,0,47.5
esp,DESKTOP,https://www.bluevistaprod.com/nos-competences/video-corporate-film-dentreprise/,0,41,0,57.8
esp,DESKTOP,https://www.bluevistaprod.com/nos-realisations/,0,1,0,1
esp,DESKTOP,https://www.bluevistaprod.com/nos-realisations/aravi-saison-2024/,0,1,0,34
esp,DESKTOP,https://www.bluevistaprod.com/nos-realisations/artcurial-mapping/,0,1,0,47
esp,DESKTOP,https://www.bluevistaprod.com/nos-realisations/cera-agence-innovation/,0,4,0,41.5
esp,DESKTOP,https://www.bluevistaprod.com/nos-realisations/deko-film-de-presentation/,0,4,0,5
esp,DESKTOP,https://www.bluevistaprod.com/nos-realisations/dromis-equans-ineo/,0,2,0,91.5
esp,DESKTOP,https://www.bluevistaprod.com/nos-realisations/eiffage-energie-expercite/,0,2,0,2
esp,DESKTOP,https://www.bluevistaprod.com/nos-realisations/engie-home-services-video-thermostat-migo/,0,11,0,16.1
esp,DESKTOP,https://www.bluevistaprod.com/nos-realisations/guitare-en-scene-edition-2024/,0,1,0,19
esp,DESKTOP,https://www.bluevistaprod.com/nos-realisations/hitachi-cs-net/,0,1,0,13
esp,DESKTOP,https://www.bluevistaprod.com/nos-realisations/mapping-audi/,0,1,0,57
esp,DESKTOP,https://www.bluevistaprod.com/nos-realisations/nightswapping/,0,1,0,67
esp,DESKTOP,https://www.bluevistaprod.com/nos-realisations/olinn-video-publicitaire/,0,1,0,41
esp,DESKTOP,https://www.bluevistaprod.com/nos-realisations/printemps-mapping/,0,1,0,96
esp,DESKTOP,https://www.bluevistaprod.com/nos-realisations/qwartz/,0,3,0,37.3
esp,DESKTOP,https://www.bluevistaprod.com/nos-realisations/stann-lapplication-de-gestion-dentreprise/,0,14,0,8.4
esp,DESKTOP,https://www.bluevistaprod.com/nos-realisations/thx-medical-dosamat-digital-2-0/,0,1,0,17
esp,DESKTOP,https://www.bluevistaprod.com/nos-realisations/verizon-connect-video-de-presentation/,0,5,0,31.2
esp,DESKTOP,https://www.bluevistaprod.com/realisation-de-film-evenements/,0,4,0,47.5
esp,DESKTOP,https://www.bluevistaprod.com/realisation-film-entreprise-lyon/,0,62,0,52.2
esp,DESKTOP,https://www.bluevistaprod.com/realisation-film-evenementiel/,0,3,0,23.7
esp,DESKTOP,https://www.bluevistaprod.com/realisation-film-lancement-produit/,0,5,0,68
esp,DESKTOP,https://www.bluevistaprod.com/realisation-film-sante/,0,7,0,19.7
esp,DESKTOP,https://www.bluevistaprod.com/realisation-video-geneve/,0,10,0,44.9
esp,DESKTOP,https://www.bluevistaprod.com/studio-animation-3d-lyon/,0,49,0,29.1
esp,DESKTOP,https://www.bluevistaprod.com/studio-animation-3d-paris/,0,44,0,40.4
esp,DESKTOP,https://www.bluevistaprod.com/video-promotionnelle/,0,1,0,1
esp,DESKTOP,https://www.bluevistaprod.com/video-publicitaire/,0,41,0,29.7
esp,MOBILE,https://en.bluevistaprod.com/3d-animation-studio-in-lyon/,0,2,0,11
esp,MOBILE,https://en.bluevistaprod.com/actualites/barpi-industrial-accident-prevention/,0,6,0,5.3
esp,MOBILE,https://en.bluevistaprod.com/actualites/video-mapping-lyon-intercontinental-grand-hotel-dieu/,0,1,0,9
esp,MOBILE,https://en.bluevistaprod.com/geneva-event-video-production/,0,1,0,89
esp,MOBILE,https://en.bluevistaprod.com/news/,0,1,0,4
esp,MOBILE,https://en.bluevistaprod.com/nos-realisations/dromis-equans-ineo/,0,1,0,12
esp,MOBILE,https://en.bluevistaprod.com/nos-realisations/engie-home-services-migo-thermostat-video/,0,2,0,53
esp,MOBILE,https://en.bluevistaprod.com/nos-realisations/ghi/,0,1,0,10
esp,MOBILE,https://en.bluevistaprod.com/nos-realisations/hitachi-cs-net/,0,2,0,20
esp,MOBILE,https://en.bluevistaprod.com/nos-realisations/mase-rhone-alpes-motion-design/,0,1,0,18
esp,MOBILE,https://en.bluevistaprod.com/nos-realisations/pisten-bully-360-vr-snowcat/,0,1,0,5
esp,MOBILE,https://en.bluevistaprod.com/nos-realisations/thx-medical-dosamat-digital-2-0/,0,1,0,9
esp,MOBILE,https://en.bluevistaprod.com/our-skills/aftermovie-event-capture/,0,4,0,67.3
esp,MOBILE,https://en.bluevistaprod.com/our-skills/live-streaming-webtv/,0,2,0,7.5
esp,MOBILE,https://en.bluevistaprod.com/video-production-in-geneva/,0,1,0,34
esp,MOBILE,https://www.bluevistaprod.com/actualites/bluevista-video-showreel-2023/,0,1,0,3
esp,MOBILE,https://www.bluevistaprod.com/actualites/guitare-en-scene-2023/,0,3,0,5.3
esp,MOBILE,https://www.bluevistaprod.com/actualites/nos-dernieres-interviews/,0,1,0,1
esp,MOBILE,https://www.bluevistaprod.com/actualites/stann/,0,10,0,8
esp,MOBILE,https://www.bluevistaprod.com/agence/,0,3,0,2
esp,MOBILE,https://www.bluevistaprod.com/contact-devis/,0,1,0,1
esp,MOBILE,https://www.bluevistaprod.com/film-d-entreprise-paris-15-ans-d-experience/,0,7,0,25
esp,MOBILE,https://www.bluevistaprod.com/nos-competences/aftermovie-captation-evenementielle/,0,7,0,32
esp,MOBILE,https://www.bluevistaprod.com/nos-competences/animation-3d/,0,2,0,70
esp,MOBILE,https://www.bluevistaprod.com/nos-competences/motion-design/,0,7,0,89.3
esp,MOBILE,https://www.bluevistaprod.com/nos-competences/video-aerienne-drone/,0,2,0,43.5
esp,MOBILE,https://www.bluevistaprod.com/nos-competences/video-corporate-film-dentreprise/,0,4,0,60.3
esp,MOBILE,https://www.bluevistaprod.com/nos-realisations/,0,2,0,1
esp,MOBILE,https://www.bluevistaprod.com/nos-realisations/bluevista-creative-la-pizza/,0,1,0,3
esp,MOBILE,https://www.bluevistaprod.com/nos-realisations/bluevista-showreel-2025/,0,1,0,3
esp,MOBILE,https://www.bluevistaprod.com/nos-realisations/dromis-equans-ineo/,0,3,0,80.7
esp,MOBILE,https://www.bluevistaprod.com/nos-realisations/eiffage-energie-expercite/,0,2,0,5.5
esp,MOBILE,https://www.bluevistaprod.com/nos-realisations/engie-home-services-video-thermostat-migo/,0,2,0,61.5
esp,MOBILE,https://www.bluevistaprod.com/nos-realisations/hitachi-cs-net/,0,3,0,30
esp,MOBILE,https://www.bluevistaprod.com/nos-realisations/hitachi-yutaki/,0,1,0,59
esp,MOBILE,https://www.bluevistaprod.com/nos-realisations/stann-lapplication-de-gestion-dentreprise/,0,5,0,3.8
esp,MOBILE,https://www.bluevistaprod.com/nos-realisations/verizon-connect-video-de-presentation/,0,3,0,37.3
esp,MOBILE,https://www.bluevistaprod.com/realisation-film-entreprise-lyon/,0,3,0,40.7
esp,MOBILE,https://www.bluevistaprod.com/realisation-film-evenementiel/,0,4,0,60.3
esp,MOBILE,https://www.bluevistaprod.com/realisation-film-sante/,0,1,0,19
esp,MOBILE,https://www.bluevistaprod.com/realisation-video-geneve/,0,1,0,91
esp,MOBILE,https://www.bluevistaprod.com/studio-animation-3d-lyon/,0,9,0,39.1
esp,MOBILE,https://www.bluevistaprod.com/studio-animation-3d-paris/,0,3,0,65.7
esp,MOBILE,https://www.bluevistaprod.com/video-publicitaire/,0,15,0,33.1
esp,TABLET,https://www.bluevistaprod.com/actualites/stann/,0,1,0,11
esp,TABLET,https://www.bluevistaprod.com/nos-competences/motion-design/,0,1,0,90
est,DESKTOP,https://en.bluevistaprod.com/,0,2,0,7.5
est,DESKTOP,https://en.bluevistaprod.com/actualites/barpi-industrial-accident-prevention/,0,3,0,7.7
est,DESKTOP,https://www.bluevistaprod.com/,0,9,0,29.2
est,DESKTOP,https://www.bluevistaprod.com/actualites/,0,1,0,37
est,DESKTOP,https://www.bluevistaprod.com/actualites/category/video-360-vr/,0,1,0,21
est,DESKTOP,https://www.bluevistaprod.com/film-corporate-lyon-depuis-2004/,0,1,0,32
est,DESKTOP,https://www.bluevistaprod.com/film-d-entreprise-paris-15-ans-d-experience/,0,2,0,35
est,DESKTOP,https://www.bluevistaprod.com/nos-competences/aftermovie-captation-evenementielle/,0,2,0,53.5
est,DESKTOP,https://www.bluevistaprod.com/nos-competences/creation-immersive-realite-virtuelle/,0,1,0,41
est,DESKTOP,https://www.bluevistaprod.com/nos-competences/live-streaming-webtv/,0,1,0,38
est,DESKTOP,https://www.bluevistaprod.com/nos-competences/motion-design/,0,3,0,35.3
est,DESKTOP,https://www.bluevistaprod.com/nos-competences/video-aerienne-drone/,0,3,0,30.7
est,DESKTOP,https://www.bluevistaprod.com/nos-competences/video-corporate-film-dentreprise/,0,1,0,70
est,DESKTOP,https://www.bluevistaprod.com/nos-competences/video-mapping/,0,2,0,8.5
est,DESKTOP,https://www.bluevistaprod.com/realisation-de-film-evenements/,0,2,0,26.5
est,DESKTOP,https://www.bluevistaprod.com/realisation-film-entreprise-lyon/,0,7,0,37.7
est,DESKTOP,https://www.bluevistaprod.com/realisation-video-geneve/,0,4,0,20.3
est,DESKTOP,https://www.bluevistaprod.com/studio-animation-3d-lyon/,0,3,0,14.7
est,DESKTOP,https://www.bluevistaprod.com/studio-animation-3d-paris/,0,4,0,19.3
est,DESKTOP,https://www.bluevistaprod.com/video-publicitaire/,0,1,0,55
est,MOBILE,https://en.bluevistaprod.com/,0,1,0,4
est,MOBILE,https://en.bluevistaprod.com/actualites/barpi-industrial-accident-prevention/,0,12,0,6.4
est,MOBILE,https://www.bluevistaprod.com/actualites/stann/,0,4,0,6.3
est,MOBILE,https://www.bluevistaprod.com/nos-realisations/stann-lapplication-de-gestion-dentreprise/,0,1,0,2
eth,DESKTOP,https://www.bluevistaprod.com/,0,2,0,25.5
eth,DESKTOP,https://www.bluevistaprod.com/actualites/carte-de-voeux-video/,0,3,0,48
eth,DESKTOP,https://www.bluevistaprod.com/actualites/koesio-carte-de-voeux-2023/,0,1,0,23
eth,DESKTOP,https://www.bluevistaprod.com/bluevista-agence-metaverse/,0,4,0,48.3
eth,DESKTOP,https://www.bluevistaprod.com/film-d-entreprise-paris-15-ans-d-experience/,0,3,0,39.7
eth,DESKTOP,https://www.bluevistaprod.com/nos-competences/animation-3d/,0,1,0,89
eth,DESKTOP,https://www.bluevistaprod.com/nos-competences/motion-design/,0,5,0,88.8
eth,DESKTOP,https://www.bluevistaprod.com/nos-competences/studio-fond-vert-compositing/,0,1,0,10
eth,DESKTOP,https://www.bluevistaprod.com/nos-competences/video-aerienne-drone/,0,1,0,79
eth,DESKTOP,https://www.bluevistaprod.com/nos-competences/video-corporate-film-dentreprise/,0,2,0,48
eth,DESKTOP,https://www.bluevistaprod.com/nos-realisations/qwartz/,0,1,0,25
eth,DESKTOP,https://www.bluevistaprod.com/realisation-film-entreprise-lyon/,0,7,0,37.9
eth,DESKTOP,https://www.bluevistaprod.com/studio-animation-3d-paris/,0,1,0,100
eth,DESKTOP,https://www.bluevistaprod.com/video-promotionnelle/,0,1,0,2
eth,DESKTOP,https://www.bluevistaprod.com/video-publicitaire/,0,3,0,41.7
eth,MOBILE,https://en.bluevistaprod.com/,0,1,0,11
eth,MOBILE,https://en.bluevistaprod.com/actualites/barpi-industrial-accident-prevention/,0,9,0,6.8
eth,MOBILE,https://www.bluevistaprod.com/,0,2,0,38.5
eth,MOBILE,https://www.bluevistaprod.com/actualites/stann/,0,5,0,9.2
eth,MOBILE,https://www.bluevistaprod.com/nos-competences/animation-3d/,0,1,0,70
eth,MOBILE,https://www.bluevistaprod.com/nos-competences/video-corporate-film-dentreprise/,0,2,0,40
eth,MOBILE,https://www.bluevistaprod.com/nos-realisations/,0,1,0,23
eth,MOBILE,https://www.bluevistaprod.com/studio-animation-3d-lyon/,0,2,0,10.5
eth,MOBILE,https://www.bluevistaprod.com/studio-animation-3d-paris/,0,2,0,36
eth,MOBILE,https://www.bluevistaprod.com/video-publicitaire/,0,3,0,18.3
fin,DESKTOP,http://www.bluevistaprod.com/,0,3,0,15
fin,DESKTOP,https://en.bluevistaprod.com/,0,8,0,3.3
fin,DESKTOP,https://en.bluevistaprod.com/actualites/barpi-industrial-accident-prevention/,0,26,0,6.5
fin,DESKTOP,https://en.bluevistaprod.com/actualites/the-bluevista-metaverse-the-blueverse/,0,2,0,10
fin,DESKTOP,https://en.bluevistaprod.com/geneva-event-video-production/,0,1,0,15
fin,DESKTOP,https://en.bluevistaprod.com/nos-realisations/amplitude-amplivision/,0,1,0,2
fin,DESKTOP,https://en.bluevistaprod.com/video-production-in-geneva/,0,1,0,32
fin,DESKTOP,https://www.bluevistaprod.com/,0,6,0,55.2
fin,DESKTOP,https://www.bluevistaprod.com/actualites/carte-de-voeux-video/,0,1,0,29
fin,DESKTOP,https://www.bluevistaprod.com/actualites/stann/,0,4,0,9.8
fin,DESKTOP,https://www.bluevistaprod.com/actualites/video-immersive-360/,0,1,0,63
fin,DESKTOP,https://www.bluevistaprod.com/agence/,0,1,0,49
fin,DESKTOP,https://www.bluevistaprod.com/film-d-entreprise-paris-15-ans-d-experience/,0,2,0,59
fin,DESKTOP,https://www.bluevistaprod.com/nos-competences/aftermovie-captation-evenementielle/,0,1,0,55
fin,DESKTOP,https://www.bluevistaprod.com/nos-competences/creation-immersive-realite-virtuelle/,0,1,0,54
fin,DESKTOP,https://www.bluevistaprod.com/nos-competences/live-streaming-webtv/,0,1,0,6
fin,DESKTOP,https://www.bluevistaprod.com/nos-competences/motion-design/,0,3,0,80.3
fin,DESKTOP,https://www.bluevistaprod.com/nos-competences/video-aerienne-drone/,0,4,0,30.8
fin,DESKTOP,https://www.bluevistaprod.com/nos-competences/video-corporate-film-dentreprise/,0,3,0,58
fin,DESKTOP,https://www.bluevistaprod.com/nos-realisations/verizon-connect-video-de-presentation/,0,2,0,60
fin,DESKTOP,https://www.bluevistaprod.com/realisation-film-entreprise-lyon/,0,3,0,42
fin,DESKTOP,https://www.bluevistaprod.com/studio-animation-3d-lyon/,0,1,0,31
fin,DESKTOP,https://www.bluevistaprod.com/studio-animation-3d-paris/,0,4,0,45.5
fin,DESKTOP,https://www.bluevistaprod.com/video-promotionnelle/,0,1,0,95
fin,DESKTOP,https://www.bluevistaprod.com/video-publicitaire/,0,3,0,69.7
fin,MOBILE,https://en.bluevistaprod.com/,0,1,0,6
fin,MOBILE,https://en.bluevistaprod.com/actualites/barpi-industrial-accident-prevention/,0,90,0,7.3
fin,MOBILE,https://en.bluevistaprod.com/actualites/guitare-en-scene-2023/,0,1,0,10
fin,MOBILE,https://en.bluevistaprod.com/nos-realisations/amplitude-amplivision/,0,1,0,8
fin,MOBILE,https://en.bluevistaprod.com/nos-realisations/pisten-bully-360-vr-snowcat/,0,1,0,6
fin,MOBILE,https://en.bluevistaprod.com/nos-realisations/thx-medical-dosamat-digital-2-0/,0,1,0,8
fin,MOBILE,https://en.bluevistaprod.com/our-skills/live-streaming-webtv/,0,1,0,12
fin,MOBILE,https://www.bluevistaprod.com/,0,1,0,73
fin,MOBILE,https://www.bluevistaprod.com/actualites/stann/,0,12,0,7.6
fin,MOBILE,https://www.bluevistaprod.com/film-d-entreprise-paris-15-ans-d-experience/,0,1,0,14
fin,MOBILE,https://www.bluevistaprod.com/nos-competences/motion-design/,0,1,0,91
fin,MOBILE,https://www.bluevistaprod.com/nos-competences/studio-fond-vert-compositing/,0,1,0,53
fin,MOBILE,https://www.bluevistaprod.com/nos-realisations/verizon-connect-video-de-presentation/,0,1,0,99
fin,MOBILE,https://www.bluevistaprod.com/realisation-film-lancement-produit/,0,2,0,21.5
fin,MOBILE,https://www.bluevistaprod.com/studio-animation-3d-paris/,0,1,0,19
fin,TABLET,https://en.bluevistaprod.com/actualites/barpi-industrial-accident-prevention/,0,2,0,8.5
fin,TABLET,https://www.bluevistaprod.com/actualites/stann/,0,2,0,3.5
fji,DESKTOP,https://www.bluevistaprod.com/nos-competences/video-mapping/,0,1,0,10
fra,DESKTOP,https://en.bluevistaprod.com/3d-animation-studio-in-lyon/,0,1,0,11
fra,DESKTOP,https://en.bluevistaprod.com/3d-animation-studio-in-paris/,0,65,0,17.2
fra,DESKTOP,https://en.bluevistaprod.com/actualites/360-immersive-video/,0,1,0,59
fra,DESKTOP,https://en.bluevistaprod.com/actualites/barpi-industrial-accident-prevention/,0,31,0,30.7
fra,DESKTOP,https://en.bluevistaprod.com/actualites/category/360-vr-video/,0,2,0,38.5
fra,DESKTOP,https://en.bluevistaprod.com/actualites/stann/,0,6,0,7.5
fra,DESKTOP,https://en.bluevistaprod.com/actualites/the-bluevista-metaverse-the-blueverse/,0,2,0,4
fra,DESKTOP,https://en.bluevistaprod.com/contact-quotation/,0,6,0,9.3
fra,DESKTOP,https://en.bluevistaprod.com/corporate-film-in-lyon/,0,26,0,49.8
fra,DESKTOP,https://en.bluevistaprod.com/film-production-product-launch/,0,12,0,8.8
fra,DESKTOP,https://en.bluevistaprod.com/geneva-event-video-production/,0,57,0,23.1
fra,DESKTOP,https://en.bluevistaprod.com/metaverse/,0,1,0,5
fra,DESKTOP,https://en.bluevistaprod.com/nos-realisations/amplitude-amplivision/,0,26,0,6.2
fra,DESKTOP,https://en.bluevistaprod.com/nos-realisations/bbgr-360/,0,1,0,34
fra,DESKTOP,https://en.bluevistaprod.com/nos-realisations/bos/,0,10,0,7
fra,DESKTOP,https://en.bluevistaprod.com/nos-realisations/elistair-orion/,0,1,0,19
fra,DESKTOP,https://en.bluevistaprod.com/nos-realisations/engie-home-services-migo-thermostat-video/,0,1,0,18
fra,DESKTOP,https://en.bluevistaprod.com/nos-realisations/gf-core-corporate-film/,0,1,0,47
fra,DESKTOP,https://en.bluevistaprod.com/nos-realisations/hitachi-cs-net/,0,2,0,12.5
fra,DESKTOP,https://en.bluevistaprod.com/nos-realisations/tetro-carre-senart/,0,1,0,12
fra,DESKTOP,https://en.bluevistaprod.com/nos-realisations/tetro-fete-des-lumieres-2022/,0,2,0,33.5
fra,DESKTOP,https://en.bluevistaprod.com/nos-realisations/verizon-connect-video-presentation/,0,1,0,4
fra,DESKTOP,https://en.bluevistaprod.com/our-skills/3d-animation/,0,5,0,42.2
fra,DESKTOP,https://en.bluevistaprod.com/our-skills/aerial-video-drone/,0,1,0,49
fra,DESKTOP,https://en.bluevistaprod.com/our-skills/aftermovie-event-capture/,0,14,0,14.9
fra,DESKTOP,https://en.bluevistaprod.com/our-skills/corporate-video-corporate-film/,0,18,0,12
fra,DESKTOP,https://en.bluevistaprod.com/our-skills/green-screen-studio-compositing/,0,8,0,24.1
fra,DESKTOP,https://en.bluevistaprod.com/our-skills/live-streaming-webtv/,0,4,0,8.3
fra,DESKTOP,https://en.bluevistaprod.com/the-agency/,0,35,0,7.1
fra,DESKTOP,https://en.bluevistaprod.com/video-production-in-geneva/,0,528,0,11.2
fra,DESKTOP,https://www.bluevistaprod.com/actualites/,0,133,0,29.6
fra,DESKTOP,https://www.bluevistaprod.com/actualites/50ans-de-lpa-une-histoire-lyonnaise/,0,25,0,33.7
fra,DESKTOP,https://www.bluevistaprod.com/actualites/animation-3d-grande-arche-de-la-defense/,0,13,0,65.4
fra,DESKTOP,https://www.bluevistaprod.com/actualites/animation-3d-produit-hitachi-csnet-manager/,0,113,0,12.8
fra,DESKTOP,https://www.bluevistaprod.com/actualites/aravi-saison-2022-2023/,0,137,0,10
fra,DESKTOP,https://www.bluevistaprod.com/actualites/author/guillaume/page/4/,0,2,0,47
fra,DESKTOP,https://www.bluevistaprod.com/actualites/barpi-prevention-accidents/,0,35,0,16.1
fra,DESKTOP,https://www.bluevistaprod.com/actualites/blueverse/,0,7,0,6.9
fra,DESKTOP,https://www.bluevistaprod.com/actualites/bluevista-creative-unicorn-team/,0,9,0,22.9
fra,DESKTOP,https://www.bluevistaprod.com/actualites/bluevista-creative-video-un-monde-virtuel-1-la-moto/,0,12,0,81.8
fra,DESKTOP,https://www.bluevistaprod.com/actualites/bluevista-le-motion-design/,0,76,0,40.7
fra,DESKTOP,https://www.bluevistaprod.com/actualites/bluevista-video-showreel-2020/,0,28,0,4.6
fra,DESKTOP,https://www.bluevistaprod.com/actualites/bluevista-video-showreel-2021/,0,55,0,3.9
fra,DESKTOP,https://www.bluevistaprod.com/actualites/carte-de-voeux-video/,0,2294,0,35.9
fra,DESKTOP,https://www.bluevistaprod.com/actualites/category/animation_3d/,0,4,0,82.5
fra,DESKTOP,https://www.bluevistaprod.com/actualites/category/publicite/,0,2,0,94
fra,DESKTOP,https://www.bluevistaprod.com/actualites/category/tournage-studio/,0,18,0,75.7
fra,DESKTOP,https://www.bluevistaprod.com/actualites/category/video-360-vr/,0,123,0,39
fra,DESKTOP,https://www.bluevistaprod.com/actualites/category/videomapping/,0,19,0,64.8
fra,DESKTOP,https://www.bluevistaprod.com/actualites/decouvrez-notre-nouvelle-bande-demo-3d/,0,25,0,55.9
fra,DESKTOP,https://www.bluevistaprod.com/actualites/equita-lyon-dailynews/,0,4,0,70.8
fra,DESKTOP,https://www.bluevistaprod.com/actualites/getlive-tv-3-0-la-wbe-tv-selon-bluevista/,0,7,0,5.6
fra,DESKTOP,https://www.bluevistaprod.com/actualites/guitare-en-scene-2023/,0,65,0,26.2
fra,DESKTOP,https://www.bluevistaprod.com/actualites/inauguration-intercontinental-lyon-grand-hotel-dieu/,0,8,0,65.6
fra,DESKTOP,https://www.bluevistaprod.com/actualites/koesio-carte-de-voeux-2023/,0,376,0,56.2
fra,DESKTOP,https://www.bluevistaprod.com/actualites/la-realite-virtuelle-oculus-a-bluevista/,0,1,0,4
fra,DESKTOP,https://www.bluevistaprod.com/actualites/live-video-homeserve-20ans/,0,3,0,30
fra,DESKTOP,https://www.bluevistaprod.com/actualites/mapping-printemps-lyon/,0,37,0,30.5
fra,DESKTOP,https://www.bluevistaprod.com/actualites/mase-4-motions/,0,202,0,38.2
fra,DESKTOP,https://www.bluevistaprod.com/actualites/motion-design-3d-et-mapping-a-paris-au-musee-rodin/,0,385,0,39
fra,DESKTOP,https://www.bluevistaprod.com/actualites/nos-dernieres-interviews/,0,31,0,1.1
fra,DESKTOP,https://www.bluevistaprod.com/actualites/peninsula-octobre-rose/,0,1,0,11
fra,DESKTOP,https://www.bluevistaprod.com/actualites/projet-de-realisation-video-360/,0,57,0,38.2
fra,DESKTOP,https://www.bluevistaprod.com/actualites/realisation-de-film-dentreprise-ou-corporate/,0,1,0,31
fra,DESKTOP,https://www.bluevistaprod.com/actualites/realisation-immersion-360-degres-dameuse-pisten-bully/,0,46,0,26
fra,DESKTOP,https://www.bluevistaprod.com/actualites/santos-i-grind/,0,10,0,70.7
fra,DESKTOP,https://www.bluevistaprod.com/actualites/show-reel-motion-design/,0,243,0,34.5
fra,DESKTOP,https://www.bluevistaprod.com/actualites/show-reel-videos-drone/,0,20,0,90.3
fra,DESKTOP,https://www.bluevistaprod.com/actualites/showroom-virtuel-gf-machining-solutions/,0,84,0,63.5
fra,DESKTOP,https://www.bluevistaprod.com/actualites/sport-boules-16eme-trophee-emile-terrier/,0,37,0,16.7
fra,DESKTOP,https://www.bluevistaprod.com/actualites/stann/,0,3513,0,4.9
fra,DESKTOP,https://www.bluevistaprod.com/actualites/tag/after-movie/,0,1,0,85
fra,DESKTOP,https://www.bluevistaprod.com/actualites/tag/event/feed/,0,4,0,44
fra,DESKTOP,https://www.bluevistaprod.com/actualites/tag/salon/,0,4,0,75.8
fra,DESKTOP,https://www.bluevistaprod.com/actualites/tag/services/,0,2,0,65
fra,DESKTOP,https://www.bluevistaprod.com/actualites/un-motion-design-a-lancienne-making-of/,0,2,0,7.5
fra,DESKTOP,https://www.bluevistaprod.com/actualites/vercors-les-chemins-de-la-liberte/,0,8,0,76
fra,DESKTOP,https://www.bluevistaprod.com/actualites/video-mapping-lyon-intercontinental-grand-hotel-dieu/,0,262,0,31.1
fra,DESKTOP,https://www.bluevistaprod.com/bluevista-agence-metaverse/,0,2765,0,30.1
fra,DESKTOP,https://www.bluevistaprod.com/film-corporate-lyon-depuis-2004/,0,61,0,39.1
fra,DESKTOP,https://www.bluevistaprod.com/film-d-entreprise-paris-15-ans-d-experience/,0,3785,0,35.3
fra,DESKTOP,https://www.bluevistaprod.com/film-entreprise-lyon-15-ans-experience/,0,104,0,55.3
fra,DESKTOP,https://www.bluevistaprod.com/nos-competences/,0,26,0,5
fra,DESKTOP,https://www.bluevistaprod.com/nos-competences/animation-3d/,0,981,0,54.8
fra,DESKTOP,https://www.bluevistaprod.com/nos-competences/video-aerienne-drone/,0,2340,0,49.1
fra,DESKTOP,https://www.bluevistaprod.com/nos-competences/video-corporate-film-dentreprise/,0,5316,0,57.1
fra,DESKTOP,https://www.bluevistaprod.com/nos-realisations/abb-snk-3d-industrie/,0,2,0,2.5
fra,DESKTOP,https://www.bluevistaprod.com/nos-realisations/abb-snk-3d-marine/,0,8,0,9.6
fra,DESKTOP,https://www.bluevistaprod.com/nos-realisations/abb-snk-3d-solaire/,0,14,0,4.1
fra,DESKTOP,https://www.bluevistaprod.com/nos-realisations/alorem/,0,10,0,6.9
fra,DESKTOP,https://www.bluevistaprod.com/nos-realisations/amplitude-voeux-2024/,0,1,0,77
fra,DESKTOP,https://www.bluevistaprod.com/nos-realisations/aravi-saison-2022-2023/,0,9,0,20.2
fra,DESKTOP,https://www.bluevistaprod.com/nos-realisations/aravi-saison-2024/,0,5,0,36.4
fra,DESKTOP,https://www.bluevistaprod.com/nos-realisations/araymond-share/,0,1,0,94
fra,DESKTOP,https://www.bluevistaprod.com/nos-realisations/arrow-abox-memo/,0,2,0,20
fra,DESKTOP,https://www.bluevistaprod.com/nos-realisations/artcurial-mapping/,0,30,0,83.5
fra,DESKTOP,https://www.bluevistaprod.com/nos-realisations/assisqual/,0,27,0,7.7
fra,DESKTOP,https://www.bluevistaprod.com/nos-realisations/bbgr-360/,0,9,0,50.8
fra,DESKTOP,https://www.bluevistaprod.com/nos-realisations/bluevista-creative-la-pizza/,0,468,0,4.5
fra,DESKTOP,https://www.bluevistaprod.com/nos-realisations/bluevista-creative-un-monde-virtuel-1-la-moto/,0,20,0,30.9
fra,DESKTOP,https://www.bluevistaprod.com/nos-realisations/bluevista-creative-une-vraie-equipe-1-la-flexibilite/,0,6,0,5.2
fra,DESKTOP,https://www.bluevistaprod.com/nos-realisations/bluevista-creative-une-vraie-equipe-2-la-diversite/,0,1,0,4
fra,DESKTOP,https://www.bluevistaprod.com/nos-realisations/bluevista-creative-une-vraie-equipe-3-la-productivite/,0,1,0,10
fra,DESKTOP,https://www.bluevistaprod.com/nos-realisations/bluevista-creative-unicorn-team/,0,348,0,5.4
fra,DESKTOP,https://www.bluevistaprod.com/nos-realisations/bluevista-showreel-2020/,0,148,0,3.7
fra,DESKTOP,https://www.bluevistaprod.com/nos-realisations/bluevista-showreel-2025/,0,175,0,8.6
fra,DESKTOP,https://www.bluevistaprod.com/nos-realisations/bos/,0,30,0,30.2
fra,DESKTOP,https://www.bluevistaprod.com/nos-realisations/cemoi-a-360/,0,2,0,21
fra,DESKTOP,https://www.bluevistaprod.com/nos-realisations/cera-agence-innovation/,0,408,0,48
fra,DESKTOP,https://www.bluevistaprod.com/nos-realisations/cisco-1/,0,4,0,51.8
fra,DESKTOP,https://www.bluevistaprod.com/nos-realisations/clasquin-convention-2024/,0,6,0,77.3
fra,DESKTOP,https://www.bluevistaprod.com/nos-realisations/deko-film-de-presentation/,0,56,0,17.4
fra,DESKTOP,https://www.bluevistaprod.com/nos-realisations/dromis-equans-ineo/,0,404,0,55.9
fra,DESKTOP,https://www.bluevistaprod.com/nos-realisations/e-xpert-solutions-aftermovie-ecd-2022/,0,1,0,58
fra,DESKTOP,https://www.bluevistaprod.com/nos-realisations/e-xpert-solutions-at-defense/,0,15,0,41.3
fra,DESKTOP,https://www.bluevistaprod.com/nos-realisations/e-xpert-solutions-devsecops/,0,4,0,41
fra,DESKTOP,https://www.bluevistaprod.com/nos-realisations/e-xpert-solutions-ecd/,0,2,0,39.5
fra,DESKTOP,https://www.bluevistaprod.com/nos-realisations/elistair-orion/,0,7,0,6.9
fra,DESKTOP,https://www.bluevistaprod.com/nos-realisations/film-corporate-gf-core/,0,21,0,18.5
fra,DESKTOP,https://www.bluevistaprod.com/nos-realisations/gf-ds-family/,0,3,0,6
fra,DESKTOP,https://www.bluevistaprod.com/nos-realisations/gf-gs/,0,43,0,3
fra,DESKTOP,https://www.bluevistaprod.com/nos-realisations/ghi/,0,4,0,11.5
fra,DESKTOP,https://www.bluevistaprod.com/nos-realisations/guitare-en-scene-edition-2023/,0,13,0,23.2
fra,DESKTOP,https://www.bluevistaprod.com/nos-realisations/guitare-en-scene-edition-2024/,0,3,0,20.3
fra,DESKTOP,https://www.bluevistaprod.com/nos-realisations/hitachi-hikumo/,0,52,0,10.1
fra,DESKTOP,https://www.bluevistaprod.com/nos-realisations/hitachi-triple-c/,0,10,0,43.2
fra,DESKTOP,https://www.bluevistaprod.com/nos-realisations/hitachi-yutaki/,0,8,0,27.8
fra,DESKTOP,https://www.bluevistaprod.com/nos-realisations/icsi-briefing-debriefing-minute-darret-2/,0,12,0,53.3
fra,DESKTOP,https://www.bluevistaprod.com/nos-realisations/icsi-briefing-debriefing-minute-darret/,0,5,0,58.8
fra,DESKTOP,https://www.bluevistaprod.com/nos-realisations/koesio-voeux-2023/,0,12,0,17.9
fra,DESKTOP,https://www.bluevistaprod.com/nos-realisations/koesio-voeux-2025/,0,1,0,97
fra,DESKTOP,https://www.bluevistaprod.com/nos-realisations/lpa-50ans/,0,1,0,8
fra,DESKTOP,https://www.bluevistaprod.com/nos-realisations/mapping-audi/,0,3,0,4
fra,DESKTOP,https://www.bluevistaprod.com/nos-realisations/mapping-toky/,0,2,0,4.5
fra,DESKTOP,https://www.bluevistaprod.com/nos-realisations/mlt-superscrew/,0,3,0,9.3
fra,DESKTOP,https://www.bluevistaprod.com/nos-realisations/neurones-it-video-voeux-2021/,0,1,0,67
fra,DESKTOP,https://www.bluevistaprod.com/nos-realisations/nightswapping/,0,18,0,10.6
fra,DESKTOP,https://www.bluevistaprod.com/nos-realisations/olinn-video-publicitaire/,0,168,0,17
fra,DESKTOP,https://www.bluevistaprod.com/nos-realisations/pisten-bully-dameuse-360-vr/,0,39,0,31
fra,DESKTOP,https://www.bluevistaprod.com/nos-realisations/pnr-vercors-les-chemins-de-la-liberte-la-cabane-des-carteaux/,0,1,0,10
fra,DESKTOP,https://www.bluevistaprod.com/nos-realisations/presentation-video-cpro-en-1-minute/,0,4,0,53.5
fra,DESKTOP,https://www.bluevistaprod.com/nos-realisations/printemps-nouvelle-identite/,0,8,0,65.6
fra,DESKTOP,https://www.bluevistaprod.com/nos-realisations/qwartz/,0,29,0,53.3
fra,DESKTOP,https://www.bluevistaprod.com/nos-realisations/radisson-360-vr/,0,51,0,31
fra,DESKTOP,https://www.bluevistaprod.com/nos-realisations/santos-blender66/,0,1,0,48
fra,DESKTOP,https://www.bluevistaprod.com/nos-realisations/santos-i-grind-coffee-grinder-reveal/,0,4,0,9.3
fra,DESKTOP,https://www.bluevistaprod.com/nos-realisations/serl-video-360-vr/,0,22,0,34
fra,DESKTOP,https://www.bluevistaprod.com/nos-realisations/sfs-enveloppe-structure/,0,8,0,44
fra,DESKTOP,https://www.bluevistaprod.com/nos-realisations/spc/,0,2,0,2.5
fra,DESKTOP,https://www.bluevistaprod.com/nos-realisations/ssp-presentation-globale/,0,5,0,8.8
fra,DESKTOP,https://www.bluevistaprod.com/nos-realisations/tetro-grand-hotel-dieu/,0,12,0,64.3
fra,DESKTOP,https://www.bluevistaprod.com/nos-realisations/timelapse-lacleda/,0,3,0,10.7
fra,DESKTOP,https://www.bluevistaprod.com/realisation-de-film-banques-assurances/,0,31,0,48.2
fra,DESKTOP,https://www.bluevistaprod.com/realisation-de-film-evenements/,0,69,0,31.1
fra,DESKTOP,https://www.bluevistaprod.com/realisation-film-evenementiel/,0,225,0,14.8
fra,DESKTOP,https://www.bluevistaprod.com/realisation-film-industrie/,0,33,0,15.3
fra,DESKTOP,https://www.bluevistaprod.com/realisation-film-lancement-produit/,0,1141,0,27.6
fra,DESKTOP,https://www.bluevistaprod.com/realisation-film-sante/,0,2024,0,15.8
fra,DESKTOP,https://www.bluevistaprod.com/realisation-film-territoires/,0,1,0,1
fra,DESKTOP,https://www.bluevistaprod.com/realisation-video-geneve/,0,892,0,15.3
fra,DESKTOP,https://www.bluevistaprod.com/video-promotionnelle/,0,736,0,17.7
fra,DESKTOP,https://www.bluevistaprod.com/video-publicitaire/,0,18926,0,26.2
fra,MOBILE,https://en.bluevistaprod.com/3d-animation-studio-in-paris/,0,34,0,19.8
fra,MOBILE,https://en.bluevistaprod.com/actualites/50-years-of-lpa-a-lyonnaise-story/,0,1,0,9
fra,MOBILE,https://en.bluevistaprod.com/actualites/barpi-industrial-accident-prevention/,0,5,0,37.4
fra,MOBILE,https://en.bluevistaprod.com/actualites/clip-corporate-bos-equipement/,0,1,0,34
fra,MOBILE,https://en.bluevistaprod.com/actualites/stann/,0,2,0,7.5
fra,MOBILE,https://en.bluevistaprod.com/actualites/the-bluevista-metaverse-the-blueverse/,0,2,0,6.5
fra,MOBILE,https://en.bluevistaprod.com/contact-quotation/,0,2,0,3
fra,MOBILE,https://en.bluevistaprod.com/corporate-film-in-lyon/,0,4,0,42.8
fra,MOBILE,https://en.bluevistaprod.com/geneva-event-video-production/,0,1,0,12
fra,MOBILE,https://en.bluevistaprod.com/nos-realisations/amplitude-amplivision/,0,19,0,3.6
fra,MOBILE,https://en.bluevistaprod.com/nos-realisations/bos/,0,2,0,8
fra,MOBILE,https://en.bluevistaprod.com/nos-realisations/eiffage-energie-expercite/,0,1,0,5
fra,MOBILE,https://en.bluevistaprod.com/nos-realisations/engie-home-services-migo-thermostat-video/,0,2,0,54
fra,MOBILE,https://en.bluevistaprod.com/nos-realisations/hitachi-cs-net/,0,2,0,12
fra,MOBILE,https://en.bluevistaprod.com/nos-realisations/pisten-bully-360-vr-snowcat/,0,1,0,4
fra,MOBILE,https://en.bluevistaprod.com/nos-realisations/qwartz/,0,1,0,15
fra,MOBILE,https://en.bluevistaprod.com/nos-realisations/tetro-carre-senart/,0,1,0,11
fra,MOBILE,https://en.bluevistaprod.com/nos-realisations/thx-medical-dosamat-digital-2-0/,0,3,0,8
fra,MOBILE,https://en.bluevistaprod.com/nos-realisations/verizon-connect-video-presentation/,0,3,0,2.3
fra,MOBILE,https://en.bluevistaprod.com/our-achievements/,0,1,0,1
fra,MOBILE,https://en.bluevistaprod.com/our-skills/aerial-video-drone/,0,1,0,8
fra,MOBILE,https://en.bluevistaprod.com/our-skills/aftermovie-event-capture/,0,3,0,38.7
fra,MOBILE,https://en.bluevistaprod.com/our-skills/green-screen-studio-compositing/,0,1,0,13
fra,MOBILE,https://en.bluevistaprod.com/our-skills/live-streaming-webtv/,0,16,0,8.9
fra,MOBILE,https://en.bluevistaprod.com/our-skills/motion-design/,0,1,0,52
fra,MOBILE,https://en.bluevistaprod.com/the-agency/,0,26,0,3.1
fra,MOBILE,https://en.bluevistaprod.com/video-production-in-geneva/,0,2,0,13
fra,MOBILE,https://www.bluevistaprod.com/actualites/,0,163,0,36.3
fra,MOBILE,https://www.bluevistaprod.com/actualites/50ans-de-lpa-une-histoire-lyonnaise/,0,17,0,14.6
fra,MOBILE,https://www.bluevistaprod.com/actualites/animation-3d-grande-arche-de-la-defense/,0,25,0,42.6
fra,MOBILE,https://www.bluevistaprod.com/actualites/animation-3d-produit-hitachi-csnet-manager/,0,41,0,9.8
fra,MOBILE,https://www.bluevistaprod.com/actualites/aravi-saison-2022-2023/,0,556,0,8.3
fra,MOBILE,https://www.bluevistaprod.com/actualites/barpi-prevention-accidents/,0,27,0,8.4
fra,MOBILE,https://www.bluevistaprod.com/actualites/blueverse/,0,10,0,5.4
fra,MOBILE,https://www.bluevistaprod.com/actualites/bluevista-creative-unicorn-team/,0,4,0,25.5
fra,MOBILE,https://www.bluevistaprod.com/actualites/bluevista-creative-video-un-monde-virtuel-1-la-moto/,0,2,0,69.5
fra,MOBILE,https://www.bluevistaprod.com/actualites/bluevista-le-motion-design/,0,41,0,48
fra,MOBILE,https://www.bluevistaprod.com/actualites/bluevista-video-showreel-2020/,0,5,0,8
fra,MOBILE,https://www.bluevistaprod.com/actualites/bluevista-video-showreel-2021/,0,12,0,3.9
fra,MOBILE,https://www.bluevistaprod.com/actualites/carte-de-voeux-video/,0,138,0,48.9
fra,MOBILE,https://www.bluevistaprod.com/actualites/category/animation_3d/,0,8,0,70
fra,MOBILE,https://www.bluevistaprod.com/actualites/category/motion_design/,0,1,0,3
fra,MOBILE,https://www.bluevistaprod.com/actualites/category/tournage-studio/,0,7,0,49.1
fra,MOBILE,https://www.bluevistaprod.com/actualites/category/video-360-vr/,0,31,0,20.3
fra,MOBILE,https://www.bluevistaprod.com/actualites/category/videomapping/,0,6,0,52.8
fra,MOBILE,https://www.bluevistaprod.com/actualites/getlive-tv-3-0-la-wbe-tv-selon-bluevista/,0,10,0,6.8
fra,MOBILE,https://www.bluevistaprod.com/actualites/inauguration-intercontinental-lyon-grand-hotel-dieu/,0,2,0,62.5
fra,MOBILE,https://www.bluevistaprod.com/actualites/koesio-carte-de-voeux-2023/,0,128,0,60.8
fra,MOBILE,https://www.bluevistaprod.com/actualites/la-realite-virtuelle-oculus-a-bluevista/,0,1,0,9
fra,MOBILE,https://www.bluevistaprod.com/actualites/live-video-homeserve-20ans/,0,3,0,19.3
fra,MOBILE,https://www.bluevistaprod.com/actualites/mapping-printemps-lyon/,0,30,0,25
fra,MOBILE,https://www.bluevistaprod.com/actualites/mase-4-motions/,0,11,0,8.6
fra,MOBILE,https://www.bluevistaprod.com/actualites/motion-design-3d-et-mapping-a-paris-au-musee-rodin/,0,22,0,35.7
fra,MOBILE,https://www.bluevistaprod.com/actualites/nos-dernieres-interviews/,0,19,0,1.5
fra,MOBILE,https://www.bluevistaprod.com/actualites/nouveau-materiel-motion-control-kessler/,0,1,0,4
fra,MOBILE,https://www.bluevistaprod.com/actualites/peninsula-octobre-rose/,0,3,0,11.7
fra,MOBILE,https://www.bluevistaprod.com/actualites/projet-de-realisation-video-360/,0,19,0,16.1
fra,MOBILE,https://www.bluevistaprod.com/actualites/realisation-immersion-360-degres-dameuse-pisten-bully/,0,41,0,10.5
fra,MOBILE,https://www.bluevistaprod.com/actualites/serie-de-6-videos-promotionnelles-pour-les-produits-abb-snk/,0,2,0,9.5
fra,MOBILE,https://www.bluevistaprod.com/actualites/show-reel-motion-design/,0,4,0,26.8
fra,MOBILE,https://www.bluevistaprod.com/actualites/showroom-virtuel-gf-machining-solutions/,0,50,0,57.4
fra,MOBILE,https://www.bluevistaprod.com/actualites/stann/,0,903,0,7.4
fra,MOBILE,https://www.bluevistaprod.com/actualites/tag/after-movie/,0,1,0,78
fra,MOBILE,https://www.bluevistaprod.com/actualites/un-motion-design-a-lancienne-making-of/,0,2,0,7
fra,MOBILE,https://www.bluevistaprod.com/actualites/video-mapping-lyon-intercontinental-grand-hotel-dieu/,0,96,0,35.2
fra,MOBILE,https://www.bluevistaprod.com/bluevista-agence-metaverse/,0,1166,0,16
fra,MOBILE,https://www.bluevistaprod.com/film-corporate-lyon-depuis-2004/,0,5,0,29.4
fra,MOBILE,https://www.bluevistaprod.com/film-d-entreprise-paris-15-ans-d-experience/,0,1232,0,23.3
fra,MOBILE,https://www.bluevistaprod.com/film-entreprise-lyon-15-ans-experience/,0,6,0,31.3
fra,MOBILE,https://www.bluevistaprod.com/nos-competences/,0,64,0,12.4
fra,MOBILE,https://www.bluevistaprod.com/nos-competences/aftermovie-captation-evenementielle/,0,1431,0,17.9
fra,MOBILE,https://www.bluevistaprod.com/nos-competences/animation-3d/,0,97,0,60.4
fra,MOBILE,https://www.bluevistaprod.com/nos-competences/creation-immersive-realite-virtuelle/,0,432,0,50.1
fra,MOBILE,https://www.bluevistaprod.com/nos-competences/motion-design/,0,1797,0,62.6
fra,MOBILE,https://www.bluevistaprod.com/nos-competences/studio-fond-vert-compositing/,0,17,0,25.1
fra,MOBILE,https://www.bluevistaprod.com/nos-competences/video-aerienne-drone/,0,124,0,42.2
fra,MOBILE,https://www.bluevistaprod.com/nos-competences/video-corporate-film-dentreprise/,0,770,0,58.8
fra,MOBILE,https://www.bluevistaprod.com/nos-realisations/abb-snk-3d-marine/,0,3,0,8.7
fra,MOBILE,https://www.bluevistaprod.com/nos-realisations/abb-snk-3d-solaire/,0,2,0,5.5
fra,MOBILE,https://www.bluevistaprod.com/nos-realisations/alorem/,0,12,0,8.9
fra,MOBILE,https://www.bluevistaprod.com/nos-realisations/amplitude-amplivision/,0,131,0,27.9
fra,MOBILE,https://www.bluevistaprod.com/nos-realisations/aravi-saison-2022-2023/,0,10,0,8.3
fra,MOBILE,https://www.bluevistaprod.com/nos-realisations/aravi-saison-2024/,0,3,0,8.3
fra,MOBILE,https://www.bluevistaprod.com/nos-realisations/arrow-abox-memo/,0,3,0,34.3
fra,MOBILE,https://www.bluevistaprod.com/nos-realisations/artcurial-mapping/,0,15,0,80.3
fra,MOBILE,https://www.bluevistaprod.com/nos-realisations/assisqual/,0,28,0,6
fra,MOBILE,https://www.bluevistaprod.com/nos-realisations/bbgr-360/,0,2,0,42
fra,MOBILE,https://www.bluevistaprod.com/nos-realisations/bluevista-creative-la-pizza/,0,256,0,8
fra,MOBILE,https://www.bluevistaprod.com/nos-realisations/bluevista-creative-un-monde-virtuel-1-la-moto/,0,9,0,18.2
fra,MOBILE,https://www.bluevistaprod.com/nos-realisations/bluevista-creative-une-vraie-equipe-1-la-flexibilite/,0,13,0,6
fra,MOBILE,https://www.bluevistaprod.com/nos-realisations/bluevista-creative-une-vraie-equipe-3-la-productivite/,0,6,0,10
fra,MOBILE,https://www.bluevistaprod.com/nos-realisations/bluevista-creative-unicorn-team/,0,111,0,6
fra,MOBILE,https://www.bluevistaprod.com/nos-realisations/bluevista-showreel-2020/,0,57,0,5.4
fra,MOBILE,https://www.bluevistaprod.com/nos-realisations/bluevista-showreel-2025/,0,46,0,4.8
fra,MOBILE,https://www.bluevistaprod.com/nos-realisations/bos/,0,13,0,17.2
fra,MOBILE,https://www.bluevistaprod.com/nos-realisations/cera-agence-innovation/,0,66,0,50
fra,MOBILE,https://www.bluevistaprod.com/nos-realisations/cisco-1/,0,2,0,78
fra,MOBILE,https://www.bluevistaprod.com/nos-realisations/clasquin-convention-2024/,0,1,0,101
fra,MOBILE,https://www.bluevistaprod.com/nos-realisations/deko-film-de-presentation/,0,8,0,4.3
fra,MOBILE,https://www.bluevistaprod.com/nos-realisations/dromis-equans-ineo/,0,296,0,58.7
fra,MOBILE,https://www.bluevistaprod.com/nos-realisations/e-xpert-solutions-devsecops/,0,2,0,59.5
fra,MOBILE,https://www.bluevistaprod.com/nos-realisations/e-xpert-solutions-ecd/,0,1,0,64
fra,MOBILE,https://www.bluevistaprod.com/nos-realisations/elistair-orion/,0,3,0,7.7
fra,MOBILE,https://www.bluevistaprod.com/nos-realisations/gf-ds-family/,0,7,0,10.1
fra,MOBILE,https://www.bluevistaprod.com/nos-realisations/gf-gs/,0,8,0,5
fra,MOBILE,https://www.bluevistaprod.com/nos-realisations/ghi/,0,2,0,7
fra,MOBILE,https://www.bluevistaprod.com/nos-realisations/guitare-en-scene-edition-2023/,0,11,0,6.1
fra,MOBILE,https://www.bluevistaprod.com/nos-realisations/guitare-en-scene-edition-2024/,0,27,0,10.1
fra,MOBILE,https://www.bluevistaprod.com/nos-realisations/hitachi-cs-net/,0,100,0,10
fra,MOBILE,https://www.bluevistaprod.com/nos-realisations/hitachi-film-catalogue-2021/,0,1,0,7
fra,MOBILE,https://www.bluevistaprod.com/nos-realisations/hitachi-hikumo/,0,55,0,8.5
fra,MOBILE,https://www.bluevistaprod.com/nos-realisations/hitachi-triple-c/,0,4,0,22
fra,MOBILE,https://www.bluevistaprod.com/nos-realisations/hitachi-yutaki/,0,6,0,21
fra,MOBILE,https://www.bluevistaprod.com/nos-realisations/icsi-briefing-debriefing-minute-darret-2/,0,5,0,15
fra,MOBILE,https://www.bluevistaprod.com/nos-realisations/irisolaris-presentation-groupe-2024/,0,1,0,11
fra,MOBILE,https://www.bluevistaprod.com/nos-realisations/koesio-voeux-2023/,0,2,0,8
fra,MOBILE,https://www.bluevistaprod.com/nos-realisations/mapping-audi/,0,1,0,5
fra,MOBILE,https://www.bluevistaprod.com/nos-realisations/mlt-superscrew/,0,3,0,7.3
fra,MOBILE,https://www.bluevistaprod.com/nos-realisations/nightswapping/,0,5,0,11.8
fra,MOBILE,https://www.bluevistaprod.com/nos-realisations/olinn-video-publicitaire/,0,30,0,13.1
fra,MOBILE,https://www.bluevistaprod.com/nos-realisations/pisten-bully-dameuse-360-vr/,0,23,0,8.9
fra,MOBILE,https://www.bluevistaprod.com/nos-realisations/presentation-video-cpro-en-1-minute/,0,1,0,20
fra,MOBILE,https://www.bluevistaprod.com/nos-realisations/qwartz/,0,36,0,9.5
fra,MOBILE,https://www.bluevistaprod.com/nos-realisations/radisson-360-vr/,0,2,0,22
fra,MOBILE,https://www.bluevistaprod.com/nos-realisations/santos-i-grind-coffee-grinder-reveal/,0,2,0,10.5
fra,MOBILE,https://www.bluevistaprod.com/nos-realisations/ssp-presentation-globale/,0,6,0,7
fra,MOBILE,https://www.bluevistaprod.com/nos-realisations/tetro-deepweb/,0,4,0,11.5
fra,MOBILE,https://www.bluevistaprod.com/nos-realisations/tetro-grand-hotel-dieu/,0,7,0,38.9
fra,MOBILE,https://www.bluevistaprod.com/nos-realisations/timelapse-lacleda/,0,1,0,22
fra,MOBILE,https://www.bluevistaprod.com/nos-realisations/waygoo-motion-design/,0,1,0,17
fra,MOBILE,https://www.bluevistaprod.com/realisation-de-film-banques-assurances/,0,5,0,1
fra,MOBILE,https://www.bluevistaprod.com/realisation-de-film-evenements/,0,2,0,89.5
fra,MOBILE,https://www.bluevistaprod.com/realisation-film-evenementiel/,0,2,0,30
fra,MOBILE,https://www.bluevistaprod.com/realisation-film-industrie/,0,29,0,3.7
fra,MOBILE,https://www.bluevistaprod.com/realisation-film-lancement-produit/,0,245,0,37.2
fra,MOBILE,https://www.bluevistaprod.com/realisation-film-sante/,0,283,0,16.4
fra,MOBILE,https://www.bluevistaprod.com/realisation-film-territoires/,0,3,0,1
fra,MOBILE,https://www.bluevistaprod.com/realisation-video-geneve/,0,32,0,17.1
fra,MOBILE,https://www.bluevistaprod.com/studio-animation-3d-paris/,0,2358,0,27.7
fra,MOBILE,https://www.bluevistaprod.com/video-publicitaire/,0,5349,0,27.5
fra,TABLET,http://www.bluevistaprod.com/,0,7,0,2.6
fra,TABLET,https://www.bluevistaprod.com/actualites/,0,1,0,1
fra,TABLET,https://www.bluevistaprod.com/actualites/aravi-saison-2022-2023/,0,4,0,8
fra,TABLET,https://www.bluevistaprod.com/actualites/bluevista-video-showreel-2021/,0,1,0,4
fra,TABLET,https://www.bluevistaprod.com/actualites/bluevista-video-showreel-2023/,0,3,0,3
fra,TABLET,https://www.bluevistaprod.com/actualites/category/video-360-vr/,0,1,0,11
fra,TABLET,https://www.bluevistaprod.com/actualites/peninsula-octobre-rose/,0,1,0,11
fra,TABLET,https://www.bluevistaprod.com/actualites/projet-de-realisation-video-360/,0,1,0,11
fra,TABLET,https://www.bluevistaprod.com/actualites/realisation-immersion-360-degres-dameuse-pisten-bully/,0,1,0,11
fra,TABLET,https://www.bluevistaprod.com/actualites/sport-boules-16eme-trophee-emile-terrier/,0,5,0,5.8
fra,TABLET,https://www.bluevistaprod.com/actualites/stann/,0,54,0,6.9
fra,TABLET,https://www.bluevistaprod.com/actualites/video-immersive-360/,0,13,0,8.2
fra,TABLET,https://www.bluevistaprod.com/agence/,0,6,0,1.3
fra,TABLET,https://www.bluevistaprod.com/bluevista-agence-metaverse/,0,5,0,3.6
fra,TABLET,https://www.bluevistaprod.com/film-d-entreprise-paris-15-ans-d-experience/,0,14,0,33.7
fra,TABLET,https://www.bluevistaprod.com/film-entreprise-lyon-15-ans-experience/,0,1,0,3
fra,TABLET,https://www.bluevistaprod.com/mentions-legales/,0,3,0,1.7
fra,TABLET,https://www.bluevistaprod.com/nos-competences/aftermovie-captation-evenementielle/,0,24,0,16.4
fra,TABLET,https://www.bluevistaprod.com/nos-competences/animation-3d/,0,4,0,9.3
fra,TABLET,https://www.bluevistaprod.com/nos-competences/motion-design/,0,20,0,74.9
fra,TABLET,https://www.bluevistaprod.com/nos-competences/video-corporate-film-dentreprise/,0,8,0,55
fra,TABLET,https://www.bluevistaprod.com/nos-competences/video-mapping/,0,4,0,11
fra,TABLET,https://www.bluevistaprod.com/nos-realisations/,0,6,0,1.3
fra,TABLET,https://www.bluevistaprod.com/nos-realisations/amplitude-amplivision/,0,3,0,6
fra,TABLET,https://www.bluevistaprod.com/nos-realisations/aravi-saison-2024/,0,1,0,10
fra,TABLET,https://www.bluevistaprod.com/nos-realisations/bluevista-creative-la-pizza/,0,3,0,4.3
fra,TABLET,https://www.bluevistaprod.com/nos-realisations/bluevista-showreel-2020/,0,1,0,4
fra,TABLET,https://www.bluevistaprod.com/nos-realisations/deko-film-de-presentation/,0,1,0,6
fra,TABLET,https://www.bluevistaprod.com/nos-realisations/dromis-equans-ineo/,0,1,0,8
fra,TABLET,https://www.bluevistaprod.com/nos-realisations/eiffage-energie-expercite/,0,41,0,5
fra,TABLET,https://www.bluevistaprod.com/nos-realisations/gf-ds-family/,0,3,0,5
fra,TABLET,https://www.bluevistaprod.com/nos-realisations/hitachi-cs-net/,0,5,0,9.2
fra,TABLET,https://www.bluevistaprod.com/nos-realisations/hitachi-hikumo/,0,4,0,6
fra,TABLET,https://www.bluevistaprod.com/nos-realisations/icsi-briefing-debriefing-minute-darret-2/,0,1,0,25
fra,TABLET,https://www.bluevistaprod.com/nos-realisations/pisten-bully-dameuse-360-vr/,0,1,0,11
fra,TABLET,https://www.bluevistaprod.com/nos-realisations/verizon-connect-video-de-presentation/,0,81,0,5.3
fra,TABLET,https://www.bluevistaprod.com/realisation-film-entreprise-lyon/,0,8,0,26.4
fra,TABLET,https://www.bluevistaprod.com/realisation-film-industrie/,0,2,0,6
fra,TABLET,https://www.bluevistaprod.com/studio-animation-3d-paris/,0,26,0,23.5
fra,TABLET,https://www.bluevistaprod.com/video-promotionnelle/,0,4,0,1
fra,TABLET,https://www.bluevistaprod.com/video-publicitaire/,0,12,0,34.2
fro,DESKTOP,https://www.bluevistaprod.com/,0,1,0,24
fro,DESKTOP,https://www.bluevistaprod.com/realisation-film-entreprise-lyon/,0,1,0,16
fro,MOBILE,https://en.bluevistaprod.com/actualites/barpi-industrial-accident-prevention/,0,1,0,4
gab,DESKTOP,https://www.bluevistaprod.com/,0,3,0,70.7
gab,DESKTOP,https://www.bluevistaprod.com/actualites/carte-de-voeux-video/,0,1,0,35
gab,DESKTOP,https://www.bluevistaprod.com/actualites/stann/,0,1,0,23
gab,DESKTOP,https://www.bluevistaprod.com/film-d-entreprise-paris-15-ans-d-experience/,0,1,0,45
gab,DESKTOP,https://www.bluevistaprod.com/nos-competences/aftermovie-captation-evenementielle/,0,3,0,15.3
gab,DESKTOP,https://www.bluevistaprod.com/nos-competences/motion-design/,0,2,0,82.5
gab,DESKTOP,https://www.bluevistaprod.com/nos-competences/video-corporate-film-dentreprise/,0,2,0,57.5
gab,DESKTOP,https://www.bluevistaprod.com/nos-realisations/stann-lapplication-de-gestion-dentreprise/,0,1,0,7
gab,DESKTOP,https://www.bluevistaprod.com/nos-realisations/verizon-connect-video-de-presentation/,0,1,0,42
gab,DESKTOP,https://www.bluevistaprod.com/realisation-film-entreprise-lyon/,0,7,0,28.3
gab,DESKTOP,https://www.bluevistaprod.com/video-publicitaire/,0,1,0,22
gab,MOBILE,https://en.bluevistaprod.com/,0,1,0,3
gab,MOBILE,https://www.bluevistaprod.com/actualites/aravi-saison-2022-2023/,0,1,0,9
gab,MOBILE,https://www.bluevistaprod.com/actualites/stann/,0,2,0,10
gab,MOBILE,https://www.bluevistaprod.com/actualites/video-immersive-360/,0,1,0,7
gab,MOBILE,https://www.bluevistaprod.com/nos-competences/aftermovie-captation-evenementielle/,0,1,0,10
gab,MOBILE,https://www.bluevistaprod.com/nos-competences/live-streaming-webtv/,0,4,0,7
gab,MOBILE,https://www.bluevistaprod.com/nos-realisations/eiffage-energie-expercite/,0,1,0,6
gab,MOBILE,https://www.bluevistaprod.com/nos-realisations/stann-lapplication-de-gestion-dentreprise/,0,3,0,8.3
gbr,DESKTOP,http://www.bluevistaprod.com/,0,6,0,34.2
gbr,DESKTOP,https://en.bluevistaprod.com/3d-animation-studio-in-lyon/,0,3,0,39
gbr,DESKTOP,https://en.bluevistaprod.com/3d-animation-studio-in-paris/,0,16,0,24.9
gbr,DESKTOP,https://en.bluevistaprod.com/actualites/360-immersive-video/,0,2,0,57.5
gbr,DESKTOP,https://en.bluevistaprod.com/actualites/3d-motion-design-and-mapping-in-paris-at-the-rodin-museum/,0,2,0,46
gbr,DESKTOP,https://en.bluevistaprod.com/actualites/barpi-industrial-accident-prevention/,0,30,0,7.7
gbr,DESKTOP,https://en.bluevistaprod.com/actualites/guitare-en-scene-2023/,0,2,0,29.5
gbr,DESKTOP,https://en.bluevistaprod.com/actualites/inauguration-intercontinental-lyon-grand-hotel-dieu/,0,1,0,102
gbr,DESKTOP,https://en.bluevistaprod.com/actualites/peninsula-pink-october/,0,1,0,72
gbr,DESKTOP,https://en.bluevistaprod.com/actualites/the-bluevista-metaverse-the-blueverse/,0,3,0,3
gbr,DESKTOP,https://en.bluevistaprod.com/actualites/video-mapping-lyon-intercontinental-grand-hotel-dieu/,0,2,0,56
gbr,DESKTOP,https://en.bluevistaprod.com/film-production-health/,0,2,0,61.5
gbr,DESKTOP,https://en.bluevistaprod.com/geneva-event-video-production/,0,49,0,46.1
gbr,DESKTOP,https://en.bluevistaprod.com/metaverse/,0,1,0,26
gbr,DESKTOP,https://en.bluevistaprod.com/news/,0,1,0,19
gbr,DESKTOP,https://en.bluevistaprod.com/nos-realisations/amplitude-amplivision/,0,13,0,4.3
gbr,DESKTOP,https://en.bluevistaprod.com/nos-realisations/deko-presentation-film/,0,1,0,82
gbr,DESKTOP,https://en.bluevistaprod.com/nos-realisations/dromis-equans-ineo/,0,2,0,32.5
gbr,DESKTOP,https://en.bluevistaprod.com/nos-realisations/eiffage-energie-expercite/,0,1,0,2
gbr,DESKTOP,https://en.bluevistaprod.com/nos-realisations/engie-home-services-migo-thermostat-video/,0,2,0,24.5
gbr,DESKTOP,https://en.bluevistaprod.com/nos-realisations/hdi-moving-to-the-new-tower/,0,1,0,36
gbr,DESKTOP,https://en.bluevistaprod.com/nos-realisations/hitachi-cs-net/,0,8,0,24.3
gbr,DESKTOP,https://en.bluevistaprod.com/nos-realisations/pisten-bully-360-vr-snowcat/,0,15,0,14.8
gbr,DESKTOP,https://en.bluevistaprod.com/nos-realisations/qwartz/,0,2,0,17
gbr,DESKTOP,https://en.bluevistaprod.com/nos-realisations/spc/,0,2,0,75.5
gbr,DESKTOP,https://en.bluevistaprod.com/nos-realisations/spring-new-identity/,0,1,0,96
gbr,DESKTOP,https://en.bluevistaprod.com/nos-realisations/stann-the-business-management-application/,0,1,0,74
gbr,DESKTOP,https://en.bluevistaprod.com/nos-realisations/tetro-stalactite-light-show/,0,2,0,91
gbr,DESKTOP,https://en.bluevistaprod.com/nos-realisations/thx-medical-dosamat-digital-2-0/,0,15,0,53.9
gbr,DESKTOP,https://en.bluevistaprod.com/nos-realisations/verizon-connect-video-presentation/,0,1,0,82
gbr,DESKTOP,https://en.bluevistaprod.com/our-skills/3d-animation/,0,2,0,83.5
gbr,DESKTOP,https://en.bluevistaprod.com/our-skills/aerial-video-drone/,0,2,0,46
gbr,DESKTOP,https://en.bluevistaprod.com/our-skills/aftermovie-event-capture/,0,1,0,60
gbr,DESKTOP,https://en.bluevistaprod.com/our-skills/corporate-video-corporate-film/,0,153,0,72.3
gbr,DESKTOP,https://en.bluevistaprod.com/our-skills/live-streaming-webtv/,0,41,0,11.1
gbr,DESKTOP,https://en.bluevistaprod.com/our-skills/video-mapping/,0,1,0,51
gbr,DESKTOP,https://en.bluevistaprod.com/the-agency/,0,5,0,46.2
gbr,DESKTOP,https://en.bluevistaprod.com/video-production-in-geneva/,0,149,0,23.7
gbr,DESKTOP,https://www.bluevistaprod.com/,0,595,0,49.7
gbr,DESKTOP,https://www.bluevistaprod.com/actualites/aravi-saison-2022-2023/,0,1,0,20
gbr,DESKTOP,https://www.bluevistaprod.com/actualites/barpi-prevention-accidents/,0,1,0,38
gbr,DESKTOP,https://www.bluevistaprod.com/actualites/bluevista-le-motion-design/,0,3,0,74
gbr,DESKTOP,https://www.bluevistaprod.com/actualites/bluevista-video-showreel-2023/,0,7,0,58.7
gbr,DESKTOP,https://www.bluevistaprod.com/actualites/carte-de-voeux-video/,0,26,0,43.1
gbr,DESKTOP,https://www.bluevistaprod.com/actualites/category/tournage-studio/,0,1,0,90
gbr,DESKTOP,https://www.bluevistaprod.com/actualites/category/video-360-vr/,0,1,0,24
gbr,DESKTOP,https://www.bluevistaprod.com/actualites/category/videomapping/,0,3,0,72.3
gbr,DESKTOP,https://www.bluevistaprod.com/actualites/guitare-en-scene-2023/,0,3,0,9
gbr,DESKTOP,https://www.bluevistaprod.com/actualites/koesio-carte-de-voeux-2023/,0,26,0,37
gbr,DESKTOP,https://www.bluevistaprod.com/actualites/live-video-homeserve-20ans/,0,1,0,43
gbr,DESKTOP,https://www.bluevistaprod.com/actualites/mapping-printemps-lyon/,0,9,0,34.2
gbr,DESKTOP,https://www.bluevistaprod.com/actualites/mase-4-motions/,0,4,0,26.3
gbr,DESKTOP,https://www.bluevistaprod.com/actualites/motion-design-3d-et-mapping-a-paris-au-musee-rodin/,0,11,0,57.3
gbr,DESKTOP,https://www.bluevistaprod.com/actualites/projet-de-realisation-video-360/,0,2,0,56
gbr,DESKTOP,https://www.bluevistaprod.com/actualites/realisation-immersion-360-degres-dameuse-pisten-bully/,0,1,0,82
gbr,DESKTOP,https://www.bluevistaprod.com/actualites/showroom-virtuel-gf-machining-solutions/,0,1,0,57
gbr,DESKTOP,https://www.bluevistaprod.com/actualites/sport-boules-16eme-trophee-emile-terrier/,0,1,0,73
gbr,DESKTOP,https://www.bluevistaprod.com/actualites/stann/,0,21,0,19.8
gbr,DESKTOP,https://www.bluevistaprod.com/actualites/streaming-live-et-webtv-demo-2018/,0,1,0,66
gbr,DESKTOP,https://www.bluevistaprod.com/actualites/tag/after-movie/,0,1,0,48
gbr,DESKTOP,https://www.bluevistaprod.com/actualites/video-immersive-360/,0,18,0,37.7
gbr,DESKTOP,https://www.bluevistaprod.com/actualites/video-mapping-lyon-intercontinental-grand-hotel-dieu/,0,2,0,44
gbr,DESKTOP,https://www.bluevistaprod.com/agence/,0,19,0,38.1
gbr,DESKTOP,https://www.bluevistaprod.com/bluevista-agence-metaverse/,0,86,0,46.4
gbr,DESKTOP,https://www.bluevistaprod.com/contact-devis/,0,2,0,1
gbr,DESKTOP,https://www.bluevistaprod.com/film-d-entreprise-paris-15-ans-d-experience/,0,154,0,38.6
gbr,DESKTOP,https://www.bluevistaprod.com/film-entreprise-lyon-15-ans-experience/,0,7,0,40.6
gbr,DESKTOP,https://www.bluevistaprod.com/nos-competences/aftermovie-captation-evenementielle/,0,58,0,38.5
gbr,DESKTOP,https://www.bluevistaprod.com/nos-competences/animation-3d/,0,79,0,50.9
gbr,DESKTOP,https://www.bluevistaprod.com/nos-competences/creation-immersive-realite-virtuelle/,0,31,0,70.6
gbr,DESKTOP,https://www.bluevistaprod.com/nos-competences/live-streaming-webtv/,0,49,0,42.2
gbr,DESKTOP,https://www.bluevistaprod.com/nos-competences/motion-design/,0,430,0,75.2
gbr,DESKTOP,https://www.bluevistaprod.com/nos-competences/studio-fond-vert-compositing/,0,26,0,16.7
gbr,DESKTOP,https://www.bluevistaprod.com/nos-competences/video-aerienne-drone/,0,110,0,45.6
gbr,DESKTOP,https://www.bluevistaprod.com/nos-competences/video-corporate-film-dentreprise/,0,152,0,60.7
gbr,DESKTOP,https://www.bluevistaprod.com/nos-competences/video-mapping/,0,71,0,21
gbr,DESKTOP,https://www.bluevistaprod.com/nos-realisations/,0,2,0,1
gbr,DESKTOP,https://www.bluevistaprod.com/nos-realisations/abb-snk-3d-marine/,0,1,0,93
gbr,DESKTOP,https://www.bluevistaprod.com/nos-realisations/abb-snk-3d-solaire/,0,1,0,49
gbr,DESKTOP,https://www.bluevistaprod.com/nos-realisations/alorem/,0,1,0,15
gbr,DESKTOP,https://www.bluevistaprod.com/nos-realisations/amplitude-amplivision/,0,1,0,64
gbr,DESKTOP,https://www.bluevistaprod.com/nos-realisations/arrow-abox-memo/,0,2,0,70.5
gbr,DESKTOP,https://www.bluevistaprod.com/nos-realisations/artcurial-mapping/,0,1,0,46
gbr,DESKTOP,https://www.bluevistaprod.com/nos-realisations/assisqual/,0,2,0,6.5
gbr,DESKTOP,https://www.bluevistaprod.com/nos-realisations/bbgr-360/,0,1,0,71
gbr,DESKTOP,https://www.bluevistaprod.com/nos-realisations/bluevista-creative-une-vraie-equipe-1-la-flexibilite/,0,1,0,11
gbr,DESKTOP,https://www.bluevistaprod.com/nos-realisations/bluevista-creative-unicorn-team/,0,1,0,70
gbr,DESKTOP,https://www.bluevistaprod.com/nos-realisations/bos/,0,3,0,9.7
gbr,DESKTOP,https://www.bluevistaprod.com/nos-realisations/cera-agence-innovation/,0,12,0,42.3
gbr,DESKTOP,https://www.bluevistaprod.com/nos-realisations/deko-film-de-presentation/,0,2,0,18.5
gbr,DESKTOP,https://www.bluevistaprod.com/nos-realisations/dromis-equans-ineo/,0,9,0,81.4
gbr,DESKTOP,https://www.bluevistaprod.com/nos-realisations/eiffage-energie-expercite/,0,1,0,2
gbr,DESKTOP,https://www.bluevistaprod.com/nos-realisations/engie-home-services-video-thermostat-migo/,0,31,0,20.5
gbr,DESKTOP,https://www.bluevistaprod.com/nos-realisations/guitare-en-scene-edition-2023/,0,2,0,21
gbr,DESKTOP,https://www.bluevistaprod.com/nos-realisations/hitachi-cs-net/,0,1,0,13
gbr,DESKTOP,https://www.bluevistaprod.com/nos-realisations/hitachi-hikumo/,0,1,0,101
gbr,DESKTOP,https://www.bluevistaprod.com/nos-realisations/hitachi-yutaki/,0,4,0,72.5
gbr,DESKTOP,https://www.bluevistaprod.com/nos-realisations/icsi-briefing-debriefing-minute-darret-2/,0,1,0,26
gbr,DESKTOP,https://www.bluevistaprod.com/nos-realisations/icsi-briefing-debriefing-minute-darret/,0,1,0,84
gbr,DESKTOP,https://www.bluevistaprod.com/nos-realisations/koesio-voeux-2023/,0,2,0,50.5
gbr,DESKTOP,https://www.bluevistaprod.com/nos-realisations/olinn-video-publicitaire/,0,2,0,2
gbr,DESKTOP,https://www.bluevistaprod.com/nos-realisations/pisten-bully-dameuse-360-vr/,0,4,0,38.5
gbr,DESKTOP,https://www.bluevistaprod.com/nos-realisations/printemps-mapping/,0,1,0,97
gbr,DESKTOP,https://www.bluevistaprod.com/nos-realisations/qwartz/,0,10,0,44.9
gbr,DESKTOP,https://www.bluevistaprod.com/nos-realisations/radisson-360-vr/,0,1,0,41
gbr,DESKTOP,https://www.bluevistaprod.com/nos-realisations/serl-video-360-vr/,0,1,0,22
gbr,DESKTOP,https://www.bluevistaprod.com/nos-realisations/stann-lapplication-de-gestion-dentreprise/,0,11,0,10.3
gbr,DESKTOP,https://www.bluevistaprod.com/nos-realisations/thx-medical-dosamat-digital-2-0/,0,1,0,21
gbr,DESKTOP,https://www.bluevistaprod.com/nos-realisations/verizon-connect-video-de-presentation/,0,38,0,63.9
gbr,DESKTOP,https://www.bluevistaprod.com/realisation-de-film-evenements/,0,26,0,19.2
gbr,DESKTOP,https://www.bluevistaprod.com/realisation-film-entreprise-lyon/,0,305,0,54
gbr,DESKTOP,https://www.bluevistaprod.com/realisation-film-evenementiel/,0,14,0,29.2
gbr,DESKTOP,https://www.bluevistaprod.com/realisation-film-lancement-produit/,0,27,0,70.6
gbr,DESKTOP,https://www.bluevistaprod.com/realisation-film-sante/,0,11,0,15.7
gbr,DESKTOP,https://www.bluevistaprod.com/realisation-video-geneve/,0,55,0,41.2
gbr,DESKTOP,https://www.bluevistaprod.com/studio-animation-3d-lyon/,0,205,0,27.5
gbr,DESKTOP,https://www.bluevistaprod.com/studio-animation-3d-paris/,0,257,0,40
gbr,DESKTOP,https://www.bluevistaprod.com/video-promotionnelle/,0,6,0,16.2
gbr,DESKTOP,https://www.bluevistaprod.com/video-publicitaire/,0,164,0,41.1
gbr,MOBILE,http://www.bluevistaprod.com/,0,1,0,7
gbr,MOBILE,https://en.bluevistaprod.com/3d-animation-studio-in-lyon/,0,1,0,10
gbr,MOBILE,https://en.bluevistaprod.com/actualites/360-immersive-video/,0,1,0,53
gbr,MOBILE,https://en.bluevistaprod.com/actualites/barpi-industrial-accident-prevention/,0,27,0,6.6
gbr,MOBILE,https://en.bluevistaprod.com/actualites/sport-boules-16th-emile-terrier-trophy/,0,1,0,11
gbr,MOBILE,https://en.bluevistaprod.com/actualites/the-bluevista-metaverse-the-blueverse/,0,1,0,2
gbr,MOBILE,https://en.bluevistaprod.com/geneva-event-video-production/,0,6,0,78.8
gbr,MOBILE,https://en.bluevistaprod.com/nos-realisations/amplitude-amplivision/,0,1,0,14
gbr,MOBILE,https://en.bluevistaprod.com/nos-realisations/hitachi-cs-net/,0,3,0,12
gbr,MOBILE,https://en.bluevistaprod.com/nos-realisations/pisten-bully-360-vr-snowcat/,0,38,0,6
gbr,MOBILE,https://en.bluevistaprod.com/nos-realisations/stann-the-business-management-application/,0,1,0,8
gbr,MOBILE,https://en.bluevistaprod.com/nos-realisations/verizon-connect-video-presentation/,0,1,0,76
gbr,MOBILE,https://en.bluevistaprod.com/our-skills/3d-animation/,0,2,0,88.5
gbr,MOBILE,https://en.bluevistaprod.com/our-skills/aftermovie-event-capture/,0,2,0,36
gbr,MOBILE,https://en.bluevistaprod.com/our-skills/corporate-video-corporate-film/,0,51,0,73.8
gbr,MOBILE,https://en.bluevistaprod.com/our-skills/immersive-creation-virtual-reality/,0,1,0,5
gbr,MOBILE,https://en.bluevistaprod.com/our-skills/live-streaming-webtv/,0,31,0,8.4
gbr,MOBILE,https://en.bluevistaprod.com/our-skills/motion-design/,0,2,0,16
gbr,MOBILE,https://en.bluevistaprod.com/the-agency/,0,1,0,1
gbr,MOBILE,https://en.bluevistaprod.com/video-production-in-geneva/,0,5,0,56.8
gbr,MOBILE,https://www.bluevistaprod.com/actualites/,0,1,0,1
gbr,MOBILE,https://www.bluevistaprod.com/actualites/50ans-de-lpa-une-histoire-lyonnaise/,0,1,0,47
gbr,MOBILE,https://www.bluevistaprod.com/actualites/bluevista-le-motion-design/,0,2,0,29
gbr,MOBILE,https://www.bluevistaprod.com/actualites/bluevista-video-showreel-2023/,0,2,0,7.5
gbr,MOBILE,https://www.bluevistaprod.com/actualites/koesio-carte-de-voeux-2023/,0,19,0,32.5
gbr,MOBILE,https://www.bluevistaprod.com/actualites/live-video-homeserve-20ans/,0,1,0,44
gbr,MOBILE,https://www.bluevistaprod.com/actualites/projet-de-realisation-video-360/,0,1,0,73
gbr,MOBILE,https://www.bluevistaprod.com/actualites/showroom-virtuel-gf-machining-solutions/,0,1,0,55
gbr,MOBILE,https://www.bluevistaprod.com/actualites/stann/,0,21,0,13.3
gbr,MOBILE,https://www.bluevistaprod.com/actualites/video-immersive-360/,0,1,0,22
gbr,MOBILE,https://www.bluevistaprod.com/agence/,0,1,0,1
gbr,MOBILE,https://www.bluevistaprod.com/bluevista-agence-metaverse/,0,5,0,27.8
gbr,MOBILE,https://www.bluevistaprod.com/film-d-entreprise-paris-15-ans-d-experience/,0,27,0,29.3
gbr,MOBILE,https://www.bluevistaprod.com/nos-competences/,0,1,0,1
gbr,MOBILE,https://www.bluevistaprod.com/nos-competences/aftermovie-captation-evenementielle/,0,12,0,16.8
gbr,MOBILE,https://www.bluevistaprod.com/nos-competences/animation-3d/,0,19,0,38.1
gbr,MOBILE,https://www.bluevistaprod.com/nos-competences/creation-immersive-realite-virtuelle/,0,3,0,66.7
gbr,MOBILE,https://www.bluevistaprod.com/nos-competences/live-streaming-webtv/,0,32,0,33.7
gbr,MOBILE,https://www.bluevistaprod.com/nos-competences/motion-design/,0,57,0,67.7
gbr,MOBILE,https://www.bluevistaprod.com/nos-competences/video-aerienne-drone/,0,14,0,46.2
gbr,MOBILE,https://www.bluevistaprod.com/nos-competences/video-corporate-film-dentreprise/,0,28,0,54.2
gbr,MOBILE,https://www.bluevistaprod.com/nos-competences/video-mapping/,0,2,0,17
gbr,MOBILE,https://www.bluevistaprod.com/nos-realisations/,0,1,0,1
gbr,MOBILE,https://www.bluevistaprod.com/nos-realisations/abb-snk-3d-marine/,0,1,0,90
gbr,MOBILE,https://www.bluevistaprod.com/nos-realisations/amplitude-amplivision/,0,1,0,13
gbr,MOBILE,https://www.bluevistaprod.com/nos-realisations/artcurial-mapping/,0,1,0,70
gbr,MOBILE,https://www.bluevistaprod.com/nos-realisations/bluevista-creative-une-vraie-equipe-3-la-productivite/,0,1,0,6
gbr,MOBILE,https://www.bluevistaprod.com/nos-realisations/bluevista-showreel-2025/,0,1,0,5
gbr,MOBILE,https://www.bluevistaprod.com/nos-realisations/bos/,0,1,0,12
gbr,MOBILE,https://www.bluevistaprod.com/nos-realisations/dromis-equans-ineo/,0,4,0,78.5
gbr,MOBILE,https://www.bluevistaprod.com/nos-realisations/eiffage-energie-expercite/,0,2,0,6
gbr,MOBILE,https://www.bluevistaprod.com/nos-realisations/engie-home-services-video-thermostat-migo/,0,6,0,17.3
gbr,MOBILE,https://www.bluevistaprod.com/nos-realisations/nightswapping/,0,1,0,56
gbr,MOBILE,https://www.bluevistaprod.com/nos-realisations/olinn-video-publicitaire/,0,2,0,1
gbr,MOBILE,https://www.bluevistaprod.com/nos-realisations/radisson-360-vr/,0,1,0,64
gbr,MOBILE,https://www.bluevistaprod.com/nos-realisations/stann-lapplication-de-gestion-dentreprise/,0,1,0,11
gbr,MOBILE,https://www.bluevistaprod.com/nos-realisations/thx-medical-dosamat-digital-2-0/,0,1,0,19
gbr,MOBILE,https://www.bluevistaprod.com/nos-realisations/verizon-connect-video-de-presentation/,0,3,0,65.3
gbr,MOBILE,https://www.bluevistaprod.com/realisation-film-entreprise-lyon/,0,7,0,62.3
gbr,MOBILE,https://www.bluevistaprod.com/realisation-film-evenementiel/,0,4,0,23.5
gbr,MOBILE,https://www.bluevistaprod.com/realisation-film-industrie/,0,1,0,1
gbr,MOBILE,https://www.bluevistaprod.com/realisation-film-lancement-produit/,0,8,0,71.8
gbr,MOBILE,https://www.bluevistaprod.com/realisation-film-sante/,0,2,0,7.5
gbr,MOBILE,https://www.bluevistaprod.com/realisation-video-geneve/,0,1,0,98
gbr,MOBILE,https://www.bluevistaprod.com/studio-animation-3d-lyon/,0,31,0,36.8
gbr,MOBILE,https://www.bluevistaprod.com/studio-animation-3d-paris/,0,20,0,44.5
gbr,MOBILE,https://www.bluevistaprod.com/video-promotionnelle/,0,2,0,1
gbr,MOBILE,https://www.bluevistaprod.com/video-publicitaire/,0,41,0,37.2
gbr,TABLET,https://en.bluevistaprod.com/our-skills/live-streaming-webtv/,0,4,0,8.3
gbr,TABLET,https://www.bluevistaprod.com/actualites/stann/,0,1,0,10
gbr,TABLET,https://www.bluevistaprod.com/nos-competences/live-streaming-webtv/,0,1,0,1
gbr,TABLET,https://www.bluevistaprod.com/nos-competences/video-aerienne-drone/,0,1,0,100
geo,DESKTOP,https://en.bluevistaprod.com/,0,1,0,2
geo,DESKTOP,https://en.bluevistaprod.com/actualites/barpi-industrial-accident-prevention/,0,2,0,7
geo,DESKTOP,https://en.bluevistaprod.com/geneva-event-video-production/,0,1,0,81
geo,DESKTOP,https://en.bluevistaprod.com/our-skills/aftermovie-event-capture/,0,1,0,40
geo,DESKTOP,https://en.bluevistaprod.com/video-production-in-geneva/,0,1,0,61
geo,DESKTOP,https://www.bluevistaprod.com/,0,8,0,41.9
geo,DESKTOP,https://www.bluevistaprod.com/film-d-entreprise-paris-15-ans-d-experience/,0,2,0,31.5
geo,DESKTOP,https://www.bluevistaprod.com/nos-competences/animation-3d/,0,1,0,73
geo,DESKTOP,https://www.bluevistaprod.com/nos-competences/live-streaming-webtv/,0,1,0,87
geo,DESKTOP,https://www.bluevistaprod.com/nos-competences/motion-design/,0,6,0,84
geo,DESKTOP,https://www.bluevistaprod.com/nos-competences/video-aerienne-drone/,0,2,0,21.5
geo,DESKTOP,https://www.bluevistaprod.com/nos-competences/video-corporate-film-dentreprise/,0,2,0,62.5
geo,DESKTOP,https://www.bluevistaprod.com/nos-realisations/engie-home-services-video-thermostat-migo/,0,2,0,62.5
geo,DESKTOP,https://www.bluevistaprod.com/nos-realisations/qwartz/,0,1,0,39
geo,DESKTOP,https://www.bluevistaprod.com/nos-realisations/verizon-connect-video-de-presentation/,0,1,0,95
geo,DESKTOP,https://www.bluevistaprod.com/realisation-film-entreprise-lyon/,0,13,0,49.2
geo,DESKTOP,https://www.bluevistaprod.com/studio-animation-3d-lyon/,0,3,0,44
geo,DESKTOP,https://www.bluevistaprod.com/studio-animation-3d-paris/,0,2,0,35.5
geo,DESKTOP,https://www.bluevistaprod.com/video-promotionnelle/,0,1,0,3
geo,DESKTOP,https://www.bluevistaprod.com/video-publicitaire/,0,1,0,17
geo,MOBILE,https://en.bluevistaprod.com/,0,1,0,3
geo,MOBILE,https://en.bluevistaprod.com/actualites/barpi-industrial-accident-prevention/,0,14,0,7.5
geo,MOBILE,https://www.bluevistaprod.com/,0,2,0,24
geo,MOBILE,https://www.bluevistaprod.com/actualites/stann/,0,3,0,9
geo,MOBILE,https://www.bluevistaprod.com/film-d-entreprise-paris-15-ans-d-experience/,0,1,0,42
geo,MOBILE,https://www.bluevistaprod.com/nos-competences/live-streaming-webtv/,0,1,0,78
geo,MOBILE,https://www.bluevistaprod.com/nos-competences/video-corporate-film-dentreprise/,0,1,0,65
geo,MOBILE,https://www.bluevistaprod.com/realisation-film-lancement-produit/,0,1,0,94
geo,MOBILE,https://www.bluevistaprod.com/studio-animation-3d-paris/,0,1,0,15
gha,DESKTOP,https://en.bluevistaprod.com/,0,1,0,2
gha,DESKTOP,https://www.bluevistaprod.com/,0,4,0,71
gha,DESKTOP,https://www.bluevistaprod.com/nos-competences/motion-design/,0,4,0,87.5
gha,DESKTOP,https://www.bluevistaprod.com/nos-competences/video-mapping/,0,1,0,15
gha,DESKTOP,https://www.bluevistaprod.com/nos-realisations/qwartz/,0,1,0,46
gha,DESKTOP,https://www.bluevistaprod.com/realisation-film-entreprise-lyon/,0,3,0,48
gha,DESKTOP,https://www.bluevistaprod.com/realisation-video-geneve/,0,1,0,41
gha,DESKTOP,https://www.bluevistaprod.com/studio-animation-3d-lyon/,0,1,0,5
gha,DESKTOP,https://www.bluevistaprod.com/studio-animation-3d-paris/,0,1,0,16
gha,DESKTOP,https://www.bluevistaprod.com/video-publicitaire/,0,1,0,60
gha,MOBILE,https://en.bluevistaprod.com/,0,1,0,2
gha,MOBILE,https://www.bluevistaprod.com/actualites/stann/,0,17,0,10
gha,MOBILE,https://www.bluevistaprod.com/nos-realisations/bluevista-creative-un-monde-virtuel-1-la-moto/,0,2,0,30.5
gin,DESKTOP,https://www.bluevistaprod.com/nos-competences/live-streaming-webtv/,0,1,0,5
gin,DESKTOP,https://www.bluevistaprod.com/video-publicitaire/,0,1,0,6
gin,MOBILE,http://www.bluevistaprod.com/,0,1,0,1
gin,MOBILE,https://www.bluevistaprod.com/actualites/bluevista-video-showreel-2023/,0,2,0,1.5
gin,MOBILE,https://www.bluevistaprod.com/actualites/stann/,0,2,0,8
gin,MOBILE,https://www.bluevistaprod.com/agence/,0,2,0,1.5
gin,MOBILE,https://www.bluevistaprod.com/bluevista-agence-metaverse/,0,1,0,2
gin,MOBILE,https://www.bluevistaprod.com/nos-realisations/,0,1,0,2
gin,MOBILE,https://www.bluevistaprod.com/nos-realisations/qwartz/,0,3,0,4.7
gin,MOBILE,https://www.bluevistaprod.com/nos-realisations/verizon-connect-video-de-presentation/,0,1,0,9
gin,MOBILE,https://www.bluevistaprod.com/realisation-film-industrie/,0,1,0,2
gin,MOBILE,https://www.bluevistaprod.com/video-promotionnelle/,0,1,0,2
gin,MOBILE,https://www.bluevistaprod.com/video-publicitaire/,0,3,0,14.7
glp,DESKTOP,http://www.bluevistaprod.com/,0,1,0,31
glp,DESKTOP,https://www.bluevistaprod.com/,0,1,0,31
glp,DESKTOP,https://www.bluevistaprod.com/actualites/projet-de-realisation-video-360/,0,1,0,12
glp,DESKTOP,https://www.bluevistaprod.com/actualites/stann/,0,9,0,3.3
glp,DESKTOP,https://www.bluevistaprod.com/agence/,0,1,0,31
glp,DESKTOP,https://www.bluevistaprod.com/nos-competences/aftermovie-captation-evenementielle/,0,25,0,82.6
glp,DESKTOP,https://www.bluevistaprod.com/nos-competences/live-streaming-webtv/,0,6,0,7.7
glp,DESKTOP,https://www.bluevistaprod.com/nos-competences/video-aerienne-drone/,0,190,0,46.6
glp,DESKTOP,https://www.bluevistaprod.com/nos-competences/video-corporate-film-dentreprise/,0,71,0,57.3
glp,DESKTOP,https://www.bluevistaprod.com/nos-realisations/stann-lapplication-de-gestion-dentreprise/,0,19,0,7
glp,DESKTOP,https://www.bluevistaprod.com/nos-realisations/verizon-connect-video-de-presentation/,0,5,0,5.6
glp,DESKTOP,https://www.bluevistaprod.com/realisation-film-entreprise-lyon/,0,36,0,84.2
glp,DESKTOP,https://www.bluevistaprod.com/realisation-film-evenementiel/,0,1,0,21
glp,DESKTOP,https://www.bluevistaprod.com/video-publicitaire/,0,1,0,9
glp,MOBILE,http://www.bluevistaprod.com/,0,4,0,6.3
glp,MOBILE,https://en.bluevistaprod.com/nos-realisations/amplitude-amplivision/,0,1,0,4
glp,MOBILE,https://www.bluevistaprod.com/,0,1,0,1
glp,MOBILE,https://www.bluevistaprod.com/actualites/,0,1,0,1
glp,MOBILE,https://www.bluevistaprod.com/actualites/aravi-saison-2022-2023/,0,1,0,11
glp,MOBILE,https://www.bluevistaprod.com/actualites/bluevista-video-showreel-2023/,0,1,0,1
glp,MOBILE,https://www.bluevistaprod.com/actualites/stann/,0,6,0,6.2
glp,MOBILE,https://www.bluevistaprod.com/actualites/video-immersive-360/,0,1,0,7
glp,MOBILE,https://www.bluevistaprod.com/agence/,0,1,0,1
glp,MOBILE,https://www.bluevistaprod.com/bluevista-agence-metaverse/,0,1,0,1
glp,MOBILE,https://www.bluevistaprod.com/nos-competences/aftermovie-captation-evenementielle/,0,1,0,9
glp,MOBILE,https://www.bluevistaprod.com/nos-competences/live-streaming-webtv/,0,13,0,11.9
glp,MOBILE,https://www.bluevistaprod.com/nos-competences/video-aerienne-drone/,0,42,0,67.6
glp,MOBILE,https://www.bluevistaprod.com/nos-realisations/,0,1,0,1
glp,MOBILE,https://www.bluevistaprod.com/nos-realisations/amplitude-amplivision/,0,1,0,8
glp,MOBILE,https://www.bluevistaprod.com/nos-realisations/engie-home-services-video-thermostat-migo/,0,1,0,13
glp,MOBILE,https://www.bluevistaprod.com/nos-realisations/stann-lapplication-de-gestion-dentreprise/,0,3,0,9.7
glp,MOBILE,https://www.bluevistaprod.com/nos-realisations/verizon-connect-video-de-presentation/,0,5,0,5.6
glp,MOBILE,https://www.bluevistaprod.com/video-promotionnelle/,0,1,0,1
glp,MOBILE,https://www.bluevistaprod.com/video-publicitaire/,0,1,0,12
glp,TABLET,https://www.bluevistaprod.com/nos-realisations/eiffage-energie-expercite/,0,1,0,8
gmb,DESKTOP,https://www.bluevistaprod.com/,0,1,0,103
gmb,DESKTOP,https://www.bluevistaprod.com/nos-competences/motion-design/,0,1,0,85
gmb,DESKTOP,https://www.bluevistaprod.com/studio-animation-3d-lyon/,0,1,0,45
gmb,DESKTOP,https://www.bluevistaprod.com/video-publicitaire/,0,1,0,100
gnb,MOBILE,https://en.bluevistaprod.com/actualites/barpi-industrial-accident-prevention/,0,1,0,8
gnb,MOBILE,https://www.bluevistaprod.com/studio-animation-3d-lyon/,0,2,0,10
grc,DESKTOP,https://en.bluevistaprod.com/,0,6,0,18.2
grc,DESKTOP,https://en.bluevistaprod.com/actualites/barpi-industrial-accident-prevention/,0,5,0,5.4
grc,DESKTOP,https://en.bluevistaprod.com/geneva-event-video-production/,0,2,0,66.5
grc,DESKTOP,https://en.bluevistaprod.com/nos-realisations/amplitude-amplivision/,0,3,0,9.3
grc,DESKTOP,https://en.bluevistaprod.com/video-production-in-geneva/,0,2,0,32
grc,DESKTOP,https://www.bluevistaprod.com/,0,29,0,39.6
grc,DESKTOP,https://www.bluevistaprod.com/actualites/50ans-de-lpa-une-histoire-lyonnaise/,0,1,0,60
grc,DESKTOP,https://www.bluevistaprod.com/actualites/koesio-carte-de-voeux-2023/,0,4,0,41.3
grc,DESKTOP,https://www.bluevistaprod.com/actualites/mapping-printemps-lyon/,0,1,0,38
grc,DESKTOP,https://www.bluevistaprod.com/actualites/motion-design-3d-et-mapping-a-paris-au-musee-rodin/,0,1,0,28
grc,DESKTOP,https://www.bluevistaprod.com/actualites/stann/,0,4,0,6
grc,DESKTOP,https://www.bluevistaprod.com/actualites/video-immersive-360/,0,1,0,47
grc,DESKTOP,https://www.bluevistaprod.com/agence/,0,2,0,45
grc,DESKTOP,https://www.bluevistaprod.com/bluevista-agence-metaverse/,0,10,0,29.8
grc,DESKTOP,https://www.bluevistaprod.com/film-d-entreprise-paris-15-ans-d-experience/,0,4,0,27.8
grc,DESKTOP,https://www.bluevistaprod.com/nos-competences/aftermovie-captation-evenementielle/,0,1,0,65
grc,DESKTOP,https://www.bluevistaprod.com/nos-competences/animation-3d/,0,4,0,42.8
grc,DESKTOP,https://www.bluevistaprod.com/nos-competences/creation-immersive-realite-virtuelle/,0,1,0,83
grc,DESKTOP,https://www.bluevistaprod.com/nos-competences/live-streaming-webtv/,0,1,0,33
grc,DESKTOP,https://www.bluevistaprod.com/nos-competences/motion-design/,0,6,0,50.5
grc,DESKTOP,https://www.bluevistaprod.com/nos-competences/video-aerienne-drone/,0,4,0,41.3
grc,DESKTOP,https://www.bluevistaprod.com/nos-competences/video-corporate-film-dentreprise/,0,3,0,32
grc,DESKTOP,https://www.bluevistaprod.com/nos-competences/video-mapping/,0,6,0,12.5
grc,DESKTOP,https://www.bluevistaprod.com/nos-realisations/deko-film-de-presentation/,0,1,0,3
grc,DESKTOP,https://www.bluevistaprod.com/nos-realisations/dromis-equans-ineo/,0,1,0,95
grc,DESKTOP,https://www.bluevistaprod.com/nos-realisations/eiffage-energie-expercite/,0,1,0,2
grc,DESKTOP,https://www.bluevistaprod.com/nos-realisations/engie-home-services-video-thermostat-migo/,0,1,0,7
grc,DESKTOP,https://www.bluevistaprod.com/nos-realisations/stann-lapplication-de-gestion-dentreprise/,0,1,0,6
grc,DESKTOP,https://www.bluevistaprod.com/realisation-de-film-evenements/,0,3,0,23.3
grc,DESKTOP,https://www.bluevistaprod.com/realisation-film-entreprise-lyon/,0,18,0,38.7
grc,DESKTOP,https://www.bluevistaprod.com/realisation-film-lancement-produit/,0,1,0,95
grc,DESKTOP,https://www.bluevistaprod.com/realisation-film-sante/,0,2,0,27.5
grc,DESKTOP,https://www.bluevistaprod.com/realisation-video-geneve/,0,1,0,20
grc,DESKTOP,https://www.bluevistaprod.com/studio-animation-3d-lyon/,0,12,0,32.9
grc,DESKTOP,https://www.bluevistaprod.com/studio-animation-3d-paris/,0,7,0,40.3
grc,DESKTOP,https://www.bluevistaprod.com/video-promotionnelle/,0,1,0,9
grc,DESKTOP,https://www.bluevistaprod.com/video-publicitaire/,0,10,0,37.6
grc,MOBILE,http://www.bluevistaprod.com/,0,9,0,1.9
grc,MOBILE,https://en.bluevistaprod.com/,0,6,0,4.5
grc,MOBILE,https://en.bluevistaprod.com/actualites/barpi-industrial-accident-prevention/,0,5,0,5.4
grc,MOBILE,https://en.bluevistaprod.com/nos-realisations/hitachi-cs-net/,0,1,0,9
grc,MOBILE,https://www.bluevistaprod.com/,0,2,0,4
grc,MOBILE,https://www.bluevistaprod.com/actualites/guitare-en-scene-2023/,0,1,0,11
grc,MOBILE,https://www.bluevistaprod.com/actualites/stann/,0,16,0,7.1
grc,MOBILE,https://www.bluevistaprod.com/actualites/video-immersive-360/,0,1,0,47
grc,MOBILE,https://www.bluevistaprod.com/nos-competences/motion-design/,0,2,0,88.5
grc,MOBILE,https://www.bluevistaprod.com/nos-competences/video-mapping/,0,2,0,24
grc,MOBILE,https://www.bluevistaprod.com/nos-realisations/deko-film-de-presentation/,0,1,0,10
grc,MOBILE,https://www.bluevistaprod.com/nos-realisations/dromis-equans-ineo/,0,1,0,91
grc,MOBILE,https://www.bluevistaprod.com/nos-realisations/engie-home-services-video-thermostat-migo/,0,2,0,8
grc,MOBILE,https://www.bluevistaprod.com/nos-realisations/stann-lapplication-de-gestion-dentreprise/,0,2,0,7
grc,MOBILE,https://www.bluevistaprod.com/video-publicitaire/,0,7,0,40.1
grc,TABLET,https://en.bluevistaprod.com/actualites/barpi-industrial-accident-prevention/,0,3,0,8
grc,TABLET,https://www.bluevistaprod.com/actualites/stann/,0,3,0,6.7
grd,DESKTOP,https://www.bluevistaprod.com/,0,2,0,48
grd,DESKTOP,https://www.bluevistaprod.com/nos-realisations/verizon-connect-video-de-presentation/,0,2,0,65.5
grd,DESKTOP,https://www.bluevistaprod.com/realisation-film-entreprise-lyon/,0,2,0,75.5
grd,DESKTOP,https://www.bluevistaprod.com/realisation-film-sante/,0,1,0,41
grd,MOBILE,https://www.bluevistaprod.com/nos-competences/aftermovie-captation-evenementielle/,0,1,0,7
grd,MOBILE,https://www.bluevistaprod.com/nos-realisations/dromis-equans-ineo/,0,1,0,79
gtm,DESKTOP,https://en.bluevistaprod.com/our-skills/aftermovie-event-capture/,0,1,0,91
gtm,DESKTOP,https://www.bluevistaprod.com/,0,14,0,49.5
gtm,DESKTOP,https://www.bluevistaprod.com/actualites/carte-de-voeux-video/,0,2,0,31.5
gtm,DESKTOP,https://www.bluevistaprod.com/actualites/category/video-360-vr/,0,1,0,17
gtm,DESKTOP,https://www.bluevistaprod.com/actualites/mase-4-motions/,0,1,0,99
gtm,DESKTOP,https://www.bluevistaprod.com/actualites/video-immersive-360/,0,1,0,37
gtm,DESKTOP,https://www.bluevistaprod.com/agence/,0,1,0,100
gtm,DESKTOP,https://www.bluevistaprod.com/film-d-entreprise-paris-15-ans-d-experience/,0,2,0,45.5
gtm,DESKTOP,https://www.bluevistaprod.com/nos-competences/aftermovie-captation-evenementielle/,0,1,0,39
gtm,DESKTOP,https://www.bluevistaprod.com/nos-competences/motion-design/,0,10,0,86.6
gtm,DESKTOP,https://www.bluevistaprod.com/nos-competences/video-aerienne-drone/,0,1,0,67
gtm,DESKTOP,https://www.bluevistaprod.com/nos-competences/video-corporate-film-dentreprise/,0,2,0,78.5
gtm,DESKTOP,https://www.bluevistaprod.com/realisation-film-entreprise-lyon/,0,26,0,34.6
gtm,DESKTOP,https://www.bluevistaprod.com/realisation-film-lancement-produit/,0,1,0,89
gtm,DESKTOP,https://www.bluevistaprod.com/studio-animation-3d-lyon/,0,1,0,51
gtm,DESKTOP,https://www.bluevistaprod.com/studio-animation-3d-paris/,0,4,0,43
gtm,DESKTOP,https://www.bluevistaprod.com/video-publicitaire/,0,3,0,60
gtm,MOBILE,https://en.bluevistaprod.com/actualites/barpi-industrial-accident-prevention/,0,1,0,10
gtm,MOBILE,https://www.bluevistaprod.com/,0,1,0,29
gtm,MOBILE,https://www.bluevistaprod.com/actualites/bluevista-creative-unicorn-team/,0,1,0,83
gtm,MOBILE,https://www.bluevistaprod.com/actualites/stann/,0,1,0,8
gtm,MOBILE,https://www.bluevistaprod.com/nos-competences/video-corporate-film-dentreprise/,0,3,0,40
gtm,MOBILE,https://www.bluevistaprod.com/nos-competences/video-mapping/,0,1,0,34
gtm,MOBILE,https://www.bluevistaprod.com/nos-realisations/dromis-equans-ineo/,0,1,0,86
gtm,MOBILE,https://www.bluevistaprod.com/nos-realisations/engie-home-services-video-thermostat-migo/,0,1,0,37
gtm,MOBILE,https://www.bluevistaprod.com/nos-realisations/verizon-connect-video-de-presentation/,0,2,0,57.5
gtm,MOBILE,https://www.bluevistaprod.com/studio-animation-3d-paris/,0,1,0,20
gtm,MOBILE,https://www.bluevistaprod.com/video-publicitaire/,0,3,0,22.3
guf,DESKTOP,https://www.bluevistaprod.com/actualites/stann/,0,1,0,4
guf,DESKTOP,https://www.bluevistaprod.com/nos-competences/live-streaming-webtv/,0,3,0,5.7
guf,DESKTOP,https://www.bluevistaprod.com/nos-realisations/eiffage-energie-expercite/,0,1,0,3
guf,DESKTOP,https://www.bluevistaprod.com/nos-realisations/stann-lapplication-de-gestion-dentreprise/,0,1,0,6
guf,DESKTOP,https://www.bluevistaprod.com/nos-realisations/verizon-connect-video-de-presentation/,0,1,0,2
guf,MOBILE,https://www.bluevistaprod.com/,0,1,0,4
guf,MOBILE,https://www.bluevistaprod.com/actualites/stann/,0,2,0,8.5
guf,MOBILE,https://www.bluevistaprod.com/nos-competences/aftermovie-captation-evenementielle/,0,2,0,10
guf,MOBILE,https://www.bluevistaprod.com/nos-competences/live-streaming-webtv/,0,1,0,3
guf,MOBILE,https://www.bluevistaprod.com/nos-realisations/abb-snk-3d-solaire/,0,1,0,8
guf,MOBILE,https://www.bluevistaprod.com/nos-realisations/engie-home-services-video-thermostat-migo/,0,1,0,3
guf,MOBILE,https://www.bluevistaprod.com/video-publicitaire/,0,1,0,10
guy,DESKTOP,https://en.bluevistaprod.com/our-skills/live-streaming-webtv/,0,1,0,10
guy,DESKTOP,https://www.bluevistaprod.com/,0,5,0,33.4
guy,DESKTOP,https://www.bluevistaprod.com/film-d-entreprise-paris-15-ans-d-experience/,0,1,0,46
guy,DESKTOP,https://www.bluevistaprod.com/nos-competences/live-streaming-webtv/,0,1,0,5
guy,DESKTOP,https://www.bluevistaprod.com/nos-competences/motion-design/,0,2,0,80
guy,DESKTOP,https://www.bluevistaprod.com/nos-competences/video-corporate-film-dentreprise/,0,1,0,46
guy,DESKTOP,https://www.bluevistaprod.com/realisation-film-entreprise-lyon/,0,8,0,18.6
guy,DESKTOP,https://www.bluevistaprod.com/studio-animation-3d-lyon/,0,2,0,36.5
guy,MOBILE,https://www.bluevistaprod.com/film-d-entreprise-paris-15-ans-d-experience/,0,1,0,66
guy,MOBILE,https://www.bluevistaprod.com/nos-competences/animation-3d/,0,1,0,30
guy,MOBILE,https://www.bluevistaprod.com/nos-realisations/amplitude-amplivision/,0,1,0,55
guy,MOBILE,https://www.bluevistaprod.com/studio-animation-3d-lyon/,0,1,0,38
hkg,DESKTOP,https://en.bluevistaprod.com/actualites/barpi-industrial-accident-prevention/,0,2,0,4
hkg,DESKTOP,https://en.bluevistaprod.com/geneva-event-video-production/,0,14,0,21.4
hkg,DESKTOP,https://en.bluevistaprod.com/nos-realisations/amplitude-amplivision/,0,3,0,7
hkg,DESKTOP,https://en.bluevistaprod.com/nos-realisations/gloupii/,0,38,0,3.8
hkg,DESKTOP,https://en.bluevistaprod.com/video-production-in-geneva/,0,83,0,25.2
hkg,DESKTOP,https://www.bluevistaprod.com/,0,20,0,47.6
hkg,DESKTOP,https://www.bluevistaprod.com/actualites/stann/,0,1,0,2
hkg,DESKTOP,https://www.bluevistaprod.com/actualites/video-mapping-lyon-intercontinental-grand-hotel-dieu/,0,1,0,37
hkg,DESKTOP,https://www.bluevistaprod.com/film-d-entreprise-paris-15-ans-d-experience/,0,6,0,39
hkg,DESKTOP,https://www.bluevistaprod.com/nos-competences/,0,1,0,17
hkg,DESKTOP,https://www.bluevistaprod.com/nos-competences/live-streaming-webtv/,0,1,0,4
hkg,DESKTOP,https://www.bluevistaprod.com/nos-competences/motion-design/,0,3,0,84.3
hkg,DESKTOP,https://www.bluevistaprod.com/nos-competences/video-aerienne-drone/,0,3,0,31.3
hkg,DESKTOP,https://www.bluevistaprod.com/nos-competences/video-corporate-film-dentreprise/,0,8,0,61.8
hkg,DESKTOP,https://www.bluevistaprod.com/nos-competences/video-mapping/,0,2,0,7
hkg,DESKTOP,https://www.bluevistaprod.com/nos-realisations/eiffage-energie-expercite/,0,1,0,2
hkg,DESKTOP,https://www.bluevistaprod.com/nos-realisations/gloupii/,0,16,0,7.8
hkg,DESKTOP,https://www.bluevistaprod.com/realisation-de-film-evenements/,0,2,0,25
hkg,DESKTOP,https://www.bluevistaprod.com/realisation-film-entreprise-lyon/,0,4,0,56.3
hkg,DESKTOP,https://www.bluevistaprod.com/realisation-film-sante/,0,1,0,1
hkg,DESKTOP,https://www.bluevistaprod.com/studio-animation-3d-lyon/,0,3,0,33.3
hkg,DESKTOP,https://www.bluevistaprod.com/studio-animation-3d-paris/,0,3,0,20.7
hkg,DESKTOP,https://www.bluevistaprod.com/video-publicitaire/,0,4,0,42.3
hkg,MOBILE,https://en.bluevistaprod.com/,0,84,0,7.2
hkg,MOBILE,https://en.bluevistaprod.com/actualites/barpi-industrial-accident-prevention/,0,3,0,7.3
hkg,MOBILE,https://en.bluevistaprod.com/our-skills/live-streaming-webtv/,0,1,0,9
hkg,MOBILE,https://www.bluevistaprod.com/,0,6,0,65.7
hkg,MOBILE,https://www.bluevistaprod.com/actualites/bluevista-le-motion-design/,0,1,0,54
hkg,MOBILE,https://www.bluevistaprod.com/actualites/showroom-virtuel-gf-machining-solutions/,0,1,0,60
hkg,MOBILE,https://www.bluevistaprod.com/actualites/stann/,0,12,0,7.2
hkg,MOBILE,https://www.bluevistaprod.com/film-d-entreprise-paris-15-ans-d-experience/,0,2,0,21.5
hkg,MOBILE,https://www.bluevistaprod.com/nos-competences/live-streaming-webtv/,0,1,0,64
hkg,MOBILE,https://www.bluevistaprod.com/nos-competences/motion-design/,0,5,0,61.4
hkg,MOBILE,https://www.bluevistaprod.com/nos-competences/video-corporate-film-dentreprise/,0,4,0,49
hkg,MOBILE,https://www.bluevistaprod.com/realisation-film-entreprise-lyon/,0,1,0,50
hkg,TABLET,https://en.bluevistaprod.com/,0,5,0,8
hkg,TABLET,https://www.bluevistaprod.com/actualites/stann/,0,1,0,5
hnd,DESKTOP,https://en.bluevistaprod.com/geneva-event-video-production/,0,2,0,93
hnd,DESKTOP,https://en.bluevistaprod.com/nos-realisations/e-xpert-solutions-zero-trust/,0,1,0,25
hnd,DESKTOP,https://en.bluevistaprod.com/video-production-in-geneva/,0,2,0,45
hnd,DESKTOP,https://www.bluevistaprod.com/,0,15,0,45.1
hnd,DESKTOP,https://www.bluevistaprod.com/actualites/carte-de-voeux-video/,0,1,0,32
hnd,DESKTOP,https://www.bluevistaprod.com/actualites/category/video-360-vr/,0,1,0,52
hnd,DESKTOP,https://www.bluevistaprod.com/actualites/realisation-immersion-360-degres-dameuse-pisten-bully/,0,1,0,6
hnd,DESKTOP,https://www.bluevistaprod.com/actualites/video-immersive-360/,0,1,0,17
hnd,DESKTOP,https://www.bluevistaprod.com/agence/,0,2,0,68
hnd,DESKTOP,https://www.bluevistaprod.com/bluevista-agence-metaverse/,0,4,0,52
hnd,DESKTOP,https://www.bluevistaprod.com/film-d-entreprise-paris-15-ans-d-experience/,0,1,0,43
hnd,DESKTOP,https://www.bluevistaprod.com/nos-competences/animation-3d/,0,3,0,37.3
hnd,DESKTOP,https://www.bluevistaprod.com/nos-competences/motion-design/,0,5,0,73.4
hnd,DESKTOP,https://www.bluevistaprod.com/nos-competences/video-corporate-film-dentreprise/,0,4,0,65.5
hnd,DESKTOP,https://www.bluevistaprod.com/nos-realisations/qwartz/,0,1,0,35
hnd,DESKTOP,https://www.bluevistaprod.com/nos-realisations/radisson-360-vr/,0,1,0,24
hnd,DESKTOP,https://www.bluevistaprod.com/nos-realisations/serl-video-360-vr/,0,1,0,33
hnd,DESKTOP,https://www.bluevistaprod.com/nos-realisations/verizon-connect-video-de-presentation/,0,1,0,30
hnd,DESKTOP,https://www.bluevistaprod.com/realisation-film-entreprise-lyon/,0,29,0,34.5
hnd,DESKTOP,https://www.bluevistaprod.com/realisation-film-evenementiel/,0,1,0,25
hnd,DESKTOP,https://www.bluevistaprod.com/realisation-video-geneve/,0,2,0,84
hnd,DESKTOP,https://www.bluevistaprod.com/studio-animation-3d-lyon/,0,5,0,45.2
hnd,DESKTOP,https://www.bluevistaprod.com/studio-animation-3d-paris/,0,1,0,12
hnd,DESKTOP,https://www.bluevistaprod.com/video-publicitaire/,0,6,0,41.7
hnd,MOBILE,https://en.bluevistaprod.com/actualites/barpi-industrial-accident-prevention/,0,1,0,11
hnd,MOBILE,https://en.bluevistaprod.com/geneva-event-video-production/,0,1,0,91
hnd,MOBILE,https://en.bluevistaprod.com/video-production-in-geneva/,0,1,0,58
hnd,MOBILE,https://www.bluevistaprod.com/actualites/showroom-virtuel-gf-machining-solutions/,0,1,0,64
hnd,MOBILE,https://www.bluevistaprod.com/actualites/stann/,0,1,0,1
hnd,MOBILE,https://www.bluevistaprod.com/bluevista-agence-metaverse/,0,1,0,10
hnd,MOBILE,https://www.bluevistaprod.com/nos-competences/aftermovie-captation-evenementielle/,0,1,0,11
hnd,MOBILE,https://www.bluevistaprod.com/nos-competences/video-aerienne-drone/,0,1,0,46
hnd,MOBILE,https://www.bluevistaprod.com/nos-realisations/dromis-equans-ineo/,0,1,0,90
hnd,MOBILE,https://www.bluevistaprod.com/studio-animation-3d-lyon/,0,1,0,9
hrv,DESKTOP,https://en.bluevistaprod.com/,0,3,0,5.7
hrv,DESKTOP,https://en.bluevistaprod.com/actualites/barpi-industrial-accident-prevention/,0,1,0,1
hrv,DESKTOP,https://en.bluevistaprod.com/geneva-event-video-production/,0,1,0,69
hrv,DESKTOP,https://www.bluevistaprod.com/,0,2,0,41
hrv,DESKTOP,https://www.bluevistaprod.com/actualites/stann/,0,2,0,6.5
hrv,DESKTOP,https://www.bluevistaprod.com/film-d-entreprise-paris-15-ans-d-experience/,0,1,0,11
hrv,DESKTOP,https://www.bluevistaprod.com/nos-competences/motion-design/,0,6,0,79.2
hrv,DESKTOP,https://www.bluevistaprod.com/nos-competences/video-aerienne-drone/,0,1,0,50
hrv,DESKTOP,https://www.bluevistaprod.com/nos-competences/video-corporate-film-dentreprise/,0,2,0,61
hrv,DESKTOP,https://www.bluevistaprod.com/nos-realisations/dromis-equans-ineo/,0,1,0,96
hrv,DESKTOP,https://www.bluevistaprod.com/nos-realisations/hitachi-triple-c/,0,1,0,24
hrv,DESKTOP,https://www.bluevistaprod.com/realisation-film-entreprise-lyon/,0,1,0,25
hrv,DESKTOP,https://www.bluevistaprod.com/realisation-video-geneve/,0,1,0,12
hrv,DESKTOP,https://www.bluevistaprod.com/studio-animation-3d-lyon/,0,2,0,35.5
hrv,DESKTOP,https://www.bluevistaprod.com/studio-animation-3d-paris/,0,5,0,39.2
hrv,MOBILE,http://www.bluevistaprod.com/,0,3,0,1.7
hrv,MOBILE,https://en.bluevistaprod.com/,0,12,0,5.1
hrv,MOBILE,https://en.bluevistaprod.com/actualites/barpi-industrial-accident-prevention/,0,13,0,6.7
hrv,MOBILE,https://en.bluevistaprod.com/actualites/sport-boules-16th-emile-terrier-trophy/,0,4,0,7.5
hrv,MOBILE,https://en.bluevistaprod.com/actualites/stann/,0,2,0,4
hrv,MOBILE,https://en.bluevistaprod.com/nos-realisations/tetro-fete-des-lumieres-2022/,0,1,0,11
hrv,MOBILE,https://en.bluevistaprod.com/our-skills/aftermovie-event-capture/,0,1,0,11
hrv,MOBILE,https://www.bluevistaprod.com/actualites/guitare-en-scene-2023/,0,1,0,10
hrv,MOBILE,https://www.bluevistaprod.com/actualites/stann/,0,11,0,4.4
hrv,MOBILE,https://www.bluevistaprod.com/actualites/video-immersive-360/,0,1,0,10
hrv,MOBILE,https://www.bluevistaprod.com/nos-competences/aftermovie-captation-evenementielle/,0,1,0,20
hrv,MOBILE,https://www.bluevistaprod.com/nos-competences/motion-design/,0,1,0,29
hrv,MOBILE,https://www.bluevistaprod.com/nos-competences/video-aerienne-drone/,0,1,0,54
hrv,MOBILE,https://www.bluevistaprod.com/nos-realisations/bluevista-creative-une-vraie-equipe-3-la-productivite/,0,1,0,11
hrv,MOBILE,https://www.bluevistaprod.com/nos-realisations/hitachi-triple-c/,0,1,0,25
hrv,MOBILE,https://www.bluevistaprod.com/video-publicitaire/,0,1,0,92
hti,DESKTOP,https://www.bluevistaprod.com/,0,2,0,68
hti,DESKTOP,https://www.bluevistaprod.com/actualites/koesio-carte-de-voeux-2023/,0,3,0,65
hti,DESKTOP,https://www.bluevistaprod.com/nos-competences/aftermovie-captation-evenementielle/,0,3,0,7.7
hti,DESKTOP,https://www.bluevistaprod.com/nos-realisations/stann-lapplication-de-gestion-dentreprise/,0,1,0,7
hti,DESKTOP,https://www.bluevistaprod.com/realisation-film-entreprise-lyon/,0,2,0,40.5
hti,MOBILE,https://www.bluevistaprod.com/actualites/stann/,0,35,0,7.9
hti,MOBILE,https://www.bluevistaprod.com/nos-competences/aftermovie-captation-evenementielle/,0,1,0,1
hti,MOBILE,https://www.bluevistaprod.com/nos-competences/live-streaming-webtv/,0,2,0,10
hti,MOBILE,https://www.bluevistaprod.com/nos-realisations/deko-film-de-presentation/,0,1,0,4
hti,MOBILE,https://www.bluevistaprod.com/nos-realisations/stann-lapplication-de-gestion-dentreprise/,0,32,0,7.6
hti,MOBILE,https://www.bluevistaprod.com/nos-realisations/verizon-connect-video-de-presentation/,0,1,0,6
hti,MOBILE,https://www.bluevistaprod.com/video-publicitaire/,0,1,0,9
hti,TABLET,https://www.bluevistaprod.com/actualites/stann/,0,1,0,7
hti,TABLET,https://www.bluevistaprod.com/nos-realisations/stann-lapplication-de-gestion-dentreprise/,0,1,0,5
hun,DESKTOP,http://www.bluevistaprod.com/,0,2,0,12
hun,DESKTOP,https://en.bluevistaprod.com/,0,2,0,2.5
hun,DESKTOP,https://en.bluevistaprod.com/actualites/barpi-industrial-accident-prevention/,0,3,0,7.7
hun,DESKTOP,https://en.bluevistaprod.com/actualites/guitare-en-scene-2023/,0,1,0,10
hun,DESKTOP,https://en.bluevistaprod.com/geneva-event-video-production/,0,2,0,46.5
hun,DESKTOP,https://en.bluevistaprod.com/nos-realisations/eiffage-energie-expercite/,0,1,0,2
hun,DESKTOP,https://en.bluevistaprod.com/our-skills/live-streaming-webtv/,0,1,0,10
hun,DESKTOP,https://en.bluevistaprod.com/video-production-in-geneva/,0,3,0,25
hun,DESKTOP,https://www.bluevistaprod.com/,0,46,0,26.2
hun,DESKTOP,https://www.bluevistaprod.com/actualites/,0,1,0,34
hun,DESKTOP,https://www.bluevistaprod.com/actualites/bluevista-video-showreel-2023/,0,1,0,80
hun,DESKTOP,https://www.bluevistaprod.com/actualites/category/video-360-vr/,0,1,0,34
hun,DESKTOP,https://www.bluevistaprod.com/actualites/koesio-carte-de-voeux-2023/,0,1,0,28
hun,DESKTOP,https://www.bluevistaprod.com/actualites/mapping-printemps-lyon/,0,1,0,25
hun,DESKTOP,https://www.bluevistaprod.com/actualites/motion-design-3d-et-mapping-a-paris-au-musee-rodin/,0,1,0,84
hun,DESKTOP,https://www.bluevistaprod.com/actualites/projet-de-realisation-video-360/,0,1,0,11
hun,DESKTOP,https://www.bluevistaprod.com/actualites/stann/,0,2,0,10.5
hun,DESKTOP,https://www.bluevistaprod.com/actualites/video-immersive-360/,0,1,0,16
hun,DESKTOP,https://www.bluevistaprod.com/actualites/video-mapping-lyon-intercontinental-grand-hotel-dieu/,0,1,0,39
hun,DESKTOP,https://www.bluevistaprod.com/agence/,0,4,0,30.5
hun,DESKTOP,https://www.bluevistaprod.com/bluevista-agence-metaverse/,0,5,0,34.2
hun,DESKTOP,https://www.bluevistaprod.com/film-d-entreprise-paris-15-ans-d-experience/,0,9,0,31
hun,DESKTOP,https://www.bluevistaprod.com/film-entreprise-lyon-15-ans-experience/,0,1,0,36
hun,DESKTOP,https://www.bluevistaprod.com/nos-competences/aftermovie-captation-evenementielle/,0,7,0,51.3
hun,DESKTOP,https://www.bluevistaprod.com/nos-competences/animation-3d/,0,6,0,30.2
hun,DESKTOP,https://www.bluevistaprod.com/nos-competences/creation-immersive-realite-virtuelle/,0,1,0,43
hun,DESKTOP,https://www.bluevistaprod.com/nos-competences/live-streaming-webtv/,0,1,0,11
hun,DESKTOP,https://www.bluevistaprod.com/nos-competences/motion-design/,0,10,0,65.5
hun,DESKTOP,https://www.bluevistaprod.com/nos-competences/video-aerienne-drone/,0,26,0,34.5
hun,DESKTOP,https://www.bluevistaprod.com/nos-competences/video-corporate-film-dentreprise/,0,6,0,28
hun,DESKTOP,https://www.bluevistaprod.com/nos-competences/video-mapping/,0,20,0,13.3
hun,DESKTOP,https://www.bluevistaprod.com/nos-realisations/dromis-equans-ineo/,0,1,0,89
hun,DESKTOP,https://www.bluevistaprod.com/nos-realisations/mapping-audi/,0,1,0,42
hun,DESKTOP,https://www.bluevistaprod.com/nos-realisations/printemps-mapping/,0,1,0,91
hun,DESKTOP,https://www.bluevistaprod.com/realisation-de-film-evenements/,0,9,0,33.6
hun,DESKTOP,https://www.bluevistaprod.com/realisation-film-entreprise-lyon/,0,24,0,44.9
hun,DESKTOP,https://www.bluevistaprod.com/realisation-film-evenementiel/,0,1,0,37
hun,DESKTOP,https://www.bluevistaprod.com/realisation-film-lancement-produit/,0,1,0,95
hun,DESKTOP,https://www.bluevistaprod.com/realisation-video-geneve/,0,15,0,27.4
hun,DESKTOP,https://www.bluevistaprod.com/studio-animation-3d-lyon/,0,20,0,21.6
hun,DESKTOP,https://www.bluevistaprod.com/studio-animation-3d-paris/,0,19,0,32.2
hun,DESKTOP,https://www.bluevistaprod.com/video-publicitaire/,0,13,0,30.8
hun,MOBILE,http://www.bluevistaprod.com/,0,2,0,1.5
hun,MOBILE,https://en.bluevistaprod.com/,0,5,0,5
hun,MOBILE,https://en.bluevistaprod.com/actualites/barpi-industrial-accident-prevention/,0,10,0,6.4
hun,MOBILE,https://en.bluevistaprod.com/our-skills/aftermovie-event-capture/,0,1,0,10
hun,MOBILE,https://www.bluevistaprod.com/actualites/stann/,0,4,0,8.3
hun,MOBILE,https://www.bluevistaprod.com/film-d-entreprise-paris-15-ans-d-experience/,0,2,0,77.5
hun,MOBILE,https://www.bluevistaprod.com/nos-competences/live-streaming-webtv/,0,2,0,52.5
hun,MOBILE,https://www.bluevistaprod.com/nos-realisations/engie-home-services-video-thermostat-migo/,0,2,0,10
hun,MOBILE,https://www.bluevistaprod.com/nos-realisations/ghi/,0,1,0,7
hun,MOBILE,https://www.bluevistaprod.com/video-publicitaire/,0,2,0,17
hun,TABLET,https://www.bluevistaprod.com/actualites/stann/,0,1,0,8
idn,DESKTOP,http://www.bluevistaprod.com/,0,1,0,12
idn,DESKTOP,https://en.bluevistaprod.com/,0,10,0,9.1
idn,DESKTOP,https://en.bluevistaprod.com/actualites/barpi-industrial-accident-prevention/,0,12,0,8.7
idn,DESKTOP,https://en.bluevistaprod.com/geneva-event-video-production/,0,6,0,48
idn,DESKTOP,https://en.bluevistaprod.com/nos-realisations/eiffage-energie-expercite/,0,1,0,12
idn,DESKTOP,https://en.bluevistaprod.com/nos-realisations/engie-home-services-migo-thermostat-video/,0,1,0,62
idn,DESKTOP,https://en.bluevistaprod.com/nos-realisations/hitachi-cs-net/,0,1,0,60
idn,DESKTOP,https://en.bluevistaprod.com/nos-realisations/mase-rhone-alpes-motion-design/,0,1,0,49
idn,DESKTOP,https://en.bluevistaprod.com/nos-realisations/pisten-bully-360-vr-snowcat/,0,1,0,3
idn,DESKTOP,https://en.bluevistaprod.com/nos-realisations/thx-medical-dosamat-digital-2-0/,0,1,0,8
idn,DESKTOP,https://en.bluevistaprod.com/our-skills/aftermovie-event-capture/,0,1,0,18
idn,DESKTOP,https://en.bluevistaprod.com/our-skills/live-streaming-webtv/,0,2,0,10
idn,DESKTOP,https://en.bluevistaprod.com/our-skills/motion-design/,0,1,0,47
idn,DESKTOP,https://en.bluevistaprod.com/video-production-in-geneva/,0,7,0,24.9
idn,DESKTOP,https://www.bluevistaprod.com/,0,93,0,52.5
idn,DESKTOP,https://www.bluevistaprod.com/actualites/bluevista-le-motion-design/,0,1,0,84
idn,DESKTOP,https://www.bluevistaprod.com/actualites/carte-de-voeux-video/,0,2,0,96
idn,DESKTOP,https://www.bluevistaprod.com/actualites/category/video-360-vr/,0,5,0,36.4
idn,DESKTOP,https://www.bluevistaprod.com/actualites/koesio-carte-de-voeux-2023/,0,11,0,45
idn,DESKTOP,https://www.bluevistaprod.com/actualites/mase-4-motions/,0,1,0,11
idn,DESKTOP,https://www.bluevistaprod.com/actualites/motion-design-3d-et-mapping-a-paris-au-musee-rodin/,0,2,0,27
idn,DESKTOP,https://www.bluevistaprod.com/actualites/stann/,0,11,0,8.4
idn,DESKTOP,https://www.bluevistaprod.com/actualites/tag/salon/,0,1,0,85
idn,DESKTOP,https://www.bluevistaprod.com/actualites/video-immersive-360/,0,5,0,18.4
idn,DESKTOP,https://www.bluevistaprod.com/agence/,0,1,0,36
idn,DESKTOP,https://www.bluevistaprod.com/bluevista-agence-metaverse/,0,17,0,22.4
idn,DESKTOP,https://www.bluevistaprod.com/film-d-entreprise-paris-15-ans-d-experience/,0,22,0,40.2
idn,DESKTOP,https://www.bluevistaprod.com/nos-competences/aftermovie-captation-evenementielle/,0,7,0,28.6
idn,DESKTOP,https://www.bluevistaprod.com/nos-competences/animation-3d/,0,7,0,54.9
idn,DESKTOP,https://www.bluevistaprod.com/nos-competences/creation-immersive-realite-virtuelle/,0,5,0,72
idn,DESKTOP,https://www.bluevistaprod.com/nos-competences/live-streaming-webtv/,0,1,0,8
idn,DESKTOP,https://www.bluevistaprod.com/nos-competences/motion-design/,0,48,0,77.2
idn,DESKTOP,https://www.bluevistaprod.com/nos-competences/studio-fond-vert-compositing/,0,1,0,9
idn,DESKTOP,https://www.bluevistaprod.com/nos-competences/video-aerienne-drone/,0,7,0,34.7
idn,DESKTOP,https://www.bluevistaprod.com/nos-competences/video-corporate-film-dentreprise/,0,23,0,61.3
idn,DESKTOP,https://www.bluevistaprod.com/nos-competences/video-mapping/,0,9,0,18.2
idn,DESKTOP,https://www.bluevistaprod.com/nos-realisations/bos/,0,1,0,72
idn,DESKTOP,https://www.bluevistaprod.com/nos-realisations/deko-film-de-presentation/,0,2,0,47
idn,DESKTOP,https://www.bluevistaprod.com/nos-realisations/dromis-equans-ineo/,0,5,0,85.4
idn,DESKTOP,https://www.bluevistaprod.com/nos-realisations/eiffage-energie-expercite/,0,1,0,2
idn,DESKTOP,https://www.bluevistaprod.com/nos-realisations/engie-home-services-video-thermostat-migo/,0,6,0,22.7
idn,DESKTOP,https://www.bluevistaprod.com/nos-realisations/hitachi-hikumo/,0,1,0,78
idn,DESKTOP,https://www.bluevistaprod.com/nos-realisations/hitachi-yutaki/,0,1,0,92
idn,DESKTOP,https://www.bluevistaprod.com/nos-realisations/nightswapping/,0,1,0,19
idn,DESKTOP,https://www.bluevistaprod.com/nos-realisations/olinn-video-publicitaire/,0,1,0,13
idn,DESKTOP,https://www.bluevistaprod.com/nos-realisations/qwartz/,0,2,0,39.5
idn,DESKTOP,https://www.bluevistaprod.com/nos-realisations/radisson-360-vr/,0,6,0,20.7
idn,DESKTOP,https://www.bluevistaprod.com/nos-realisations/serl-video-360-vr/,0,6,0,29.2
idn,DESKTOP,https://www.bluevistaprod.com/nos-realisations/verizon-connect-video-de-presentation/,0,4,0,51.5
idn,DESKTOP,https://www.bluevistaprod.com/realisation-de-film-evenements/,0,1,0,10
idn,DESKTOP,https://www.bluevistaprod.com/realisation-film-entreprise-lyon/,0,197,0,33.1
idn,DESKTOP,https://www.bluevistaprod.com/realisation-film-evenementiel/,0,1,0,26
idn,DESKTOP,https://www.bluevistaprod.com/realisation-film-lancement-produit/,0,1,0,9
idn,DESKTOP,https://www.bluevistaprod.com/realisation-film-sante/,0,5,0,30.8
idn,DESKTOP,https://www.bluevistaprod.com/realisation-video-geneve/,0,1,0,87
idn,DESKTOP,https://www.bluevistaprod.com/studio-animation-3d-lyon/,0,28,0,42.1
idn,DESKTOP,https://www.bluevistaprod.com/studio-animation-3d-paris/,0,32,0,39.4
idn,DESKTOP,https://www.bluevistaprod.com/video-promotionnelle/,0,3,0,2
idn,DESKTOP,https://www.bluevistaprod.com/video-publicitaire/,0,44,0,48.5
idn,MOBILE,http://www.bluevistaprod.com/,0,5,0,1.8
idn,MOBILE,https://en.bluevistaprod.com/,0,25,0,6.8
idn,MOBILE,https://en.bluevistaprod.com/3d-animation-studio-in-lyon/,0,1,0,4
idn,MOBILE,https://en.bluevistaprod.com/3d-animation-studio-in-paris/,0,2,0,78
idn,MOBILE,https://en.bluevistaprod.com/actualites/barpi-industrial-accident-prevention/,0,79,0,5.7
idn,MOBILE,https://en.bluevistaprod.com/geneva-event-video-production/,0,1,0,72
idn,MOBILE,https://en.bluevistaprod.com/nos-realisations/amplitude-amplivision/,0,2,0,7.5
idn,MOBILE,https://en.bluevistaprod.com/nos-realisations/deko-presentation-film/,0,1,0,7
idn,MOBILE,https://en.bluevistaprod.com/nos-realisations/eiffage-energie-expercite/,0,1,0,6
idn,MOBILE,https://en.bluevistaprod.com/nos-realisations/hitachi-cs-net/,0,2,0,58.5
idn,MOBILE,https://en.bluevistaprod.com/nos-realisations/hitachi-film-catalogue-2021/,0,1,0,8
idn,MOBILE,https://en.bluevistaprod.com/nos-realisations/qwartz/,0,1,0,2
idn,MOBILE,https://en.bluevistaprod.com/nos-realisations/thx-medical-dosamat-digital-2-0/,0,12,0,10.3
idn,MOBILE,https://en.bluevistaprod.com/our-skills/aftermovie-event-capture/,0,1,0,43
idn,MOBILE,https://en.bluevistaprod.com/our-skills/live-streaming-webtv/,0,1,0,6
idn,MOBILE,https://www.bluevistaprod.com/,0,15,0,57.1
idn,MOBILE,https://www.bluevistaprod.com/actualites/,0,1,0,63
idn,MOBILE,https://www.bluevistaprod.com/actualites/animation-3d-grande-arche-de-la-defense/,0,2,0,72
idn,MOBILE,https://www.bluevistaprod.com/actualites/bluevista-creative-unicorn-team/,0,1,0,86
idn,MOBILE,https://www.bluevistaprod.com/actualites/bluevista-video-showreel-2021/,0,1,0,80
idn,MOBILE,https://www.bluevistaprod.com/actualites/bluevista-video-showreel-2023/,0,1,0,27
idn,MOBILE,https://www.bluevistaprod.com/actualites/carte-de-voeux-video/,0,2,0,39.5
idn,MOBILE,https://www.bluevistaprod.com/actualites/guitare-en-scene-2023/,0,1,0,93
idn,MOBILE,https://www.bluevistaprod.com/actualites/koesio-carte-de-voeux-2023/,0,3,0,53.3
idn,MOBILE,https://www.bluevistaprod.com/actualites/stann/,0,156,0,8
idn,MOBILE,https://www.bluevistaprod.com/actualites/tag/salon/,0,1,0,54
idn,MOBILE,https://www.bluevistaprod.com/agence/,0,1,0,70
idn,MOBILE,https://www.bluevistaprod.com/bluevista-agence-metaverse/,0,6,0,46
idn,MOBILE,https://www.bluevistaprod.com/film-d-entreprise-paris-15-ans-d-experience/,0,9,0,30.2
idn,MOBILE,https://www.bluevistaprod.com/nos-competences/aftermovie-captation-evenementielle/,0,5,0,23.8
idn,MOBILE,https://www.bluevistaprod.com/nos-competences/animation-3d/,0,6,0,58.8
idn,MOBILE,https://www.bluevistaprod.com/nos-competences/live-streaming-webtv/,0,8,0,45.1
idn,MOBILE,https://www.bluevistaprod.com/nos-competences/motion-design/,0,7,0,92.1
idn,MOBILE,https://www.bluevistaprod.com/nos-competences/studio-fond-vert-compositing/,0,1,0,32
idn,MOBILE,https://www.bluevistaprod.com/nos-competences/video-aerienne-drone/,0,3,0,66.7
idn,MOBILE,https://www.bluevistaprod.com/nos-competences/video-corporate-film-dentreprise/,0,11,0,62.4
idn,MOBILE,https://www.bluevistaprod.com/nos-competences/video-mapping/,0,2,0,53
idn,MOBILE,https://www.bluevistaprod.com/nos-realisations/amplitude-amplivision/,0,2,0,60
idn,MOBILE,https://www.bluevistaprod.com/nos-realisations/deko-film-de-presentation/,0,1,0,25
idn,MOBILE,https://www.bluevistaprod.com/nos-realisations/dromis-equans-ineo/,0,1,0,78
idn,MOBILE,https://www.bluevistaprod.com/nos-realisations/eiffage-energie-expercite/,0,2,0,53
idn,MOBILE,https://www.bluevistaprod.com/nos-realisations/engie-home-services-video-thermostat-migo/,0,5,0,13.8
idn,MOBILE,https://www.bluevistaprod.com/nos-realisations/stann-lapplication-de-gestion-dentreprise/,0,6,0,20
idn,MOBILE,https://www.bluevistaprod.com/nos-realisations/thx-medical-dosamat-digital-2-0/,0,2,0,20.5
idn,MOBILE,https://www.bluevistaprod.com/nos-realisations/verizon-connect-video-de-presentation/,0,6,0,53.8
idn,MOBILE,https://www.bluevistaprod.com/realisation-film-entreprise-lyon/,0,11,0,64.2
idn,MOBILE,https://www.bluevistaprod.com/realisation-film-lancement-produit/,0,2,0,16
idn,MOBILE,https://www.bluevistaprod.com/realisation-video-geneve/,0,1,0,24
idn,MOBILE,https://www.bluevistaprod.com/studio-animation-3d-lyon/,0,11,0,19.5
idn,MOBILE,https://www.bluevistaprod.com/studio-animation-3d-paris/,0,16,0,41
idn,MOBILE,https://www.bluevistaprod.com/video-publicitaire/,0,19,0,30.7
idn,TABLET,https://en.bluevistaprod.com/actualites/barpi-industrial-accident-prevention/,0,2,0,6.5
idn,TABLET,https://www.bluevistaprod.com/actualites/stann/,0,5,0,7.4
idn,TABLET,https://www.bluevistaprod.com/nos-competences/motion-design/,0,2,0,90
imn,DESKTOP,https://www.bluevistaprod.com/realisation-film-entreprise-lyon/,0,1,0,65
imn,DESKTOP,https://www.bluevistaprod.com/studio-animation-3d-paris/,0,1,0,16
ind,DESKTOP,http://www.bluevistaprod.com/,0,2,0,31
ind,DESKTOP,https://en.bluevistaprod.com/3d-animation-studio-in-lyon/,0,1,0,72
ind,DESKTOP,https://en.bluevistaprod.com/3d-animation-studio-in-paris/,0,2,0,24.5
ind,DESKTOP,https://en.bluevistaprod.com/actualites/360-immersive-video/,0,2,0,58
ind,DESKTOP,https://en.bluevistaprod.com/actualites/aravi-season-2022-2023/,0,2,0,7
ind,DESKTOP,https://en.bluevistaprod.com/actualites/barpi-industrial-accident-prevention/,0,191,0,6.2
ind,DESKTOP,https://en.bluevistaprod.com/actualites/mase-rhone-alpes-motions/,0,1,0,13
ind,DESKTOP,https://en.bluevistaprod.com/geneva-event-video-production/,0,37,0,48.1
ind,DESKTOP,https://en.bluevistaprod.com/nos-realisations/amplitude-amplivision/,0,13,0,5.8
ind,DESKTOP,https://en.bluevistaprod.com/nos-realisations/hitachi-cs-net/,0,12,0,12.9
ind,DESKTOP,https://en.bluevistaprod.com/nos-realisations/hitachi-yutaki/,0,1,0,90
ind,DESKTOP,https://en.bluevistaprod.com/nos-realisations/spc/,0,1,0,84
ind,DESKTOP,https://en.bluevistaprod.com/nos-realisations/thx-medical-dosamat-digital-2-0/,0,5,0,5.4
ind,DESKTOP,https://en.bluevistaprod.com/our-achievements/,0,2,0,25
ind,DESKTOP,https://en.bluevistaprod.com/our-skills/3d-animation/,0,1,0,99
ind,DESKTOP,https://en.bluevistaprod.com/our-skills/aftermovie-event-capture/,0,2,0,13
ind,DESKTOP,https://en.bluevistaprod.com/our-skills/immersive-creation-virtual-reality/,0,3,0,85
ind,DESKTOP,https://en.bluevistaprod.com/our-skills/live-streaming-webtv/,0,9,0,13.6
ind,DESKTOP,https://en.bluevistaprod.com/our-skills/motion-design/,0,1,0,56
ind,DESKTOP,https://en.bluevistaprod.com/video-production-in-geneva/,0,37,0,32.2
ind,DESKTOP,https://www.bluevistaprod.com/,0,328,0,52
ind,DESKTOP,https://www.bluevistaprod.com/actualites/animation-3d-grande-arche-de-la-defense/,0,1,0,101
ind,DESKTOP,https://www.bluevistaprod.com/actualites/aravi-saison-2022-2023/,0,1,0,16
ind,DESKTOP,https://www.bluevistaprod.com/actualites/bluevista-le-motion-design/,0,1,0,60
ind,DESKTOP,https://www.bluevistaprod.com/actualites/bluevista-video-showreel-2023/,0,5,0,69.2
ind,DESKTOP,https://www.bluevistaprod.com/actualites/carte-de-voeux-video/,0,20,0,48.4
ind,DESKTOP,https://www.bluevistaprod.com/actualites/category/video-360-vr/,0,14,0,32.8
ind,DESKTOP,https://www.bluevistaprod.com/actualites/guitare-en-scene-2023/,0,1,0,90
ind,DESKTOP,https://www.bluevistaprod.com/actualites/koesio-carte-de-voeux-2023/,0,33,0,35.3
ind,DESKTOP,https://www.bluevistaprod.com/actualites/mapping-printemps-lyon/,0,2,0,27
ind,DESKTOP,https://www.bluevistaprod.com/actualites/mase-4-motions/,0,3,0,44.7
ind,DESKTOP,https://www.bluevistaprod.com/actualites/motion-design-3d-et-mapping-a-paris-au-musee-rodin/,0,2,0,39.5
ind,DESKTOP,https://www.bluevistaprod.com/actualites/projet-de-realisation-video-360/,0,1,0,104
ind,DESKTOP,https://www.bluevistaprod.com/actualites/showroom-virtuel-gf-machining-solutions/,0,1,0,70
ind,DESKTOP,https://www.bluevistaprod.com/actualites/stann/,0,14,0,24.8
ind,DESKTOP,https://www.bluevistaprod.com/actualites/vercors-les-chemins-de-la-liberte/,0,2,0,89.5
ind,DESKTOP,https://www.bluevistaprod.com/actualites/video-immersive-360/,0,8,0,30
ind,DESKTOP,https://www.bluevistaprod.com/agence/,0,7,0,71.7
ind,DESKTOP,https://www.bluevistaprod.com/bluevista-agence-metaverse/,0,39,0,51.4
ind,DESKTOP,https://www.bluevistaprod.com/film-corporate-lyon-depuis-2004/,0,1,0,36
ind,DESKTOP,https://www.bluevistaprod.com/film-d-entreprise-paris-15-ans-d-experience/,0,66,0,47.6
ind,DESKTOP,https://www.bluevistaprod.com/mentions-legales/,0,1,0,74
ind,DESKTOP,https://www.bluevistaprod.com/nos-competences/,0,1,0,5
ind,DESKTOP,https://www.bluevistaprod.com/nos-competences/aftermovie-captation-evenementielle/,0,22,0,25.6
ind,DESKTOP,https://www.bluevistaprod.com/nos-competences/animation-3d/,0,41,0,50.1
ind,DESKTOP,https://www.bluevistaprod.com/nos-competences/creation-immersive-realite-virtuelle/,0,11,0,79.6
ind,DESKTOP,https://www.bluevistaprod.com/nos-competences/live-streaming-webtv/,0,18,0,51.7
ind,DESKTOP,https://www.bluevistaprod.com/nos-competences/motion-design/,0,159,0,81.7
ind,DESKTOP,https://www.bluevistaprod.com/nos-competences/studio-fond-vert-compositing/,0,8,0,19.6
ind,DESKTOP,https://www.bluevistaprod.com/nos-competences/video-aerienne-drone/,0,66,0,45.4
ind,DESKTOP,https://www.bluevistaprod.com/nos-competences/video-corporate-film-dentreprise/,0,119,0,62
ind,DESKTOP,https://www.bluevistaprod.com/nos-competences/video-mapping/,0,17,0,29.6
ind,DESKTOP,https://www.bluevistaprod.com/nos-realisations/abb-snk-3d-solaire/,0,1,0,30
ind,DESKTOP,https://www.bluevistaprod.com/nos-realisations/bluevista-motion-design/,0,1,0,59
ind,DESKTOP,https://www.bluevistaprod.com/nos-realisations/bluevista-showreel-2025/,0,1,0,85
ind,DESKTOP,https://www.bluevistaprod.com/nos-realisations/cera-agence-innovation/,0,4,0,54
ind,DESKTOP,https://www.bluevistaprod.com/nos-realisations/dromis-equans-ineo/,0,10,0,85.4
ind,DESKTOP,https://www.bluevistaprod.com/nos-realisations/eiffage-energie-expercite/,0,4,0,2.5
ind,DESKTOP,https://www.bluevistaprod.com/nos-realisations/engie-home-services-video-thermostat-migo/,0,13,0,31.1
ind,DESKTOP,https://www.bluevistaprod.com/nos-realisations/hitachi-hikumo/,0,1,0,58
ind,DESKTOP,https://www.bluevistaprod.com/nos-realisations/hitachi-yutaki/,0,1,0,84
ind,DESKTOP,https://www.bluevistaprod.com/nos-realisations/koesio-voeux-2023/,0,1,0,44
ind,DESKTOP,https://www.bluevistaprod.com/nos-realisations/nightswapping/,0,4,0,43.8
ind,DESKTOP,https://www.bluevistaprod.com/nos-realisations/olinn-video-publicitaire/,0,2,0,25.5
ind,DESKTOP,https://www.bluevistaprod.com/nos-realisations/pisten-bully-dameuse-360-vr/,0,1,0,33
ind,DESKTOP,https://www.bluevistaprod.com/nos-realisations/printemps-mapping/,0,1,0,92
ind,DESKTOP,https://www.bluevistaprod.com/nos-realisations/qwartz/,0,14,0,49.4
ind,DESKTOP,https://www.bluevistaprod.com/nos-realisations/radisson-360-vr/,0,9,0,19.1
ind,DESKTOP,https://www.bluevistaprod.com/nos-realisations/serl-video-360-vr/,0,7,0,30.3
ind,DESKTOP,https://www.bluevistaprod.com/nos-realisations/stann-lapplication-de-gestion-dentreprise/,0,4,0,31.5
ind,DESKTOP,https://www.bluevistaprod.com/nos-realisations/thx-medical-dosamat-digital-2-0/,0,1,0,16
ind,DESKTOP,https://www.bluevistaprod.com/nos-realisations/verizon-connect-video-de-presentation/,0,21,0,51.3
ind,DESKTOP,https://www.bluevistaprod.com/realisation-de-film-evenements/,0,4,0,28.5
ind,DESKTOP,https://www.bluevistaprod.com/realisation-film-entreprise-lyon/,0,425,0,39
ind,DESKTOP,https://www.bluevistaprod.com/realisation-film-evenementiel/,0,10,0,27.6
ind,DESKTOP,https://www.bluevistaprod.com/realisation-film-lancement-produit/,0,16,0,81.6
ind,DESKTOP,https://www.bluevistaprod.com/realisation-film-sante/,0,11,0,26.5
ind,DESKTOP,https://www.bluevistaprod.com/realisation-video-geneve/,0,7,0,61.1
ind,DESKTOP,https://www.bluevistaprod.com/studio-animation-3d-lyon/,0,147,0,45
ind,DESKTOP,https://www.bluevistaprod.com/studio-animation-3d-paris/,0,115,0,43.8
ind,DESKTOP,https://www.bluevistaprod.com/video-promotionnelle/,0,8,0,2.6
ind,DESKTOP,https://www.bluevistaprod.com/video-publicitaire/,0,110,0,52.1
ind,MOBILE,http://www.bluevistaprod.com/,0,1,0,22
ind,MOBILE,https://en.bluevistaprod.com/actualites/3d-motion-design-and-mapping-in-paris-at-the-rodin-museum/,0,1,0,54
ind,MOBILE,https://en.bluevistaprod.com/actualites/barpi-industrial-accident-prevention/,0,1908,0,6.8
ind,MOBILE,https://en.bluevistaprod.com/actualites/getlive-tv-3-0-wbe-tv-according-to-bluevista/,0,2,0,5.5
ind,MOBILE,https://en.bluevistaprod.com/actualites/sport-boules-16th-emile-terrier-trophy/,0,1,0,6
ind,MOBILE,https://en.bluevistaprod.com/actualites/stann/,0,10,0,10.7
ind,MOBILE,https://en.bluevistaprod.com/actualites/the-bluevista-metaverse-the-blueverse/,0,1,0,5
ind,MOBILE,https://en.bluevistaprod.com/geneva-event-video-production/,0,4,0,70.5
ind,MOBILE,https://en.bluevistaprod.com/nos-realisations/amplitude-amplivision/,0,6,0,6.5
ind,MOBILE,https://en.bluevistaprod.com/nos-realisations/deko-presentation-film/,0,1,0,1
ind,MOBILE,https://en.bluevistaprod.com/nos-realisations/eiffage-energie-expercite/,0,2,0,3
ind,MOBILE,https://en.bluevistaprod.com/nos-realisations/qwartz/,0,2,0,10.5
ind,MOBILE,https://en.bluevistaprod.com/nos-realisations/tetro-navya/,0,1,0,10
ind,MOBILE,https://en.bluevistaprod.com/nos-realisations/thx-medical-dosamat-digital-2-0/,0,3,0,2
ind,MOBILE,https://en.bluevistaprod.com/our-skills/aftermovie-event-capture/,0,1,0,98
ind,MOBILE,https://en.bluevistaprod.com/our-skills/immersive-creation-virtual-reality/,0,3,0,83.3
ind,MOBILE,https://en.bluevistaprod.com/video-production-in-geneva/,0,5,0,59.8
ind,MOBILE,https://www.bluevistaprod.com/,0,29,0,49.1
ind,MOBILE,https://www.bluevistaprod.com/actualites/,0,4,0,64.8
ind,MOBILE,https://www.bluevistaprod.com/actualites/50ans-de-lpa-une-histoire-lyonnaise/,0,1,0,46
ind,MOBILE,https://www.bluevistaprod.com/actualites/animation-3d-grande-arche-de-la-defense/,0,5,0,57.4
ind,MOBILE,https://www.bluevistaprod.com/actualites/bluevista-le-motion-design/,0,1,0,51
ind,MOBILE,https://www.bluevistaprod.com/actualites/bluevista-video-showreel-2020/,0,1,0,36
ind,MOBILE,https://www.bluevistaprod.com/actualites/bluevista-video-showreel-2021/,0,1,0,34
ind,MOBILE,https://www.bluevistaprod.com/actualites/bluevista-video-showreel-2023/,0,2,0,34
ind,MOBILE,https://www.bluevistaprod.com/actualites/carte-de-voeux-video/,0,8,0,49.9
ind,MOBILE,https://www.bluevistaprod.com/actualites/guitare-en-scene-2023/,0,2,0,91.5
ind,MOBILE,https://www.bluevistaprod.com/actualites/koesio-carte-de-voeux-2023/,0,5,0,33
ind,MOBILE,https://www.bluevistaprod.com/actualites/projet-de-realisation-video-360/,0,1,0,22
ind,MOBILE,https://www.bluevistaprod.com/actualites/stann/,0,30,0,11.9
ind,MOBILE,https://www.bluevistaprod.com/actualites/tag/salon/,0,1,0,52
ind,MOBILE,https://www.bluevistaprod.com/agence/,0,3,0,71.3
ind,MOBILE,https://www.bluevistaprod.com/bluevista-agence-metaverse/,0,6,0,57.7
ind,MOBILE,https://www.bluevistaprod.com/contact-devis/,0,2,0,44
ind,MOBILE,https://www.bluevistaprod.com/film-d-entreprise-paris-15-ans-d-experience/,0,18,0,43.4
ind,MOBILE,https://www.bluevistaprod.com/mentions-legales/,0,1,0,61
ind,MOBILE,https://www.bluevistaprod.com/nos-competences/,0,1,0,64
ind,MOBILE,https://www.bluevistaprod.com/nos-competences/aftermovie-captation-evenementielle/,0,6,0,16.3
ind,MOBILE,https://www.bluevistaprod.com/nos-competences/animation-3d/,0,11,0,68.5
ind,MOBILE,https://www.bluevistaprod.com/nos-competences/live-streaming-webtv/,0,23,0,60.8
ind,MOBILE,https://www.bluevistaprod.com/nos-competences/motion-design/,0,14,0,85.4
ind,MOBILE,https://www.bluevistaprod.com/nos-competences/video-aerienne-drone/,0,7,0,41.6
ind,MOBILE,https://www.bluevistaprod.com/nos-competences/video-corporate-film-dentreprise/,0,16,0,50.1
ind,MOBILE,https://www.bluevistaprod.com/nos-competences/video-mapping/,0,7,0,48.9
ind,MOBILE,https://www.bluevistaprod.com/nos-realisations/,0,2,0,50
ind,MOBILE,https://www.bluevistaprod.com/nos-realisations/amplitude-amplivision/,0,1,0,57
ind,MOBILE,https://www.bluevistaprod.com/nos-realisations/bos/,0,1,0,62
ind,MOBILE,https://www.bluevistaprod.com/nos-realisations/deko-film-de-presentation/,0,1,0,20
ind,MOBILE,https://www.bluevistaprod.com/nos-realisations/dromis-equans-ineo/,0,1,0,8
ind,MOBILE,https://www.bluevistaprod.com/nos-realisations/eiffage-energie-expercite/,0,1,0,100
ind,MOBILE,https://www.bluevistaprod.com/nos-realisations/engie-home-services-video-thermostat-migo/,0,6,0,23.8
ind,MOBILE,https://www.bluevistaprod.com/nos-realisations/olinn-video-publicitaire/,0,3,0,1
ind,MOBILE,https://www.bluevistaprod.com/nos-realisations/qwartz/,0,5,0,56.2
ind,MOBILE,https://www.bluevistaprod.com/nos-realisations/stann-lapplication-de-gestion-dentreprise/,0,5,0,35.8
ind,MOBILE,https://www.bluevistaprod.com/nos-realisations/thx-medical-dosamat-digital-2-0/,0,1,0,9
ind,MOBILE,https://www.bluevistaprod.com/nos-realisations/verizon-connect-video-de-presentation/,0,12,0,65.9
ind,MOBILE,https://www.bluevistaprod.com/realisation-de-film-banques-assurances/,0,1,0,80
ind,MOBILE,https://www.bluevistaprod.com/realisation-film-entreprise-lyon/,0,10,0,59.9
ind,MOBILE,https://www.bluevistaprod.com/realisation-film-evenementiel/,0,1,0,36
ind,MOBILE,https://www.bluevistaprod.com/realisation-film-industrie/,0,1,0,80
ind,MOBILE,https://www.bluevistaprod.com/realisation-film-lancement-produit/,0,7,0,32.4
ind,MOBILE,https://www.bluevistaprod.com/realisation-video-geneve/,0,1,0,36
ind,MOBILE,https://www.bluevistaprod.com/studio-animation-3d-lyon/,0,32,0,24.6
ind,MOBILE,https://www.bluevistaprod.com/studio-animation-3d-paris/,0,39,0,43.4
ind,MOBILE,https://www.bluevistaprod.com/video-publicitaire/,0,60,0,35.6
ind,TABLET,https://en.bluevistaprod.com/,0,2,0,5.5
ind,TABLET,https://en.bluevistaprod.com/actualites/barpi-industrial-accident-prevention/,0,5,0,8
ind,TABLET,https://en.bluevistaprod.com/nos-realisations/hitachi-cs-net/,0,1,0,15
ind,TABLET,https://en.bluevistaprod.com/our-skills/live-streaming-webtv/,0,2,0,9
ind,TABLET,https://www.bluevistaprod.com/actualites/stann/,0,1,0,5
ind,TABLET,https://www.bluevistaprod.com/nos-competences/motion-design/,0,2,0,84.5
irl,DESKTOP,https://en.bluevistaprod.com/,0,9,0,7.6
irl,DESKTOP,https://en.bluevistaprod.com/3d-animation-studio-in-paris/,0,8,0,14.6
irl,DESKTOP,https://en.bluevistaprod.com/actualites/barpi-industrial-accident-prevention/,0,1,0,7
irl,DESKTOP,https://en.bluevistaprod.com/geneva-event-video-production/,0,7,0,70.4
irl,DESKTOP,https://en.bluevistaprod.com/nos-realisations/elistair-orion/,0,1,0,28
irl,DESKTOP,https://en.bluevistaprod.com/nos-realisations/hitachi-cs-net/,0,2,0,74.5
irl,DESKTOP,https://en.bluevistaprod.com/our-skills/live-streaming-webtv/,0,2,0,9
irl,DESKTOP,https://en.bluevistaprod.com/video-production-in-geneva/,0,7,0,45.3
irl,DESKTOP,https://www.bluevistaprod.com/,0,58,0,40.4
irl,DESKTOP,https://www.bluevistaprod.com/actualites/animation-3d-produit-hitachi-csnet-manager/,0,1,0,35
irl,DESKTOP,https://www.bluevistaprod.com/actualites/carte-de-voeux-video/,0,2,0,88
irl,DESKTOP,https://www.bluevistaprod.com/actualites/koesio-carte-de-voeux-2023/,0,2,0,31
irl,DESKTOP,https://www.bluevistaprod.com/actualites/video-immersive-360/,0,2,0,43.5
irl,DESKTOP,https://www.bluevistaprod.com/agence/,0,1,0,101
irl,DESKTOP,https://www.bluevistaprod.com/bluevista-agence-metaverse/,0,2,0,24
irl,DESKTOP,https://www.bluevistaprod.com/film-d-entreprise-paris-15-ans-d-experience/,0,9,0,29.3
irl,DESKTOP,https://www.bluevistaprod.com/nos-competences/aftermovie-captation-evenementielle/,0,16,0,13.6
irl,DESKTOP,https://www.bluevistaprod.com/nos-competences/animation-3d/,0,3,0,67
irl,DESKTOP,https://www.bluevistaprod.com/nos-competences/live-streaming-webtv/,0,2,0,43.5
irl,DESKTOP,https://www.bluevistaprod.com/nos-competences/motion-design/,0,13,0,78.4
irl,DESKTOP,https://www.bluevistaprod.com/nos-competences/video-aerienne-drone/,0,8,0,48.1
irl,DESKTOP,https://www.bluevistaprod.com/nos-competences/video-corporate-film-dentreprise/,0,13,0,51.8
irl,DESKTOP,https://www.bluevistaprod.com/nos-realisations/cera-agence-innovation/,0,1,0,53
irl,DESKTOP,https://www.bluevistaprod.com/nos-realisations/hitachi-hikumo/,0,1,0,92
irl,DESKTOP,https://www.bluevistaprod.com/nos-realisations/hitachi-yutaki/,0,2,0,63
irl,DESKTOP,https://www.bluevistaprod.com/nos-realisations/icsi-briefing-debriefing-minute-darret-2/,0,1,0,30
irl,DESKTOP,https://www.bluevistaprod.com/nos-realisations/icsi-briefing-debriefing-minute-darret/,0,1,0,64
irl,DESKTOP,https://www.bluevistaprod.com/nos-realisations/nightswapping/,0,1,0,22
irl,DESKTOP,https://www.bluevistaprod.com/nos-realisations/qwartz/,0,2,0,37
irl,DESKTOP,https://www.bluevistaprod.com/nos-realisations/stann-lapplication-de-gestion-dentreprise/,0,2,0,7
irl,DESKTOP,https://www.bluevistaprod.com/nos-realisations/verizon-connect-video-de-presentation/,0,15,0,4.7
irl,DESKTOP,https://www.bluevistaprod.com/realisation-de-film-evenements/,0,1,0,34
irl,DESKTOP,https://www.bluevistaprod.com/realisation-film-entreprise-lyon/,0,22,0,40
irl,DESKTOP,https://www.bluevistaprod.com/realisation-film-lancement-produit/,0,3,0,48.3
irl,DESKTOP,https://www.bluevistaprod.com/realisation-film-territoires/,0,1,0,69
irl,DESKTOP,https://www.bluevistaprod.com/realisation-video-geneve/,0,2,0,31.5
irl,DESKTOP,https://www.bluevistaprod.com/studio-animation-3d-lyon/,0,26,0,26
irl,DESKTOP,https://www.bluevistaprod.com/studio-animation-3d-paris/,0,64,0,22.8
irl,DESKTOP,https://www.bluevistaprod.com/video-publicitaire/,0,21,0,33.6
irl,MOBILE,https://en.bluevistaprod.com/,0,8,0,7
irl,MOBILE,https://en.bluevistaprod.com/actualites/barpi-industrial-accident-prevention/,0,5,0,7.2
irl,MOBILE,https://en.bluevistaprod.com/nos-realisations/pisten-bully-360-vr-snowcat/,0,1,0,5
irl,MOBILE,https://www.bluevistaprod.com/actualites/stann/,0,5,0,10.6
irl,MOBILE,https://www.bluevistaprod.com/film-d-entreprise-paris-15-ans-d-experience/,0,2,0,9.5
irl,MOBILE,https://www.bluevistaprod.com/nos-competences/animation-3d/,0,2,0,54.5
irl,MOBILE,https://www.bluevistaprod.com/nos-competences/live-streaming-webtv/,0,2,0,26
irl,MOBILE,https://www.bluevistaprod.com/nos-competences/motion-design/,0,3,0,69
irl,MOBILE,https://www.bluevistaprod.com/nos-competences/video-corporate-film-dentreprise/,0,1,0,72
irl,MOBILE,https://www.bluevistaprod.com/nos-realisations/dromis-equans-ineo/,0,1,0,69
irl,MOBILE,https://www.bluevistaprod.com/nos-realisations/olinn-video-publicitaire/,0,1,0,1
irl,MOBILE,https://www.bluevistaprod.com/nos-realisations/verizon-connect-video-de-presentation/,0,1,0,9
irl,MOBILE,https://www.bluevistaprod.com/realisation-film-evenementiel/,0,1,0,31
irl,MOBILE,https://www.bluevistaprod.com/studio-animation-3d-lyon/,0,3,0,50.7
irl,MOBILE,https://www.bluevistaprod.com/video-publicitaire/,0,2,0,78
irl,TABLET,https://en.bluevistaprod.com/our-skills/live-streaming-webtv/,0,1,0,9
irn,DESKTOP,https://en.bluevistaprod.com/actualites/barpi-industrial-accident-prevention/,0,16,0,6.6
irn,DESKTOP,https://en.bluevistaprod.com/geneva-event-video-production/,0,2,0,71.5
irn,DESKTOP,https://en.bluevistaprod.com/nos-realisations/amplitude-amplivision/,0,5,0,9
irn,DESKTOP,https://en.bluevistaprod.com/our-skills/live-streaming-webtv/,0,1,0,7
irn,DESKTOP,https://en.bluevistaprod.com/video-production-in-geneva/,0,2,0,38.5
irn,DESKTOP,https://www.bluevistaprod.com/,0,24,0,49.8
irn,DESKTOP,https://www.bluevistaprod.com/actualites/,0,1,0,99
irn,DESKTOP,https://www.bluevistaprod.com/actualites/bluevista-video-showreel-2023/,0,1,0,9
irn,DESKTOP,https://www.bluevistaprod.com/actualites/carte-de-voeux-video/,0,2,0,87.5
irn,DESKTOP,https://www.bluevistaprod.com/actualites/category/videomapping/,0,1,0,77
irn,DESKTOP,https://www.bluevistaprod.com/actualites/koesio-carte-de-voeux-2023/,0,1,0,51
irn,DESKTOP,https://www.bluevistaprod.com/actualites/mapping-printemps-lyon/,0,1,0,36
irn,DESKTOP,https://www.bluevistaprod.com/agence/,0,1,0,21
irn,DESKTOP,https://www.bluevistaprod.com/bluevista-agence-metaverse/,0,2,0,39.5
irn,DESKTOP,https://www.bluevistaprod.com/film-d-entreprise-paris-15-ans-d-experience/,0,6,0,42.3
irn,DESKTOP,https://www.bluevistaprod.com/nos-competences/aftermovie-captation-evenementielle/,0,2,0,78.5
irn,DESKTOP,https://www.bluevistaprod.com/nos-competences/animation-3d/,0,4,0,22.3
irn,DESKTOP,https://www.bluevistaprod.com/nos-competences/creation-immersive-realite-virtuelle/,0,1,0,32
irn,DESKTOP,https://www.bluevistaprod.com/nos-competences/motion-design/,0,10,0,81.5
irn,DESKTOP,https://www.bluevistaprod.com/nos-competences/video-aerienne-drone/,0,10,0,35.3
irn,DESKTOP,https://www.bluevistaprod.com/nos-competences/video-corporate-film-dentreprise/,0,8,0,58.6
irn,DESKTOP,https://www.bluevistaprod.com/nos-competences/video-mapping/,0,6,0,13.5
irn,DESKTOP,https://www.bluevistaprod.com/nos-realisations/pisten-bully-dameuse-360-vr/,0,1,0,67
irn,DESKTOP,https://www.bluevistaprod.com/nos-realisations/radisson-360-vr/,0,1,0,16
irn,DESKTOP,https://www.bluevistaprod.com/nos-realisations/serl-video-360-vr/,0,1,0,36
irn,DESKTOP,https://www.bluevistaprod.com/nos-realisations/verizon-connect-video-de-presentation/,0,3,0,62
irn,DESKTOP,https://www.bluevistaprod.com/realisation-de-film-evenements/,0,3,0,19.7
irn,DESKTOP,https://www.bluevistaprod.com/realisation-film-entreprise-lyon/,0,13,0,45.1
irn,DESKTOP,https://www.bluevistaprod.com/realisation-film-sante/,0,1,0,3
irn,DESKTOP,https://www.bluevistaprod.com/realisation-video-geneve/,0,5,0,33
irn,DESKTOP,https://www.bluevistaprod.com/studio-animation-3d-lyon/,0,8,0,15.3
irn,DESKTOP,https://www.bluevistaprod.com/studio-animation-3d-paris/,0,12,0,28.9
irn,DESKTOP,https://www.bluevistaprod.com/video-publicitaire/,0,4,0,17
irn,MOBILE,https://en.bluevistaprod.com/,0,3,0,4
irn,MOBILE,https://en.bluevistaprod.com/actualites/barpi-industrial-accident-prevention/,0,83,0,6.5
irn,MOBILE,https://en.bluevistaprod.com/nos-realisations/abb-snk-3d-solar/,0,2,0,7
irn,MOBILE,https://en.bluevistaprod.com/nos-realisations/amplitude-amplivision/,0,1,0,1
irn,MOBILE,https://en.bluevistaprod.com/nos-realisations/hitachi-cs-net/,0,1,0,5
irn,MOBILE,https://en.bluevistaprod.com/our-skills/live-streaming-webtv/,0,1,0,11
irn,MOBILE,https://en.bluevistaprod.com/the-agency/,0,1,0,7
irn,MOBILE,https://www.bluevistaprod.com/,0,1,0,93
irn,MOBILE,https://www.bluevistaprod.com/actualites/stann/,0,2,0,6.5
irn,MOBILE,https://www.bluevistaprod.com/actualites/video-immersive-360/,0,3,0,16.3
irn,MOBILE,https://www.bluevistaprod.com/nos-competences/video-aerienne-drone/,0,1,0,51
irn,MOBILE,https://www.bluevistaprod.com/nos-realisations/amplitude-amplivision/,0,1,0,10
irn,MOBILE,https://www.bluevistaprod.com/nos-realisations/santos-i-grind-coffee-grinder-reveal/,0,1,0,12
irn,MOBILE,https://www.bluevistaprod.com/nos-realisations/santos-i-grind-coffee-grinder-teaser/,0,1,0,17
irn,MOBILE,https://www.bluevistaprod.com/realisation-film-entreprise-lyon/,0,1,0,81
irn,MOBILE,https://www.bluevistaprod.com/realisation-film-sante/,0,1,0,14
irn,MOBILE,https://www.bluevistaprod.com/studio-animation-3d-paris/,0,1,0,19
irn,TABLET,https://en.bluevistaprod.com/actualites/barpi-industrial-accident-prevention/,0,1,0,9
irq,DESKTOP,https://en.bluevistaprod.com/,0,1,0,22
irq,DESKTOP,https://en.bluevistaprod.com/3d-animation-studio-in-lyon/,0,1,0,14
irq,DESKTOP,https://en.bluevistaprod.com/actualites/360-immersive-video/,0,1,0,58
irq,DESKTOP,https://en.bluevistaprod.com/geneva-event-video-production/,0,2,0,51
irq,DESKTOP,https://en.bluevistaprod.com/nos-realisations/tetro-carre-senart/,0,2,0,9.5
irq,DESKTOP,https://en.bluevistaprod.com/video-production-in-geneva/,0,3,0,58
irq,DESKTOP,https://www.bluevistaprod.com/,0,64,0,58.4
irq,DESKTOP,https://www.bluevistaprod.com/actualites/,0,1,0,36
irq,DESKTOP,https://www.bluevistaprod.com/actualites/barpi-prevention-accidents/,0,1,0,27
irq,DESKTOP,https://www.bluevistaprod.com/actualites/bluevista-video-showreel-2023/,0,1,0,73
irq,DESKTOP,https://www.bluevistaprod.com/actualites/carte-de-voeux-video/,0,3,0,52.7
irq,DESKTOP,https://www.bluevistaprod.com/actualites/category/tournage-studio/,0,1,0,100
irq,DESKTOP,https://www.bluevistaprod.com/actualites/mapping-printemps-lyon/,0,1,0,55
irq,DESKTOP,https://www.bluevistaprod.com/actualites/motion-design-3d-et-mapping-a-paris-au-musee-rodin/,0,1,0,81
irq,DESKTOP,https://www.bluevistaprod.com/actualites/stann/,0,1,0,9
irq,DESKTOP,https://www.bluevistaprod.com/actualites/video-immersive-360/,0,3,0,39.3
irq,DESKTOP,https://www.bluevistaprod.com/agence/,0,1,0,35
irq,DESKTOP,https://www.bluevistaprod.com/bluevista-agence-metaverse/,0,11,0,31.5
irq,DESKTOP,https://www.bluevistaprod.com/film-d-entreprise-paris-15-ans-d-experience/,0,14,0,42.2
irq,DESKTOP,https://www.bluevistaprod.com/film-entreprise-lyon-15-ans-experience/,0,1,0,34
irq,DESKTOP,https://www.bluevistaprod.com/nos-competences/aftermovie-captation-evenementielle/,0,1,0,16
irq,DESKTOP,https://www.bluevistaprod.com/nos-competences/animation-3d/,0,4,0,39.8
irq,DESKTOP,https://www.bluevistaprod.com/nos-competences/creation-immersive-realite-virtuelle/,0,5,0,47.6
irq,DESKTOP,https://www.bluevistaprod.com/nos-competences/live-streaming-webtv/,0,1,0,81
irq,DESKTOP,https://www.bluevistaprod.com/nos-competences/motion-design/,0,20,0,81.9
irq,DESKTOP,https://www.bluevistaprod.com/nos-competences/studio-fond-vert-compositing/,0,5,0,15
irq,DESKTOP,https://www.bluevistaprod.com/nos-competences/video-aerienne-drone/,0,6,0,58.3
irq,DESKTOP,https://www.bluevistaprod.com/nos-competences/video-corporate-film-dentreprise/,0,19,0,65.2
irq,DESKTOP,https://www.bluevistaprod.com/nos-competences/video-mapping/,0,3,0,23.3
irq,DESKTOP,https://www.bluevistaprod.com/nos-realisations/cera-agence-innovation/,0,1,0,39
irq,DESKTOP,https://www.bluevistaprod.com/nos-realisations/dromis-equans-ineo/,0,2,0,92
irq,DESKTOP,https://www.bluevistaprod.com/nos-realisations/qwartz/,0,2,0,28
irq,DESKTOP,https://www.bluevistaprod.com/nos-realisations/radisson-360-vr/,0,1,0,68
irq,DESKTOP,https://www.bluevistaprod.com/nos-realisations/verizon-connect-video-de-presentation/,0,3,0,49
irq,DESKTOP,https://www.bluevistaprod.com/realisation-film-entreprise-lyon/,0,37,0,41.7
irq,DESKTOP,https://www.bluevistaprod.com/realisation-film-evenementiel/,0,1,0,28
irq,DESKTOP,https://www.bluevistaprod.com/realisation-film-sante/,0,1,0,15
irq,DESKTOP,https://www.bluevistaprod.com/realisation-video-geneve/,0,1,0,86
irq,DESKTOP,https://www.bluevistaprod.com/studio-animation-3d-lyon/,0,14,0,22.1
irq,DESKTOP,https://www.bluevistaprod.com/studio-animation-3d-paris/,0,8,0,37
irq,DESKTOP,https://www.bluevistaprod.com/video-publicitaire/,0,5,0,56.2
irq,MOBILE,https://en.bluevistaprod.com/,0,1,0,9
irq,MOBILE,https://en.bluevistaprod.com/actualites/barpi-industrial-accident-prevention/,0,4,0,7.5
irq,MOBILE,https://en.bluevistaprod.com/nos-realisations/hitachi-cs-net/,0,3,0,10.3
irq,MOBILE,https://www.bluevistaprod.com/,0,5,0,41
irq,MOBILE,https://www.bluevistaprod.com/actualites/stann/,0,1,0,7
irq,MOBILE,https://www.bluevistaprod.com/actualites/video-immersive-360/,0,2,0,35
irq,MOBILE,https://www.bluevistaprod.com/bluevista-agence-metaverse/,0,6,0,15.7
irq,MOBILE,https://www.bluevistaprod.com/film-d-entreprise-paris-15-ans-d-experience/,0,4,0,6.8
irq,MOBILE,https://www.bluevistaprod.com/nos-competences/aftermovie-captation-evenementielle/,0,2,0,55
irq,MOBILE,https://www.bluevistaprod.com/nos-competences/live-streaming-webtv/,0,5,0,49.8
irq,MOBILE,https://www.bluevistaprod.com/nos-competences/motion-design/,0,2,0,88.5
irq,MOBILE,https://www.bluevistaprod.com/nos-competences/video-aerienne-drone/,0,2,0,27
irq,MOBILE,https://www.bluevistaprod.com/nos-competences/video-corporate-film-dentreprise/,0,3,0,49
irq,MOBILE,https://www.bluevistaprod.com/nos-realisations/dromis-equans-ineo/,0,1,0,93
irq,MOBILE,https://www.bluevistaprod.com/nos-realisations/olinn-video-publicitaire/,0,1,0,45
irq,MOBILE,https://www.bluevistaprod.com/realisation-film-entreprise-lyon/,0,1,0,41
irq,MOBILE,https://www.bluevistaprod.com/realisation-film-lancement-produit/,0,1,0,36
irq,MOBILE,https://www.bluevistaprod.com/studio-animation-3d-lyon/,0,3,0,30
irq,MOBILE,https://www.bluevistaprod.com/studio-animation-3d-paris/,0,2,0,94
irq,MOBILE,https://www.bluevistaprod.com/video-promotionnelle/,0,1,0,25
irq,MOBILE,https://www.bluevistaprod.com/video-publicitaire/,0,1,0,21
isl,DESKTOP,http://www.bluevistaprod.com/,0,1,0,12
isl,DESKTOP,https://en.bluevistaprod.com/,0,2,0,5.5
isl,DESKTOP,https://en.bluevistaprod.com/actualites/barpi-industrial-accident-prevention/,0,1,0,6
isl,DESKTOP,https://en.bluevistaprod.com/geneva-event-video-production/,0,1,0,34
isl,DESKTOP,https://en.bluevistaprod.com/video-production-in-geneva/,0,1,0,18
isl,DESKTOP,https://www.bluevistaprod.com/,0,1,0,39
isl,DESKTOP,https://www.bluevistaprod.com/actualites/showroom-virtuel-gf-machining-solutions/,0,1,0,38
isl,DESKTOP,https://www.bluevistaprod.com/actualites/stann/,0,1,0,4
isl,DESKTOP,https://www.bluevistaprod.com/nos-competences/video-corporate-film-dentreprise/,0,1,0,63
isl,DESKTOP,https://www.bluevistaprod.com/realisation-de-film-evenements/,0,1,0,8
isl,DESKTOP,https://www.bluevistaprod.com/realisation-film-entreprise-lyon/,0,1,0,19
isl,DESKTOP,https://www.bluevistaprod.com/realisation-film-evenementiel/,0,1,0,32
isl,MOBILE,https://en.bluevistaprod.com/actualites/barpi-industrial-accident-prevention/,0,1,0,7
isl,MOBILE,https://en.bluevistaprod.com/our-skills/live-streaming-webtv/,0,2,0,11
isr,DESKTOP,http://www.bluevistaprod.com/,0,2,0,10.5
isr,DESKTOP,https://en.bluevistaprod.com/,0,12,0,14.5
isr,DESKTOP,https://en.bluevistaprod.com/actualites/barpi-industrial-accident-prevention/,0,4,0,7
isr,DESKTOP,https://en.bluevistaprod.com/nos-realisations/amplitude-amplivision/,0,1,0,3
isr,DESKTOP,https://en.bluevistaprod.com/nos-realisations/hitachi-cs-net/,0,1,0,11
isr,DESKTOP,https://en.bluevistaprod.com/nos-realisations/thx-medical-dosamat-digital-2-0/,0,1,0,7
isr,DESKTOP,https://en.bluevistaprod.com/our-skills/live-streaming-webtv/,0,3,0,4
isr,DESKTOP,https://en.bluevistaprod.com/the-agency/,0,2,0,44.5
isr,DESKTOP,https://www.bluevistaprod.com/actualites/bluevista-video-showreel-2023/,0,3,0,26.3
isr,DESKTOP,https://www.bluevistaprod.com/actualites/carte-de-voeux-video/,0,2,0,56.5
isr,DESKTOP,https://www.bluevistaprod.com/actualites/koesio-carte-de-voeux-2023/,0,1,0,25
isr,DESKTOP,https://www.bluevistaprod.com/actualites/stann/,0,12,0,7.3
isr,DESKTOP,https://www.bluevistaprod.com/actualites/video-immersive-360/,0,2,0,44.5
isr,DESKTOP,https://www.bluevistaprod.com/agence/,0,2,0,1.5
isr,DESKTOP,https://www.bluevistaprod.com/bluevista-agence-metaverse/,0,4,0,50
isr,DESKTOP,https://www.bluevistaprod.com/film-d-entreprise-paris-15-ans-d-experience/,0,4,0,32
isr,DESKTOP,https://www.bluevistaprod.com/nos-competences/aftermovie-captation-evenementielle/,0,1,0,10
isr,DESKTOP,https://www.bluevistaprod.com/nos-competences/animation-3d/,0,1,0,32
isr,DESKTOP,https://www.bluevistaprod.com/nos-competences/motion-design/,0,10,0,78.1
isr,DESKTOP,https://www.bluevistaprod.com/nos-competences/studio-fond-vert-compositing/,0,1,0,18
isr,DESKTOP,https://www.bluevistaprod.com/nos-competences/video-aerienne-drone/,0,1,0,3
isr,DESKTOP,https://www.bluevistaprod.com/nos-competences/video-corporate-film-dentreprise/,0,11,0,60.7
isr,DESKTOP,https://www.bluevistaprod.com/nos-competences/video-mapping/,0,1,0,18
isr,DESKTOP,https://www.bluevistaprod.com/nos-realisations/,0,1,0,1
isr,DESKTOP,https://www.bluevistaprod.com/nos-realisations/artcurial-mapping/,0,1,0,49
isr,DESKTOP,https://www.bluevistaprod.com/nos-realisations/bluevista-creative-unicorn-team/,0,1,0,8
isr,DESKTOP,https://www.bluevistaprod.com/nos-realisations/cera-agence-innovation/,0,1,0,46
isr,DESKTOP,https://www.bluevistaprod.com/nos-realisations/stann-lapplication-de-gestion-dentreprise/,0,4,0,3.5
isr,DESKTOP,https://www.bluevistaprod.com/nos-realisations/verizon-connect-video-de-presentation/,0,2,0,33
isr,DESKTOP,https://www.bluevistaprod.com/realisation-film-entreprise-lyon/,0,41,0,28
isr,DESKTOP,https://www.bluevistaprod.com/realisation-film-sante/,0,2,0,9.5
isr,DESKTOP,https://www.bluevistaprod.com/studio-animation-3d-lyon/,0,3,0,47.7
isr,DESKTOP,https://www.bluevistaprod.com/studio-animation-3d-paris/,0,1,0,17
isr,DESKTOP,https://www.bluevistaprod.com/video-promotionnelle/,0,2,0,50
isr,DESKTOP,https://www.bluevistaprod.com/video-publicitaire/,0,13,0,41.7
isr,MOBILE,https://en.bluevistaprod.com/actualites/barpi-industrial-accident-prevention/,0,4,0,5.3
isr,MOBILE,https://en.bluevistaprod.com/nos-realisations/pisten-bully-360-vr-snowcat/,0,1,0,6
isr,MOBILE,https://www.bluevistaprod.com/actualites/realisation-immersion-360-degres-dameuse-pisten-bully/,0,1,0,56
isr,MOBILE,https://www.bluevistaprod.com/actualites/stann/,0,7,0,9.3
isr,MOBILE,https://www.bluevistaprod.com/bluevista-agence-metaverse/,0,1,0,13
isr,MOBILE,https://www.bluevistaprod.com/film-d-entreprise-paris-15-ans-d-experience/,0,3,0,46.3
isr,MOBILE,https://www.bluevistaprod.com/nos-competences/aftermovie-captation-evenementielle/,0,3,0,18.3
isr,MOBILE,https://www.bluevistaprod.com/nos-competences/live-streaming-webtv/,0,2,0,9.5
isr,MOBILE,https://www.bluevistaprod.com/nos-competences/video-aerienne-drone/,0,1,0,20
isr,MOBILE,https://www.bluevistaprod.com/nos-competences/video-corporate-film-dentreprise/,0,1,0,27
isr,MOBILE,https://www.bluevistaprod.com/nos-realisations/stann-lapplication-de-gestion-dentreprise/,0,1,0,5
isr,MOBILE,https://www.bluevistaprod.com/studio-animation-3d-paris/,0,1,0,41
isr,MOBILE,https://www.bluevistaprod.com/video-publicitaire/,0,2,0,28.5
isr,TABLET,https://en.bluevistaprod.com/nos-realisations/pisten-bully-360-vr-snowcat/,0,1,0,5
ita,DESKTOP,http://www.bluevistaprod.com/,0,22,0,7.4
ita,DESKTOP,https://en.bluevistaprod.com/3d-animation-studio-in-lyon/,0,1,0,7
ita,DESKTOP,https://en.bluevistaprod.com/3d-animation-studio-in-paris/,0,3,0,26
ita,DESKTOP,https://en.bluevistaprod.com/actualites/clip-corporate-bos-equipement/,0,1,0,15
ita,DESKTOP,https://en.bluevistaprod.com/actualites/new-hardware-motion-control-kessler/,0,1,0,38
ita,DESKTOP,https://en.bluevistaprod.com/geneva-event-video-production/,0,10,0,87.3
ita,DESKTOP,https://en.bluevistaprod.com/nos-realisations/amplitude-amplivision/,0,10,0,7
ita,DESKTOP,https://en.bluevistaprod.com/nos-realisations/mase-rhone-alpes-motion-design/,0,1,0,6
ita,DESKTOP,https://en.bluevistaprod.com/nos-realisations/qwartz/,0,1,0,28
ita,DESKTOP,https://en.bluevistaprod.com/nos-realisations/radisson-360-vr/,0,2,0,6
ita,DESKTOP,https://en.bluevistaprod.com/nos-realisations/thx-medical-dosamat-digital-2-0/,0,1,0,5
ita,DESKTOP,https://en.bluevistaprod.com/our-skills/aftermovie-event-capture/,0,1,0,97
ita,DESKTOP,https://en.bluevistaprod.com/our-skills/corporate-video-corporate-film/,0,3,0,55.3
ita,DESKTOP,https://en.bluevistaprod.com/our-skills/green-screen-studio-compositing/,0,1,0,83
ita,DESKTOP,https://en.bluevistaprod.com/our-skills/live-streaming-webtv/,0,21,0,24.1
ita,DESKTOP,https://en.bluevistaprod.com/our-skills/video-mapping/,0,1,0,91
ita,DESKTOP,https://en.bluevistaprod.com/the-agency/,0,1,0,7
ita,DESKTOP,https://en.bluevistaprod.com/video-production-in-geneva/,0,12,0,29.3
ita,DESKTOP,https://www.bluevistaprod.com/actualites/animation-3d-produit-hitachi-csnet-manager/,0,1,0,55
ita,DESKTOP,https://www.bluevistaprod.com/actualites/aravi-saison-2022-2023/,0,1,0,11
ita,DESKTOP,https://www.bluevistaprod.com/actualites/bluevista-video-showreel-2023/,0,1,0,6
ita,DESKTOP,https://www.bluevistaprod.com/actualites/carte-de-voeux-video/,0,8,0,56.8
ita,DESKTOP,https://www.bluevistaprod.com/actualites/category/tournage-studio/,0,1,0,86
ita,DESKTOP,https://www.bluevistaprod.com/actualites/guitare-en-scene-2023/,0,3,0,30.7
ita,DESKTOP,https://www.bluevistaprod.com/actualites/inauguration-intercontinental-lyon-grand-hotel-dieu/,0,1,0,75
ita,DESKTOP,https://www.bluevistaprod.com/actualites/koesio-carte-de-voeux-2023/,0,5,0,39.2
ita,DESKTOP,https://www.bluevistaprod.com/actualites/live-video-homeserve-20ans/,0,1,0,50
ita,DESKTOP,https://www.bluevistaprod.com/actualites/mapping-printemps-lyon/,0,2,0,36
ita,DESKTOP,https://www.bluevistaprod.com/actualites/mase-4-motions/,0,1,0,16
ita,DESKTOP,https://www.bluevistaprod.com/actualites/motion-design-3d-et-mapping-a-paris-au-musee-rodin/,0,2,0,28.5
ita,DESKTOP,https://www.bluevistaprod.com/actualites/projet-de-realisation-video-360/,0,9,0,84.8
ita,DESKTOP,https://www.bluevistaprod.com/actualites/showroom-virtuel-gf-machining-solutions/,0,1,0,69
ita,DESKTOP,https://www.bluevistaprod.com/actualites/sport-boules-16eme-trophee-emile-terrier/,0,1,0,88
ita,DESKTOP,https://www.bluevistaprod.com/actualites/stann/,0,4,0,21.8
ita,DESKTOP,https://www.bluevistaprod.com/actualites/video-immersive-360/,0,1,0,79
ita,DESKTOP,https://www.bluevistaprod.com/actualites/video-mapping-lyon-intercontinental-grand-hotel-dieu/,0,2,0,39
ita,DESKTOP,https://www.bluevistaprod.com/agence/,0,3,0,32.3
ita,DESKTOP,https://www.bluevistaprod.com/bluevista-agence-metaverse/,0,55,0,18.7
ita,DESKTOP,https://www.bluevistaprod.com/contact-devis/,0,1,0,1
ita,DESKTOP,https://www.bluevistaprod.com/film-corporate-lyon-depuis-2004/,0,1,0,36
ita,DESKTOP,https://www.bluevistaprod.com/film-d-entreprise-paris-15-ans-d-experience/,0,28,0,34
ita,DESKTOP,https://www.bluevistaprod.com/film-entreprise-lyon-15-ans-experience/,0,2,0,45
ita,DESKTOP,https://www.bluevistaprod.com/nos-competences/aftermovie-captation-evenementielle/,0,12,0,36.8
ita,DESKTOP,https://www.bluevistaprod.com/nos-competences/animation-3d/,0,21,0,63.4
ita,DESKTOP,https://www.bluevistaprod.com/nos-competences/creation-immersive-realite-virtuelle/,0,9,0,68.8
ita,DESKTOP,https://www.bluevistaprod.com/nos-competences/live-streaming-webtv/,0,13,0,26.5
ita,DESKTOP,https://www.bluevistaprod.com/nos-competences/motion-design/,0,54,0,83.6
ita,DESKTOP,https://www.bluevistaprod.com/nos-competences/studio-fond-vert-compositing/,0,4,0,13.3
ita,DESKTOP,https://www.bluevistaprod.com/nos-competences/video-aerienne-drone/,0,26,0,46.4
ita,DESKTOP,https://www.bluevistaprod.com/nos-competences/video-corporate-film-dentreprise/,0,39,0,60.5
ita,DESKTOP,https://www.bluevistaprod.com/nos-competences/video-mapping/,0,23,0,17
ita,DESKTOP,https://www.bluevistaprod.com/nos-realisations/,0,1,0,1
ita,DESKTOP,https://www.bluevistaprod.com/nos-realisations/assisqual/,0,3,0,7
ita,DESKTOP,https://www.bluevistaprod.com/nos-realisations/bos/,0,1,0,11
ita,DESKTOP,https://www.bluevistaprod.com/nos-realisations/deko-film-de-presentation/,0,2,0,12.5
ita,DESKTOP,https://www.bluevistaprod.com/nos-realisations/dromis-equans-ineo/,0,2,0,41
ita,DESKTOP,https://www.bluevistaprod.com/nos-realisations/eiffage-energie-expercite/,0,3,0,18
ita,DESKTOP,https://www.bluevistaprod.com/nos-realisations/engie-home-services-video-thermostat-migo/,0,9,0,57.1
ita,DESKTOP,https://www.bluevistaprod.com/nos-realisations/ghi/,0,1,0,15
ita,DESKTOP,https://www.bluevistaprod.com/nos-realisations/hitachi-cs-net/,0,1,0,36
ita,DESKTOP,https://www.bluevistaprod.com/nos-realisations/hitachi-yutaki/,0,1,0,58
ita,DESKTOP,https://www.bluevistaprod.com/nos-realisations/mapping-audi/,0,1,0,82
ita,DESKTOP,https://www.bluevistaprod.com/nos-realisations/olinn-video-publicitaire/,0,2,0,6
ita,DESKTOP,https://www.bluevistaprod.com/nos-realisations/pisten-bully-dameuse-360-vr/,0,1,0,50
ita,DESKTOP,https://www.bluevistaprod.com/nos-realisations/qwartz/,0,5,0,62.2
ita,DESKTOP,https://www.bluevistaprod.com/nos-realisations/radisson-360-vr/,0,2,0,23
ita,DESKTOP,https://www.bluevistaprod.com/nos-realisations/stann-lapplication-de-gestion-dentreprise/,0,7,0,5.9
ita,DESKTOP,https://www.bluevistaprod.com/nos-realisations/verizon-connect-video-de-presentation/,0,11,0,25.3
ita,DESKTOP,https://www.bluevistaprod.com/realisation-de-film-evenements/,0,5,0,20.4
ita,DESKTOP,https://www.bluevistaprod.com/realisation-film-entreprise-lyon/,0,90,0,57
ita,DESKTOP,https://www.bluevistaprod.com/realisation-film-evenementiel/,0,4,0,40.8
ita,DESKTOP,https://www.bluevistaprod.com/realisation-film-lancement-produit/,0,1,0,71
ita,DESKTOP,https://www.bluevistaprod.com/realisation-film-sante/,0,11,0,16.3
ita,DESKTOP,https://www.bluevistaprod.com/realisation-video-geneve/,0,11,0,39
ita,DESKTOP,https://www.bluevistaprod.com/studio-animation-3d-lyon/,0,49,0,35.3
ita,DESKTOP,https://www.bluevistaprod.com/studio-animation-3d-paris/,0,43,0,43.5
ita,DESKTOP,https://www.bluevistaprod.com/video-promotionnelle/,0,2,0,30.5
ita,DESKTOP,https://www.bluevistaprod.com/video-publicitaire/,0,40,0,35.1
ita,MOBILE,http://www.bluevistaprod.com/,0,10,0,2
ita,MOBILE,https://en.bluevistaprod.com/,0,31,0,5.8
ita,MOBILE,https://en.bluevistaprod.com/3d-animation-studio-in-lyon/,0,1,0,12
ita,MOBILE,https://en.bluevistaprod.com/actualites/barpi-industrial-accident-prevention/,0,3,0,5.3
ita,MOBILE,https://en.bluevistaprod.com/actualites/sport-boules-16th-emile-terrier-trophy/,0,16,0,6.8
ita,MOBILE,https://en.bluevistaprod.com/actualites/video-mapping-lyon-intercontinental-grand-hotel-dieu/,0,1,0,6
ita,MOBILE,https://en.bluevistaprod.com/news/,0,1,0,9
ita,MOBILE,https://en.bluevistaprod.com/nos-realisations/amplitude-amplivision/,0,2,0,8.5
ita,MOBILE,https://en.bluevistaprod.com/nos-realisations/deko-presentation-film/,0,1,0,8
ita,MOBILE,https://en.bluevistaprod.com/nos-realisations/dromis-equans-ineo/,0,3,0,8.3
ita,MOBILE,https://en.bluevistaprod.com/our-skills/aftermovie-event-capture/,0,1,0,99
ita,MOBILE,https://en.bluevistaprod.com/our-skills/live-streaming-webtv/,0,2,0,6
ita,MOBILE,https://www.bluevistaprod.com/,0,18,0,31.1
ita,MOBILE,https://www.bluevistaprod.com/actualites/aravi-saison-2022-2023/,0,1,0,7
ita,MOBILE,https://www.bluevistaprod.com/actualites/bluevista-creative-unicorn-team/,0,1,0,10
ita,MOBILE,https://www.bluevistaprod.com/actualites/bluevista-video-showreel-2023/,0,3,0,8.3
ita,MOBILE,https://www.bluevistaprod.com/actualites/mase-4-motions/,0,1,0,16
ita,MOBILE,https://www.bluevistaprod.com/actualites/projet-de-realisation-video-360/,0,1,0,64
ita,MOBILE,https://www.bluevistaprod.com/actualites/realisation-immersion-360-degres-dameuse-pisten-bully/,0,1,0,12
ita,MOBILE,https://www.bluevistaprod.com/actualites/sport-boules-16eme-trophee-emile-terrier/,0,1,0,15
ita,MOBILE,https://www.bluevistaprod.com/actualites/stann/,0,63,0,7.5
ita,MOBILE,https://www.bluevistaprod.com/agence/,0,1,0,1
ita,MOBILE,https://www.bluevistaprod.com/bluevista-agence-metaverse/,0,3,0,14.3
ita,MOBILE,https://www.bluevistaprod.com/film-d-entreprise-paris-15-ans-d-experience/,0,10,0,30.5
ita,MOBILE,https://www.bluevistaprod.com/nos-competences/aftermovie-captation-evenementielle/,0,4,0,13.8
ita,MOBILE,https://www.bluevistaprod.com/nos-competences/animation-3d/,0,3,0,50.3
ita,MOBILE,https://www.bluevistaprod.com/nos-competences/creation-immersive-realite-virtuelle/,0,3,0,64
ita,MOBILE,https://www.bluevistaprod.com/nos-competences/live-streaming-webtv/,0,7,0,38.9
ita,MOBILE,https://www.bluevistaprod.com/nos-competences/motion-design/,0,7,0,59.3
ita,MOBILE,https://www.bluevistaprod.com/nos-competences/video-aerienne-drone/,0,4,0,42.3
ita,MOBILE,https://www.bluevistaprod.com/nos-competences/video-corporate-film-dentreprise/,0,3,0,70.3
ita,MOBILE,https://www.bluevistaprod.com/nos-competences/video-mapping/,0,3,0,34
ita,MOBILE,https://www.bluevistaprod.com/nos-realisations/,0,1,0,1
ita,MOBILE,https://www.bluevistaprod.com/nos-realisations/bluevista-creative-la-pizza/,0,1,0,6
ita,MOBILE,https://www.bluevistaprod.com/nos-realisations/bluevista-creative-unicorn-team/,0,2,0,9.5
ita,MOBILE,https://www.bluevistaprod.com/nos-realisations/dromis-equans-ineo/,0,2,0,75
ita,MOBILE,https://www.bluevistaprod.com/nos-realisations/engie-home-services-video-thermostat-migo/,0,3,0,7
ita,MOBILE,https://www.bluevistaprod.com/nos-realisations/naos-interview-collaborateur-2/,0,1,0,36
ita,MOBILE,https://www.bluevistaprod.com/nos-realisations/pisten-bully-dameuse-360-vr/,0,1,0,5
ita,MOBILE,https://www.bluevistaprod.com/nos-realisations/qwartz/,0,1,0,45
ita,MOBILE,https://www.bluevistaprod.com/nos-realisations/stann-lapplication-de-gestion-dentreprise/,0,3,0,7.7
ita,MOBILE,https://www.bluevistaprod.com/nos-realisations/verizon-connect-video-de-presentation/,0,5,0,8.6
ita,MOBILE,https://www.bluevistaprod.com/realisation-film-entreprise-lyon/,0,1,0,1
ita,MOBILE,https://www.bluevistaprod.com/realisation-film-evenementiel/,0,1,0,30
ita,MOBILE,https://www.bluevistaprod.com/studio-animation-3d-lyon/,0,5,0,14.2
ita,MOBILE,https://www.bluevistaprod.com/studio-animation-3d-paris/,0,5,0,34
ita,MOBILE,https://www.bluevistaprod.com/video-promotionnelle/,0,1,0,1
ita,MOBILE,https://www.bluevistaprod.com/video-publicitaire/,0,12,0,45.4
ita,TABLET,https://en.bluevistaprod.com/,0,1,0,5
ita,TABLET,https://www.bluevistaprod.com/actualites/stann/,0,16,0,6.2
jam,DESKTOP,https://www.bluevistaprod.com/,0,17,0,50.5
jam,DESKTOP,https://www.bluevistaprod.com/actualites/carte-de-voeux-video/,0,3,0,28.3
jam,DESKTOP,https://www.bluevistaprod.com/agence/,0,1,0,68
jam,DESKTOP,https://www.bluevistaprod.com/bluevista-agence-metaverse/,0,1,0,15
jam,DESKTOP,https://www.bluevistaprod.com/film-d-entreprise-paris-15-ans-d-experience/,0,4,0,40.5
jam,DESKTOP,https://www.bluevistaprod.com/nos-competences/aftermovie-captation-evenementielle/,0,2,0,25.5
jam,DESKTOP,https://www.bluevistaprod.com/nos-competences/animation-3d/,0,1,0,63
jam,DESKTOP,https://www.bluevistaprod.com/nos-competences/creation-immersive-realite-virtuelle/,0,4,0,80.3
jam,DESKTOP,https://www.bluevistaprod.com/nos-competences/live-streaming-webtv/,0,1,0,82
jam,DESKTOP,https://www.bluevistaprod.com/nos-competences/motion-design/,0,10,0,87.7
jam,DESKTOP,https://www.bluevistaprod.com/nos-competences/video-aerienne-drone/,0,3,0,45
jam,DESKTOP,https://www.bluevistaprod.com/nos-competences/video-corporate-film-dentreprise/,0,4,0,65
jam,DESKTOP,https://www.bluevistaprod.com/nos-realisations/hitachi-cs-net/,0,1,0,13
jam,DESKTOP,https://www.bluevistaprod.com/nos-realisations/hitachi-hikumo/,0,1,0,60
jam,DESKTOP,https://www.bluevistaprod.com/nos-realisations/verizon-connect-video-de-presentation/,0,2,0,85
jam,DESKTOP,https://www.bluevistaprod.com/realisation-film-entreprise-lyon/,0,27,0,42.8
jam,DESKTOP,https://www.bluevistaprod.com/realisation-film-evenementiel/,0,1,0,15
jam,DESKTOP,https://www.bluevistaprod.com/realisation-video-geneve/,0,1,0,101
jam,DESKTOP,https://www.bluevistaprod.com/studio-animation-3d-lyon/,0,5,0,12.6
jam,DESKTOP,https://www.bluevistaprod.com/studio-animation-3d-paris/,0,2,0,63
jam,DESKTOP,https://www.bluevistaprod.com/video-publicitaire/,0,6,0,49.7
jam,MOBILE,https://en.bluevistaprod.com/nos-realisations/amplitude-amplivision/,0,1,0,9
jam,MOBILE,https://www.bluevistaprod.com/,0,1,0,95
jam,MOBILE,https://www.bluevistaprod.com/actualites/koesio-carte-de-voeux-2023/,0,1,0,28
jam,MOBILE,https://www.bluevistaprod.com/actualites/stann/,0,22,0,9.3
jam,MOBILE,https://www.bluevistaprod.com/bluevista-agence-metaverse/,0,2,0,25.5
jam,MOBILE,https://www.bluevistaprod.com/film-d-entreprise-paris-15-ans-d-experience/,0,2,0,6.5
jam,MOBILE,https://www.bluevistaprod.com/nos-competences/animation-3d/,0,1,0,33
jam,MOBILE,https://www.bluevistaprod.com/nos-competences/live-streaming-webtv/,0,3,0,58.3
jam,MOBILE,https://www.bluevistaprod.com/nos-realisations/verizon-connect-video-de-presentation/,0,1,0,94
jam,MOBILE,https://www.bluevistaprod.com/realisation-film-entreprise-lyon/,0,1,0,22
jam,MOBILE,https://www.bluevistaprod.com/studio-animation-3d-lyon/,0,2,0,23
jam,TABLET,https://www.bluevistaprod.com/actualites/stann/,0,1,0,11
jey,DESKTOP,https://www.bluevistaprod.com/actualites/carte-de-voeux-video/,0,1,0,29
jor,DESKTOP,http://www.bluevistaprod.com/,0,2,0,21.5
jor,DESKTOP,https://en.bluevistaprod.com/,0,2,0,37.5
jor,DESKTOP,https://en.bluevistaprod.com/actualites/barpi-industrial-accident-prevention/,0,6,0,6.7
jor,DESKTOP,https://en.bluevistaprod.com/geneva-event-video-production/,0,2,0,63
jor,DESKTOP,https://en.bluevistaprod.com/nos-realisations/dromis-equans-ineo/,0,1,0,29
jor,DESKTOP,https://en.bluevistaprod.com/video-production-in-geneva/,0,2,0,41.5
jor,DESKTOP,https://www.bluevistaprod.com/,0,33,0,42.7
jor,DESKTOP,https://www.bluevistaprod.com/actualites/bluevista-video-showreel-2023/,0,1,0,9
jor,DESKTOP,https://www.bluevistaprod.com/actualites/carte-de-voeux-video/,0,1,0,36
jor,DESKTOP,https://www.bluevistaprod.com/actualites/koesio-carte-de-voeux-2023/,0,2,0,45
jor,DESKTOP,https://www.bluevistaprod.com/bluevista-agence-metaverse/,0,3,0,73.7
jor,DESKTOP,https://www.bluevistaprod.com/film-corporate-lyon-depuis-2004/,0,1,0,17
jor,DESKTOP,https://www.bluevistaprod.com/film-d-entreprise-paris-15-ans-d-experience/,0,5,0,40
jor,DESKTOP,https://www.bluevistaprod.com/nos-competences/aftermovie-captation-evenementielle/,0,1,0,11
jor,DESKTOP,https://www.bluevistaprod.com/nos-competences/animation-3d/,0,5,0,46.6
jor,DESKTOP,https://www.bluevistaprod.com/nos-competences/creation-immersive-realite-virtuelle/,0,2,0,41.5
jor,DESKTOP,https://www.bluevistaprod.com/nos-competences/motion-design/,0,7,0,82
jor,DESKTOP,https://www.bluevistaprod.com/nos-competences/studio-fond-vert-compositing/,0,4,0,13.3
jor,DESKTOP,https://www.bluevistaprod.com/nos-competences/video-aerienne-drone/,0,1,0,76
jor,DESKTOP,https://www.bluevistaprod.com/nos-competences/video-corporate-film-dentreprise/,0,7,0,65.6
jor,DESKTOP,https://www.bluevistaprod.com/nos-competences/video-mapping/,0,1,0,42
jor,DESKTOP,https://www.bluevistaprod.com/nos-realisations/cera-agence-innovation/,0,1,0,39
jor,DESKTOP,https://www.bluevistaprod.com/nos-realisations/pisten-bully-dameuse-360-vr/,0,1,0,30
jor,DESKTOP,https://www.bluevistaprod.com/nos-realisations/qwartz/,0,2,0,53
jor,DESKTOP,https://www.bluevistaprod.com/nos-realisations/radisson-360-vr/,0,1,0,15
jor,DESKTOP,https://www.bluevistaprod.com/nos-realisations/verizon-connect-video-de-presentation/,0,2,0,44
jor,DESKTOP,https://www.bluevistaprod.com/realisation-film-entreprise-lyon/,0,38,0,39.6
jor,DESKTOP,https://www.bluevistaprod.com/realisation-film-lancement-produit/,0,1,0,97
jor,DESKTOP,https://www.bluevistaprod.com/realisation-film-sante/,0,2,0,60
jor,DESKTOP,https://www.bluevistaprod.com/realisation-video-geneve/,0,1,0,95
jor,DESKTOP,https://www.bluevistaprod.com/studio-animation-3d-lyon/,0,5,0,28.2
jor,DESKTOP,https://www.bluevistaprod.com/studio-animation-3d-paris/,0,2,0,68
jor,DESKTOP,https://www.bluevistaprod.com/video-promotionnelle/,0,1,0,26
jor,DESKTOP,https://www.bluevistaprod.com/video-publicitaire/,0,8,0,52.8
jor,MOBILE,https://en.bluevistaprod.com/actualites/barpi-industrial-accident-prevention/,0,5,0,4.6
jor,MOBILE,https://en.bluevistaprod.com/our-skills/live-streaming-webtv/,0,1,0,47
jor,MOBILE,https://www.bluevistaprod.com/,0,3,0,53
jor,MOBILE,https://www.bluevistaprod.com/actualites/sport-boules-16eme-trophee-emile-terrier/,0,1,0,63
jor,MOBILE,https://www.bluevistaprod.com/actualites/stann/,0,3,0,6.7
jor,MOBILE,https://www.bluevistaprod.com/actualites/video-immersive-360/,0,1,0,36
jor,MOBILE,https://www.bluevistaprod.com/bluevista-agence-metaverse/,0,1,0,13
jor,MOBILE,https://www.bluevistaprod.com/nos-competences/animation-3d/,0,1,0,29
jor,MOBILE,https://www.bluevistaprod.com/nos-competences/creation-immersive-realite-virtuelle/,0,1,0,9
jor,MOBILE,https://www.bluevistaprod.com/nos-competences/motion-design/,0,2,0,85.5
jor,MOBILE,https://www.bluevistaprod.com/nos-competences/video-corporate-film-dentreprise/,0,1,0,34
jor,MOBILE,https://www.bluevistaprod.com/nos-competences/video-mapping/,0,1,0,30
jor,MOBILE,https://www.bluevistaprod.com/nos-realisations/verizon-connect-video-de-presentation/,0,1,0,95
jor,MOBILE,https://www.bluevistaprod.com/realisation-film-lancement-produit/,0,1,0,13
jor,MOBILE,https://www.bluevistaprod.com/studio-animation-3d-lyon/,0,2,0,56.5
jor,MOBILE,https://www.bluevistaprod.com/video-publicitaire/,0,2,0,35
jpn,DESKTOP,https://en.bluevistaprod.com/actualites/barpi-industrial-accident-prevention/,0,11,0,6.5
jpn,DESKTOP,https://en.bluevistaprod.com/actualites/sport-boules-16th-emile-terrier-trophy/,0,1,0,5
jpn,DESKTOP,https://en.bluevistaprod.com/geneva-event-video-production/,0,2,0,21
jpn,DESKTOP,https://en.bluevistaprod.com/nos-realisations/alorem/,0,1,0,10
jpn,DESKTOP,https://en.bluevistaprod.com/nos-realisations/amplitude-amplivision/,0,5,0,6.2
jpn,DESKTOP,https://en.bluevistaprod.com/nos-realisations/hitachi-hikumo/,0,5,0,10
jpn,DESKTOP,https://en.bluevistaprod.com/our-skills/video-mapping/,0,1,0,15
jpn,DESKTOP,https://en.bluevistaprod.com/video-production-in-geneva/,0,4,0,31
jpn,DESKTOP,https://www.bluevistaprod.com/,0,97,0,42.5
jpn,DESKTOP,https://www.bluevistaprod.com/actualites/animation-3d-produit-hitachi-csnet-manager/,0,1,0,46
jpn,DESKTOP,https://www.bluevistaprod.com/actualites/bluevista-video-showreel-2023/,0,2,0,74
jpn,DESKTOP,https://www.bluevistaprod.com/actualites/carte-de-voeux-video/,0,5,0,49
jpn,DESKTOP,https://www.bluevistaprod.com/actualites/category/video-360-vr/,0,1,0,38
jpn,DESKTOP,https://www.bluevistaprod.com/actualites/category/videomapping/,0,1,0,98
jpn,DESKTOP,https://www.bluevistaprod.com/actualites/koesio-carte-de-voeux-2023/,0,5,0,27
jpn,DESKTOP,https://www.bluevistaprod.com/actualites/mapping-printemps-lyon/,0,6,0,46.2
jpn,DESKTOP,https://www.bluevistaprod.com/actualites/motion-design-3d-et-mapping-a-paris-au-musee-rodin/,0,1,0,40
jpn,DESKTOP,https://www.bluevistaprod.com/actualites/projet-de-realisation-video-360/,0,1,0,104
jpn,DESKTOP,https://www.bluevistaprod.com/actualites/showroom-virtuel-gf-machining-solutions/,0,1,0,67
jpn,DESKTOP,https://www.bluevistaprod.com/actualites/stann/,0,37,0,9.5
jpn,DESKTOP,https://www.bluevistaprod.com/actualites/video-immersive-360/,0,6,0,15.2
jpn,DESKTOP,https://www.bluevistaprod.com/actualites/video-mapping-lyon-intercontinental-grand-hotel-dieu/,0,4,0,41.8
jpn,DESKTOP,https://www.bluevistaprod.com/agence/,0,2,0,40
jpn,DESKTOP,https://www.bluevistaprod.com/bluevista-agence-metaverse/,0,13,0,30.6
jpn,DESKTOP,https://www.bluevistaprod.com/film-d-entreprise-paris-15-ans-d-experience/,0,17,0,20.9
jpn,DESKTOP,https://www.bluevistaprod.com/film-entreprise-lyon-15-ans-experience/,0,2,0,41
jpn,DESKTOP,https://www.bluevistaprod.com/nos-competences/aftermovie-captation-evenementielle/,0,25,0,54.2
jpn,DESKTOP,https://www.bluevistaprod.com/nos-competences/animation-3d/,0,15,0,28.9
jpn,DESKTOP,https://www.bluevistaprod.com/nos-competences/creation-immersive-realite-virtuelle/,0,4,0,74.3
jpn,DESKTOP,https://www.bluevistaprod.com/nos-competences/live-streaming-webtv/,0,3,0,70
jpn,DESKTOP,https://www.bluevistaprod.com/nos-competences/motion-design/,0,33,0,77.5
jpn,DESKTOP,https://www.bluevistaprod.com/nos-competences/video-aerienne-drone/,0,37,0,33.2
jpn,DESKTOP,https://www.bluevistaprod.com/nos-competences/video-corporate-film-dentreprise/,0,30,0,50.5
jpn,DESKTOP,https://www.bluevistaprod.com/nos-competences/video-mapping/,0,33,0,13.9
jpn,DESKTOP,https://www.bluevistaprod.com/nos-realisations/arrow-abox-memo/,0,1,0,73
jpn,DESKTOP,https://www.bluevistaprod.com/nos-realisations/artcurial-mapping/,0,2,0,38
jpn,DESKTOP,https://www.bluevistaprod.com/nos-realisations/cera-agence-innovation/,0,1,0,48
jpn,DESKTOP,https://www.bluevistaprod.com/nos-realisations/dromis-equans-ineo/,0,1,0,95
jpn,DESKTOP,https://www.bluevistaprod.com/nos-realisations/hitachi-cs-net/,0,1,0,20
jpn,DESKTOP,https://www.bluevistaprod.com/nos-realisations/hitachi-yutaki/,0,1,0,81
jpn,DESKTOP,https://www.bluevistaprod.com/nos-realisations/mapping-audi/,0,1,0,40
jpn,DESKTOP,https://www.bluevistaprod.com/nos-realisations/qwartz/,0,2,0,38
jpn,DESKTOP,https://www.bluevistaprod.com/nos-realisations/radisson-360-vr/,0,1,0,18
jpn,DESKTOP,https://www.bluevistaprod.com/nos-realisations/serl-video-360-vr/,0,1,0,37
jpn,DESKTOP,https://www.bluevistaprod.com/nos-realisations/verizon-connect-video-de-presentation/,0,1,0,84
jpn,DESKTOP,https://www.bluevistaprod.com/realisation-de-film-evenements/,0,7,0,17.9
jpn,DESKTOP,https://www.bluevistaprod.com/realisation-film-entreprise-lyon/,0,48,0,51.5
jpn,DESKTOP,https://www.bluevistaprod.com/realisation-film-evenementiel/,0,3,0,52
jpn,DESKTOP,https://www.bluevistaprod.com/realisation-film-lancement-produit/,0,1,0,72
jpn,DESKTOP,https://www.bluevistaprod.com/realisation-film-sante/,0,3,0,1.7
jpn,DESKTOP,https://www.bluevistaprod.com/realisation-video-geneve/,0,21,0,28.6
jpn,DESKTOP,https://www.bluevistaprod.com/studio-animation-3d-lyon/,0,27,0,21.3
jpn,DESKTOP,https://www.bluevistaprod.com/studio-animation-3d-paris/,0,26,0,41.2
jpn,DESKTOP,https://www.bluevistaprod.com/video-promotionnelle/,0,1,0,100
jpn,DESKTOP,https://www.bluevistaprod.com/video-publicitaire/,0,24,0,38.6
jpn,MOBILE,https://en.bluevistaprod.com/,0,97,0,8
jpn,MOBILE,https://en.bluevistaprod.com/actualites/barpi-industrial-accident-prevention/,0,22,0,6.3
jpn,MOBILE,https://en.bluevistaprod.com/nos-realisations/dromis-equans-ineo/,0,1,0,10
jpn,MOBILE,https://en.bluevistaprod.com/nos-realisations/elistair-orion/,0,1,0,1
jpn,MOBILE,https://en.bluevistaprod.com/nos-realisations/hitachi-hikumo/,0,1,0,6
jpn,MOBILE,https://en.bluevistaprod.com/nos-realisations/pisten-bully-360-vr-snowcat/,0,4,0,5.8
jpn,MOBILE,https://en.bluevistaprod.com/our-skills/aftermovie-event-capture/,0,3,0,56
jpn,MOBILE,https://en.bluevistaprod.com/our-skills/live-streaming-webtv/,0,4,0,4.8
jpn,MOBILE,https://www.bluevistaprod.com/,0,18,0,48.3
jpn,MOBILE,https://www.bluevistaprod.com/actualites/animation-3d-grande-arche-de-la-defense/,0,1,0,45
jpn,MOBILE,https://www.bluevistaprod.com/actualites/bluevista-video-showreel-2023/,0,1,0,26
jpn,MOBILE,https://www.bluevistaprod.com/actualites/koesio-carte-de-voeux-2023/,0,1,0,27
jpn,MOBILE,https://www.bluevistaprod.com/actualites/showroom-virtuel-gf-machining-solutions/,0,2,0,51
jpn,MOBILE,https://www.bluevistaprod.com/actualites/stann/,0,74,0,9
jpn,MOBILE,https://www.bluevistaprod.com/bluevista-agence-metaverse/,0,2,0,53.5
jpn,MOBILE,https://www.bluevistaprod.com/film-d-entreprise-paris-15-ans-d-experience/,0,5,0,7.4
jpn,MOBILE,https://www.bluevistaprod.com/nos-competences/aftermovie-captation-evenementielle/,0,1,0,21
jpn,MOBILE,https://www.bluevistaprod.com/nos-competences/animation-3d/,0,1,0,9
jpn,MOBILE,https://www.bluevistaprod.com/nos-competences/motion-design/,0,10,0,74
jpn,MOBILE,https://www.bluevistaprod.com/nos-competences/studio-fond-vert-compositing/,0,1,0,16
jpn,MOBILE,https://www.bluevistaprod.com/nos-competences/video-aerienne-drone/,0,3,0,52
jpn,MOBILE,https://www.bluevistaprod.com/nos-competences/video-corporate-film-dentreprise/,0,5,0,80
jpn,MOBILE,https://www.bluevistaprod.com/nos-competences/video-mapping/,0,3,0,23.3
jpn,MOBILE,https://www.bluevistaprod.com/nos-realisations/dromis-equans-ineo/,0,2,0,54
jpn,MOBILE,https://www.bluevistaprod.com/nos-realisations/hitachi-hikumo/,0,1,0,1
jpn,MOBILE,https://www.bluevistaprod.com/nos-realisations/qwartz/,0,1,0,45
jpn,MOBILE,https://www.bluevistaprod.com/nos-realisations/radisson-360-vr/,0,2,0,64
jpn,MOBILE,https://www.bluevistaprod.com/nos-realisations/stann-lapplication-de-gestion-dentreprise/,0,2,0,3
jpn,MOBILE,https://www.bluevistaprod.com/realisation-film-entreprise-lyon/,0,3,0,55
jpn,MOBILE,https://www.bluevistaprod.com/realisation-film-evenementiel/,0,1,0,27
jpn,MOBILE,https://www.bluevistaprod.com/realisation-film-lancement-produit/,0,3,0,75.3
jpn,MOBILE,https://www.bluevistaprod.com/studio-animation-3d-lyon/,0,2,0,46
jpn,MOBILE,https://www.bluevistaprod.com/studio-animation-3d-paris/,0,2,0,34.5
jpn,MOBILE,https://www.bluevistaprod.com/video-publicitaire/,0,5,0,48.2
jpn,TABLET,https://www.bluevistaprod.com/actualites/stann/,0,5,0,9.8
kaz,DESKTOP,https://en.bluevistaprod.com/3d-animation-studio-in-lyon/,0,1,0,9
kaz,DESKTOP,https://en.bluevistaprod.com/geneva-event-video-production/,0,5,0,46.2
kaz,DESKTOP,https://en.bluevistaprod.com/video-production-in-geneva/,0,4,0,33.8
kaz,DESKTOP,https://www.bluevistaprod.com/,0,28,0,39.9
kaz,DESKTOP,https://www.bluevistaprod.com/actualites/koesio-carte-de-voeux-2023/,0,1,0,51
kaz,DESKTOP,https://www.bluevistaprod.com/actualites/stann/,0,2,0,2
kaz,DESKTOP,https://www.bluevistaprod.com/actualites/video-immersive-360/,0,2,0,30.5
kaz,DESKTOP,https://www.bluevistaprod.com/agence/,0,1,0,54
kaz,DESKTOP,https://www.bluevistaprod.com/bluevista-agence-metaverse/,0,2,0,42.5
kaz,DESKTOP,https://www.bluevistaprod.com/film-d-entreprise-paris-15-ans-d-experience/,0,6,0,11.7
kaz,DESKTOP,https://www.bluevistaprod.com/nos-competences/aftermovie-captation-evenementielle/,0,4,0,26.3
kaz,DESKTOP,https://www.bluevistaprod.com/nos-competences/animation-3d/,0,5,0,58.8
kaz,DESKTOP,https://www.bluevistaprod.com/nos-competences/live-streaming-webtv/,0,8,0,56.4
kaz,DESKTOP,https://www.bluevistaprod.com/nos-competences/motion-design/,0,5,0,86.2
kaz,DESKTOP,https://www.bluevistaprod.com/nos-competences/studio-fond-vert-compositing/,0,1,0,11
kaz,DESKTOP,https://www.bluevistaprod.com/nos-competences/video-aerienne-drone/,0,7,0,42.6
kaz,DESKTOP,https://www.bluevistaprod.com/nos-competences/video-corporate-film-dentreprise/,0,4,0,71.5
kaz,DESKTOP,https://www.bluevistaprod.com/nos-competences/video-mapping/,0,1,0,14
kaz,DESKTOP,https://www.bluevistaprod.com/nos-realisations/engie-home-services-video-thermostat-migo/,0,1,0,4
kaz,DESKTOP,https://www.bluevistaprod.com/nos-realisations/qwartz/,0,2,0,65
kaz,DESKTOP,https://www.bluevistaprod.com/realisation-film-entreprise-lyon/,0,31,0,41.4
kaz,DESKTOP,https://www.bluevistaprod.com/realisation-film-lancement-produit/,0,1,0,2
kaz,DESKTOP,https://www.bluevistaprod.com/realisation-film-sante/,0,2,0,23.5
kaz,DESKTOP,https://www.bluevistaprod.com/studio-animation-3d-lyon/,0,10,0,29.2
kaz,DESKTOP,https://www.bluevistaprod.com/studio-animation-3d-paris/,0,4,0,30.8
kaz,DESKTOP,https://www.bluevistaprod.com/video-publicitaire/,0,3,0,52.7
kaz,MOBILE,http://www.bluevistaprod.com/,0,1,0,1
kaz,MOBILE,https://en.bluevistaprod.com/,0,1,0,4
kaz,MOBILE,https://en.bluevistaprod.com/our-skills/aftermovie-event-capture/,0,1,0,49
kaz,MOBILE,https://www.bluevistaprod.com/,0,1,0,87
kaz,MOBILE,https://www.bluevistaprod.com/actualites/koesio-carte-de-voeux-2023/,0,1,0,30
kaz,MOBILE,https://www.bluevistaprod.com/actualites/showroom-virtuel-gf-machining-solutions/,0,1,0,46
kaz,MOBILE,https://www.bluevistaprod.com/actualites/stann/,0,7,0,9.3
kaz,MOBILE,https://www.bluevistaprod.com/film-d-entreprise-paris-15-ans-d-experience/,0,1,0,39
kaz,MOBILE,https://www.bluevistaprod.com/nos-competences/motion-design/,0,3,0,48.3
kaz,MOBILE,https://www.bluevistaprod.com/nos-realisations/dromis-equans-ineo/,0,1,0,95
kaz,MOBILE,https://www.bluevistaprod.com/realisation-film-sante/,0,1,0,16
kaz,MOBILE,https://www.bluevistaprod.com/studio-animation-3d-paris/,0,3,0,26.3
kaz,MOBILE,https://www.bluevistaprod.com/video-publicitaire/,0,1,0,21
kaz,TABLET,https://en.bluevistaprod.com/,0,1,0,19
kaz,TABLET,https://en.bluevistaprod.com/3d-animation-studio-in-paris/,0,1,0,36
ken,DESKTOP,http://www.bluevistaprod.com/,0,1,0,31
ken,DESKTOP,https://en.bluevistaprod.com/,0,3,0,3
ken,DESKTOP,https://en.bluevistaprod.com/actualites/sport-boules-16th-emile-terrier-trophy/,0,1,0,84
ken,DESKTOP,https://en.bluevistaprod.com/geneva-event-video-production/,0,2,0,61.5
ken,DESKTOP,https://en.bluevistaprod.com/nos-realisations/hitachi-cs-net/,0,1,0,11
ken,DESKTOP,https://en.bluevistaprod.com/video-production-in-geneva/,0,1,0,19
ken,DESKTOP,https://www.bluevistaprod.com/,0,18,0,51.1
ken,DESKTOP,https://www.bluevistaprod.com/actualites/animation-3d-produit-hitachi-csnet-manager/,0,1,0,23
ken,DESKTOP,https://www.bluevistaprod.com/actualites/carte-de-voeux-video/,0,2,0,59.5
ken,DESKTOP,https://www.bluevistaprod.com/actualites/koesio-carte-de-voeux-2023/,0,2,0,32.5
ken,DESKTOP,https://www.bluevistaprod.com/actualites/video-immersive-360/,0,2,0,48.5
ken,DESKTOP,https://www.bluevistaprod.com/bluevista-agence-metaverse/,0,3,0,56.7
ken,DESKTOP,https://www.bluevistaprod.com/film-d-entreprise-paris-15-ans-d-experience/,0,3,0,35.7
ken,DESKTOP,https://www.bluevistaprod.com/nos-competences/animation-3d/,0,2,0,55.5
ken,DESKTOP,https://www.bluevistaprod.com/nos-competences/creation-immersive-realite-virtuelle/,0,1,0,68
ken,DESKTOP,https://www.bluevistaprod.com/nos-competences/live-streaming-webtv/,0,1,0,17
ken,DESKTOP,https://www.bluevistaprod.com/nos-competences/motion-design/,0,11,0,88.5
ken,DESKTOP,https://www.bluevistaprod.com/nos-competences/studio-fond-vert-compositing/,0,1,0,11
ken,DESKTOP,https://www.bluevistaprod.com/nos-competences/video-aerienne-drone/,0,5,0,56.2
ken,DESKTOP,https://www.bluevistaprod.com/nos-competences/video-corporate-film-dentreprise/,0,4,0,53.5
ken,DESKTOP,https://www.bluevistaprod.com/nos-realisations/cera-agence-innovation/,0,1,0,37
ken,DESKTOP,https://www.bluevistaprod.com/nos-realisations/deko-film-de-presentation/,0,1,0,17
ken,DESKTOP,https://www.bluevistaprod.com/nos-realisations/hitachi-cs-net/,0,1,0,14
ken,DESKTOP,https://www.bluevistaprod.com/realisation-film-entreprise-lyon/,0,13,0,58
ken,DESKTOP,https://www.bluevistaprod.com/realisation-film-lancement-produit/,0,1,0,93
ken,DESKTOP,https://www.bluevistaprod.com/realisation-film-sante/,0,1,0,95
ken,DESKTOP,https://www.bluevistaprod.com/realisation-video-geneve/,0,2,0,81
ken,DESKTOP,https://www.bluevistaprod.com/studio-animation-3d-lyon/,0,5,0,43.2
ken,DESKTOP,https://www.bluevistaprod.com/studio-animation-3d-paris/,0,3,0,66.7
ken,DESKTOP,https://www.bluevistaprod.com/video-publicitaire/,0,4,0,34.3
ken,MOBILE,https://en.bluevistaprod.com/,0,3,0,4
ken,MOBILE,https://en.bluevistaprod.com/actualites/barpi-industrial-accident-prevention/,0,6,0,5.8
ken,MOBILE,https://en.bluevistaprod.com/our-skills/live-streaming-webtv/,0,2,0,7
ken,MOBILE,https://www.bluevistaprod.com/,0,2,0,60.5
ken,MOBILE,https://www.bluevistaprod.com/actualites/stann/,0,16,0,11.5
ken,MOBILE,https://www.bluevistaprod.com/bluevista-agence-metaverse/,0,1,0,26
ken,MOBILE,https://www.bluevistaprod.com/film-d-entreprise-paris-15-ans-d-experience/,0,2,0,27.5
ken,MOBILE,https://www.bluevistaprod.com/nos-competences/live-streaming-webtv/,0,1,0,46
ken,MOBILE,https://www.bluevistaprod.com/nos-competences/motion-design/,0,1,0,95
ken,MOBILE,https://www.bluevistaprod.com/nos-competences/video-corporate-film-dentreprise/,0,1,0,45
ken,MOBILE,https://www.bluevistaprod.com/nos-realisations/olinn-video-publicitaire/,0,2,0,1
ken,MOBILE,https://www.bluevistaprod.com/nos-realisations/verizon-connect-video-de-presentation/,0,1,0,87
ken,MOBILE,https://www.bluevistaprod.com/realisation-film-evenementiel/,0,1,0,25
ken,MOBILE,https://www.bluevistaprod.com/studio-animation-3d-paris/,0,1,0,77
ken,MOBILE,https://www.bluevistaprod.com/video-publicitaire/,0,2,0,25
ken,TABLET,https://www.bluevistaprod.com/actualites/stann/,0,1,0,1
kgz,DESKTOP,https://en.bluevistaprod.com/geneva-event-video-production/,0,1,0,37
kgz,DESKTOP,https://en.bluevistaprod.com/nos-realisations/stann-the-business-management-application/,0,1,0,5
kgz,DESKTOP,https://en.bluevistaprod.com/video-production-in-geneva/,0,1,0,29
kgz,DESKTOP,https://www.bluevistaprod.com/,0,7,0,43.9
kgz,DESKTOP,https://www.bluevistaprod.com/actualites/carte-de-voeux-video/,0,1,0,59
kgz,DESKTOP,https://www.bluevistaprod.com/actualites/stann/,0,1,0,4
kgz,DESKTOP,https://www.bluevistaprod.com/film-d-entreprise-paris-15-ans-d-experience/,0,1,0,1
kgz,DESKTOP,https://www.bluevistaprod.com/nos-competences/creation-immersive-realite-virtuelle/,0,1,0,83
kgz,DESKTOP,https://www.bluevistaprod.com/nos-competences/motion-design/,0,3,0,85
kgz,DESKTOP,https://www.bluevistaprod.com/nos-competences/video-aerienne-drone/,0,1,0,55
kgz,DESKTOP,https://www.bluevistaprod.com/nos-competences/video-corporate-film-dentreprise/,0,1,0,99
kgz,DESKTOP,https://www.bluevistaprod.com/nos-realisations/cera-agence-innovation/,0,2,0,41
kgz,DESKTOP,https://www.bluevistaprod.com/realisation-film-entreprise-lyon/,0,8,0,53.5
kgz,DESKTOP,https://www.bluevistaprod.com/realisation-film-sante/,0,1,0,16
kgz,MOBILE,https://en.bluevistaprod.com/actualites/barpi-industrial-accident-prevention/,0,4,0,6.8
kgz,MOBILE,https://www.bluevistaprod.com/actualites/stann/,0,2,0,6.5
khm,DESKTOP,https://en.bluevistaprod.com/actualites/barpi-industrial-accident-prevention/,0,1,0,7
khm,DESKTOP,https://en.bluevistaprod.com/actualites/stann/,0,1,0,11
khm,DESKTOP,https://en.bluevistaprod.com/our-skills/live-streaming-webtv/,0,2,0,22
khm,DESKTOP,https://en.bluevistaprod.com/our-skills/motion-design/,0,1,0,54
khm,DESKTOP,https://www.bluevistaprod.com/,0,3,0,49.7
khm,DESKTOP,https://www.bluevistaprod.com/actualites/stann/,0,105,0,10.8
khm,DESKTOP,https://www.bluevistaprod.com/bluevista-agence-metaverse/,0,1,0,68
khm,DESKTOP,https://www.bluevistaprod.com/film-d-entreprise-paris-15-ans-d-experience/,0,1,0,94
khm,DESKTOP,https://www.bluevistaprod.com/nos-competences/creation-immersive-realite-virtuelle/,0,1,0,72
khm,DESKTOP,https://www.bluevistaprod.com/nos-competences/motion-design/,0,2,0,88.5
khm,DESKTOP,https://www.bluevistaprod.com/nos-competences/studio-fond-vert-compositing/,0,1,0,15
khm,DESKTOP,https://www.bluevistaprod.com/nos-competences/video-corporate-film-dentreprise/,0,2,0,75
khm,DESKTOP,https://www.bluevistaprod.com/nos-competences/video-mapping/,0,1,0,1
khm,DESKTOP,https://www.bluevistaprod.com/nos-realisations/verizon-connect-video-de-presentation/,0,1,0,41
khm,DESKTOP,https://www.bluevistaprod.com/realisation-film-entreprise-lyon/,0,3,0,47.7
khm,DESKTOP,https://www.bluevistaprod.com/realisation-film-evenementiel/,0,1,0,33
khm,DESKTOP,https://www.bluevistaprod.com/realisation-film-sante/,0,1,0,18
khm,DESKTOP,https://www.bluevistaprod.com/studio-animation-3d-paris/,0,1,0,26
khm,DESKTOP,https://www.bluevistaprod.com/video-publicitaire/,0,1,0,95
khm,MOBILE,http://www.bluevistaprod.com/,0,1,0,2
khm,MOBILE,https://en.bluevistaprod.com/,0,1,0,3
khm,MOBILE,https://en.bluevistaprod.com/actualites/barpi-industrial-accident-prevention/,0,1,0,7
khm,MOBILE,https://en.bluevistaprod.com/nos-realisations/thx-medical-dosamat-digital-2-0/,0,1,0,9
khm,MOBILE,https://en.bluevistaprod.com/our-skills/live-streaming-webtv/,0,1,0,10
khm,MOBILE,https://www.bluevistaprod.com/,0,2,0,50
khm,MOBILE,https://www.bluevistaprod.com/actualites/stann/,0,284,0,9.1
khm,MOBILE,https://www.bluevistaprod.com/nos-competences/aftermovie-captation-evenementielle/,0,1,0,10
khm,MOBILE,https://www.bluevistaprod.com/nos-realisations/engie-home-services-video-thermostat-migo/,0,2,0,6.5
khm,MOBILE,https://www.bluevistaprod.com/video-publicitaire/,0,1,0,83
khm,TABLET,https://www.bluevistaprod.com/actualites/stann/,0,2,0,7
kna,DESKTOP,https://www.bluevistaprod.com/,0,1,0,73
kna,DESKTOP,https://www.bluevistaprod.com/actualites/koesio-carte-de-voeux-2023/,0,1,0,27
kna,DESKTOP,https://www.bluevistaprod.com/nos-competences/motion-design/,0,1,0,85
kna,DESKTOP,https://www.bluevistaprod.com/studio-animation-3d-lyon/,0,1,0,3
kna,DESKTOP,https://www.bluevistaprod.com/studio-animation-3d-paris/,0,1,0,20
kna,MOBILE,https://www.bluevistaprod.com/,0,1,0,95
kor,DESKTOP,http://www.bluevistaprod.com/,0,2,0,11.5
kor,DESKTOP,https://en.bluevistaprod.com/3d-animation-studio-in-lyon/,0,3,0,71
kor,DESKTOP,https://en.bluevistaprod.com/actualites/barpi-industrial-accident-prevention/,0,4,0,6.5
kor,DESKTOP,https://en.bluevistaprod.com/actualites/the-bluevista-metaverse-the-blueverse/,0,2,0,7.5
kor,DESKTOP,https://en.bluevistaprod.com/geneva-event-video-production/,0,66,0,47.9
kor,DESKTOP,https://en.bluevistaprod.com/nos-realisations/alorem/,0,1,0,8
kor,DESKTOP,https://en.bluevistaprod.com/nos-realisations/amplitude-amplivision/,0,4,0,7.5
kor,DESKTOP,https://en.bluevistaprod.com/nos-realisations/bluevista-creative-a-real-team-3-productivity/,0,1,0,9
kor,DESKTOP,https://en.bluevistaprod.com/nos-realisations/dromis-equans-ineo/,0,1,0,25
kor,DESKTOP,https://en.bluevistaprod.com/nos-realisations/hitachi-cs-net/,0,2,0,15
kor,DESKTOP,https://en.bluevistaprod.com/our-skills/motion-design/,0,1,0,7
kor,DESKTOP,https://en.bluevistaprod.com/our-skills/video-mapping/,0,1,0,67
kor,DESKTOP,https://en.bluevistaprod.com/video-production-in-geneva/,0,69,0,31.6
kor,DESKTOP,https://www.bluevistaprod.com/actualites/animation-3d-grande-arche-de-la-defense/,0,1,0,97
kor,DESKTOP,https://www.bluevistaprod.com/actualites/animation-3d-produit-hitachi-csnet-manager/,0,1,0,37
kor,DESKTOP,https://www.bluevistaprod.com/actualites/aravi-saison-2022-2023/,0,1,0,39
kor,DESKTOP,https://www.bluevistaprod.com/actualites/bluevista-video-showreel-2020/,0,1,0,3
kor,DESKTOP,https://www.bluevistaprod.com/actualites/bluevista-video-showreel-2023/,0,10,0,55.6
kor,DESKTOP,https://www.bluevistaprod.com/actualites/carte-de-voeux-video/,0,15,0,74
kor,DESKTOP,https://www.bluevistaprod.com/actualites/category/animation_3d/page/3/,0,2,0,83.5
kor,DESKTOP,https://www.bluevistaprod.com/actualites/category/video-360-vr/,0,3,0,30
kor,DESKTOP,https://www.bluevistaprod.com/actualites/koesio-carte-de-voeux-2023/,0,22,0,38.2
kor,DESKTOP,https://www.bluevistaprod.com/actualites/live-video-homeserve-20ans/,0,1,0,46
kor,DESKTOP,https://www.bluevistaprod.com/actualites/mase-4-motions/,0,4,0,62.5
kor,DESKTOP,https://www.bluevistaprod.com/actualites/motion-design-3d-et-mapping-a-paris-au-musee-rodin/,0,6,0,38
kor,DESKTOP,https://www.bluevistaprod.com/actualites/projet-de-realisation-video-360/,0,2,0,100.5
kor,DESKTOP,https://www.bluevistaprod.com/actualites/show-reel-motion-design/,0,1,0,49
kor,DESKTOP,https://www.bluevistaprod.com/actualites/show-reel-videos-drone/,0,1,0,74
kor,DESKTOP,https://www.bluevistaprod.com/actualites/stann/,0,4,0,10.5
kor,DESKTOP,https://www.bluevistaprod.com/actualites/video-immersive-360/,0,3,0,54.3
kor,DESKTOP,https://www.bluevistaprod.com/agence/,0,16,0,49.3
kor,DESKTOP,https://www.bluevistaprod.com/bluevista-agence-metaverse/,0,62,0,39.8
kor,DESKTOP,https://www.bluevistaprod.com/film-corporate-lyon-depuis-2004/,0,2,0,59.5
kor,DESKTOP,https://www.bluevistaprod.com/film-d-entreprise-paris-15-ans-d-experience/,0,107,0,47.9
kor,DESKTOP,https://www.bluevistaprod.com/mentions-legales/,0,1,0,78
kor,DESKTOP,https://www.bluevistaprod.com/nos-competences/aftermovie-captation-evenementielle/,0,12,0,40
kor,DESKTOP,https://www.bluevistaprod.com/nos-competences/animation-3d/,0,66,0,49.7
kor,DESKTOP,https://www.bluevistaprod.com/nos-competences/creation-immersive-realite-virtuelle/,0,19,0,68.1
kor,DESKTOP,https://www.bluevistaprod.com/nos-competences/live-streaming-webtv/,0,15,0,71.5
kor,DESKTOP,https://www.bluevistaprod.com/nos-competences/motion-design/,0,228,0,83.8
kor,DESKTOP,https://www.bluevistaprod.com/nos-competences/video-aerienne-drone/,0,148,0,42.1
kor,DESKTOP,https://www.bluevistaprod.com/nos-competences/video-corporate-film-dentreprise/,0,167,0,62.4
kor,DESKTOP,https://www.bluevistaprod.com/nos-competences/video-mapping/,0,17,0,31
kor,DESKTOP,https://www.bluevistaprod.com/nos-realisations/,0,1,0,1
kor,DESKTOP,https://www.bluevistaprod.com/nos-realisations/aravi-saison-2024/,0,1,0,15
kor,DESKTOP,https://www.bluevistaprod.com/nos-realisations/bluevista-creative-la-pizza/,0,1,0,81
kor,DESKTOP,https://www.bluevistaprod.com/nos-realisations/bluevista-showreel-2025/,0,1,0,3
kor,DESKTOP,https://www.bluevistaprod.com/nos-realisations/cera-agence-innovation/,0,9,0,34.7
kor,DESKTOP,https://www.bluevistaprod.com/nos-realisations/dromis-equans-ineo/,0,9,0,83.3
kor,DESKTOP,https://www.bluevistaprod.com/nos-realisations/e-xpert-solutions-devsecops/,0,1,0,15
kor,DESKTOP,https://www.bluevistaprod.com/nos-realisations/eiffage-energie-expercite/,0,1,0,4
kor,DESKTOP,https://www.bluevistaprod.com/nos-realisations/engie-home-services-video-thermostat-migo/,0,8,0,51.5
kor,DESKTOP,https://www.bluevistaprod.com/nos-realisations/ghi/,0,1,0,14
kor,DESKTOP,https://www.bluevistaprod.com/nos-realisations/hitachi-cs-net/,0,1,0,59
kor,DESKTOP,https://www.bluevistaprod.com/nos-realisations/naos-interview-collaborateur-2/,0,1,0,67
kor,DESKTOP,https://www.bluevistaprod.com/nos-realisations/qwartz/,0,9,0,37.2
kor,DESKTOP,https://www.bluevistaprod.com/nos-realisations/radisson-360-vr/,0,3,0,36
kor,DESKTOP,https://www.bluevistaprod.com/nos-realisations/serl-video-360-vr/,0,1,0,35
kor,DESKTOP,https://www.bluevistaprod.com/nos-realisations/stann-lapplication-de-gestion-dentreprise/,0,1,0,10
kor,DESKTOP,https://www.bluevistaprod.com/nos-realisations/thx-medical-dosamat-digital-2-0/,0,1,0,19
kor,DESKTOP,https://www.bluevistaprod.com/nos-realisations/verizon-connect-video-de-presentation/,0,10,0,50.5
kor,DESKTOP,https://www.bluevistaprod.com/realisation-de-film-evenements/,0,2,0,77
kor,DESKTOP,https://www.bluevistaprod.com/realisation-film-entreprise-lyon/,0,344,0,49.7
kor,DESKTOP,https://www.bluevistaprod.com/realisation-film-evenementiel/,0,30,0,27.6
kor,DESKTOP,https://www.bluevistaprod.com/realisation-film-lancement-produit/,0,20,0,65.6
kor,DESKTOP,https://www.bluevistaprod.com/realisation-film-sante/,0,10,0,34.9
kor,DESKTOP,https://www.bluevistaprod.com/realisation-video-geneve/,0,6,0,87.8
kor,DESKTOP,https://www.bluevistaprod.com/studio-animation-3d-lyon/,0,142,0,37.3
kor,DESKTOP,https://www.bluevistaprod.com/studio-animation-3d-paris/,0,157,0,44.5
kor,DESKTOP,https://www.bluevistaprod.com/video-promotionnelle/,0,4,0,21.8
kor,DESKTOP,https://www.bluevistaprod.com/video-publicitaire/,0,91,0,47.9
kor,MOBILE,http://www.bluevistaprod.com/,0,1,0,5
kor,MOBILE,https://en.bluevistaprod.com/,0,12,0,9.3
kor,MOBILE,https://en.bluevistaprod.com/3d-animation-studio-in-paris/,0,2,0,48
kor,MOBILE,https://en.bluevistaprod.com/actualites/barpi-industrial-accident-prevention/,0,691,0,5.5
kor,MOBILE,https://en.bluevistaprod.com/actualites/bluevista-creative-video-a-real-team-3-productivity/,0,1,0,6
kor,MOBILE,https://en.bluevistaprod.com/actualites/bluevista-creative-video-a-virtual-world-1-motorcycles/,0,1,0,6
kor,MOBILE,https://en.bluevistaprod.com/geneva-event-video-production/,0,5,0,72
kor,MOBILE,https://en.bluevistaprod.com/our-skills/aftermovie-event-capture/,0,3,0,49.7
kor,MOBILE,https://en.bluevistaprod.com/our-skills/live-streaming-webtv/,0,1,0,9
kor,MOBILE,https://en.bluevistaprod.com/video-production-in-geneva/,0,4,0,53.8
kor,MOBILE,https://www.bluevistaprod.com/,0,23,0,65.7
kor,MOBILE,https://www.bluevistaprod.com/actualites/bluevista-creative-video-un-monde-virtuel-1-la-moto/,0,1,0,86
kor,MOBILE,https://www.bluevistaprod.com/actualites/bluevista-video-showreel-2023/,0,1,0,11
kor,MOBILE,https://www.bluevistaprod.com/actualites/guitare-en-scene-2023/,0,5,0,95.2
kor,MOBILE,https://www.bluevistaprod.com/actualites/koesio-carte-de-voeux-2023/,0,10,0,47.3
kor,MOBILE,https://www.bluevistaprod.com/actualites/mapping-printemps-lyon/,0,1,0,33
kor,MOBILE,https://www.bluevistaprod.com/actualites/projet-de-realisation-video-360/,0,1,0,70
kor,MOBILE,https://www.bluevistaprod.com/actualites/showroom-virtuel-gf-machining-solutions/,0,1,0,41
kor,MOBILE,https://www.bluevistaprod.com/actualites/stann/,0,9,0,9.9
kor,MOBILE,https://www.bluevistaprod.com/actualites/video-immersive-360/,0,1,0,68
kor,MOBILE,https://www.bluevistaprod.com/agence/,0,1,0,103
kor,MOBILE,https://www.bluevistaprod.com/bluevista-agence-metaverse/,0,13,0,17.5
kor,MOBILE,https://www.bluevistaprod.com/film-d-entreprise-paris-15-ans-d-experience/,0,25,0,36.5
kor,MOBILE,https://www.bluevistaprod.com/nos-competences/aftermovie-captation-evenementielle/,0,2,0,10.5
kor,MOBILE,https://www.bluevistaprod.com/nos-competences/animation-3d/,0,1,0,52
kor,MOBILE,https://www.bluevistaprod.com/nos-competences/live-streaming-webtv/,0,8,0,60
kor,MOBILE,https://www.bluevistaprod.com/nos-competences/motion-design/,0,47,0,84.6
kor,MOBILE,https://www.bluevistaprod.com/nos-competences/video-aerienne-drone/,0,5,0,53
kor,MOBILE,https://www.bluevistaprod.com/nos-competences/video-corporate-film-dentreprise/,0,13,0,42
kor,MOBILE,https://www.bluevistaprod.com/nos-competences/video-mapping/,0,3,0,13
kor,MOBILE,https://www.bluevistaprod.com/nos-realisations/,0,1,0,34
kor,MOBILE,https://www.bluevistaprod.com/nos-realisations/dromis-equans-ineo/,0,5,0,84.4
kor,MOBILE,https://www.bluevistaprod.com/nos-realisations/engie-home-services-video-thermostat-migo/,0,3,0,33.7
kor,MOBILE,https://www.bluevistaprod.com/nos-realisations/olinn-video-publicitaire/,0,1,0,1
kor,MOBILE,https://www.bluevistaprod.com/nos-realisations/qwartz/,0,4,0,40.5
kor,MOBILE,https://www.bluevistaprod.com/nos-realisations/radisson-360-vr/,0,1,0,42
kor,MOBILE,https://www.bluevistaprod.com/nos-realisations/stann-lapplication-de-gestion-dentreprise/,0,6,0,29.2
kor,MOBILE,https://www.bluevistaprod.com/nos-realisations/verizon-connect-video-de-presentation/,0,6,0,62.3
kor,MOBILE,https://www.bluevistaprod.com/realisation-film-entreprise-lyon/,0,2,0,41
kor,MOBILE,https://www.bluevistaprod.com/studio-animation-3d-lyon/,0,17,0,27.8
kor,MOBILE,https://www.bluevistaprod.com/studio-animation-3d-paris/,0,18,0,34.9
kor,MOBILE,https://www.bluevistaprod.com/video-publicitaire/,0,25,0,49.2
kor,TABLET,https://en.bluevistaprod.com/,0,1,0,4
kor,TABLET,https://en.bluevistaprod.com/actualites/barpi-industrial-accident-prevention/,0,15,0,5.3
kor,TABLET,https://en.bluevistaprod.com/nos-realisations/hitachi-cs-net/,0,1,0,9
kwt,DESKTOP,https://en.bluevistaprod.com/,0,2,0,2
kwt,DESKTOP,https://en.bluevistaprod.com/3d-animation-studio-in-lyon/,0,1,0,73
kwt,DESKTOP,https://en.bluevistaprod.com/actualites/barpi-industrial-accident-prevention/,0,2,0,9
kwt,DESKTOP,https://en.bluevistaprod.com/geneva-event-video-production/,0,1,0,92
kwt,DESKTOP,https://en.bluevistaprod.com/video-production-in-geneva/,0,1,0,26
kwt,DESKTOP,https://www.bluevistaprod.com/,0,10,0,64.5
kwt,DESKTOP,https://www.bluevistaprod.com/actualites/carte-de-voeux-video/,0,1,0,27
kwt,DESKTOP,https://www.bluevistaprod.com/actualites/koesio-carte-de-voeux-2023/,0,1,0,54
kwt,DESKTOP,https://www.bluevistaprod.com/actualites/showroom-virtuel-gf-machining-solutions/,0,2,0,50.5
kwt,DESKTOP,https://www.bluevistaprod.com/bluevista-agence-metaverse/,0,1,0,72
kwt,DESKTOP,https://www.bluevistaprod.com/film-d-entreprise-paris-15-ans-d-experience/,0,2,0,48.5
kwt,DESKTOP,https://www.bluevistaprod.com/nos-competences/animation-3d/,0,1,0,46
kwt,DESKTOP,https://www.bluevistaprod.com/nos-competences/live-streaming-webtv/,0,1,0,77
kwt,DESKTOP,https://www.bluevistaprod.com/nos-competences/motion-design/,0,4,0,89.5
kwt,DESKTOP,https://www.bluevistaprod.com/nos-competences/video-aerienne-drone/,0,2,0,73.5
kwt,DESKTOP,https://www.bluevistaprod.com/nos-competences/video-corporate-film-dentreprise/,0,1,0,84
kwt,DESKTOP,https://www.bluevistaprod.com/nos-realisations/bluevista-creative-unicorn-team/,0,1,0,45
kwt,DESKTOP,https://www.bluevistaprod.com/nos-realisations/cera-agence-innovation/,0,1,0,54
kwt,DESKTOP,https://www.bluevistaprod.com/nos-realisations/qwartz/,0,1,0,43
kwt,DESKTOP,https://www.bluevistaprod.com/realisation-film-entreprise-lyon/,0,8,0,56.9
kwt,DESKTOP,https://www.bluevistaprod.com/realisation-video-geneve/,0,1,0,9
kwt,DESKTOP,https://www.bluevistaprod.com/studio-animation-3d-lyon/,0,4,0,20.3
kwt,DESKTOP,https://www.bluevistaprod.com/studio-animation-3d-paris/,0,2,0,19
kwt,DESKTOP,https://www.bluevistaprod.com/video-publicitaire/,0,5,0,59.2
kwt,MOBILE,https://en.bluevistaprod.com/actualites/barpi-industrial-accident-prevention/,0,8,0,7.3
kwt,MOBILE,https://en.bluevistaprod.com/geneva-event-video-production/,0,1,0,30
kwt,MOBILE,https://en.bluevistaprod.com/video-production-in-geneva/,0,1,0,34
kwt,MOBILE,https://www.bluevistaprod.com/actualites/aravi-saison-2022-2023/,0,1,0,12
kwt,MOBILE,https://www.bluevistaprod.com/actualites/stann/,0,1,0,6
kwt,MOBILE,https://www.bluevistaprod.com/studio-animation-3d-lyon/,0,1,0,13
kwt,MOBILE,https://www.bluevistaprod.com/studio-animation-3d-paris/,0,1,0,54
kwt,MOBILE,https://www.bluevistaprod.com/video-publicitaire/,0,3,0,74
lao,DESKTOP,https://en.bluevistaprod.com/geneva-event-video-production/,0,1,0,73
lao,DESKTOP,https://en.bluevistaprod.com/our-skills/motion-design/,0,1,0,61
lao,DESKTOP,https://www.bluevistaprod.com/nos-competences/aftermovie-captation-evenementielle/,0,1,0,19
lao,DESKTOP,https://www.bluevistaprod.com/realisation-film-sante/,0,1,0,68
lao,MOBILE,https://en.bluevistaprod.com/,0,1,0,3
lao,MOBILE,https://en.bluevistaprod.com/nos-realisations/eiffage-energie-expercite/,0,2,0,4
lbn,DESKTOP,https://en.bluevistaprod.com/,0,2,0,2.5
lbn,DESKTOP,https://www.bluevistaprod.com/,0,11,0,46.2
lbn,DESKTOP,https://www.bluevistaprod.com/nos-competences/creation-immersive-realite-virtuelle/,0,2,0,23.5
lbn,DESKTOP,https://www.bluevistaprod.com/nos-competences/live-streaming-webtv/,0,3,0,5.7
lbn,DESKTOP,https://www.bluevistaprod.com/nos-competences/motion-design/,0,4,0,87.5
lbn,DESKTOP,https://www.bluevistaprod.com/nos-competences/studio-fond-vert-compositing/,0,1,0,15
lbn,DESKTOP,https://www.bluevistaprod.com/nos-competences/video-aerienne-drone/,0,1,0,25
lbn,DESKTOP,https://www.bluevistaprod.com/nos-competences/video-corporate-film-dentreprise/,0,3,0,69
lbn,DESKTOP,https://www.bluevistaprod.com/nos-realisations/verizon-connect-video-de-presentation/,0,1,0,87
lbn,DESKTOP,https://www.bluevistaprod.com/realisation-film-entreprise-lyon/,0,14,0,28.3
lbn,DESKTOP,https://www.bluevistaprod.com/studio-animation-3d-lyon/,0,2,0,50.5
lbn,DESKTOP,https://www.bluevistaprod.com/studio-animation-3d-paris/,0,1,0,28
lbn,DESKTOP,https://www.bluevistaprod.com/video-publicitaire/,0,2,0,74
lbn,MOBILE,https://en.bluevistaprod.com/,0,1,0,4
lbn,MOBILE,https://en.bluevistaprod.com/actualites/barpi-industrial-accident-prevention/,0,1,0,11
lbn,MOBILE,https://www.bluevistaprod.com/actualites/stann/,0,3,0,9.3
lbn,MOBILE,https://www.bluevistaprod.com/actualites/video-immersive-360/,0,1,0,34
lbn,MOBILE,https://www.bluevistaprod.com/film-d-entreprise-paris-15-ans-d-experience/,0,1,0,3
lbn,MOBILE,https://www.bluevistaprod.com/nos-competences/animation-3d/,0,1,0,26
lbn,MOBILE,https://www.bluevistaprod.com/nos-competences/motion-design/,0,1,0,29
lbn,MOBILE,https://www.bluevistaprod.com/nos-competences/video-corporate-film-dentreprise/,0,1,0,48
lbn,MOBILE,https://www.bluevistaprod.com/nos-realisations/engie-home-services-video-thermostat-migo/,0,1,0,10
lbn,MOBILE,https://www.bluevistaprod.com/studio-animation-3d-lyon/,0,1,0,38
lbr,MOBILE,https://www.bluevistaprod.com/actualites/stann/,0,2,0,7
lby,DESKTOP,https://www.bluevistaprod.com/,0,3,0,77.3
lby,DESKTOP,https://www.bluevistaprod.com/bluevista-agence-metaverse/,0,1,0,27
lby,DESKTOP,https://www.bluevistaprod.com/film-d-entreprise-paris-15-ans-d-experience/,0,1,0,46
lby,DESKTOP,https://www.bluevistaprod.com/nos-competences/animation-3d/,0,1,0,87
lby,DESKTOP,https://www.bluevistaprod.com/nos-competences/motion-design/,0,2,0,62
lby,DESKTOP,https://www.bluevistaprod.com/nos-competences/video-corporate-film-dentreprise/,0,1,0,76
lby,DESKTOP,https://www.bluevistaprod.com/realisation-film-entreprise-lyon/,0,2,0,29
lby,DESKTOP,https://www.bluevistaprod.com/realisation-film-lancement-produit/,0,1,0,90
lby,DESKTOP,https://www.bluevistaprod.com/studio-animation-3d-lyon/,0,2,0,28.5
lby,DESKTOP,https://www.bluevistaprod.com/studio-animation-3d-paris/,0,1,0,50
lby,MOBILE,https://en.bluevistaprod.com/actualites/barpi-industrial-accident-prevention/,0,1,0,6
lby,MOBILE,https://en.bluevistaprod.com/actualites/stann/,0,1,0,120
lby,MOBILE,https://www.bluevistaprod.com/actualites/stann/,0,2,0,17
lby,MOBILE,https://www.bluevistaprod.com/nos-competences/video-corporate-film-dentreprise/,0,1,0,97
lca,DESKTOP,https://www.bluevistaprod.com/,0,1,0,72
lca,DESKTOP,https://www.bluevistaprod.com/bluevista-agence-metaverse/,0,1,0,72
lca,DESKTOP,https://www.bluevistaprod.com/film-d-entreprise-paris-15-ans-d-experience/,0,1,0,37
lca,DESKTOP,https://www.bluevistaprod.com/nos-competences/aftermovie-captation-evenementielle/,0,1,0,5
lca,DESKTOP,https://www.bluevistaprod.com/nos-competences/motion-design/,0,1,0,97
lca,DESKTOP,https://www.bluevistaprod.com/nos-competences/video-aerienne-drone/,0,1,0,100
lca,DESKTOP,https://www.bluevistaprod.com/realisation-film-entreprise-lyon/,0,3,0,85
lca,MOBILE,https://www.bluevistaprod.com/nos-realisations/bbgr-360/,0,1,0,89
lca,MOBILE,https://www.bluevistaprod.com/video-publicitaire/,0,2,0,65.5
lie,DESKTOP,https://en.bluevistaprod.com/actualites/barpi-industrial-accident-prevention/,0,1,0,3
lie,DESKTOP,https://www.bluevistaprod.com/nos-competences/motion-design/,0,1,0,91
lka,DESKTOP,https://en.bluevistaprod.com/,0,3,0,16.3
lka,DESKTOP,https://en.bluevistaprod.com/actualites/barpi-industrial-accident-prevention/,0,4,0,6.8
lka,DESKTOP,https://en.bluevistaprod.com/geneva-event-video-production/,0,1,0,30
lka,DESKTOP,https://en.bluevistaprod.com/nos-realisations/deko-presentation-film/,0,1,0,6
lka,DESKTOP,https://en.bluevistaprod.com/video-production-in-geneva/,0,1,0,14
lka,DESKTOP,https://www.bluevistaprod.com/,0,2,0,68.5
lka,DESKTOP,https://www.bluevistaprod.com/nos-competences/aftermovie-captation-evenementielle/,0,1,0,20
lka,DESKTOP,https://www.bluevistaprod.com/nos-competences/motion-design/,0,4,0,69.8
lka,DESKTOP,https://www.bluevistaprod.com/nos-competences/video-corporate-film-dentreprise/,0,1,0,64
lka,DESKTOP,https://www.bluevistaprod.com/nos-realisations/dromis-equans-ineo/,0,1,0,84
lka,DESKTOP,https://www.bluevistaprod.com/nos-realisations/radisson-360-vr/,0,1,0,30
lka,DESKTOP,https://www.bluevistaprod.com/realisation-film-entreprise-lyon/,0,4,0,17
lka,DESKTOP,https://www.bluevistaprod.com/studio-animation-3d-paris/,0,1,0,40
lka,DESKTOP,https://www.bluevistaprod.com/video-publicitaire/,0,2,0,59
lka,MOBILE,https://en.bluevistaprod.com/,0,8,0,5.3
lka,MOBILE,https://en.bluevistaprod.com/actualites/barpi-industrial-accident-prevention/,0,25,0,6.4
lka,MOBILE,https://en.bluevistaprod.com/our-skills/live-streaming-webtv/,0,1,0,11
lka,MOBILE,https://www.bluevistaprod.com/,0,1,0,78
lka,MOBILE,https://www.bluevistaprod.com/actualites/stann/,0,1,0,1
lka,MOBILE,https://www.bluevistaprod.com/nos-competences/live-streaming-webtv/,0,2,0,8.5
lka,MOBILE,https://www.bluevistaprod.com/video-publicitaire/,0,2,0,32.5
lka,TABLET,https://en.bluevistaprod.com/,0,1,0,1
lka,TABLET,https://en.bluevistaprod.com/actualites/barpi-industrial-accident-prevention/,0,1,0,7
lso,DESKTOP,https://www.bluevistaprod.com/nos-competences/video-aerienne-drone/,0,1,0,35
lso,MOBILE,https://www.bluevistaprod.com/actualites/stann/,0,4,0,10.5
ltu,DESKTOP,https://en.bluevistaprod.com/geneva-event-video-production/,0,1,0,64
ltu,DESKTOP,https://en.bluevistaprod.com/nos-realisations/amplitude-amplivision/,0,1,0,3
ltu,DESKTOP,https://en.bluevistaprod.com/our-skills/aftermovie-event-capture/,0,1,0,45
ltu,DESKTOP,https://en.bluevistaprod.com/our-skills/green-screen-studio-compositing/,0,1,0,96
ltu,DESKTOP,https://en.bluevistaprod.com/video-production-in-geneva/,0,1,0,29
ltu,DESKTOP,https://www.bluevistaprod.com/,0,31,0,43.9
ltu,DESKTOP,https://www.bluevistaprod.com/actualites/carte-de-voeux-video/,0,1,0,27
ltu,DESKTOP,https://www.bluevistaprod.com/actualites/koesio-carte-de-voeux-2023/,0,2,0,54
ltu,DESKTOP,https://www.bluevistaprod.com/actualites/mapping-printemps-lyon/,0,1,0,39
ltu,DESKTOP,https://www.bluevistaprod.com/actualites/mase-4-motions/,0,1,0,61
ltu,DESKTOP,https://www.bluevistaprod.com/actualites/motion-design-3d-et-mapping-a-paris-au-musee-rodin/,0,2,0,25
ltu,DESKTOP,https://www.bluevistaprod.com/actualites/stann/,0,1,0,3
ltu,DESKTOP,https://www.bluevistaprod.com/agence/,0,2,0,24.5
ltu,DESKTOP,https://www.bluevistaprod.com/bluevista-agence-metaverse/,0,2,0,53
ltu,DESKTOP,https://www.bluevistaprod.com/film-d-entreprise-paris-15-ans-d-experience/,0,3,0,45.7
ltu,DESKTOP,https://www.bluevistaprod.com/film-entreprise-lyon-15-ans-experience/,0,2,0,31.5
ltu,DESKTOP,https://www.bluevistaprod.com/nos-competences/aftermovie-captation-evenementielle/,0,3,0,82
ltu,DESKTOP,https://www.bluevistaprod.com/nos-competences/animation-3d/,0,6,0,56.3
ltu,DESKTOP,https://www.bluevistaprod.com/nos-competences/creation-immersive-realite-virtuelle/,0,1,0,87
ltu,DESKTOP,https://www.bluevistaprod.com/nos-competences/live-streaming-webtv/,0,1,0,79
ltu,DESKTOP,https://www.bluevistaprod.com/nos-competences/motion-design/,0,10,0,85.7
ltu,DESKTOP,https://www.bluevistaprod.com/nos-competences/video-aerienne-drone/,0,6,0,13
ltu,DESKTOP,https://www.bluevistaprod.com/nos-competences/video-corporate-film-dentreprise/,0,7,0,59.1
ltu,DESKTOP,https://www.bluevistaprod.com/nos-competences/video-mapping/,0,5,0,14.8
ltu,DESKTOP,https://www.bluevistaprod.com/nos-realisations/e-xpert-solutions-devsecops/,0,1,0,12
ltu,DESKTOP,https://www.bluevistaprod.com/nos-realisations/verizon-connect-video-de-presentation/,0,2,0,53.5
ltu,DESKTOP,https://www.bluevistaprod.com/realisation-film-entreprise-lyon/,0,20,0,49.2
ltu,DESKTOP,https://www.bluevistaprod.com/realisation-film-sante/,0,3,0,24.7
ltu,DESKTOP,https://www.bluevistaprod.com/realisation-video-geneve/,0,6,0,29.3
ltu,DESKTOP,https://www.bluevistaprod.com/studio-animation-3d-lyon/,0,11,0,25.6
ltu,DESKTOP,https://www.bluevistaprod.com/studio-animation-3d-paris/,0,14,0,44.1
ltu,DESKTOP,https://www.bluevistaprod.com/video-publicitaire/,0,7,0,43.4
ltu,MOBILE,https://en.bluevistaprod.com/actualites/barpi-industrial-accident-prevention/,0,1,0,6
ltu,MOBILE,https://en.bluevistaprod.com/metaverse/,0,1,0,1
ltu,MOBILE,https://en.bluevistaprod.com/our-skills/aftermovie-event-capture/,0,1,0,9
ltu,MOBILE,https://www.bluevistaprod.com/,0,3,0,80.3
ltu,MOBILE,https://www.bluevistaprod.com/actualites/showroom-virtuel-gf-machining-solutions/,0,2,0,69.5
ltu,MOBILE,https://www.bluevistaprod.com/actualites/stann/,0,5,0,7
ltu,MOBILE,https://www.bluevistaprod.com/film-d-entreprise-paris-15-ans-d-experience/,0,2,0,43
ltu,MOBILE,https://www.bluevistaprod.com/nos-competences/animation-3d/,0,1,0,10
ltu,MOBILE,https://www.bluevistaprod.com/nos-competences/live-streaming-webtv/,0,1,0,80
ltu,MOBILE,https://www.bluevistaprod.com/nos-competences/motion-design/,0,2,0,82
ltu,MOBILE,https://www.bluevistaprod.com/nos-competences/video-corporate-film-dentreprise/,0,2,0,40
ltu,MOBILE,https://www.bluevistaprod.com/nos-realisations/eiffage-energie-expercite/,0,1,0,3
ltu,MOBILE,https://www.bluevistaprod.com/realisation-film-entreprise-lyon/,0,1,0,63
ltu,MOBILE,https://www.bluevistaprod.com/studio-animation-3d-lyon/,0,1,0,91
ltu,MOBILE,https://www.bluevistaprod.com/studio-animation-3d-paris/,0,2,0,21
lux,DESKTOP,http://www.bluevistaprod.com/,0,1,0,12
lux,DESKTOP,https://en.bluevistaprod.com/,0,2,0,5
lux,DESKTOP,https://www.bluevistaprod.com/actualites/bluevista-video-showreel-2023/,0,2,0,5
lux,DESKTOP,https://www.bluevistaprod.com/actualites/stann/,0,5,0,5.2
lux,DESKTOP,https://www.bluevistaprod.com/agence/,0,1,0,3
lux,DESKTOP,https://www.bluevistaprod.com/film-d-entreprise-paris-15-ans-d-experience/,0,7,0,76.7
lux,DESKTOP,https://www.bluevistaprod.com/nos-competences/aftermovie-captation-evenementielle/,0,5,0,11.2
lux,DESKTOP,https://www.bluevistaprod.com/nos-competences/animation-3d/,0,1,0,72
lux,DESKTOP,https://www.bluevistaprod.com/nos-competences/live-streaming-webtv/,0,1,0,5
lux,DESKTOP,https://www.bluevistaprod.com/nos-competences/motion-design/,0,2,0,70
lux,DESKTOP,https://www.bluevistaprod.com/nos-competences/video-mapping/,0,2,0,20
lux,DESKTOP,https://www.bluevistaprod.com/nos-realisations/engie-home-services-video-thermostat-migo/,0,2,0,8
lux,DESKTOP,https://www.bluevistaprod.com/nos-realisations/gf-gs/,0,2,0,37
lux,DESKTOP,https://www.bluevistaprod.com/nos-realisations/stann-lapplication-de-gestion-dentreprise/,0,5,0,6.8
lux,DESKTOP,https://www.bluevistaprod.com/nos-realisations/verizon-connect-video-de-presentation/,0,6,0,38.2
lux,DESKTOP,https://www.bluevistaprod.com/realisation-film-entreprise-lyon/,0,10,0,79.1
lux,DESKTOP,https://www.bluevistaprod.com/realisation-film-lancement-produit/,0,2,0,60
lux,DESKTOP,https://www.bluevistaprod.com/realisation-video-geneve/,0,1,0,77
lux,DESKTOP,https://www.bluevistaprod.com/studio-animation-3d-lyon/,0,2,0,41.5
lux,DESKTOP,https://www.bluevistaprod.com/studio-animation-3d-paris/,0,2,0,32.5
lux,DESKTOP,https://www.bluevistaprod.com/video-publicitaire/,0,14,0,26.1
lux,MOBILE,https://en.bluevistaprod.com/,0,2,0,5
lux,MOBILE,https://en.bluevistaprod.com/our-skills/live-streaming-webtv/,0,1,0,5
lux,MOBILE,https://www.bluevistaprod.com/,0,13,0,20.3
lux,MOBILE,https://www.bluevistaprod.com/actualites/stann/,0,5,0,9.6
lux,MOBILE,https://www.bluevistaprod.com/film-d-entreprise-paris-15-ans-d-experience/,0,11,0,68.5
lux,MOBILE,https://www.bluevistaprod.com/nos-competences/aftermovie-captation-evenementielle/,0,2,0,9
lux,MOBILE,https://www.bluevistaprod.com/nos-competences/motion-design/,0,2,0,50
lux,MOBILE,https://www.bluevistaprod.com/nos-realisations/eiffage-energie-expercite/,0,1,0,3
lux,MOBILE,https://www.bluevistaprod.com/nos-realisations/stann-lapplication-de-gestion-dentreprise/,0,1,0,8
lux,MOBILE,https://www.bluevistaprod.com/nos-realisations/verizon-connect-video-de-presentation/,0,1,0,12
lux,MOBILE,https://www.bluevistaprod.com/realisation-film-entreprise-lyon/,0,7,0,74.1
lux,MOBILE,https://www.bluevistaprod.com/video-publicitaire/,0,7,0,8.1
lva,DESKTOP,https://en.bluevistaprod.com/geneva-event-video-production/,0,1,0,27
lva,DESKTOP,https://en.bluevistaprod.com/video-production-in-geneva/,0,1,0,45
lva,DESKTOP,https://www.bluevistaprod.com/,0,9,0,40.2
lva,DESKTOP,https://www.bluevistaprod.com/agence/,0,1,0,38
lva,DESKTOP,https://www.bluevistaprod.com/film-d-entreprise-paris-15-ans-d-experience/,0,2,0,25
lva,DESKTOP,https://www.bluevistaprod.com/nos-competences/motion-design/,0,6,0,71.7
lva,DESKTOP,https://www.bluevistaprod.com/nos-competences/video-aerienne-drone/,0,1,0,77
lva,DESKTOP,https://www.bluevistaprod.com/nos-competences/video-corporate-film-dentreprise/,0,3,0,45.3
lva,DESKTOP,https://www.bluevistaprod.com/nos-realisations/cera-agence-innovation/,0,1,0,40
lva,DESKTOP,https://www.bluevistaprod.com/realisation-film-entreprise-lyon/,0,12,0,52.8
lva,DESKTOP,https://www.bluevistaprod.com/studio-animation-3d-lyon/,0,7,0,39.1
lva,DESKTOP,https://www.bluevistaprod.com/studio-animation-3d-paris/,0,7,0,54.7
lva,DESKTOP,https://www.bluevistaprod.com/video-publicitaire/,0,2,0,21.5
lva,MOBILE,https://www.bluevistaprod.com/,0,1,0,29
lva,MOBILE,https://www.bluevistaprod.com/actualites/koesio-carte-de-voeux-2023/,0,1,0,42
lva,MOBILE,https://www.bluevistaprod.com/actualites/stann/,0,4,0,8
lva,MOBILE,https://www.bluevistaprod.com/nos-competences/motion-design/,0,1,0,55
lva,MOBILE,https://www.bluevistaprod.com/nos-competences/video-corporate-film-dentreprise/,0,2,0,46.5
lva,MOBILE,https://www.bluevistaprod.com/nos-realisations/dromis-equans-ineo/,0,1,0,89
lva,MOBILE,https://www.bluevistaprod.com/video-publicitaire/,0,1,0,16
mac,DESKTOP,https://www.bluevistaprod.com/,0,1,0,41
mac,DESKTOP,https://www.bluevistaprod.com/nos-competences/video-corporate-film-dentreprise/,0,1,0,62
mac,DESKTOP,https://www.bluevistaprod.com/realisation-film-entreprise-lyon/,0,1,0,23
mac,DESKTOP,https://www.bluevistaprod.com/video-publicitaire/,0,1,0,16
mac,MOBILE,https://en.bluevistaprod.com/,0,6,0,6.2
mac,MOBILE,https://www.bluevistaprod.com/,0,1,0,71
mac,MOBILE,https://www.bluevistaprod.com/studio-animation-3d-lyon/,0,1,0,20
maf,DESKTOP,http://www.bluevistaprod.com/,0,1,0,9
maf,DESKTOP,https://www.bluevistaprod.com/,0,2,0,1
maf,DESKTOP,https://www.bluevistaprod.com/actualites/bluevista-video-showreel-2023/,0,1,0,1
maf,DESKTOP,https://www.bluevistaprod.com/actualites/stann/,0,34,0,2.6
maf,DESKTOP,https://www.bluevistaprod.com/agence/,0,1,0,1
maf,DESKTOP,https://www.bluevistaprod.com/bluevista-agence-metaverse/,0,1,0,1
maf,DESKTOP,https://www.bluevistaprod.com/nos-realisations/,0,1,0,1
maf,DESKTOP,https://www.bluevistaprod.com/nos-realisations/bluevista-creative-la-pizza/,0,1,0,4
