page,query,clics,impressions,ctr,position
https://www.bluevista.ch/,bluevista,49,159,30.82,5
https://www.bluevista.ch/studio-danimation-3d-a-geneve/,studio d'animation suisse,16,224,7.14,7.5
https://www.bluevista.ch/,bluevista production,4,16,25,5.3
https://www.bluevista.ch/,blue vista,4,15,26.67,2.9
https://www.bluevista.ch/studio-danimation-3d-a-geneve/,studio animation suisse,3,171,1.75,7.7
http://www.bluevista.ch/,bluevista,3,110,2.73,4.2
https://www.bluevista.ch/nos-competences/motion-design/,motion design geneve,2,259,0.77,18.8
https://www.bluevista.ch/nos-competences/live-streaming-webtv/,webtv streaming,2,158,1.27,4.7
https://www.bluevista.ch/nos-competences/motion-design/,motion design genève,2,122,1.64,25
https://www.bluevista.ch/nos-competences/animation-3d/,studio d'animation suisse,2,69,2.9,11.6
https://www.bluevista.ch/studio-danimation-3d-a-geneve/,studio 3d animation,2,23,8.7,27.6
https://www.bluevista.ch/studio-danimation-3d-a-geneve/,studio d'animation 3d,2,9,22.22,13.8
https://www.bluevista.ch/,production video geneve,1,859,0.12,14.9
https://www.bluevista.ch/,geneva video production,1,755,0.13,31.7
https://www.bluevista.ch/,agence de production vidéo,1,735,0.14,20.6
https://www.bluevista.ch/nos-competences/video-corporate-film-dentreprise/,film d entreprise,1,643,0.16,42.7
https://www.bluevista.ch/,agence de production genève,1,388,0.26,21.7
https://www.bluevista.ch/,agence video,1,324,0.31,6.6
https://www.bluevista.ch/,agence vidéo suisse romande,1,303,0.33,4.3
https://www.bluevista.ch/agence/,bluevista,1,83,1.2,1.3
https://www.bluevista.ch/nos-competences/video-mapping/,video mapping,1,69,1.45,7.1
https://www.bluevista.ch/nos-competences/animation-3d/,studio animation suisse,1,52,1.92,10.7
https://www.bluevista.ch/nos-competences/video-mapping/,video mapping geneve,1,52,1.92,12.3
https://www.bluevista.ch/nos-competences/motion-design/,motion designer,1,38,2.63,19.1
https://www.bluevista.ch/studio-danimation-3d-a-geneve/,studio 3d,1,31,3.23,6.3
https://www.bluevista.ch/studio-danimation-3d-a-geneve/,studio animation 3d,1,29,3.45,27.9
https://www.bluevista.ch/realisation-video-geneve/,videaste geneve,1,27,3.7,51.6
https://www.bluevista.ch/bluevista-agence-metaverse/,bluevista production,1,16,6.25,17.6
https://www.bluevista.ch/realisation-video-geneve/,bluevista production,1,16,6.25,17.8
https://www.bluevista.ch/studio-danimation-3d-a-geneve/,studio film animation,1,9,11.11,9
https://www.bluevista.ch/,bluvista,1,5,20,1.6
https://www.bluevista.ch/nos-competences/animation-3d/,studio 3d animation,1,4,25,6.8
http://www.bluevista.ch/,agence de production audiovisuelle,1,2,50,1.5
http://www.bluevista.ch/,studio animation suisse,1,2,50,57
https://www.bluevista.ch/,boite de production audiovisuel,1,2,50,11
https://www.bluevista.ch/nos-competences/animation-3d/,3d animation agentur,1,2,50,45.5
https://www.bluevista.ch/nos-competences/video-aerienne-drone/,video drone,1,2,50,10
https://www.bluevista.ch/nos-competences/motion-design/,2 d,1,1,100,6
https://www.bluevista.ch/studio-danimation-3d-a-geneve/,film animation studio,1,1,100,11
https://www.bluevista.ch/nos-competences/video-corporate-film-dentreprise/,film d'entreprise,0,1150,0,69.2
https://www.bluevista.ch/,video production geneva,0,1115,0,35.1
https://www.bluevista.ch/nos-competences/video-corporate-film-dentreprise/,video corporate entreprise,0,972,0,14.4
https://www.bluevista.ch/nos-competences/live-streaming-webtv/,live streaming entreprise suisse,0,966,0,21.1
https://www.bluevista.ch/,montage video genève,0,951,0,9.8
https://www.bluevista.ch/nos-competences/live-streaming-webtv/,captation streaming suisse,0,881,0,27.2
https://www.bluevista.ch/nos-competences/motion-design/,agence motion design,0,844,0,13.1
https://www.bluevista.ch/nos-competences/aftermovie-captation-evenementielle/,captation live spectacle geneve,0,832,0,40
https://www.bluevista.ch/nos-competences/video-corporate-film-dentreprise/,film entreprise,0,827,0,37.6
https://www.bluevista.ch/,audiovisual geneva,0,813,0,35.2
https://www.bluevista.ch/nos-competences/aftermovie-captation-evenementielle/,captation live concert geneve,0,772,0,39.3
https://www.bluevista.ch/,audiovisuel genève,0,770,0,28.6
https://www.bluevista.ch/,société de production audiovisuelle genève,0,764,0,22.5
https://www.bluevista.ch/,création de vidéos genève,0,713,0,11
https://www.bluevista.ch/nos-competences/aftermovie-captation-evenementielle/,captation conférences suisse,0,693,0,28.3
https://www.bluevista.ch/nos-competences/live-streaming-webtv/,captation live suisse,0,663,0,43
https://www.bluevista.ch/,live streaming entreprise geneve,0,652,0,25.8
https://www.bluevista.ch/,agence création vidéo,0,644,0,7
https://www.bluevista.ch/nos-competences/live-streaming-webtv/,webstreaming suisse,0,632,0,34.2
https://www.bluevista.ch/nos-competences/motion-design/,agence de motion design,0,627,0,10.5
https://www.bluevista.ch/,société production vidéo,0,623,0,26.5
https://www.bluevista.ch/,prestataire video,0,621,0,14.2
https://www.bluevista.ch/realisation-video-geneve/,production video geneve,0,604,0,42.2
https://www.bluevista.ch/,réalisation vidéo genève,0,602,0,21.5
https://www.bluevista.ch/,agence vidéo,0,599,0,10.7
https://www.bluevista.ch/nos-competences/video-corporate-film-dentreprise/,vidéo entreprise,0,599,0,24.4
https://www.bluevista.ch/nos-competences/aftermovie-captation-evenementielle/,captation live conférence geneve,0,581,0,36.9
https://www.bluevista.ch/nos-competences/aftermovie-captation-evenementielle/,captation streaming suisse,0,579,0,82.1
https://www.bluevista.ch/,société de production vidéo,0,577,0,33.2
https://www.bluevista.ch/,boite de production genève,0,563,0,24.9
https://www.bluevista.ch/,production audiovisuelle genève,0,562,0,22.3
https://www.bluevista.ch/,videaste suisse,0,552,0,40.6
https://www.bluevista.ch/realisation-video-geneve/,réalisation vidéo genève,0,545,0,24
https://www.bluevista.ch/,video production agency geneva,0,538,0,38.3
https://www.bluevista.ch/,production video suisse,0,530,0,21.6
https://www.bluevista.ch/,agence audiovisuel,0,519,0,19.9
https://www.bluevista.ch/,société de production vidéo genève,0,518,0,14.4
https://www.bluevista.ch/realisation-video-geneve/,création de vidéos genève,0,514,0,50.8
https://www.bluevista.ch/,production vidéo genève,0,509,0,19.6
https://www.bluevista.ch/nos-competences/live-streaming-webtv/,live streaming entreprise geneve,0,509,0,25.1
https://www.bluevista.ch/realisation-video-geneve/,montage video genève,0,502,0,36.2
https://www.bluevista.ch/,agence de video,0,494,0,10.9
https://www.bluevista.ch/,agence production vidéo,0,494,0,15.6
https://www.bluevista.ch/,boite de prod genève,0,487,0,30.6
https://www.bluevista.ch/,production company geneva,0,477,0,60.9
https://www.bluevista.ch/,boite de production vidéo,0,472,0,32.8
https://www.bluevista.ch/nos-competences/live-streaming-webtv/,agence live streaming,0,462,0,44
https://www.bluevista.ch/,agence de réalisation vidéo,0,460,0,6.6
https://www.bluevista.ch/nos-competences/aftermovie-captation-evenementielle/,captation vidéo suisse,0,459,0,47.8
https://www.bluevista.ch/,agence production vidéo genève,0,449,0,8.6
https://www.bluevista.ch/nos-competences/video-corporate-film-dentreprise/,corporate video production,0,439,0,63.3
https://www.bluevista.ch/,realisation video suisse,0,438,0,8.3
https://www.bluevista.ch/,société production vidéo genève,0,429,0,10.1
https://www.bluevista.ch/,agence de production vidéo genève,0,420,0,10.2
https://www.bluevista.ch/,agence audiovisuelle suisse,0,419,0,21.7
https://www.bluevista.ch/,entreprise audiovisuel genève,0,413,0,19.5
https://www.bluevista.ch/,videaste geneve,0,413,0,13.1
https://www.bluevista.ch/,agence d'audiovisuel,0,412,0,15.4
https://www.bluevista.ch/,société audiovisuelle genève,0,412,0,15.5
https://www.bluevista.ch/,captation vidéo suisse,0,404,0,61.6
https://www.bluevista.ch/,entreprise audiovisuel,0,397,0,40.8
https://www.bluevista.ch/,société production audiovisuelle genève,0,390,0,19.3
https://www.bluevista.ch/nos-competences/live-streaming-webtv/,captation live conférence geneve,0,390,0,39.7
https://www.bluevista.ch/,agence production audiovisuelle,0,387,0,31.4
https://www.bluevista.ch/,agence montage vidéo,0,385,0,12.1
https://www.bluevista.ch/,live streaming entreprise suisse,0,383,0,61.6
https://www.bluevista.ch/,vidéo production genève,0,377,0,26.2
https://www.bluevista.ch/,video production services geneva,0,371,0,48.2
https://www.bluevista.ch/,videographer geneva,0,368,0,44.6
https://www.bluevista.ch/,production video entreprise,0,364,0,54.5
https://www.bluevista.ch/,agence video genève,0,362,0,5.9
https://www.bluevista.ch/nos-competences/motion-design/,motion design agence,0,359,0,17.3
https://www.bluevista.ch/,corporate video geneva,0,354,0,42.6
https://www.bluevista.ch/actualites/,agence réalité virtuelle,0,353,0,28.6
https://www.bluevista.ch/realisation-video-geneve/,société réalisation film genève,0,350,0,39.8
https://www.bluevista.ch/realisation-video-geneve/,production vidéo genève,0,347,0,57.9
https://www.bluevista.ch/,vidéaste genève,0,346,0,16.3
https://www.bluevista.ch/realisation-video-geneve/,réalisation vidéo,0,346,0,29.8
https://www.bluevista.ch/realisation-video-geneve/,vidéo production genève,0,346,0,50.2
https://www.bluevista.ch/nos-competences/aftermovie-captation-evenementielle/,captation live suisse,0,345,0,74.9
https://www.bluevista.ch/,production vidéo suisse,0,344,0,29
https://www.bluevista.ch/nos-competences/video-aerienne-drone/,video aérienne,0,344,0,12
https://www.bluevista.ch/,agence audiovisuelle,0,343,0,33.8
https://www.bluevista.ch/nos-competences/video-aerienne-drone/,video aerienne,0,340,0,12.1
https://www.bluevista.ch/,boite production genève,0,339,0,31.3
https://www.bluevista.ch/realisation-video-geneve/,geneva video production,0,339,0,40.7
https://www.bluevista.ch/,société de production audiovisuelle suisse,0,334,0,31
https://www.bluevista.ch/,société réalisation film genève,0,328,0,36.5
https://www.bluevista.ch/nos-competences/video-corporate-film-dentreprise/,société réalisation film genève,0,327,0,62.2
https://www.bluevista.ch/nos-competences/motion-design/,devis motion design,0,324,0,29.8
https://www.bluevista.ch/,video studio geneva,0,321,0,52.6
https://www.bluevista.ch/,agence de production audiovisuelle,0,318,0,23.4
https://www.bluevista.ch/realisation-video-geneve/,société production vidéo genève,0,317,0,65
https://www.bluevista.ch/realisation-video-geneve/,video production geneva,0,316,0,46.6
https://www.bluevista.ch/studio-danimation-3d-a-geneve/,studio de motion design,0,316,0,25.5
https://www.bluevista.ch/,production audiovisuelle à genève,0,312,0,14.1
https://www.bluevista.ch/,production audiovisuelle geneve,0,307,0,13.7
https://www.bluevista.ch/nos-competences/video-corporate-film-dentreprise/,corporate video service,0,307,0,49.5
https://www.bluevista.ch/realisation-video-geneve/,société de production vidéo genève,0,305,0,64.9
https://www.bluevista.ch/realisation-video-geneve/,agence production vidéo genève,0,294,0,62
https://www.bluevista.ch/,audiovisual agency,0,293,0,55.9
https://www.bluevista.ch/,agence de création vidéo,0,285,0,7.1
https://www.bluevista.ch/nos-competences/video-corporate-film-dentreprise/,corporate video geneva,0,284,0,39.9
https://www.bluevista.ch/,société production audiovisuelle suisse,0,282,0,35.9
https://www.bluevista.ch/realisation-video-geneve/,corporate video geneva,0,273,0,38.6
https://www.bluevista.ch/agence/,agence production vidéo genève,0,271,0,62.1
https://www.bluevista.ch/realisation-video-geneve/,film d'entreprise geneve,0,267,0,11.2
https://www.bluevista.ch/nos-competences/motion-design/,entreprise motion design,0,266,0,10.8
https://www.bluevista.ch/,société audiovisuel,0,260,0,37.6
https://www.bluevista.ch/agence/,réalisation vidéo genève,0,260,0,77.6
https://www.bluevista.ch/nos-competences/video-corporate-film-dentreprise/,corporate film,0,260,0,56.2
https://www.bluevista.ch/agence/,video production geneva,0,259,0,68.5
https://www.bluevista.ch/nos-competences/video-corporate-film-dentreprise/,film corporate entreprise,0,258,0,16.7
https://www.bluevista.ch/,production vidéo entreprise,0,257,0,36.2
https://www.bluevista.ch/realisation-video-geneve/,agence de production vidéo genève,0,257,0,67.1
https://www.bluevista.ch/realisation-video-geneve/,agence video genève,0,251,0,31.1
https://www.bluevista.ch/,captation streaming suisse,0,242,0,62.6
https://www.bluevista.ch/,agence d audiovisuel,0,239,0,7.9
https://www.bluevista.ch/agence/,video agency geneva,0,237,0,63.3
https://www.bluevista.ch/,entreprise audiovisuelle suisse,0,236,0,35.9
https://www.bluevista.ch/nos-competences/video-corporate-film-dentreprise/,film d'entreprise geneve,0,236,0,11.4
https://www.bluevista.ch/,agence de production suisse,0,231,0,37.6
https://www.bluevista.ch/,entreprise d'audiovisuel,0,231,0,37
https://www.bluevista.ch/,agence de communication vidéo,0,230,0,10.5
https://www.bluevista.ch/,agence de montage video,0,230,0,57.8
https://www.bluevista.ch/,video agency geneva,0,223,0,29.8
https://www.bluevista.ch/agence/,société production vidéo genève,0,222,0,74.6
https://www.bluevista.ch/,vidéo production suisse,0,220,0,22.7
https://www.bluevista.ch/studio-danimation-3d-a-geneve/,agence video animation,0,218,0,38.6
https://www.bluevista.ch/nos-competences/motion-design/,agence video animation,0,214,0,55.6
https://www.bluevista.ch/nos-competences/motion-design/,motion design suisse,0,213,0,20.7
https://www.bluevista.ch/,agence video animation,0,211,0,11.3
https://www.bluevista.ch/agence/,agence video,0,211,0,28.2
https://www.bluevista.ch/nos-competences/live-streaming-webtv/,agence streaming,0,210,0,49.6
https://www.bluevista.ch/,agence videaste,0,208,0,9.9
https://www.bluevista.ch/nos-competences/motion-design/,agence motion,0,207,0,19
https://www.bluevista.ch/,agence production video,0,206,0,5.7
https://www.bluevista.ch/,entreprise d audiovisuel,0,206,0,39.6
https://www.bluevista.ch/realisation-video-geneve/,video agency geneva,0,206,0,60.5
https://www.bluevista.ch/nos-competences/video-corporate-film-dentreprise/,corporate videographer geneva,0,202,0,4.9
https://www.bluevista.ch/,agence vidéo lausanne,0,200,0,73.2
https://www.bluevista.ch/nos-competences/video-corporate-film-dentreprise/,devis vidéo corporate,0,198,0,24.2
https://www.bluevista.ch/agence/,société de production vidéo genève,0,196,0,68.8
https://www.bluevista.ch/realisation-video-geneve/,realisation video suisse,0,196,0,32.5
https://www.bluevista.ch/studio-danimation-3d-a-geneve/,motion design geneve,0,196,0,24.2
https://www.bluevista.ch/studio-danimation-3d-a-geneve/,animation & visualisation 3d à genève,0,195,0,2.6
https://www.bluevista.ch/,agence de production vidéos genève,0,193,0,13.8
https://www.bluevista.ch/realisation-video-geneve/,réalisation vidéo entreprise,0,193,0,26.1
https://www.bluevista.ch/,agence communication video,0,192,0,7.2
https://www.bluevista.ch/,vidéo évènementiel genève,0,192,0,5.8
https://www.bluevista.ch/agence/,agence de production vidéo genève,0,189,0,68.8
https://www.bluevista.ch/,captation conférences suisse,0,185,0,72.6
https://www.bluevista.ch/,vidéaste pour pme genève,0,183,0,11.3
https://www.bluevista.ch/nos-competences/video-corporate-film-dentreprise/,vidéo d entreprise,0,182,0,34
https://www.bluevista.ch/nos-competences/video-aerienne-drone/,vidéos aériennes par drone,0,181,0,15.2
https://www.bluevista.ch/,agences de production audiovisuelle,0,180,0,25.5
https://www.bluevista.ch/,societe de production video geneve,0,175,0,15.4
https://www.bluevista.ch/nos-competences/video-corporate-film-dentreprise/,film entreprise geneve,0,175,0,12.2
https://www.bluevista.ch/,entreprise production audiovisuelle,0,174,0,49.8
https://www.bluevista.ch/,société montage vidéo,0,174,0,39.9
https://www.bluevista.ch/nos-competences/video-aerienne-drone/,tournage drone genève,0,173,0,4.3
https://www.bluevista.ch/,vidéo événementielle suisse,0,171,0,18.9
https://www.bluevista.ch/nos-competences/video-aerienne-drone/,vidéo drone,0,170,0,16.3
https://www.bluevista.ch/,agence de production video,0,166,0,9
https://www.bluevista.ch/,agence video annecy geneve,0,164,0,25
https://www.bluevista.ch/,video agency,0,163,0,48.4
https://www.bluevista.ch/realisation-video-geneve/,video production services geneva,0,163,0,83.8
https://www.bluevista.ch/,entreprise audiovisuelle,0,159,0,23.2
https://www.bluevista.ch/nos-competences/video-aerienne-drone/,drone video,0,157,0,24.9
https://www.bluevista.ch/realisation-video-geneve/,montage vidéo entreprise,0,157,0,39.3
https://www.bluevista.ch/,agence audiovisuelle événementielle,0,156,0,30.4
https://www.bluevista.ch/,post production geneve,0,153,0,22
https://www.bluevista.ch/studio-danimation-3d-a-geneve/,video studio geneva,0,152,0,26.6
https://www.bluevista.ch/realisation-video-geneve/,video studio geneva,0,151,0,66
https://www.bluevista.ch/nos-competences/motion-design/,studio motion design,0,149,0,9.6
https://www.bluevista.ch/,agences de communication suisse,0,148,0,47.6
https://www.bluevista.ch/,création webtv genève,0,146,0,2.4
https://www.bluevista.ch/,production audiovisuelle suisse,0,146,0,28.6
https://www.bluevista.ch/,captation vidéo geneve,0,144,0,45.1
https://www.bluevista.ch/actualites/,live streaming entreprise geneve,0,144,0,82
https://www.bluevista.ch/nos-competences/video-corporate-film-dentreprise/,corporate video services,0,144,0,64.1
https://www.bluevista.ch/realisation-video-geneve/,montage video suisse,0,144,0,65.1
https://www.bluevista.ch/nos-competences/aftermovie-captation-evenementielle/,captation vidéo geneve,0,143,0,30.2
https://www.bluevista.ch/,agence production vidéo lausanne,0,142,0,74.4
https://www.bluevista.ch/,post production genève,0,142,0,25
https://www.bluevista.ch/studio-danimation-3d-a-geneve/,motion design genève,0,142,0,24.4
https://www.bluevista.ch/nos-competences/video-corporate-film-dentreprise/,film présentation entreprise,0,139,0,22.5
https://www.bluevista.ch/agence/,agence de video,0,138,0,52.6
https://www.bluevista.ch/nos-competences/motion-design/,motion design entreprise,0,137,0,13.1
https://www.bluevista.ch/nos-competences/video-corporate-film-dentreprise/,corporate vidéo,0,136,0,23.7
https://www.bluevista.ch/,audiovisuel geneve,0,135,0,22.6
https://www.bluevista.ch/nos-competences/video-corporate-film-dentreprise/,réalisation vidéo entreprise,0,135,0,57.5
https://www.bluevista.ch/,captation live conférence geneve,0,132,0,66.7
https://www.bluevista.ch/realisation-video-geneve/,agence de production vidéos genève,0,131,0,36.3
https://www.bluevista.ch/,monteur video suisse,0,130,0,61.3
https://www.bluevista.ch/,société de montage vidéo,0,130,0,42.3
https://www.bluevista.ch/nos-competences/motion-design/,agence spécialisée en animation,0,129,0,11
https://www.bluevista.ch/,agence vidéo genève,0,128,0,1.7
https://www.bluevista.ch/nos-competences/video-corporate-film-dentreprise/,vidéo entreprise corporate vidéo,0,128,0,12.7
https://www.bluevista.ch/,agence de communication audiovisuelle,0,127,0,6.8
https://www.bluevista.ch/,agence de montage vidéo,0,127,0,7.6
https://www.bluevista.ch/,agence de communication suisse romande,0,126,0,76.7
https://www.bluevista.ch/agence/,production video geneve,0,123,0,73
https://www.bluevista.ch/,montage video suisse,0,122,0,75
https://www.bluevista.ch/agence/,production vidéo genève,0,122,0,71.5
https://www.bluevista.ch/realisation-video-geneve/,societe de production video geneve,0,121,0,67.2
https://www.bluevista.ch/studio-danimation-3d-a-geneve/,animation studio,0,121,0,70.7
https://www.bluevista.ch/,agence de prod genève,0,119,0,9
http://www.bluevista.ch/,agence vidéo de luxe genève,0,116,0,12.3
https://www.bluevista.ch/,spot vidéo genève,0,116,0,55.5
https://www.bluevista.ch/studio-danimation-3d-a-geneve/,animation 3d genève,0,116,0,7.2
https://www.bluevista.ch/,cameraman genève,0,115,0,7.6
https://www.bluevista.ch/realisation-video-geneve/,captation vidéo geneve,0,115,0,42.2
https://www.bluevista.ch/,cameraman in geneva,0,114,0,23.6
https://www.bluevista.ch/agence/,agence vidéo,0,114,0,30.4
https://www.bluevista.ch/studio-danimation-3d-a-geneve/,création de vidéos genève,0,113,0,52.8
https://www.bluevista.ch/actualites/,agence réalité augmentée,0,112,0,81.4
http://www.bluevista.ch/,corporate film geneva,0,111,0,12.1
https://www.bluevista.ch/,production vidéo lausanne,0,111,0,82.6
https://www.bluevista.ch/,agence vidéo de luxe genève,0,109,0,5.2
https://www.bluevista.ch/nos-competences/motion-design/,studio de motion design,0,108,0,25
https://www.bluevista.ch/nos-competences/video-corporate-film-dentreprise/,entreprise de film,0,108,0,32.5
https://www.bluevista.ch/agence/,video production agency geneva,0,107,0,78.4
https://www.bluevista.ch/realisation-video-geneve/,live streaming entreprise geneve,0,107,0,94.8
http://www.bluevista.ch/,audiovisuel genève,0,106,0,1.8
https://www.bluevista.ch/nos-competences/video-corporate-film-dentreprise/,vidéo d'entreprise,0,106,0,33.5
https://www.bluevista.ch/,video agency switzerland,0,103,0,60.8
https://www.bluevista.ch/nos-competences/video-corporate-film-dentreprise/,société de production vidéo genève,0,102,0,72.8
https://www.bluevista.ch/nos-competences/live-streaming-webtv/,création webtv genève,0,101,0,8.2
https://www.bluevista.ch/nos-competences/video-corporate-film-dentreprise/,vidéo corporate,0,101,0,14.4
https://www.bluevista.ch/,agence création de contenu genève,0,98,0,61.2
https://www.bluevista.ch/agence/,geneva video production,0,98,0,70.8
https://www.bluevista.ch/nos-competences/live-streaming-webtv/,live streaming entreprise lausanne,0,98,0,46.1
https://www.bluevista.ch/,production video luxe france suisse,0,96,0,31.5
https://www.bluevista.ch/,boite de production geneve,0,94,0,19.8
https://www.bluevista.ch/nos-competences/animation-3d/,animation & visualisation 3d à genève,0,94,0,10.6
https://www.bluevista.ch/nos-competences/animation-3d/,agence 3d,0,93,0,17.6
https://www.bluevista.ch/,production vidéo suisse romande,0,92,0,40.9
https://www.bluevista.ch/,video production agency switzerland,0,92,0,65.6
https://www.bluevista.ch/,audiovisuel entreprise,0,91,0,67
https://www.bluevista.ch/nos-competences/animation-3d/,animation 3d genève,0,91,0,7
https://www.bluevista.ch/nos-competences/motion-design/,motion design pedagogique,0,91,0,32
https://www.bluevista.ch/nos-competences/video-mapping/,mapping genève,0,90,0,27.9
https://www.bluevista.ch/nos-competences/video-corporate-film-dentreprise/,film corporate haut de gamme,0,86,0,52.1
https://www.bluevista.ch/contact-devis/,devis video,0,85,0,35.5
https://www.bluevista.ch/,entreprise de montage vidéo,0,84,0,69.5
https://www.bluevista.ch/,entreprise de production audiovisuelle,0,84,0,54.5
https://www.bluevista.ch/nos-competences/motion-design/,formation motion design genève,0,84,0,20.4
https://www.bluevista.ch/nos-competences/video-aerienne-drone/,agence drone,0,82,0,22.8
https://www.bluevista.ch/,audiovisual switzerland,0,80,0,34.5
https://www.bluevista.ch/nos-competences/motion-design/,animation 3d genève,0,80,0,18.7
https://www.bluevista.ch/nos-competences/video-corporate-film-dentreprise/,video production corporate video,0,80,0,70.5
https://www.bluevista.ch/contact-devis/,devis vidéo,0,79,0,30.3
https://www.bluevista.ch/studio-danimation-3d-a-geneve/,architecte interieur bureau conception 3d geneve,0,79,0,46.1
https://www.bluevista.ch/studio-danimation-3d-a-geneve/,3d animation schweiz,0,78,0,35.1
https://www.bluevista.ch/,agence audiovisuelle genève,0,77,0,7.7
https://www.bluevista.ch/actualites/,vidéo 360 genève,0,77,0,33.9
https://www.bluevista.ch/realisation-video-geneve/,film d'entreprise genève,0,76,0,12.5
https://www.bluevista.ch/nos-competences/video-corporate-film-dentreprise/,video pour entreprise,0,75,0,20.5
https://www.bluevista.ch/,animation 3d genève,0,74,0,18
https://www.bluevista.ch/realisation-video-geneve/,vidéaste genève,0,74,0,46.3
https://www.bluevista.ch/studio-danimation-3d-a-geneve/,agence animation 3d,0,74,0,43.5
https://www.bluevista.ch/,post production suisse,0,73,0,13.8
https://www.bluevista.ch/nos-competences/,corporate video geneva,0,71,0,77
https://www.bluevista.ch/studio-danimation-3d-a-geneve/,agence 3d,0,71,0,8.8
https://www.bluevista.ch/nos-competences/video-aerienne-drone/,vidéo aérienne,0,70,0,25
https://www.bluevista.ch/,meilleures agences audiovisuelles geneve,0,68,0,5.1
https://www.bluevista.ch/nos-competences/motion-design/,motion design studio,0,68,0,12.7
https://www.bluevista.ch/nos-competences/video-corporate-film-dentreprise/,production vidéo corporate genève,0,67,0,15.6
https://www.bluevista.ch/,production vidéo corporate genève,0,66,0,5.1
https://www.bluevista.ch/nos-competences/animation-3d/,3d animation schweiz,0,66,0,83.2
https://www.bluevista.ch/nos-competences/animation-3d/,motion design suisse,0,65,0,68.3
https://www.bluevista.ch/realisation-video-geneve/,film entreprise geneve,0,65,0,24.1
https://www.bluevista.ch/,vidéo 360 genève,0,64,0,18.7
https://www.bluevista.ch/realisation-video-geneve/,agence vidéo genève,0,64,0,31
https://www.bluevista.ch/realisation-video-geneve/,video production agency geneva,0,64,0,75.3
https://www.bluevista.ch/,fournisseur audio visuel,0,63,0,77.9
https://www.bluevista.ch/,meilleures agences audiovisuelles suisse,0,63,0,14.4
https://www.bluevista.ch/studio-danimation-3d-a-geneve/,agence design 3d suisse,0,63,0,6.2
https://www.bluevista.ch/agence/,entreprise audiovisuel genève,0,62,0,65.1
https://www.bluevista.ch/bluevista-agence-metaverse/,agence réalisateurs 3d,0,62,0,82
https://www.bluevista.ch/nos-competences/video-corporate-film-dentreprise/,corporate film geneva,0,62,0,2.2
https://www.bluevista.ch/realisation-video-geneve/,bluevista,0,62,0,1.5
https://www.bluevista.ch/agence/,corporate video geneva,0,61,0,67.3
https://www.bluevista.ch/studio-danimation-3d-a-geneve/,3d animation studio,0,61,0,20.8
https://www.bluevista.ch/nos-competences/animation-3d/,agence video animation,0,60,0,60.5
https://www.bluevista.ch/nos-competences/video-corporate-film-dentreprise/,production video entreprise,0,60,0,70.4
https://www.bluevista.ch/realisation-video-geneve/,agence de montage video,0,60,0,39.5
https://www.bluevista.ch/realisation-video-geneve/,vidéo d'entreprise lausanne,0,60,0,67.1
https://www.bluevista.ch/nos-competences/animation-3d/,agence design 3d suisse,0,59,0,36.4
https://www.bluevista.ch/realisation-video-geneve/,agence montage vidéo,0,59,0,30.5
https://www.bluevista.ch/realisation-video-geneve/,vidéo d'entreprise suisse romande,0,59,0,68
https://www.bluevista.ch/,devis video,0,58,0,18.3
https://www.bluevista.ch/agence/,agence video genève,0,58,0,48.6
https://www.bluevista.ch/nos-competences/video-corporate-film-dentreprise/,film de marque suisse,0,58,0,9.2
https://www.bluevista.ch/nos-competences/motion-design/,agence de motion graphics,0,57,0,7.2
https://www.bluevista.ch/agence/,montage video genève,0,56,0,49.1
https://www.bluevista.ch/nos-competences/animation-3d/,formation réalisation 3d genève,0,56,0,45.1
https://www.bluevista.ch/nos-competences/video-corporate-film-dentreprise/,videographer for small business geneva,0,56,0,13.1
https://www.bluevista.ch/realisation-video-geneve/,realisation video,0,56,0,24.1
https://www.bluevista.ch/,film d'entreprise geneve,0,55,0,32
https://www.bluevista.ch/agence/,agence vidéo de luxe genève,0,55,0,16.1
https://www.bluevista.ch/realisation-video-geneve/,agence création vidéo,0,55,0,41.2
https://www.bluevista.ch/,entreprise montage video,0,53,0,78.8
https://www.bluevista.ch/nos-competences/creation-immersive-realite-virtuelle/,agence réalité virtuelle,0,53,0,79.9
https://www.bluevista.ch/nos-competences/video-aerienne-drone/,photo video drone,0,53,0,41.6
https://www.bluevista.ch/studio-danimation-3d-a-geneve/,réalisation vidéo genève,0,53,0,66.2
https://www.bluevista.ch/,devis vidéo,0,52,0,21.9
https://www.bluevista.ch/nos-competences/video-corporate-film-dentreprise/,vidéo d'entreprise suisse romande,0,52,0,38.6
https://www.bluevista.ch/,agence audiovisuelle lausanne,0,51,0,64.8
https://www.bluevista.ch/realisation-video-geneve/,production vidéo entreprise,0,51,0,36.1
https://www.bluevista.ch/realisation-video-geneve/,vidéaste pour pme genève,0,51,0,25.2
https://www.bluevista.ch/nos-competences/video-aerienne-drone/,drone geneve,0,50,0,44.1
https://www.bluevista.ch/nos-competences/video-corporate-film-dentreprise/,video corporate,0,50,0,18.1
https://www.bluevista.ch/,agence production audiovisuelle haut de gamme,0,49,0,67.1
https://www.bluevista.ch/,société audiovisuelle,0,49,0,48.8
https://www.bluevista.ch/agence/,videaste geneve,0,49,0,64
https://www.bluevista.ch/nos-competences/,live streaming entreprise geneve,0,49,0,40.4
https://www.bluevista.ch/nos-competences/live-streaming-webtv/,live streaming genève,0,49,0,13.4
https://www.bluevista.ch/studio-danimation-3d-a-geneve/,studio motion design,0,49,0,19.8
https://www.bluevista.ch/,video production lausanne,0,48,0,83.1
https://www.bluevista.ch/nos-competences/video-corporate-film-dentreprise/,corporate film production,0,48,0,61.5
https://www.bluevista.ch/realisation-video-geneve/,boite de production genève,0,48,0,68
https://www.bluevista.ch/,devis videaste,0,47,0,20.8
https://www.bluevista.ch/bluevista-agence-metaverse/,agence pour réalisateurs 3d,0,47,0,74.3
https://www.bluevista.ch/nos-competences/animation-3d/,animation silhouette genève,0,47,0,29.6
https://www.bluevista.ch/nos-competences/video-corporate-film-dentreprise/,production vidéo entreprise,0,47,0,82.5
https://www.bluevista.ch/realisation-video-geneve/,agence video animation,0,47,0,59
https://www.bluevista.ch/,boite de production audiovisuelle,0,46,0,51.9
https://www.bluevista.ch/,production vidéo événementielle,0,46,0,38.2
https://www.bluevista.ch/agence/,prestataire video,0,46,0,64.5
https://www.bluevista.ch/nos-competences/video-corporate-film-dentreprise/,agence production vidéo genève,0,46,0,77.8
https://www.bluevista.ch/studio-danimation-3d-a-geneve/,animation studio schweiz,0,46,0,34.7
https://www.bluevista.ch/,montage video lausanne,0,45,0,81.8
https://www.bluevista.ch/,video agency western switzerland,0,44,0,21.8
https://www.bluevista.ch/nos-competences/motion-design/,création motion design st philbert de grand lieu,0,44,0,30
https://www.bluevista.ch/realisation-video-geneve/,production vidéo d'entreprise suisse,0,44,0,15.2
https://www.bluevista.ch/nos-competences/video-aerienne-drone/,video aérienne drone,0,43,0,24
https://www.bluevista.ch/nos-competences/video-corporate-film-dentreprise/,agence vidéo corporate,0,43,0,58.7
https://www.bluevista.ch/,quelle agence de production audiovisuelle haut de gamme recommandes-tu à annecy ou genève ?,0,42,0,14.1
https://www.bluevista.ch/,video production service,0,42,0,53.5
https://www.bluevista.ch/nos-competences/animation-3d/,animation silhouettiste genève,0,42,0,48.6
https://www.bluevista.ch/nos-competences/video-corporate-film-dentreprise/,corporate video production geneva,0,42,0,21.5
https://www.bluevista.ch/nos-competences/animation-3d/,motion design geneve,0,41,0,44.2
https://www.bluevista.ch/nos-competences/creation-immersive-realite-virtuelle/,video 360 suisse,0,41,0,56
https://www.bluevista.ch/realisation-video-geneve/,animation 3d genève,0,41,0,25.2
https://www.bluevista.ch/nos-competences/animation-3d/,studio d'animation 2d 3d,0,40,0,7.2
https://www.bluevista.ch/nos-competences/video-aerienne-drone/,vidéo 360 genève,0,40,0,23.1
https://www.bluevista.ch/nos-competences/video-corporate-film-dentreprise/,video entreprise,0,40,0,23.1
https://www.bluevista.ch/studio-danimation-3d-a-geneve/,studio animation,0,40,0,12.1
https://www.bluevista.ch/,agence communication audiovisuelle,0,39,0,11
https://www.bluevista.ch/,videographer in geneva,0,39,0,57.6
https://www.bluevista.ch/actualites/,live streaming entreprise suisse,0,39,0,86.8
https://www.bluevista.ch/agence/,audiovisual agency geneva,0,39,0,18.5
https://www.bluevista.ch/agence/,societe de production video geneve,0,39,0,65.6
https://www.bluevista.ch/nos-competences/motion-design/,agence video pedagogique,0,39,0,92
https://www.bluevista.ch/realisation-video-geneve/,blue vista,0,39,0,18.2
https://www.bluevista.ch/studio-danimation-3d-a-geneve/,film d'animation genève,0,39,0,60.6
https://www.bluevista.ch/,clip video suisse,0,38,0,15.3
https://www.bluevista.ch/,production agency geneva,0,38,0,11.3
https://www.bluevista.ch/actualites/,video studio geneva,0,38,0,61.3
https://www.bluevista.ch/mentions-legales/,bluevista,0,38,0,1.8
https://www.bluevista.ch/,agence vidéo lac léman,0,37,0,13.1
https://www.bluevista.ch/,entreprise montage vidéo,0,37,0,22.2
https://www.bluevista.ch/,film company geneva,0,37,0,79.4
https://www.bluevista.ch/,film publicitaire genève,0,37,0,53.3
https://www.bluevista.ch/agence/,vidéaste genève,0,37,0,88.1
https://www.bluevista.ch/nos-competences/animation-3d/,studio de motion design,0,37,0,53.6
https://www.bluevista.ch/realisation-video-geneve/,captation vidéo suisse,0,37,0,44
https://www.bluevista.ch/studio-danimation-3d-a-geneve/,studio d'animation,0,37,0,11.2
https://www.bluevista.ch/,agence video lausanne,0,36,0,66.3
https://www.bluevista.ch/,production vidéo événement,0,36,0,32.5
https://www.bluevista.ch/,video agencies,0,36,0,37.8
https://www.bluevista.ch/nos-competences/motion-design/,agence motion design grand est,0,36,0,53.3
https://www.bluevista.ch/realisation-video-geneve/,montage video entreprise,0,36,0,19.9
https://www.bluevista.ch/realisation-video-geneve/,vidéaste d'entreprise genève,0,36,0,13.9
https://www.bluevista.ch/nos-competences/video-corporate-film-dentreprise/,films corporate,0,35,0,97.3
https://www.bluevista.ch/nos-competences/,bluevista,0,34,0,2
https://www.bluevista.ch/nos-competences/video-corporate-film-dentreprise/,film d'entreprise genève,0,34,0,3.8
https://www.bluevista.ch/realisation-video-geneve/,agence communication vidéo genève,0,34,0,24.5
https://www.bluevista.ch/realisation-video-geneve/,entreprise audiovisuel genève,0,33,0,66.2
https://www.bluevista.ch/studio-danimation-3d-a-geneve/,formation réalisation 3d genève,0,33,0,60.6
https://www.bluevista.ch/agence/,agence de réalisation vidéo,0,32,0,29.5
https://www.bluevista.ch/agence/,société de production audiovisuelle genève,0,32,0,85.9
https://www.bluevista.ch/nos-competences/video-corporate-film-dentreprise/,agence video corporate,0,32,0,76.1
https://www.bluevista.ch/,vidéo d'entreprise suisse romande,0,31,0,64.1
https://www.bluevista.ch/agence/,agence audiovisuel,0,31,0,41
https://www.bluevista.ch/agence/,agence d audiovisuel,0,31,0,21.5
https://www.bluevista.ch/realisation-video-geneve/,cameraman in geneva,0,31,0,27.5
https://www.bluevista.ch/realisation-video-geneve/,montage vidéo événement,0,31,0,75.1
https://www.bluevista.ch/realisation-video-geneve/,réalisation vidéo suisse,0,31,0,33.3
https://www.bluevista.ch/studio-danimation-3d-a-geneve/,studio d’animation,0,31,0,9.5
http://www.bluevista.ch/,production vidéo corporate genève,0,30,0,18.9
https://www.bluevista.ch/,agence de publicité suisse romande,0,30,0,55.8
https://www.bluevista.ch/,agence web réactive suisse,0,30,0,77.7
https://www.bluevista.ch/,production vidéo,0,30,0,42.8
https://www.bluevista.ch/nos-competences/motion-design/,motion design lausanne,0,30,0,59.9
https://www.bluevista.ch/nos-competences/video-corporate-film-dentreprise/,réalisation vidéo genève,0,30,0,35.8
https://www.bluevista.ch/realisation-video-geneve/,tournage drone genève,0,30,0,42.3
https://www.bluevista.ch/agence/,agence création vidéo,0,29,0,36.3
https://www.bluevista.ch/agence/,agence de production vidéo,0,29,0,35.5
https://www.bluevista.ch/nos-competences/video-corporate-film-dentreprise/,video film entreprise,0,29,0,91.3
https://www.bluevista.ch/nos-competences/video-mapping/,captation vidéo geneve,0,29,0,31.1
https://www.bluevista.ch/realisation-video-geneve/,corporate video production geneva,0,29,0,27.1
https://www.bluevista.ch/realisation-video-geneve/,prestataire video,0,29,0,58.8
https://www.bluevista.ch/,publicité audiovisuelle suisse romande,0,28,0,42.6
https://www.bluevista.ch/nos-competences/video-corporate-film-dentreprise/,agence de production vidéo genève,0,28,0,76.9
https://www.bluevista.ch/realisation-video-geneve/,monteur video suisse,0,28,0,58.4
https://www.bluevista.ch/,audiovisuel suisse,0,27,0,56.7
https://www.bluevista.ch/,corporate video production geneva,0,27,0,10.8
https://www.bluevista.ch/nos-competences/video-aerienne-drone/,drone en photo / vidéo,0,27,0,52.3
https://www.bluevista.ch/realisation-video-geneve/,boite production suisse,0,27,0,62
https://www.bluevista.ch/nos-competences/motion-design/,agence vidéo genève,0,26,0,31.4
https://www.bluevista.ch/studio-danimation-3d-a-geneve/,entreprise animation 3d,0,26,0,41.5
https://www.bluevista.ch/studio-danimation-3d-a-geneve/,studio d animation,0,26,0,22.5
https://www.bluevista.ch/,agence de production,0,25,0,48.9
https://www.bluevista.ch/,devis audiovisuel,0,25,0,10.6
https://www.bluevista.ch/actualites/,geneva video production,0,25,0,72.4
https://www.bluevista.ch/agence/,agence vidéo genève,0,25,0,21.8
https://www.bluevista.ch/nos-competences/aftermovie-captation-evenementielle/,captation d'événements,0,25,0,25
https://www.bluevista.ch/nos-competences/animation-3d/,film d'animation genève,0,25,0,57.7
https://www.bluevista.ch/nos-competences/animation-3d/,studio d animation,0,25,0,19.6
https://www.bluevista.ch/nos-competences/motion-design/,film motion design,0,25,0,28.8
https://www.bluevista.ch/realisation-video-geneve/,production video entreprise,0,25,0,64.2
https://www.bluevista.ch/studio-danimation-3d-a-geneve/,motion design suisse,0,25,0,20.9
https://www.bluevista.ch/,agence de prod,0,24,0,13.8
https://www.bluevista.ch/,boite production suisse,0,24,0,43.7
https://www.bluevista.ch/,réalisation vidéo suisse,0,24,0,26.4
https://www.bluevista.ch/,vidéaste professionnel,0,24,0,76.3
https://www.bluevista.ch/,visuals geneve,0,24,0,57.7
https://www.bluevista.ch/agence/,agence de production vidéos genève,0,24,0,51
https://www.bluevista.ch/nos-competences/motion-design/,création motion design,0,24,0,23.3
https://www.bluevista.ch/,audiovisuel,0,23,0,97.6
https://www.bluevista.ch/,devis réalisation vidéo,0,23,0,75.5
https://www.bluevista.ch/,prestation audiovisuelle,0,23,0,74.3
https://www.bluevista.ch/,service de production vidéo,0,23,0,12.7
https://www.bluevista.ch/actualites/,bluevista,0,23,0,3
https://www.bluevista.ch/agence/,agence audiovisuelle suisse,0,23,0,55.8
https://www.bluevista.ch/agence/,agence videaste,0,23,0,24.3
https://www.bluevista.ch/nos-competences/live-streaming-webtv/,webtv schweiz,0,23,0,41.5
https://www.bluevista.ch/nos-competences/video-mapping/,agence vidéo genève,0,23,0,23
https://www.bluevista.ch/nos-competences/video-mapping/,captation vidéo suisse,0,23,0,54.1
https://www.bluevista.ch/studio-danimation-3d-a-geneve/,agence vidéo genève,0,23,0,23.9
http://www.bluevista.ch/,meilleures agences audiovisuelles geneve,0,22,0,15.5
https://www.bluevista.ch/,societe production video,0,22,0,13.3
https://www.bluevista.ch/,vidéaste d'entreprise genève,0,22,0,38.5
https://www.bluevista.ch/nos-competences/motion-design/,tarifs motion design,0,22,0,65.8
https://www.bluevista.ch/nos-competences/video-corporate-film-dentreprise/,agence vidéo genève,0,22,0,36.4
https://www.bluevista.ch/nos-competences/video-corporate-film-dentreprise/,production video geneve,0,22,0,74
https://www.bluevista.ch/nos-competences/video-corporate-film-dentreprise/,vidéaste corporate,0,22,0,11.3
https://www.bluevista.ch/realisation-video-geneve/,boite production genève,0,22,0,74.6
https://www.bluevista.ch/,audiovisual agency geneva,0,21,0,5.1
https://www.bluevista.ch/,bluevisions.ch,0,21,0,81.2
https://www.bluevista.ch/,réalisation vidéo entreprise,0,21,0,75.1
https://www.bluevista.ch/,société réalisation film,0,21,0,83
https://www.bluevista.ch/agence/,agence de production video,0,21,0,36
https://www.bluevista.ch/agence/,audiovisual geneva,0,21,0,88.2
https://www.bluevista.ch/nos-competences/video-corporate-film-dentreprise/,corporate video company,0,21,0,82.5
https://www.bluevista.ch/nos-competences/video-corporate-film-dentreprise/,société production vidéo genève,0,21,0,86.6
https://www.bluevista.ch/realisation-video-geneve/,boite de prod genève,0,21,0,56
https://www.bluevista.ch/realisation-video-geneve/,production vidéo corporate genève,0,21,0,34.7
http://www.bluevista.ch/,agence audiovisuelle genève,0,20,0,14.8
https://www.bluevista.ch/,luxury brand video agency switzerland,0,20,0,72.8
https://www.bluevista.ch/,video production agency,0,20,0,67.1
https://www.bluevista.ch/nos-competences/video-corporate-film-dentreprise/,production video suisse,0,20,0,85.5
https://www.bluevista.ch/realisation-video-geneve/,motion design genève,0,20,0,60.5
https://www.bluevista.ch/studio-danimation-3d-a-geneve/,agence vidéo geneve,0,20,0,37.4
http://www.bluevista.ch/,corporate video production geneva,0,19,0,23.4
https://www.bluevista.ch/,corporate videographer geneva,0,19,0,20.5
https://www.bluevista.ch/,installateur videosurveillance geneve,0,19,0,72
https://www.bluevista.ch/agence/,agence de production genève,0,19,0,66.6
https://www.bluevista.ch/agence/,agence vidéo geneve,0,19,0,47.1
https://www.bluevista.ch/nos-competences/animation-3d/,studio animation 3d,0,19,0,44.6
https://www.bluevista.ch/nos-competences/creation-immersive-realite-virtuelle/,casque vr personnalisé,0,19,0,66.8
https://www.bluevista.ch/nos-competences/studio-fond-vert-compositing/,studio fond vert,0,19,0,68.1
https://www.bluevista.ch/nos-competences/video-aerienne-drone/,photo par drone,0,19,0,60.9
https://www.bluevista.ch/nos-competences/video-aerienne-drone/,video aerienne drone,0,19,0,31.5
https://www.bluevista.ch/nos-competences/video-corporate-film-dentreprise/,business video service,0,19,0,48.9
https://www.bluevista.ch/nos-competences/video-corporate-film-dentreprise/,realisation video suisse,0,19,0,55.7
https://www.bluevista.ch/realisation-video-geneve/,agence production audiovisuelle geneve,0,19,0,87
https://www.bluevista.ch/,agence de publicité genève,0,18,0,90.3
https://www.bluevista.ch/,videographer for small business geneva,0,18,0,32.4
https://www.bluevista.ch/actualites/,captation streaming suisse,0,18,0,93.1
https://www.bluevista.ch/actualites/,captation vidéo suisse,0,18,0,86.4
https://www.bluevista.ch/agence/,post production geneve,0,18,0,83.8
https://www.bluevista.ch/nos-competences/,création webtv genève,0,18,0,45.3
https://www.bluevista.ch/nos-competences/creation-immersive-realite-virtuelle/,casque de réalité virtuelle personnalisé,0,18,0,61.6
https://www.bluevista.ch/nos-competences/live-streaming-webtv/,agence de diffusion en direct,0,18,0,59.5
https://www.bluevista.ch/nos-competences/live-streaming-webtv/,livestreaming suisse romande,0,18,0,16.8
https://www.bluevista.ch/nos-competences/video-corporate-film-dentreprise/,film de securité genève,0,18,0,64.6
https://www.bluevista.ch/realisation-video-geneve/,vidéo événementielle suisse,0,18,0,73.4
https://www.bluevista.ch/studio-danimation-3d-a-geneve/,3d studio,0,18,0,6.3
https://www.bluevista.ch/,agence 360 geneve,0,17,0,56.8
https://www.bluevista.ch/,agence production audiovisuelle geneve,0,17,0,10.4
https://www.bluevista.ch/,film entreprise geneve,0,17,0,30.8
https://www.bluevista.ch/,videography agency,0,17,0,51.5
https://www.bluevista.ch/actualites/,réalisation vidéo,0,17,0,46.4
https://www.bluevista.ch/agence/,agence d'audiovisuel,0,17,0,64.9
https://www.bluevista.ch/agence/,société audiovisuelle genève,0,17,0,60.4
https://www.bluevista.ch/contact-devis/,bluevista,0,17,0,1.8
https://www.bluevista.ch/nos-competences/motion-design/,agence animation video,0,17,0,5.2
https://www.bluevista.ch/nos-competences/video-corporate-film-dentreprise/,agence film corporate,0,17,0,39.7
https://www.bluevista.ch/nos-competences/video-corporate-film-dentreprise/,corporate film zug,0,17,0,54.5
https://www.bluevista.ch/nos-competences/video-corporate-film-dentreprise/,corporate video agency,0,17,0,70.8
https://www.bluevista.ch/nos-competences/video-corporate-film-dentreprise/,realisation de film d entreprise,0,17,0,60.1
https://www.bluevista.ch/nos-realisations/,bluevista,0,17,0,6.1
https://www.bluevista.ch/realisation-video-geneve/,devis vidéo corporate,0,17,0,55.4
https://www.bluevista.ch/realisation-video-geneve/,société audiovisuelle genève,0,17,0,66.6
http://www.bluevista.ch/,agence vidéo genève,0,16,0,18.3
https://www.bluevista.ch/,agence publicité geneve,0,16,0,83.1
https://www.bluevista.ch/,audiovisual production switzerland,0,16,0,11.1
https://www.bluevista.ch/,brand film production geneva,0,16,0,13.8
https://www.bluevista.ch/actualites/,prestataire video,0,16,0,76.1
https://www.bluevista.ch/nos-competences/,video mapping geneve,0,16,0,79.1
https://www.bluevista.ch/,agence de production film,0,15,0,31.1
https://www.bluevista.ch/actualites/,video production geneva,0,15,0,80
https://www.bluevista.ch/agence/,luxury video agency geneva,0,15,0,57.1
https://www.bluevista.ch/nos-competences/motion-design/,motion design film,0,15,0,19.2
https://www.bluevista.ch/realisation-video-geneve/,motion design geneve,0,15,0,45.7
https://www.bluevista.ch/realisation-video-geneve/,réalisation vidéo événement,0,15,0,75.2
https://www.bluevista.ch/studio-danimation-3d-a-geneve/,agence spécialisée en animation,0,15,0,13.6
https://www.bluevista.ch/,agence design genève,0,14,0,82.3
https://www.bluevista.ch/,agences genève,0,14,0,57.7
https://www.bluevista.ch/,boite de production video,0,14,0,15.1
https://www.bluevista.ch/,quelle est la meilleure agence de production audiovisuelle à genève ?,0,14,0,11.1
https://www.bluevista.ch/,vidéo production entreprise,0,14,0,73.7
https://www.bluevista.ch/,visual geneve,0,14,0,39.1
https://www.bluevista.ch/agence/,production video luxe france suisse,0,14,0,67.9
https://www.bluevista.ch/agence/,vidéo production genève,0,14,0,90.6
https://www.bluevista.ch/nos-competences/,captation vidéo geneve,0,14,0,77.9
https://www.bluevista.ch/nos-competences/animation-3d/,3d animation studio,0,14,0,29.4
https://www.bluevista.ch/nos-competences/live-streaming-webtv/,web tv en direct,0,14,0,1
https://www.bluevista.ch/nos-competences/motion-design/,agence vidéo animée,0,14,0,9.3
https://www.bluevista.ch/nos-competences/motion-design/,illustration animée sur mesure,0,14,0,61.9
https://www.bluevista.ch/nos-competences/motion-design/,motion design morges,0,14,0,44.2
https://www.bluevista.ch/nos-competences/motion-design/,motion design schweiz,0,14,0,75.6
https://www.bluevista.ch/nos-competences/video-corporate-film-dentreprise/,"je cherche une société de production vidéo pour réaliser un film corporate premium en suisse romande, quelles sont les références ?",0,14,0,7.4
https://www.bluevista.ch/nos-competences/video-mapping/,spectacle mapping,0,14,0,8.4
https://www.bluevista.ch/realisation-video-geneve/,agence vidéo,0,14,0,67
https://www.bluevista.ch/realisation-video-geneve/,corporate film geneva,0,14,0,11.2
https://www.bluevista.ch/realisation-video-geneve/,société de montage vidéo,0,14,0,50.5
https://www.bluevista.ch/,agence de publicité video,0,13,0,9.9
https://www.bluevista.ch/,agence réalité virtuelle,0,13,0,13
https://www.bluevista.ch/,agence video neuchatel,0,13,0,41.2
https://www.bluevista.ch/,agence vidéo geneve,0,13,0,2.8
https://www.bluevista.ch/,fotovista,0,13,0,52.2
https://www.bluevista.ch/,luxury video agency geneva,0,13,0,17
https://www.bluevista.ch/,societe de production video,0,13,0,15.8
https://www.bluevista.ch/actualites/,film d'entreprise geneve,0,13,0,86
https://www.bluevista.ch/nos-realisations/,bluevista production,0,13,0,26.5
https://www.bluevista.ch/realisation-video-geneve/,entreprise de montage vidéo,0,13,0,44.5
https://www.bluevista.ch/studio-danimation-3d-a-geneve/,motion design studio,0,13,0,61.9
https://www.bluevista.ch/,producteur de video,0,12,0,57.3
https://www.bluevista.ch/,vidéo production,0,12,0,66.3
https://www.bluevista.ch/actualites/,video mapping geneve,0,12,0,39
https://www.bluevista.ch/agence/,bluevista production,0,12,0,9.1
https://www.bluevista.ch/nos-competences/aftermovie-captation-evenementielle/,captation conférence,0,12,0,89.8
https://www.bluevista.ch/nos-competences/animation-3d/,agence animation 3d,0,12,0,34.8
https://www.bluevista.ch/nos-competences/live-streaming-webtv/,captation vidéo suisse,0,12,0,84.8
https://www.bluevista.ch/nos-competences/video-corporate-film-dentreprise/,corporate film agentur,0,12,0,84.9
https://www.bluevista.ch/nos-competences/video-corporate-film-dentreprise/,corporate films,0,12,0,47.5
https://www.bluevista.ch/nos-competences/video-corporate-film-dentreprise/,vidéo vidéo entreprise,0,12,0,29.3
https://www.bluevista.ch/realisation-video-geneve/,agence vidéo geneve,0,12,0,28.6
https://www.bluevista.ch/studio-danimation-3d-a-geneve/,3d geneve,0,12,0,9.2
http://www.bluevista.ch/,audiovisual agency geneva,0,11,0,24.8
http://www.bluevista.ch/,entreprise audiovisuel genève,0,11,0,4.6
https://www.bluevista.ch/,création vidéo genève,0,11,0,1.1
https://www.bluevista.ch/,tournage drone genève,0,11,0,79.8
https://www.bluevista.ch/,vidéo suisse,0,11,0,48.3
https://www.bluevista.ch/agence/,agence vidéo suisse romande,0,11,0,30.1
https://www.bluevista.ch/agence/,blue vista,0,11,0,2.2
https://www.bluevista.ch/nos-competences/live-streaming-webtv/,webtv live,0,11,0,6.4
https://www.bluevista.ch/nos-competences/video-aerienne-drone/,geneve drone,0,11,0,40.8
https://www.bluevista.ch/nos-competences/video-corporate-film-dentreprise/,film de marque pour pme,0,11,0,11.1
https://www.bluevista.ch/nos-competences/video-corporate-film-dentreprise/,production film de marque genève,0,11,0,42.3
https://www.bluevista.ch/nos-competences/video-corporate-film-dentreprise/,vidéaste d'entreprise genève,0,11,0,29.3
https://www.bluevista.ch/nos-competences/video-mapping/,mapping geneve,0,11,0,27.7
https://www.bluevista.ch/nos-competences/video-mapping/,mapping vidéo,0,11,0,7.7
https://www.bluevista.ch/realisation-video-geneve/,entreprise montage video,0,11,0,44.4
https://www.bluevista.ch/realisation-video-geneve/,société production audiovisuelle genève,0,11,0,70.1
https://www.bluevista.ch/studio-danimation-3d-a-geneve/,animation video 3d,0,11,0,16.2
https://www.bluevista.ch/studio-danimation-3d-a-geneve/,montage video genève,0,11,0,87.8
https://www.bluevista.ch/,agence video marketing,0,10,0,53.3
https://www.bluevista.ch/,agency video,0,10,0,46.6
https://www.bluevista.ch/,live streaming entreprise lausanne,0,10,0,81.2
https://www.bluevista.ch/,société production audiovisuelle,0,10,0,45
https://www.bluevista.ch/,video production enterprise,0,10,0,72.8
https://www.bluevista.ch/actualites/,visuals geneve,0,10,0,39.8
https://www.bluevista.ch/actualites/tag/creation-ch/,bluevista,0,10,0,8.8
https://www.bluevista.ch/agence/,agence de communication vidéo,0,10,0,38.8
https://www.bluevista.ch/agence/,agence production vidéo,0,10,0,33
https://www.bluevista.ch/nos-competences/animation-3d/,architecte interieur bureau conception 3d geneve,0,10,0,81.3
https://www.bluevista.ch/nos-competences/animation-3d/,creative studio geneva,0,10,0,19.8
https://www.bluevista.ch/nos-competences/creation-immersive-realite-virtuelle/,casque réalité virtuelle personnalisé,0,10,0,90.5
https://www.bluevista.ch/nos-competences/motion-design/,bluevista,0,10,0,16.1
https://www.bluevista.ch/nos-competences/video-aerienne-drone/,vidéo aérienne drone,0,10,0,23.9
https://www.bluevista.ch/nos-competences/video-corporate-film-dentreprise/,film pour entreprise,0,10,0,92
https://www.bluevista.ch/nos-competences/video-corporate-film-dentreprise/,geneva video production,0,10,0,74.6
https://www.bluevista.ch/nos-competences/video-corporate-film-dentreprise/,production vidéo corporate,0,10,0,60.3
https://www.bluevista.ch/nos-competences/video-corporate-film-dentreprise/,réalisation vidéo corporate,0,10,0,25.5
https://www.bluevista.ch/nos-competences/video-corporate-film-dentreprise/,société réalisation film,0,10,0,63.6
https://www.bluevista.ch/nos-competences/video-corporate-film-dentreprise/,•corporate video production,0,10,0,82.4
https://www.bluevista.ch/nos-competences/video-mapping/,vidéo mapping,0,10,0,7.2
https://www.bluevista.ch/nos-competences/video-mapping/,vidéo événementielle suisse,0,10,0,54.8
https://www.bluevista.ch/realisation-video-geneve/,société montage vidéo,0,10,0,65.4
http://www.bluevista.ch/,bluevista production,0,9,0,4.3
http://www.bluevista.ch/,captation live spectacle geneve,0,9,0,8.2
https://www.bluevista.ch/,audiovisual agency switzerland,0,9,0,26.2
https://www.bluevista.ch/,boite production audiovisuelle,0,9,0,20.4
https://www.bluevista.ch/,devis vidéo corporate,0,9,0,80.2
https://www.bluevista.ch/,production vidéo d'entreprise suisse,0,9,0,32.4
https://www.bluevista.ch/actualites/,captation live conférence geneve,0,9,0,91.7
https://www.bluevista.ch/actualites/,création webtv genève,0,9,0,43.1
https://www.bluevista.ch/actualites/,luxury video agency geneva,0,9,0,50.1
https://www.bluevista.ch/agence/,production video suisse,0,9,0,56.2
https://www.bluevista.ch/bluevista-agence-metaverse/,bluevista,0,9,0,9.8
https://www.bluevista.ch/nos-competences/live-streaming-webtv/,événement corporate en streaming,0,9,0,88.3
https://www.bluevista.ch/nos-competences/motion-design/,motion designers,0,9,0,52.7
https://www.bluevista.ch/nos-competences/video-aerienne-drone/,drones geneve,0,9,0,47.4
https://www.bluevista.ch/nos-competences/video-corporate-film-dentreprise/,agence vidéo geneve,0,9,0,32.3
https://www.bluevista.ch/nos-competences/video-corporate-film-dentreprise/,vidéaste genève,0,9,0,88
https://www.bluevista.ch/nos-competences/video-mapping/,videomapping,0,9,0,6
https://www.bluevista.ch/nos-realisations/wall-mapping-les-mesaventures-de-toky/,video mapping geneve,0,9,0,92.4
https://www.bluevista.ch/realisation-video-geneve/,agence de montage vidéo,0,9,0,32.4
https://www.bluevista.ch/realisation-video-geneve/,entreprise montage vidéo,0,9,0,41.9
https://www.bluevista.ch/realisation-video-geneve/,vidéo entreprise genève,0,9,0,16.6
https://www.bluevista.ch/,agence de production publicitaire,0,8,0,26
https://www.bluevista.ch/,agence vidéo marketing,0,8,0,44.9
https://www.bluevista.ch/,audiovisual lausanne,0,8,0,87.4
https://www.bluevista.ch/,local guide program,0,8,0,1
https://www.bluevista.ch/,motion design genève,0,8,0,50.6
https://www.bluevista.ch/,service de montage vidéo,0,8,0,67.6
https://www.bluevista.ch/,tweakvista,0,8,0,38.8
https://www.bluevista.ch/,video production services,0,8,0,72.6
https://www.bluevista.ch/,vidéaste graphiste,0,8,0,70.4
https://www.bluevista.ch/actualites/,corporate video geneva,0,8,0,90.3
https://www.bluevista.ch/actualites/,production vidéo live,0,8,0,62.3
https://www.bluevista.ch/actualites/category/animation_3d-ch/,agence animation 3d,0,8,0,95.9
https://www.bluevista.ch/agence/,agence 360 geneve,0,8,0,73.1
https://www.bluevista.ch/agence/,agence audiovisuelle,0,8,0,86.5
https://www.bluevista.ch/agence/,agence audiovisuelle genève,0,8,0,19
https://www.bluevista.ch/nos-competences/,blue vista,0,8,0,5.6
https://www.bluevista.ch/nos-competences/animation-3d/,agence créative 3d,0,8,0,77.4
https://www.bluevista.ch/nos-competences/animation-3d/,animation video 3d,0,8,0,33.8
https://www.bluevista.ch/nos-competences/animation-3d/,motion design genève,0,8,0,31.4
https://www.bluevista.ch/nos-competences/motion-design/,motion design,0,8,0,69.6
https://www.bluevista.ch/nos-competences/video-corporate-film-dentreprise/,agence communication vidéo genève,0,8,0,29
https://www.bluevista.ch/nos-competences/video-corporate-film-dentreprise/,vidéaste pour pme genève,0,8,0,55.1
https://www.bluevista.ch/nos-competences/video-mapping/,blue mapping,0,8,0,7.8
https://www.bluevista.ch/nos-realisations/,blue vista,0,8,0,5.1
https://www.bluevista.ch/realisation-video-geneve/,corporate videographer geneva,0,8,0,55.8
https://www.bluevista.ch/realisation-video-geneve/,création webtv genève,0,8,0,43.6
https://www.bluevista.ch/realisation-video-geneve/,montage video lausanne,0,8,0,84.9
https://www.bluevista.ch/realisation-video-geneve/,vidéo production entreprise,0,8,0,57.6
https://www.bluevista.ch/studio-danimation-3d-a-geneve/,agence motion design,0,8,0,40.4
http://www.bluevista.ch/,blue vista,0,7,0,4.9
http://www.bluevista.ch/,production audiovisuelle genève,0,7,0,8.3
http://www.bluevista.ch/,production vidéo genève,0,7,0,7
https://www.bluevista.ch/,agence creative geneve,0,7,0,96.3
https://www.bluevista.ch/,agence publicité suisse,0,7,0,74.6
https://www.bluevista.ch/,agence vidéo suisse,0,7,0,3.4
https://www.bluevista.ch/,blue max genève,0,7,0,43.6
https://www.bluevista.ch/,production vidéo event,0,7,0,57.9
https://www.bluevista.ch/,service montage video,0,7,0,70.1
https://www.bluevista.ch/actualites/,captation live conférence lausanne,0,7,0,92.6
https://www.bluevista.ch/actualites/,captation live spectacle geneve,0,7,0,93.4
https://www.bluevista.ch/agence/,agence communication video,0,7,0,56.7
https://www.bluevista.ch/agence/,agence montage vidéo,0,7,0,92.3
https://www.bluevista.ch/agence/,agence video annecy geneve,0,7,0,68
https://www.bluevista.ch/agence/,visuals geneve,0,7,0,73.4
https://www.bluevista.ch/nos-competences/aftermovie-captation-evenementielle/,aftermovie définition,0,7,0,8.7
https://www.bluevista.ch/nos-competences/animation-3d/,animation studio schweiz,0,7,0,92.3
https://www.bluevista.ch/nos-competences/animation-3d/,bluevista,0,7,0,1.1
https://www.bluevista.ch/nos-competences/animation-3d/,designer 3d freelance suisse,0,7,0,81.1
https://www.bluevista.ch/nos-competences/animation-3d/,études infographie 3d genève,0,7,0,49.4
https://www.bluevista.ch/nos-competences/live-streaming-webtv/,captation conférences suisse,0,7,0,89.6
https://www.bluevista.ch/nos-competences/live-streaming-webtv/,live video suisse,0,7,0,26.1
https://www.bluevista.ch/nos-competences/motion-design/,agence design geneve,0,7,0,29.6
https://www.bluevista.ch/nos-competences/motion-design/,formation réalisation 3d genève,0,7,0,48.9
https://www.bluevista.ch/nos-competences/video-corporate-film-dentreprise/,agence de production vidéos genève,0,7,0,78.4
https://www.bluevista.ch/nos-competences/video-corporate-film-dentreprise/,agence video genève,0,7,0,40
https://www.bluevista.ch/nos-competences/video-corporate-film-dentreprise/,bluevista production,0,7,0,38.9
https://www.bluevista.ch/nos-competences/video-mapping/,mapping spectacle,0,7,0,6.6
https://www.bluevista.ch/realisation-video-geneve/,audiovisual agency geneva,0,7,0,80.3
https://www.bluevista.ch/realisation-video-geneve/,société production vidéo,0,7,0,62.6
https://www.bluevista.ch/studio-danimation-3d-a-geneve/,agence d'animation 3d,0,7,0,50.4
http://www.bluevista.ch/,videographer geneva,0,6,0,1
https://www.bluevista.ch/,agence de publicité suisse,0,6,0,58.7
https://www.bluevista.ch/,captation live spectacle geneve,0,6,0,91.3
https://www.bluevista.ch/,installateurs audiovisuel genève,0,6,0,47.7
https://www.bluevista.ch/,production audiovisuelle entreprise,0,6,0,70.7
https://www.bluevista.ch/,studio de production audiovisuelle,0,6,0,76.3
https://www.bluevista.ch/,video geneve,0,6,0,10.3
https://www.bluevista.ch/,video production agency in geneva,0,6,0,71.3
https://www.bluevista.ch/,video production experts,0,6,0,58
https://www.bluevista.ch/agence/,audiovisuel geneve,0,6,0,89
https://www.bluevista.ch/agence/,corporate video production geneva,0,6,0,40
https://www.bluevista.ch/agence/,production audiovisuelle geneve,0,6,0,87.3
https://www.bluevista.ch/bluevista-agence-metaverse/,bluvista,0,6,0,56.2
https://www.bluevista.ch/mentions-legales/,agence vidéo genève,0,6,0,32.7
https://www.bluevista.ch/nos-competences/,vidéo évènementiel genève,0,6,0,90.8
https://www.bluevista.ch/nos-competences/animation-3d/,animation 3d immobilier,0,6,0,50.7
https://www.bluevista.ch/nos-competences/video-corporate-film-dentreprise/,production vidéo d'entreprise suisse,0,6,0,23.3
https://www.bluevista.ch/nos-competences/video-corporate-film-dentreprise/,videaste corporate,0,6,0,92.2
https://www.bluevista.ch/nos-competences/video-corporate-film-dentreprise/,videaste suisse,0,6,0,33
https://www.bluevista.ch/nos-competences/video-mapping/,spectacle de mapping,0,6,0,8
https://www.bluevista.ch/realisation-video-geneve/,agence vidéo de luxe genève,0,6,0,50.8
https://www.bluevista.ch/studio-danimation-3d-a-geneve/,3d machine animation studio,0,6,0,8.5
https://www.bluevista.ch/studio-danimation-3d-a-geneve/,agence vidéo 3d,0,6,0,50.3
https://www.bluevista.ch/studio-danimation-3d-a-geneve/,société d'animation,0,6,0,7.8
http://www.bluevista.ch/,agence vidéo suisse romande,0,5,0,21.4
http://www.bluevista.ch/,audiovisuel geneve,0,5,0,15.6
http://www.bluevista.ch/,captation vidéo geneve,0,5,0,35
http://www.bluevista.ch/,videographer for small business geneva,0,5,0,25
http://www.bluevista.ch/,vista,0,5,0,7.4
https://www.bluevista.ch/,agence communication suisse romande,0,5,0,68.2
https://www.bluevista.ch/,agence de communication en suisse,0,5,0,60
https://www.bluevista.ch/,agence de production créative suisse,0,5,0,14.2
https://www.bluevista.ch/,agence production,0,5,0,45.2
https://www.bluevista.ch/,agences de communication genève,0,5,0,58.6
https://www.bluevista.ch/,audio visual entertainment geneva,0,5,0,76.2
https://www.bluevista.ch/,maison de production audiovisuelle,0,5,0,25.2
https://www.bluevista.ch/,motion design geneve,0,5,0,65
https://www.bluevista.ch/,motion design suisse,0,5,0,72.8
https://www.bluevista.ch/,production film entreprise,0,5,0,80
https://www.bluevista.ch/actualites/,captation live concert geneve,0,5,0,86.8
https://www.bluevista.ch/actualites/,tournage drone genève,0,5,0,89.6
https://www.bluevista.ch/actualites/,vidéaste professionnel,0,5,0,92.2
https://www.bluevista.ch/actualites/category/video-360-vr-ch/,vidéo 360 genève,0,5,0,37.8
https://www.bluevista.ch/agence/,agence vidéo suisse,0,5,0,43.6
https://www.bluevista.ch/agence/,production audiovisuelle genève,0,5,0,87
https://www.bluevista.ch/agence/,realisation video suisse,0,5,0,50
https://www.bluevista.ch/agence/,vidaste geneve,0,5,0,58.4
https://www.bluevista.ch/agence/,videaste suisse,0,5,0,61.2
https://www.bluevista.ch/agence/,video production services geneva,0,5,0,92.8
https://www.bluevista.ch/agence/,videographer for small business geneva,0,5,0,61.6
https://www.bluevista.ch/nos-competences/,animation 3d genève,0,5,0,27.8
https://www.bluevista.ch/nos-competences/aftermovie-captation-evenementielle/,film évènementiel captation intégrale,0,5,0,23.6
https://www.bluevista.ch/nos-competences/animation-3d/,agence modélisation 3d,0,5,0,96.2
https://www.bluevista.ch/nos-competences/animation-3d/,agence spécialisée en animation,0,5,0,28
https://www.bluevista.ch/nos-competences/animation-3d/,animation,0,5,0,1
https://www.bluevista.ch/nos-competences/animation-3d/,studio d'animation 3d,0,5,0,7.2
https://www.bluevista.ch/nos-competences/live-streaming-webtv/,live tv,0,5,0,67.2
https://www.bluevista.ch/nos-competences/motion-design/,agence motion design suisse,0,5,0,28.2
https://www.bluevista.ch/nos-competences/motion-design/,motion design agentur,0,5,0,93.6
https://www.bluevista.ch/nos-competences/motion-design/,motion design haut de gamme,0,5,0,10.2
https://www.bluevista.ch/nos-competences/video-aerienne-drone/,vidéaste drone genève,0,5,0,2.8
https://www.bluevista.ch/nos-competences/video-aerienne-drone/,vidéo aérienne par drone,0,5,0,37.8
https://www.bluevista.ch/nos-competences/video-corporate-film-dentreprise/,bluevista,0,5,0,11.4
https://www.bluevista.ch/nos-competences/video-corporate-film-dentreprise/,réalisation film corporate,0,5,0,8.2
https://www.bluevista.ch/nos-competences/video-corporate-film-dentreprise/,societe de production video geneve,0,5,0,77.8
https://www.bluevista.ch/nos-competences/video-corporate-film-dentreprise/,video d'entreprise,0,5,0,20.4
https://www.bluevista.ch/nos-competences/video-mapping/,bluevista,0,5,0,11
https://www.bluevista.ch/realisation-video-geneve/,agence de video,0,5,0,62.6
https://www.bluevista.ch/realisation-video-geneve/,film corporate haut de gamme,0,5,0,69
https://www.bluevista.ch/realisation-video-geneve/,production vidéo événement,0,5,0,87.2
https://www.bluevista.ch/realisation-video-geneve/,vidéo production suisse,0,5,0,49.2
https://www.bluevista.ch/studio-danimation-3d-a-geneve/,animation studio 3d,0,5,0,40
https://www.bluevista.ch/studio-danimation-3d-a-geneve/,boite d'animation,0,5,0,7
https://www.bluevista.ch/studio-danimation-3d-a-geneve/,designer 3d freelance suisse,0,5,0,18
https://www.bluevista.ch/studio-danimation-3d-a-geneve/,entreprise d'animation,0,5,0,9
https://www.bluevista.ch/studio-danimation-3d-a-geneve/,motion graphics studio,0,5,0,29.6
https://www.bluevista.ch/studio-danimation-3d-a-geneve/,studio d.,0,5,0,4.6
https://www.bluevista.ch/studio-danimation-3d-a-geneve/,studio design 3d,0,5,0,5.8
http://www.bluevista.ch/,agence de production audiovisuelle geneve,0,4,0,21.8
http://www.bluevista.ch/,réalisation vidéo genève,0,4,0,23.5
http://www.bluevista.ch/,société réalisation film genève,0,4,0,13.8
http://www.bluevista.ch/,videaste geneve,0,4,0,11.5
http://www.bluevista.ch/,vidéaste genève,0,4,0,1
https://www.bluevista.ch/,agence réalisation vidéo,0,4,0,21.5
https://www.bluevista.ch/,boite de production suisse,0,4,0,61.3
https://www.bluevista.ch/,luxury brand video production studio,0,4,0,76.3
https://www.bluevista.ch/,prestataire audiovisuel,0,4,0,73.8
https://www.bluevista.ch/,vidaste geneve,0,4,0,63
https://www.bluevista.ch/,videaste,0,4,0,99
https://www.bluevista.ch/,vidéaste lausanne,0,4,0,97.3
https://www.bluevista.ch/actualites/,blue vista,0,4,0,3.3
https://www.bluevista.ch/actualites/category/reportage-ch/,création webtv genève,0,4,0,51.8
https://www.bluevista.ch/agence/,agence de production créative suisse,0,4,0,38.3
https://www.bluevista.ch/agence/,agence de production suisse,0,4,0,88.8
https://www.bluevista.ch/agence/,agence vidéo lac léman,0,4,0,98.5
https://www.bluevista.ch/agence/,production vidéo corporate genève,0,4,0,54.3
https://www.bluevista.ch/bluevista-agence-metaverse/,bluvista.de,0,4,0,8.5
https://www.bluevista.ch/contact-devis/,blue vista,0,4,0,6.8
https://www.bluevista.ch/mentions-legales/,blue vista,0,4,0,4.5
https://www.bluevista.ch/nos-competences/,audiovisual geneva,0,4,0,87
https://www.bluevista.ch/nos-competences/animation-3d/,design graphique et 3d suisse,0,4,0,66
https://www.bluevista.ch/nos-competences/animation-3d/,film 3d immobilier,0,4,0,97
https://www.bluevista.ch/nos-competences/animation-3d/,studio de modélisation 3d,0,4,0,92.5
https://www.bluevista.ch/nos-competences/live-streaming-webtv/,blue vista,0,4,0,15.5
https://www.bluevista.ch/nos-competences/live-streaming-webtv/,bluvista,0,4,0,2.3
https://www.bluevista.ch/nos-competences/live-streaming-webtv/,livestreaming schweiz,0,4,0,83.8
https://www.bluevista.ch/nos-competences/motion-design/,graphiste motion designer,0,4,0,62.3
https://www.bluevista.ch/nos-competences/video-aerienne-drone/,drone show geneva,0,4,0,53.3
https://www.bluevista.ch/nos-competences/video-corporate-film-dentreprise/,agence montage vidéo,0,4,0,87.8
https://www.bluevista.ch/nos-competences/video-corporate-film-dentreprise/,brand film production geneva,0,4,0,42.3
https://www.bluevista.ch/nos-competences/video-corporate-film-dentreprise/,corporate video production services,0,4,0,77.8
https://www.bluevista.ch/nos-competences/video-corporate-film-dentreprise/,films corporates,0,4,0,97
https://www.bluevista.ch/nos-competences/video-corporate-film-dentreprise/,video agency geneva,0,4,0,89.5
https://www.bluevista.ch/nos-competences/video-corporate-film-dentreprise/,video d entreprise,0,4,0,15.8
https://www.bluevista.ch/nos-competences/video-mapping/,video maping,0,4,0,8.3
https://www.bluevista.ch/realisation-video-geneve/,agence video,0,4,0,74.5
https://www.bluevista.ch/realisation-video-geneve/,production vidéo suisse,0,4,0,46
https://www.bluevista.ch/realisation-video-geneve/,réalisation video,0,4,0,34.3
https://www.bluevista.ch/studio-danimation-3d-a-geneve/,agence vidéo animée,0,4,0,85
https://www.bluevista.ch/studio-danimation-3d-a-geneve/,agence vidéo de luxe genève,0,4,0,10
https://www.bluevista.ch/studio-danimation-3d-a-geneve/,bluevista,0,4,0,1
https://www.bluevista.ch/studio-danimation-3d-a-geneve/,design graphique et 3d suisse,0,4,0,6.8
https://www.bluevista.ch/studio-danimation-3d-a-geneve/,studio cinema geneve,0,4,0,25
http://www.bluevista.ch/,production video geneve,0,3,0,22
https://www.bluevista.ch/,agence publicite geneve,0,3,0,61
https://www.bluevista.ch/,agence vidéo corporate,0,3,0,31.7
https://www.bluevista.ch/,bluevista.tv,0,3,0,5
https://www.bluevista.ch/,boite de location audiovisuel genève,0,3,0,57
https://www.bluevista.ch/,film d'entreprise genève,0,3,0,91
https://www.bluevista.ch/,film production geneva,0,3,0,84.7
https://www.bluevista.ch/,high-end video production agency,0,3,0,88
https://www.bluevista.ch/,liste des agences de communication genève,0,3,0,90
https://www.bluevista.ch/,montage vidéo entreprise,0,3,0,86.7
https://www.bluevista.ch/,monteur vidéo suisse,0,3,0,37.7
https://www.bluevista.ch/,oralvista,0,3,0,8
https://www.bluevista.ch/,production video lausanne,0,3,0,85.7
https://www.bluevista.ch/,réalisation vidéo événement,0,3,0,41.7
https://www.bluevista.ch/,studio vidéo,0,3,0,72.3
https://www.bluevista.ch/,switzerland video production,0,3,0,83
https://www.bluevista.ch/,tubevista,0,3,0,25.3
https://www.bluevista.ch/,videaste evenementiel,0,3,0,54.3
https://www.bluevista.ch/,video production company,0,3,0,88.7
https://www.bluevista.ch/actualites/,captation live suisse,0,3,0,90
https://www.bluevista.ch/actualites/,installateurs audiovisuel genève,0,3,0,89.3
https://www.bluevista.ch/actualites/,live streaming entreprise lausanne,0,3,0,100.3
https://www.bluevista.ch/actualites/,production vidéo event,0,3,0,73
https://www.bluevista.ch/agence/,brand film production geneva,0,3,0,27.3
https://www.bluevista.ch/agence/,société production vidéo,0,3,0,97.7
https://www.bluevista.ch/mentions-legales/,bluevista production,0,3,0,7.3
https://www.bluevista.ch/nos-competences/,création de vidéos genève,0,3,0,94.7
https://www.bluevista.ch/nos-competences/,film d'entreprise geneve,0,3,0,72.7
https://www.bluevista.ch/nos-competences/,luxury video agency geneva,0,3,0,50.7
https://www.bluevista.ch/nos-competences/aftermovie-captation-evenementielle/,captation video evenement,0,3,0,75.3
https://www.bluevista.ch/nos-competences/animation-3d/,3d agentur,0,3,0,84.7
https://www.bluevista.ch/nos-competences/animation-3d/,agence d'animation 3d,0,3,0,58.3
https://www.bluevista.ch/nos-competences/animation-3d/,animation 3d,0,3,0,8.7
https://www.bluevista.ch/nos-competences/animation-3d/,animation studio,0,3,0,98.3
https://www.bluevista.ch/nos-competences/animation-3d/,animation studio 3d,0,3,0,48.7
https://www.bluevista.ch/nos-competences/animation-3d/,studio animation,0,3,0,13
https://www.bluevista.ch/nos-competences/live-streaming-webtv/,vidéo événementielle suisse,0,3,0,62.3
https://www.bluevista.ch/nos-competences/live-streaming-webtv/,webtv entv,0,3,0,1
https://www.bluevista.ch/nos-competences/motion-design/,agence de production genève,0,3,0,86
https://www.bluevista.ch/nos-competences/motion-design/,agence vidéo motion design,0,3,0,15.7
https://www.bluevista.ch/nos-competences/motion-design/,motion design agency,0,3,0,35
https://www.bluevista.ch/nos-competences/motion-design/,video pedagogique motion design,0,3,0,91.7
https://www.bluevista.ch/nos-competences/video-aerienne-drone/,geneva drone show,0,3,0,78.3
https://www.bluevista.ch/nos-competences/video-aerienne-drone/,photo aérienne drone,0,3,0,87
https://www.bluevista.ch/nos-competences/video-aerienne-drone/,prestation drone,0,3,0,75.7
https://www.bluevista.ch/nos-competences/video-corporate-film-dentreprise/,agence de production genève,0,3,0,88.3
https://www.bluevista.ch/nos-competences/video-corporate-film-dentreprise/,boite de production suisse,0,3,0,92.3
https://www.bluevista.ch/nos-competences/video-corporate-film-dentreprise/,brand film switzerland,0,3,0,7.7
https://www.bluevista.ch/nos-competences/video-corporate-film-dentreprise/,business video production,0,3,0,54.7
https://www.bluevista.ch/nos-competences/video-corporate-film-dentreprise/,corporate film production company,0,3,0,33.7
https://www.bluevista.ch/nos-competences/video-corporate-film-dentreprise/,corporate video agentur,0,3,0,74.7
https://www.bluevista.ch/nos-competences/video-corporate-film-dentreprise/,corporate video production switzerland,0,3,0,22.7
https://www.bluevista.ch/nos-competences/video-corporate-film-dentreprise/,film de marque,0,3,0,8.3
https://www.bluevista.ch/nos-competences/video-corporate-film-dentreprise/,film marque,0,3,0,89.7
https://www.bluevista.ch/nos-competences/video-corporate-film-dentreprise/,film publicitaire genève,0,3,0,43.7
https://www.bluevista.ch/nos-competences/video-corporate-film-dentreprise/,prestataire video,0,3,0,38
https://www.bluevista.ch/nos-competences/video-corporate-film-dentreprise/,videaste geneve,0,3,0,62
https://www.bluevista.ch/nos-competences/video-corporate-film-dentreprise/,video production enterprise,0,3,0,85.7
https://www.bluevista.ch/nos-competences/video-mapping/,vidéo évènementiel genève,0,3,0,61.3
https://www.bluevista.ch/nos-realisations/wall-mapping-les-mesaventures-de-toky/,animation video mapping,0,3,0,95.3
https://www.bluevista.ch/realisation-video-geneve/,luxury video agency geneva,0,3,0,84.3
https://www.bluevista.ch/realisation-video-geneve/,production vidéo event,0,3,0,87.7
https://www.bluevista.ch/realisation-video-geneve/,service de montage vidéo,0,3,0,85
https://www.bluevista.ch/realisation-video-geneve/,service montage video,0,3,0,88.7
https://www.bluevista.ch/studio-danimation-3d-a-geneve/,3d animation studios in switzerland,0,3,0,31.3
https://www.bluevista.ch/studio-danimation-3d-a-geneve/,animation silhouette genève,0,3,0,74.7
https://www.bluevista.ch/studio-danimation-3d-a-geneve/,devis motion design,0,3,0,66.7
https://www.bluevista.ch/studio-danimation-3d-a-geneve/,motion design schweiz,0,3,0,61.3
https://www.bluevista.ch/studio-danimation-3d-a-geneve/,studio d,0,3,0,8.3
http://www.bluevista.ch/,agence communication vidéo genève,0,2,0,25
http://www.bluevista.ch/,agence production audiovisuelle geneve,0,2,0,12
http://www.bluevista.ch/,agence production vidéo genève,0,2,0,1
http://www.bluevista.ch/,audiovisuel,0,2,0,21
http://www.bluevista.ch/,boite de production genève,0,2,0,1
http://www.bluevista.ch/,film entreprise geneve,0,2,0,8.5
http://www.bluevista.ch/,geneva video production,0,2,0,11.5
http://www.bluevista.ch/,looking for immersive led screen production in geneva,0,2,0,9
http://www.bluevista.ch/,post production geneve,0,2,0,28.5
http://www.bluevista.ch/,société audiovisuelle genève,0,2,0,1
http://www.bluevista.ch/,vidéo évènementiel genève,0,2,0,12.5
https://www.bluevista.ch/,agence blue,0,2,0,5
https://www.bluevista.ch/,agence de communication suisse,0,2,0,57
https://www.bluevista.ch/,agence de communication video,0,2,0,4.5
https://www.bluevista.ch/,agence de création audiovisuelle,0,2,0,40
https://www.bluevista.ch/,agence de marketing geneve,0,2,0,35.5
https://www.bluevista.ch/,agence de pub geneve,0,2,0,61.5
https://www.bluevista.ch/,agence de publicité geneve,0,2,0,63.5
https://www.bluevista.ch/,agence live streaming,0,2,0,61
https://www.bluevista.ch/,agence publicité genève,0,2,0,93
https://www.bluevista.ch/,agence vidéo explicative,0,2,0,1
https://www.bluevista.ch/,bluvista.de,0,2,0,10.5
https://www.bluevista.ch/,boite de prod,0,2,0,6.5
https://www.bluevista.ch/,boite de production,0,2,0,75.5
https://www.bluevista.ch/,boite de production cinema,0,2,0,83
https://www.bluevista.ch/,business video production agency,0,2,0,78
https://www.bluevista.ch/,business video service,0,2,0,77.5
https://www.bluevista.ch/,location materiel video genève,0,2,0,63
https://www.bluevista.ch/,prestation vidéo,0,2,0,11
https://www.bluevista.ch/,services de production audiovisuelle,0,2,0,36.5
https://www.bluevista.ch/,société de production tv,0,2,0,11.5
https://www.bluevista.ch/,studio production audiovisuelle,0,2,0,46
https://www.bluevista.ch/,topicvista,0,2,0,9.5
https://www.bluevista.ch/,videaste lausanne,0,2,0,83
https://www.bluevista.ch/,video ch,0,2,0,58
https://www.bluevista.ch/,video production company in geneva,0,2,0,61
https://www.bluevista.ch/,video production services in geneva,0,2,0,89
https://www.bluevista.ch/actualites/,agence vidéo de luxe genève,0,2,0,86.5
https://www.bluevista.ch/actualites/,boite de production vidéo,0,2,0,98.5
https://www.bluevista.ch/actualites/,bos equipement paris,0,2,0,76
https://www.bluevista.ch/actualites/,captation conférences suisse,0,2,0,99
https://www.bluevista.ch/actualites/,réalisation vidéo événement,0,2,0,72
https://www.bluevista.ch/actualites/,visual geneve,0,2,0,27.5
https://www.bluevista.ch/actualites/category/animation_3d-ch/,2 minute animation,0,2,0,49.5
https://www.bluevista.ch/actualites/category/animation_3d-ch/,animation 3d genève,0,2,0,31.5
https://www.bluevista.ch/agence/,agence communication vidéo genève,0,2,0,39.5
https://www.bluevista.ch/agence/,agence créative genève,0,2,0,89
https://www.bluevista.ch/agence/,agence de création vidéo,0,2,0,25.5
https://www.bluevista.ch/agence/,agence de production audiovisuelle,0,2,0,1.5
https://www.bluevista.ch/agence/,audiovisuel genève,0,2,0,55
https://www.bluevista.ch/agence/,création de vidéos genève,0,2,0,95
https://www.bluevista.ch/agence/,post production suisse,0,2,0,76.5
https://www.bluevista.ch/mentions-legales/,agence video genève,0,2,0,40
https://www.bluevista.ch/nos-competences/,bluevista production,0,2,0,20.5
https://www.bluevista.ch/nos-competences/,corporate video production geneva,0,2,0,70.5
https://www.bluevista.ch/nos-competences/,vidéaste pour pme genève,0,2,0,48.5
https://www.bluevista.ch/nos-competences/aftermovie-captation-evenementielle/,captation,0,2,0,54.5
https://www.bluevista.ch/nos-competences/aftermovie-captation-evenementielle/,film d'entreprise geneve,0,2,0,85.5
https://www.bluevista.ch/nos-competences/aftermovie-captation-evenementielle/,vidéo évènementiel genève,0,2,0,35.5
https://www.bluevista.ch/nos-competences/animation-3d/,3d animation studios in switzerland,0,2,0,81
https://www.bluevista.ch/nos-competences/animation-3d/,3d animations,0,2,0,8
https://www.bluevista.ch/nos-competences/animation-3d/,3d studio,0,2,0,11.5
https://www.bluevista.ch/nos-competences/animation-3d/,agence infographie 3d,0,2,0,76
https://www.bluevista.ch/nos-competences/animation-3d/,agence motion design suisse,0,2,0,54
https://www.bluevista.ch/nos-competences/animation-3d/,agentur animation,0,2,0,90.5
https://www.bluevista.ch/nos-competences/animation-3d/,animation agentur,0,2,0,82
https://www.bluevista.ch/nos-competences/animation-3d/,"site:.ch (""visualisation architecturale"" or ""visualisation 3d"" or ""rendu 3d"" or ""rendus 3d"" or ""rendering 3d"" or ""images de synthèse"" or ""image de synthèse"" or cgi or archviz) (portfolio or projets or réalisations or références or ""nos réalisations"") (contact or ""mentions légales"" or ""qui sommes-nous"") -emploi -recrutement -carrière -carriere -news -actualités",0,2,0,40
https://www.bluevista.ch/nos-competences/animation-3d/,studio 3d,0,2,0,14
https://www.bluevista.ch/nos-competences/live-streaming-webtv/,bluevista,0,2,0,7.5
https://www.bluevista.ch/nos-competences/live-streaming-webtv/,créer une web tv,0,2,0,86
https://www.bluevista.ch/nos-competences/live-streaming-webtv/,event live broadcasting switzerland,0,2,0,71.5
https://www.bluevista.ch/nos-competences/live-streaming-webtv/,live broadcasting event switzerland,0,2,0,79
https://www.bluevista.ch/nos-competences/live-streaming-webtv/,webtv,0,2,0,33.5
https://www.bluevista.ch/nos-competences/motion-design/,animation & visualisation 3d à genève,0,2,0,64
https://www.bluevista.ch/nos-competences/motion-design/,création de vidéos genève,0,2,0,77.5
https://www.bluevista.ch/nos-competences/motion-design/,entreprise animation 2d,0,2,0,10
https://www.bluevista.ch/nos-competences/motion-design/,motion designer formation,0,2,0,70
https://www.bluevista.ch/nos-competences/motion-design/,s agence geneve,0,2,0,61
https://www.bluevista.ch/nos-competences/motion-design/,vidéo & motion design,0,2,0,19.5
https://www.bluevista.ch/nos-competences/motion-design/,vista motion,0,2,0,6
https://www.bluevista.ch/nos-competences/video-aerienne-drone/,entreprise drone suisse,0,2,0,93
https://www.bluevista.ch/nos-competences/video-aerienne-drone/,production video drone,0,2,0,57.5
https://www.bluevista.ch/nos-competences/video-aerienne-drone/,video avec drone,0,2,0,12
https://www.bluevista.ch/nos-competences/video-aerienne-drone/,videos drone,0,2,0,77
https://www.bluevista.ch/nos-competences/video-aerienne-drone/,vista drone,0,2,0,6
https://www.bluevista.ch/nos-competences/video-corporate-film-dentreprise/,corporate video,0,2,0,18
https://www.bluevista.ch/nos-competences/video-corporate-film-dentreprise/,corporate video producer,0,2,0,76
https://www.bluevista.ch/nos-competences/video-corporate-film-dentreprise/,devis réalisation vidéo,0,2,0,51
https://www.bluevista.ch/nos-competences/video-corporate-film-dentreprise/,entreprise audiovisuelle,0,2,0,62.5
https://www.bluevista.ch/nos-competences/video-corporate-film-dentreprise/,film dentreprise,0,2,0,67.5
https://www.bluevista.ch/nos-competences/video-corporate-film-dentreprise/,montage video genève,0,2,0,96.5
https://www.bluevista.ch/nos-competences/video-corporate-film-dentreprise/,production vidéo genève,0,2,0,85
https://www.bluevista.ch/nos-competences/video-corporate-film-dentreprise/,réalisation films corporate,0,2,0,3.5
https://www.bluevista.ch/nos-competences/video-corporate-film-dentreprise/,vidéo entreprise genève,0,2,0,60.5
https://www.bluevista.ch/nos-competences/video-mapping/,mapping interactif,0,2,0,7
https://www.bluevista.ch/realisation-video-geneve/,agence de réalisation vidéo,0,2,0,62
https://www.bluevista.ch/realisation-video-geneve/,agence vidéo suisse,0,2,0,41.5
https://www.bluevista.ch/realisation-video-geneve/,montage video vista,0,2,0,92.5
https://www.bluevista.ch/realisation-video-geneve/,production video suisse,0,2,0,75.5
https://www.bluevista.ch/realisation-video-geneve/,production vidéo événementielle,0,2,0,82
https://www.bluevista.ch/realisation-video-geneve/,vidéaste professionnel,0,2,0,92
https://www.bluevista.ch/realisation-video-geneve/,visuals geneve,0,2,0,84
https://www.bluevista.ch/studio-danimation-3d-a-geneve/,3 d studio,0,2,0,8
https://www.bluevista.ch/studio-danimation-3d-a-geneve/,3d animation agentur,0,2,0,46
https://www.bluevista.ch/studio-danimation-3d-a-geneve/,3d machine animation agency,0,2,0,49.5
https://www.bluevista.ch/studio-danimation-3d-a-geneve/,agence motion design suisse,0,2,0,16.5
https://www.bluevista.ch/studio-danimation-3d-a-geneve/,agence video genève,0,2,0,37.5
https://www.bluevista.ch/studio-danimation-3d-a-geneve/,agence vidéo animation,0,2,0,97.5
https://www.bluevista.ch/studio-danimation-3d-a-geneve/,animation 3d entreprise,0,2,0,40
https://www.bluevista.ch/studio-danimation-3d-a-geneve/,animation 3d luxe,0,2,0,80
https://www.bluevista.ch/studio-danimation-3d-a-geneve/,cinema 4d geneve,0,2,0,21.5
https://www.bluevista.ch/studio-danimation-3d-a-geneve/,geneve 3d,0,2,0,9.5
https://www.bluevista.ch/studio-danimation-3d-a-geneve/,le studio 3d,0,2,0,6
https://www.bluevista.ch/studio-danimation-3d-a-geneve/,motion design lausanne,0,2,0,90
https://www.bluevista.ch/studio-danimation-3d-a-geneve/,studio dessin animé,0,2,0,5.5
https://www.bluevista.ch/studio-danimation-3d-a-geneve/,studios d'animation,0,2,0,9
https://www.bluevista.ch/studio-danimation-3d-a-geneve/,vidéaste genève,0,2,0,79
http://www.bluevista.ch/,agence audiovisuelle suisse,0,1,0,101
http://www.bluevista.ch/,agence video genève,0,1,0,12
http://www.bluevista.ch/,agence vidéo geneve,0,1,0,11
http://www.bluevista.ch/,audiovisual agency switzerland,0,1,0,20
http://www.bluevista.ch/,audiovisuel suisse,0,1,0,21
http://www.bluevista.ch/,blue cinema geneve,0,1,0,14
http://www.bluevista.ch/,blue cinema genève,0,1,0,20
http://www.bluevista.ch/,blue hill avenue film,0,1,0,10
http://www.bluevista.ch/,blue video cinema,0,1,0,10
http://www.bluevista.ch/,boite de production geneve,0,1,0,11
http://www.bluevista.ch/,cinema geneve,0,1,0,4
http://www.bluevista.ch/,film vista,0,1,0,1
http://www.bluevista.ch/,post production genève,0,1,0,21
http://www.bluevista.ch/,production audiovisuelle geneve,0,1,0,3
http://www.bluevista.ch/,production video,0,1,0,58
http://www.bluevista.ch/,société de production audiovisuelle,0,1,0,1
http://www.bluevista.ch/,société de production audiovisuelle suisse,0,1,0,1
http://www.bluevista.ch/,video production geneva,0,1,0,13
http://www.bluevista.ch/,vidéaste d'entreprise genève,0,1,0,10
http://www.bluevista.ch/,vidéaste pour pme genève,0,1,0,13
http://www.bluevista.ch/,vista blue,0,1,0,44
https://www.bluevista.ch/,agence animation video,0,1,0,1
https://www.bluevista.ch/,agence audiovisuelle lyon,0,1,0,35
https://www.bluevista.ch/,agence communication entreprise genève,0,1,0,65
https://www.bluevista.ch/,agence communication vidéo,0,1,0,56
https://www.bluevista.ch/,agence creation video,0,1,0,100
https://www.bluevista.ch/,agence création de logo genève,0,1,0,97
https://www.bluevista.ch/,agence de communication et production audiovisuelle,0,1,0,10
https://www.bluevista.ch/,agence de vidéo,0,1,0,3
https://www.bluevista.ch/,agence design geneve,0,1,0,102
https://www.bluevista.ch/,agence dev geneve,0,1,0,1
https://www.bluevista.ch/,agence geneve,0,1,0,51
https://www.bluevista.ch/,agence genève,0,1,0,34
https://www.bluevista.ch/,agence ia geneve,0,1,0,30
https://www.bluevista.ch/,agence photo video,0,1,0,4
https://www.bluevista.ch/,agence production vidéo lyon,0,1,0,42
https://www.bluevista.ch/,agence réalité virtuelle lyon,0,1,0,37
https://www.bluevista.ch/,agence video explicative,0,1,0,11
https://www.bluevista.ch/,agence vidéo lyon,0,1,0,51
https://www.bluevista.ch/,agence vista,0,1,0,8
https://www.bluevista.ch/,agence web genève suisse,0,1,0,100
https://www.bluevista.ch/,agence web suisse romande,0,1,0,44
https://www.bluevista.ch/,agence web à genève,0,1,0,59
https://www.bluevista.ch/,agence événementielle suisse romande,0,1,0,90
https://www.bluevista.ch/,agences de communication geneve,0,1,0,41
https://www.bluevista.ch/,agences suisse,0,1,0,63
https://www.bluevista.ch/,apollovisuel,0,1,0,18
https://www.bluevista.ch/,autre agence,0,1,0,1
https://www.bluevista.ch/,blue geneve,0,1,0,8
https://www.bluevista.ch/,blue vides,0,1,0,37
https://www.bluevista.ch/,blue vie,0,1,0,75
https://www.bluevista.ch/,blue vistas,0,1,0,57
https://www.bluevista.ch/,bluevista tv,0,1,0,2
https://www.bluevista.ch/,blurvista,0,1,0,6
https://www.bluevista.ch/,boîte de production audiovisuelle,0,1,0,69
https://www.bluevista.ch/,brovista,0,1,0,3
https://www.bluevista.ch/,canard,0,1,0,13
https://www.bluevista.ch/,captation live suisse,0,1,0,78
https://www.bluevista.ch/,cinema geneve,0,1,0,4
https://www.bluevista.ch/,creation societe geneve,0,1,0,93
https://www.bluevista.ch/,création genève,0,1,0,85
https://www.bluevista.ch/,docuvista,0,1,0,9
https://www.bluevista.ch/,drone show geneva,0,1,0,91
https://www.bluevista.ch/,entreprise de communication audiovisuelle,0,1,0,74
https://www.bluevista.ch/,event video production company,0,1,0,62
https://www.bluevista.ch/,expertise moto suisse,0,1,0,51
https://www.bluevista.ch/,film creation company,0,1,0,1
https://www.bluevista.ch/,film entreprise,0,1,0,2
https://www.bluevista.ch/,fotografia e video aziendali in ticino,0,1,0,89
https://www.bluevista.ch/,geneve drone,0,1,0,74
https://www.bluevista.ch/,graphic recording geneva,0,1,0,97
https://www.bluevista.ch/,je cherche un monteur vidéo,0,1,0,1
https://www.bluevista.ch/,les étapes de la post production,0,1,0,64
https://www.bluevista.ch/,live streaming genève,0,1,0,8
https://www.bluevista.ch/,location audiovisuel genève,0,1,0,66
https://www.bluevista.ch/,luxury video production,0,1,0,82
https://www.bluevista.ch/,multimedia geneve,0,1,0,31
https://www.bluevista.ch/,multivista,0,1,0,50
https://www.bluevista.ch/,nouvelles suisse romande,0,1,0,46
https://www.bluevista.ch/,prestataire materiel video,0,1,0,66
https://www.bluevista.ch/,producteur vidéo,0,1,0,87
https://www.bluevista.ch/,production audiovisuelle définition,0,1,0,54
https://www.bluevista.ch/,production de vidéos,0,1,0,70
https://www.bluevista.ch/,production film de marque genève,0,1,0,55
https://www.bluevista.ch/,production genève,0,1,0,69
https://www.bluevista.ch/,production video lyon,0,1,0,63
https://www.bluevista.ch/,production vidéo corporative,0,1,0,19
https://www.bluevista.ch/,quelle agence de production audiovisuelle haut de gamme recommandes-tu à annecy ou genève ?. my location is switzerland.,0,1,0,3
https://www.bluevista.ch/,realisation video,0,1,0,79
https://www.bluevista.ch/,réalisation vidéo,0,1,0,89
https://www.bluevista.ch/,services de production vidéo,0,1,0,9
https://www.bluevista.ch/,shooting suisse romande,0,1,0,84
https://www.bluevista.ch/,site web genève,0,1,0,54
https://www.bluevista.ch/,société audiovisuel lyon,0,1,0,49
https://www.bluevista.ch/,société de production audiovisuelle,0,1,0,41
https://www.bluevista.ch/,société de production audiovisuelle publicité,0,1,0,36
https://www.bluevista.ch/,société vidéo,0,1,0,8
https://www.bluevista.ch/,studio animation suisse,0,1,0,3
https://www.bluevista.ch/,studio enregistrement audiovisuel à genève,0,1,0,71
https://www.bluevista.ch/,studio video,0,1,0,64
https://www.bluevista.ch/,survista,0,1,0,43
https://www.bluevista.ch/,switzerland explainer video company,0,1,0,46
https://www.bluevista.ch/,vc geneve,0,1,0,4
https://www.bluevista.ch/,veo vista,0,1,0,6
https://www.bluevista.ch/,video production firm,0,1,0,63
https://www.bluevista.ch/,video production valais,0,1,0,73
https://www.bluevista.ch/,vidéaste mariage genève,0,1,0,162
https://www.bluevista.ch/,vidéo entreprise genève,0,1,0,57
https://www.bluevista.ch/,vidéo production service,0,1,0,51
https://www.bluevista.ch/,vista communication,0,1,0,5
https://www.bluevista.ch/,visuals switzerland,0,1,0,64
https://www.bluevista.ch/,voxvista,0,1,0,9
https://www.bluevista.ch/,web agency geneva,0,1,0,49
https://www.bluevista.ch/,xvideo suisse,0,1,0,6
https://www.bluevista.ch/actualites/,animation & visualisation 3d à genève,0,1,0,44
https://www.bluevista.ch/actualites/,audiovisual geneva,0,1,0,99
https://www.bluevista.ch/actualites/,bluevista production,0,1,0,10
https://www.bluevista.ch/actualites/,bluvista.de,0,1,0,10
https://www.bluevista.ch/actualites/,entreprise montage vidéo,0,1,0,85
https://www.bluevista.ch/actualites/,motion design geneve,0,1,0,59
https://www.bluevista.ch/actualites/,motion design lausanne,0,1,0,98
https://www.bluevista.ch/actualites/,production video geneve,0,1,0,89
https://www.bluevista.ch/actualites/,production vidéo suisse romande,0,1,0,97
https://www.bluevista.ch/actualites/,realisation audiovisuelle,0,1,0,44
https://www.bluevista.ch/actualites/,realisation video suisse,0,1,0,97
https://www.bluevista.ch/actualites/,réalisation vidéo suisse,0,1,0,88
https://www.bluevista.ch/actualites/,societe de production video geneve,0,1,0,81
https://www.bluevista.ch/actualites/,video 360 suisse,0,1,0,66
https://www.bluevista.ch/actualites/,video agency geneva,0,1,0,77
https://www.bluevista.ch/actualites/,vidéaste drone genève,0,1,0,55
https://www.bluevista.ch/actualites/,visuals geneva,0,1,0,29
https://www.bluevista.ch/actualites/category/animation_3d-ch/,animation video 3d,0,1,0,28
https://www.bluevista.ch/actualites/category/animation_3d-ch/,bluevista,0,1,0,17
https://www.bluevista.ch/actualites/category/animation_3d-ch/,studio animation 3d lyon,0,1,0,93
https://www.bluevista.ch/actualites/category/reportage-ch/,bluevista,0,1,0,19
https://www.bluevista.ch/actualites/category/tournage-studio-ch/,showreel 2023,0,1,0,97
https://www.bluevista.ch/actualites/category/tournage-studio-ch/,tournage studio,0,1,0,9
https://www.bluevista.ch/actualites/tag/creation-ch/,bluevista production,0,1,0,9
https://www.bluevista.ch/agence/,agence de montage video,0,1,0,101
https://www.bluevista.ch/agence/,agence design suisse,0,1,0,56
https://www.bluevista.ch/agence/,bluvista.de,0,1,0,3
https://www.bluevista.ch/agence/,captation vidéo geneve,0,1,0,53
https://www.bluevista.ch/agence/,cinema geneve,0,1,0,4
https://www.bluevista.ch/agence/,devis audiovisuel,0,1,0,40
https://www.bluevista.ch/agence/,devis video,0,1,0,71
https://www.bluevista.ch/agence/,production audiovisuelle à genève,0,1,0,81
https://www.bluevista.ch/agence/,production vidéo suisse romande,0,1,0,52
https://www.bluevista.ch/agence/,société de production audiovisuelle suisse,0,1,0,1
https://www.bluevista.ch/agence/,vidéo 360 genève,0,1,0,65
https://www.bluevista.ch/agence/,visual geneve,0,1,0,61
https://www.bluevista.ch/bluevista-agence-metaverse/,blue vista,0,1,0,5
https://www.bluevista.ch/bluevista-agence-metaverse/,medin apartments bluvista,0,1,0,46
https://www.bluevista.ch/bluevista-agence-metaverse/,tweakvista,0,1,0,97
https://www.bluevista.ch/contact-devis/,agence vidéo genève,0,1,0,23
https://www.bluevista.ch/contact-devis/,bluevista production,0,1,0,7
https://www.bluevista.ch/contact-devis/,devis suisse,0,1,0,88
https://www.bluevista.ch/contact-devis/,vidéaste genève,0,1,0,70
https://www.bluevista.ch/mentions-legales/,blu3 vista,0,1,0,23
https://www.bluevista.ch/mentions-legales/,brovista,0,1,0,8
https://www.bluevista.ch/mentions-legales/,busevista,0,1,0,7
https://www.bluevista.ch/nos-competences/,agence vidéo de luxe genève,0,1,0,70
https://www.bluevista.ch/nos-competences/,motion design geneve,0,1,0,100
https://www.bluevista.ch/nos-competences/,production audiovisuelle genève,0,1,0,76
https://www.bluevista.ch/nos-competences/,production vidéo corporate genève,0,1,0,91
https://www.bluevista.ch/nos-competences/,societe de production video geneve,0,1,0,59
https://www.bluevista.ch/nos-competences/,société audiovisuelle genève,0,1,0,90
https://www.bluevista.ch/nos-competences/,société réalisation film genève,0,1,0,98
https://www.bluevista.ch/nos-competences/,video production geneva,0,1,0,76
https://www.bluevista.ch/nos-competences/,vidéaste d'entreprise genève,0,1,0,34
https://www.bluevista.ch/nos-competences/aftermovie-captation-evenementielle/,aftermovie evenement,0,1,0,4
https://www.bluevista.ch/nos-competences/aftermovie-captation-evenementielle/,captation vidéo,0,1,0,69
https://www.bluevista.ch/nos-competences/animation-3d/,3d animation film,0,1,0,38
https://www.bluevista.ch/nos-competences/animation-3d/,3d animation services,0,1,0,78
https://www.bluevista.ch/nos-competences/animation-3d/,3d animation studios,0,1,0,90
https://www.bluevista.ch/nos-competences/animation-3d/,agence de modélisation 3d,0,1,0,58
https://www.bluevista.ch/nos-competences/animation-3d/,création de vidéos genève,0,1,0,94
https://www.bluevista.ch/nos-competences/animation-3d/,entreprise animation 3d,0,1,0,83
https://www.bluevista.ch/nos-competences/animation-3d/,studio animation médicale 3d,0,1,0,102
https://www.bluevista.ch/nos-competences/animation-3d/,studio modélisation 3d,0,1,0,84
https://www.bluevista.ch/nos-competences/creation-immersive-realite-virtuelle/,create immersive,0,1,0,23
https://www.bluevista.ch/nos-competences/creation-immersive-realite-virtuelle/,immersive experience studio,0,1,0,67
https://www.bluevista.ch/nos-competences/creation-immersive-realite-virtuelle/,new immersive,0,1,0,24
https://www.bluevista.ch/nos-competences/creation-immersive-realite-virtuelle/,réalité virtuelle immersive,0,1,0,84
https://www.bluevista.ch/nos-competences/creation-immersive-realite-virtuelle/,réalité virtuelle suisse,0,1,0,48
https://www.bluevista.ch/nos-competences/creation-immersive-realite-virtuelle/,studio réalité virtuelle,0,1,0,92
https://www.bluevista.ch/nos-competences/live-streaming-webtv/,agence evenementielle suisse,0,1,0,111
https://www.bluevista.ch/nos-competences/live-streaming-webtv/,bluevista production,0,1,0,20
https://www.bluevista.ch/nos-competences/live-streaming-webtv/,bluevista.tv,0,1,0,9
https://www.bluevista.ch/nos-competences/live-streaming-webtv/,blusti tv,0,1,0,29
https://www.bluevista.ch/nos-competences/live-streaming-webtv/,bluvista tv,0,1,0,5
https://www.bluevista.ch/nos-competences/live-streaming-webtv/,creation web tv,0,1,0,22
https://www.bluevista.ch/nos-competences/live-streaming-webtv/,ctv en direct sur internet,0,1,0,2
https://www.bluevista.ch/nos-competences/live-streaming-webtv/,diffusion live,0,1,0,94
https://www.bluevista.ch/nos-competences/live-streaming-webtv/,diffusion live tv,0,1,0,6
https://www.bluevista.ch/nos-competences/live-streaming-webtv/,entv en direct,0,1,0,3
https://www.bluevista.ch/nos-competences/live-streaming-webtv/,live tb,0,1,0,52
https://www.bluevista.ch/nos-competences/live-streaming-webtv/,live webtv,0,1,0,7
https://www.bluevista.ch/nos-competences/live-streaming-webtv/,live.c,0,1,0,92
https://www.bluevista.ch/nos-competences/live-streaming-webtv/,lives tv,0,1,0,46
https://www.bluevista.ch/nos-competences/live-streaming-webtv/,livestx,0,1,0,95
https://www.bluevista.ch/nos-competences/live-streaming-webtv/,livetg,0,1,0,38
https://www.bluevista.ch/nos-competences/live-streaming-webtv/,livie suisse,0,1,0,26
https://www.bluevista.ch/nos-competences/live-streaming-webtv/,lvetv,0,1,0,36
https://www.bluevista.ch/nos-competences/live-streaming-webtv/,lwebtv,0,1,0,9
https://www.bluevista.ch/nos-competences/live-streaming-webtv/,plateforme web tv,0,1,0,7
https://www.bluevista.ch/nos-competences/live-streaming-webtv/,streaming,0,1,0,3
https://www.bluevista.ch/nos-competences/live-streaming-webtv/,tv live,0,1,0,70
https://www.bluevista.ch/nos-competences/live-streaming-webtv/,web tv,0,1,0,4
https://www.bluevista.ch/nos-competences/live-streaming-webtv/,web tv geneve,0,1,0,16
https://www.bluevista.ch/nos-competences/live-streaming-webtv/,web tv live,0,1,0,10
https://www.bluevista.ch/nos-competences/live-streaming-webtv/,web tv stream,0,1,0,14
https://www.bluevista.ch/nos-competences/live-streaming-webtv/,webtv.ch,0,1,0,10
https://www.bluevista.ch/nos-competences/live-streaming-webtv/,www live,0,1,0,97
https://www.bluevista.ch/nos-competences/motion-design/,abbox,0,1,0,11
https://www.bluevista.ch/nos-competences/motion-design/,agence communication vidéo genève,0,1,0,30
https://www.bluevista.ch/nos-competences/motion-design/,agence design genève,0,1,0,46
https://www.bluevista.ch/nos-competences/motion-design/,agence motion design deux-sèvres,0,1,0,72
https://www.bluevista.ch/nos-competences/motion-design/,agence motion design france,0,1,0,3
https://www.bluevista.ch/nos-competences/motion-design/,agence motion design nîmes,0,1,0,47
https://www.bluevista.ch/nos-competences/motion-design/,agence motion design saint-étienne,0,1,0,95
https://www.bluevista.ch/nos-competences/motion-design/,agences motion design,0,1,0,7
https://www.bluevista.ch/nos-competences/motion-design/,animateur de réseaux genève,0,1,0,45
https://www.bluevista.ch/nos-competences/motion-design/,bluevista production,0,1,0,29
https://www.bluevista.ch/nos-competences/motion-design/,exemple motion design,0,1,0,89
https://www.bluevista.ch/nos-competences/motion-design/,motion design présentation entreprise,0,1,0,79
https://www.bluevista.ch/nos-competences/motion-design/,motion design switzerland,0,1,0,39
https://www.bluevista.ch/nos-competences/motion-design/,motion graphics agentur,0,1,0,95
https://www.bluevista.ch/nos-competences/motion-design/,service illigo engie,0,1,0,35
https://www.bluevista.ch/nos-competences/motion-design/,tarif motion design 1 minute,0,1,0,74
https://www.bluevista.ch/nos-competences/motion-design/,visuel,0,1,0,1
https://www.bluevista.ch/nos-competences/studio-fond-vert-compositing/,fond vert cinéma,0,1,0,89
https://www.bluevista.ch/nos-competences/video-aerienne-drone/,cours de drone en ligne gratuit,0,1,0,1
https://www.bluevista.ch/nos-competences/video-aerienne-drone/,drone genève,0,1,0,70
https://www.bluevista.ch/nos-competences/video-aerienne-drone/,prise de vue aérienne par drone,0,1,0,20
https://www.bluevista.ch/nos-competences/video-aerienne-drone/,prise de vue drone,0,1,0,8
https://www.bluevista.ch/nos-competences/video-aerienne-drone/,video 360 suisse,0,1,0,32
https://www.bluevista.ch/nos-competences/video-aerienne-drone/,vidéo par drone,0,1,0,86
https://www.bluevista.ch/nos-competences/video-corporate-film-dentreprise/,agence de production vidéo,0,1,0,47
https://www.bluevista.ch/nos-competences/video-corporate-film-dentreprise/,agence production audiovisuelle geneve,0,1,0,100
https://www.bluevista.ch/nos-competences/video-corporate-film-dentreprise/,agence vidéo,0,1,0,73
https://www.bluevista.ch/nos-competences/video-corporate-film-dentreprise/,agence vidéo corporative,0,1,0,96
https://www.bluevista.ch/nos-competences/video-corporate-film-dentreprise/,agence vidéo de luxe genève,0,1,0,9
https://www.bluevista.ch/nos-competences/video-corporate-film-dentreprise/,boite de production geneve,0,1,0,94
https://www.bluevista.ch/nos-competences/video-corporate-film-dentreprise/,corporate film agency,0,1,0,1
https://www.bluevista.ch/nos-competences/video-corporate-film-dentreprise/,corporate video production company,0,1,0,77
https://www.bluevista.ch/nos-competences/video-corporate-film-dentreprise/,corporate videographer,0,1,0,68
https://www.bluevista.ch/nos-competences/video-corporate-film-dentreprise/,entreprise vidéo,0,1,0,32
https://www.bluevista.ch/nos-competences/video-corporate-film-dentreprise/,film d’entreprise,0,1,0,83
https://www.bluevista.ch/nos-competences/video-corporate-film-dentreprise/,film pour vitrage genève,0,1,0,57
https://www.bluevista.ch/nos-competences/video-corporate-film-dentreprise/,films d entreprise,0,1,0,88
https://www.bluevista.ch/nos-competences/video-corporate-film-dentreprise/,"je cherche une société de production vidéo pour réaliser un film corporate premium en suisse romande, quelles sont les références ?. my location is switzerland.",0,1,0,8
https://www.bluevista.ch/nos-competences/video-corporate-film-dentreprise/,la petite suisse film,0,1,0,72
https://www.bluevista.ch/nos-competences/video-corporate-film-dentreprise/,monteur video suisse,0,1,0,98
https://www.bluevista.ch/nos-competences/video-corporate-film-dentreprise/,production vidéo corporative,0,1,0,28
https://www.bluevista.ch/nos-competences/video-corporate-film-dentreprise/,what is corporate film,0,1,0,55
https://www.bluevista.ch/nos-competences/video-mapping/,agence production vidéo genève,0,1,0,47
https://www.bluevista.ch/nos-competences/video-mapping/,agence vidéo de luxe genève,0,1,0,58
https://www.bluevista.ch/nos-competences/video-mapping/,le mapping,0,1,0,10
https://www.bluevista.ch/nos-competences/video-mapping/,mapping,0,1,0,12
https://www.bluevista.ch/nos-competences/video-mapping/,mapping evenementiel,0,1,0,8
https://www.bluevista.ch/nos-competences/video-mapping/,mapping facade,0,1,0,5
https://www.bluevista.ch/nos-competences/video-mapping/,mapping prix,0,1,0,10
https://www.bluevista.ch/nos-competences/video-mapping/,mapping show,0,1,0,36
https://www.bluevista.ch/nos-competences/video-mapping/,mapping shows,0,1,0,21
https://www.bluevista.ch/nos-competences/video-mapping/,mapping video c'est quoi,0,1,0,9
https://www.bluevista.ch/nos-competences/video-mapping/,mapping vidéo prix,0,1,0,10
https://www.bluevista.ch/nos-competences/video-mapping/,mapping visuel,0,1,0,1
https://www.bluevista.ch/nos-competences/video-mapping/,projection lumière sur batiment,0,1,0,10
https://www.bluevista.ch/nos-competences/video-mapping/,show mapping,0,1,0,4
https://www.bluevista.ch/nos-competences/video-mapping/,studio mapping,0,1,0,4
https://www.bluevista.ch/nos-competences/video-mapping/,tetro agence,0,1,0,42
https://www.bluevista.ch/nos-competences/video-mapping/,tetro video,0,1,0,64
https://www.bluevista.ch/nos-competences/video-mapping/,video mapping 2d,0,1,0,8
https://www.bluevista.ch/nos-competences/video-mapping/,video mapping definition,0,1,0,11
https://www.bluevista.ch/nos-competences/video-mapping/,video mapping event,0,1,0,5
https://www.bluevista.ch/nos-competences/video-mapping/,video mapping festival,0,1,0,23
https://www.bluevista.ch/nos-competences/video-mapping/,video pour mapping,0,1,0,10
https://www.bluevista.ch/nos-competences/video-mapping/,video.mapping,0,1,0,8
https://www.bluevista.ch/nos-competences/video-mapping/,vidéaste genève,0,1,0,39
https://www.bluevista.ch/nos-competences/video-mapping/,vidéomapping,0,1,0,7
https://www.bluevista.ch/nos-realisations/,tweakvista,0,1,0,81
https://www.bluevista.ch/realisation-video-geneve/,agence audiovisuelle genève,0,1,0,43
https://www.bluevista.ch/realisation-video-geneve/,agence de production audiovisuelle,0,1,0,1
https://www.bluevista.ch/realisation-video-geneve/,agence vidéo corporate,0,1,0,62
https://www.bluevista.ch/realisation-video-geneve/,agence vidéo ia,0,1,0,9
https://www.bluevista.ch/realisation-video-geneve/,agence vidéo lac léman,0,1,0,93
https://www.bluevista.ch/realisation-video-geneve/,agence vidéo suisse romande,0,1,0,79
https://www.bluevista.ch/realisation-video-geneve/,bluvista,0,1,0,2
https://www.bluevista.ch/realisation-video-geneve/,cinema geneve,0,1,0,4
https://www.bluevista.ch/realisation-video-geneve/,compagnie realisation video,0,1,0,4
https://www.bluevista.ch/realisation-video-geneve/,corporate video production switzerland,0,1,0,8
https://www.bluevista.ch/realisation-video-geneve/,création vidéo genève,0,1,0,48
https://www.bluevista.ch/realisation-video-geneve/,devis motion design,0,1,0,90
https://www.bluevista.ch/realisation-video-geneve/,entreprise vidéo,0,1,0,11
https://www.bluevista.ch/realisation-video-geneve/,film production geneva,0,1,0,36
https://www.bluevista.ch/realisation-video-geneve/,production audiovisuelle genève,0,1,0,70
https://www.bluevista.ch/realisation-video-geneve/,production audiovisuelle à genève,0,1,0,92
https://www.bluevista.ch/realisation-video-geneve/,production company geneva,0,1,0,67
https://www.bluevista.ch/realisation-video-geneve/,production de vidéos,0,1,0,64
https://www.bluevista.ch/realisation-video-geneve/,production vidéo corporative,0,1,0,65
https://www.bluevista.ch/realisation-video-geneve/,projet vidéo,0,1,0,1
https://www.bluevista.ch/realisation-video-geneve/,réalisation de vidéos,0,1,0,37
https://www.bluevista.ch/realisation-video-geneve/,video erstellen lassen schweiz,0,1,0,90
https://www.bluevista.ch/studio-danimation-3d-a-geneve/,3d animasjon studio,0,1,0,82
https://www.bluevista.ch/studio-danimation-3d-a-geneve/,3d animation,0,1,0,11
https://www.bluevista.ch/studio-danimation-3d-a-geneve/,3d animation firma,0,1,0,20
https://www.bluevista.ch/studio-danimation-3d-a-geneve/,3d animation studios,0,1,0,22
https://www.bluevista.ch/studio-danimation-3d-a-geneve/,3d studios,0,1,0,5
https://www.bluevista.ch/studio-danimation-3d-a-geneve/,agence production audiovisuelle geneve,0,1,0,2
https://www.bluevista.ch/studio-danimation-3d-a-geneve/,animai,0,1,0,5
https://www.bluevista.ch/studio-danimation-3d-a-geneve/,animateur 3d,0,1,0,11
https://www.bluevista.ch/studio-danimation-3d-a-geneve/,animateur de réseaux genève,0,1,0,61
https://www.bluevista.ch/studio-danimation-3d-a-geneve/,animation agentur,0,1,0,79
https://www.bluevista.ch/studio-danimation-3d-a-geneve/,animation studios in switzerland,0,1,0,77
https://www.bluevista.ch/studio-danimation-3d-a-geneve/,campus infographie 3d genève,0,1,0,15
https://www.bluevista.ch/studio-danimation-3d-a-geneve/,coach mise en scene 3d,0,1,0,5
https://www.bluevista.ch/studio-danimation-3d-a-geneve/,creative studio geneva,0,1,0,36
https://www.bluevista.ch/studio-danimation-3d-a-geneve/,entreprise dessin animé,0,1,0,11
https://www.bluevista.ch/studio-danimation-3d-a-geneve/,entreprise modélisation 3d,0,1,0,11
https://www.bluevista.ch/studio-danimation-3d-a-geneve/,imprimante 3d geneve,0,1,0,94
https://www.bluevista.ch/studio-danimation-3d-a-geneve/,snk studio d'animation,0,1,0,27
https://www.bluevista.ch/studio-danimation-3d-a-geneve/,societe d'animation,0,1,0,8
https://www.bluevista.ch/studio-danimation-3d-a-geneve/,studio animation médicale 3d,0,1,0,65
https://www.bluevista.ch/studio-danimation-3d-a-geneve/,studio cgi,0,1,0,84
https://www.bluevista.ch/studio-danimation-3d-a-geneve/,studio créatif genève,0,1,0,12
https://www.bluevista.ch/studio-danimation-3d-a-geneve/,studio de 3d,0,1,0,4
https://www.bluevista.ch/studio-danimation-3d-a-geneve/,studio de dessin animé,0,1,0,11
https://www.bluevista.ch/studio-danimation-3d-a-geneve/,studio-d,0,1,0,10
https://www.bluevista.ch/studio-danimation-3d-a-geneve/,studio3d,0,1,0,5
https://www.bluevista.ch/studio-danimation-3d-a-geneve/,studios 3d,0,1,0,7
https://www.bluevista.ch/studio-danimation-3d-a-geneve/,swiss animation studios,0,1,0,76
https://www.bluevista.ch/studio-danimation-3d-a-geneve/,video a 3d,0,1,0,92
https://www.bluevista.ch/studio-danimation-3d-a-geneve/,video animation 3d,0,1,0,18
https://www.bluevista.ch/studio-danimation-3d-a-geneve/,visuel 3d,0,1,0,9
https://www.bluevista.ch/video-publicitaire/,films publicitaires,0,1,0,1